ISO-10303-21;
HEADER;
FILE_DESCRIPTION((''),'2;1');
FILE_NAME('501-0017','2025-05-13T13:05:35',('unawa'),(''),
'CREO PARAMETRIC BY PTC INC, 2025010','CREO PARAMETRIC BY PTC INC, 2025010','');
FILE_SCHEMA(('CONFIG_CONTROL_DESIGN'));
ENDSEC;
DATA;
#2=CARTESIAN_POINT('',(1.083177695975E1,1.779487306184E1,-4.910471598355E0));
#3=CARTESIAN_POINT('',(1.083184030970E1,1.779476252816E1,-4.914023034395E0));
#4=CARTESIAN_POINT('',(1.083188938316E1,1.779452648230E1,-4.920830995453E0));
#5=CARTESIAN_POINT('',(1.083180577339E1,1.779420760684E1,-4.928022730926E0));
#6=CARTESIAN_POINT('',(1.083173170353E1,1.779405198035E1,-4.931307908185E0));
#8=CARTESIAN_POINT('',(1.064982648093E1,1.749594848927E1,-4.904362544839E0));
#9=DIRECTION('',(5.238294695974E-2,-5.226410268914E-2,-9.972584872729E-1));
#10=DIRECTION('',(0.E0,9.986295347546E-1,-5.233595624294E-2));
#11=AXIS2_PLACEMENT_3D('',#8,#9,#10);
#13=CARTESIAN_POINT('',(1.670976455705E1,1.254791627873E1,-1.229032258065E0));
#14=CARTESIAN_POINT('',(1.669744772317E1,1.256229316319E1,-1.298700219130E0));
#15=CARTESIAN_POINT('',(1.665441669338E1,1.261573464521E1,-1.430411174130E0));
#16=CARTESIAN_POINT('',(1.654311683243E1,1.275769093212E1,-1.567995108547E0));
#17=CARTESIAN_POINT('',(1.645244018335E1,1.287316847996E1,-1.6E0));
#18=CARTESIAN_POINT('',(1.640695379824E1,1.293088248516E1,-1.6E0));
#20=CARTESIAN_POINT('',(1.718389601532E1,1.192900909300E1,3.295294713989E-2));
#21=CARTESIAN_POINT('',(1.711112913463E1,1.203041081170E1,-7.877680123745E-2));
#22=CARTESIAN_POINT('',(1.697577718038E1,1.221389352687E1,-3.260094304826E-1));
#23=CARTESIAN_POINT('',(1.681339171362E1,1.242329481955E1,-7.549847996531E-1));
#24=CARTESIAN_POINT('',(1.673817445741E1,1.251475468386E1,-1.068336753702E0));
#25=CARTESIAN_POINT('',(1.670976455705E1,1.254791627873E1,-1.229032258065E0));
#27=CARTESIAN_POINT('',(1.718389601532E1,1.192900909300E1,3.295294714717E-2));
#28=CARTESIAN_POINT('',(1.717954123870E1,1.193902718692E1,1.553018199601E-1));
#29=CARTESIAN_POINT('',(1.717517971571E1,1.194904057245E1,2.776508376249E-1));
#30=CARTESIAN_POINT('',(1.717081145262E1,1.195904925396E1,4.000000000073E-1));
#32=CARTESIAN_POINT('',(0.E0,0.E0,4.000000000001E-1));
#33=DIRECTION('',(0.E0,0.E0,1.E0));
#34=DIRECTION('',(8.205883609376E-1,5.715196776086E-1,0.E0));
#35=AXIS2_PLACEMENT_3D('',#32,#33,#34);
#37=CARTESIAN_POINT('',(1.076939266816E1,1.785631095767E1,-3.752281486311E0));
#38=CARTESIAN_POINT('',(1.076370857526E1,1.786187802965E1,-3.647349171687E0));
#39=CARTESIAN_POINT('',(1.074041798207E1,1.788036019850E1,-3.429788555847E0));
#40=CARTESIAN_POINT('',(1.066069830345E1,1.793519753617E1,-3.080772025172E0));
#41=CARTESIAN_POINT('',(1.052486234811E1,1.802293101520E1,-2.710847362783E0));
#42=CARTESIAN_POINT('',(1.032453583975E1,1.814638108594E1,-2.331656372597E0));
#43=CARTESIAN_POINT('',(1.005216100257E1,1.830671348865E1,-1.951900635224E0));
#44=CARTESIAN_POINT('',(9.700544452219E0,1.850341429963E1,-1.579858773026E0));
#45=CARTESIAN_POINT('',(9.263404982997E0,1.873384322902E1,-1.223583589606E0));
#46=CARTESIAN_POINT('',(8.733567953188E0,1.899407837774E1,-8.894763782871E-1));
#47=CARTESIAN_POINT('',(8.102314682962E0,1.927888318897E1,-5.827802109E-1));
#48=CARTESIAN_POINT('',(7.357799523647E0,1.958187374251E1,-3.075315878458E-1));
#49=CARTESIAN_POINT('',(6.485492504396E0,1.989415064552E1,-6.752444346251E-2));
#50=CARTESIAN_POINT('',(5.462560314126E0,2.020579625916E1,1.354504252771E-1));
#51=CARTESIAN_POINT('',(4.252414913114E0,2.050015484408E1,2.976328102441E-1));
#52=CARTESIAN_POINT('',(3.380970034077E0,2.065465918990E1,3.706638381103E-1));
#53=CARTESIAN_POINT('',(2.925002295781E0,2.071955554224E1,4.000076298802E-1));
#55=CARTESIAN_POINT('',(1.083177695975E1,1.779487306184E1,-4.910471598355E0));
#56=CARTESIAN_POINT('',(1.082216976473E1,1.780438504260E1,-4.731164137463E0));
#57=CARTESIAN_POINT('',(1.080217939879E1,1.782413473943E1,-4.358822738923E0));
#58=CARTESIAN_POINT('',(1.078059010004E1,1.784534311848E1,-3.959037815469E0));
#59=CARTESIAN_POINT('',(1.076939266816E1,1.785631095767E1,-3.752281486311E0));
#61=CARTESIAN_POINT('',(0.E0,0.E0,-4.910471443862E0));
#62=DIRECTION('',(0.E0,0.E0,-1.E0));
#63=DIRECTION('',(5.199511772572E-1,8.541959805974E-1,0.E0));
#64=AXIS2_PLACEMENT_3D('',#61,#62,#63);
#66=CARTESIAN_POINT('',(1.412141292779E1,1.539420513393E1,-1.599999999998E0));
#67=CARTESIAN_POINT('',(1.406512362957E1,1.541970227346E1,-2.703495426265E0));
#68=CARTESIAN_POINT('',(1.400865937974E1,1.544502409603E1,-3.806985923211E0));
#69=CARTESIAN_POINT('',(1.395201851107E1,1.547016893094E1,-4.910471443861E0));
#71=CARTESIAN_POINT('',(-1.640695379824E1,1.293088248516E1,-1.6E0));
#72=CARTESIAN_POINT('',(-1.645244018335E1,1.287316847996E1,-1.6E0));
#73=CARTESIAN_POINT('',(-1.654311683243E1,1.275769093212E1,-1.567995108547E0));
#74=CARTESIAN_POINT('',(-1.665441669338E1,1.261573464522E1,-1.430411174130E0));
#75=CARTESIAN_POINT('',(-1.669744772317E1,1.256229316319E1,-1.298700219130E0));
#76=CARTESIAN_POINT('',(-1.670976455705E1,1.254791627873E1,-1.229032258065E0));
#78=CARTESIAN_POINT('',(-1.395201851107E1,1.547016893094E1,-4.910471443861E0));
#79=CARTESIAN_POINT('',(-1.400865937974E1,1.544502409603E1,-3.806985923211E0));
#80=CARTESIAN_POINT('',(-1.406512362957E1,1.541970227346E1,-2.703495426266E0));
#81=CARTESIAN_POINT('',(-1.412141292779E1,1.539420513393E1,-1.599999999998E0));
#83=CARTESIAN_POINT('',(0.E0,0.E0,-4.910471443862E0));
#84=DIRECTION('',(0.E0,0.E0,-1.E0));
#85=DIRECTION('',(-6.697299343088E-1,7.426047502479E-1,0.E0));
#86=AXIS2_PLACEMENT_3D('',#83,#84,#85);
#88=CARTESIAN_POINT('',(-1.076939253417E1,1.785631109008E1,-3.752278954649E0));
#89=CARTESIAN_POINT('',(-1.077641516249E1,1.784943245424E1,-3.881949116833E0));
#90=CARTESIAN_POINT('',(-1.079039743964E1,1.783571156499E1,-4.140605204758E0));
#91=CARTESIAN_POINT('',(-1.081105911969E1,1.781536506942E1,-4.524143421643E0));
#92=CARTESIAN_POINT('',(-1.082487691245E1,1.780170594020E1,-4.781657764253E0));
#93=CARTESIAN_POINT('',(-1.083177868370E1,1.779487257047E1,-4.910471542113E0));
#95=CARTESIAN_POINT('',(-2.925141841285E0,2.071953607173E1,4.000150069314E-1));
#96=CARTESIAN_POINT('',(-3.352144646712E0,2.065876590483E1,3.725174105295E-1));
#97=CARTESIAN_POINT('',(-4.154121174903E0,2.051732306303E1,3.054793557944E-1));
#98=CARTESIAN_POINT('',(-5.186754286159E0,2.027601990520E1,1.751329451552E-1));
#99=CARTESIAN_POINT('',(-6.089552177285E0,2.001880673931E1,1.601069754717E-2));
#100=CARTESIAN_POINT('',(-6.879117554034E0,1.975650845753E1,
-1.703875342809E-1));
#101=CARTESIAN_POINT('',(-7.566372925057E0,1.949854326414E1,
-3.810146666948E-1));
#102=CARTESIAN_POINT('',(-8.164664437141E0,1.925035515210E1,
-6.138693585982E-1));
#103=CARTESIAN_POINT('',(-8.683354302551E0,1.901641857501E1,
-8.664775568417E-1));
#104=CARTESIAN_POINT('',(-9.129448310879E0,1.880048186348E1,-1.135642310850E0));
#105=CARTESIAN_POINT('',(-9.508632429598E0,1.860553708090E1,-1.417537417340E0));
#106=CARTESIAN_POINT('',(-9.825346652859E0,1.843409868576E1,-1.707033970677E0));
#107=CARTESIAN_POINT('',(-1.008213078256E1,1.828878509525E1,-1.996530268124E0));
#108=CARTESIAN_POINT('',(-1.027978618679E1,1.817270057658E1,-2.270447052668E0));
#109=CARTESIAN_POINT('',(-1.044498846678E1,1.807250029E1,-2.552170451086E0));
#110=CARTESIAN_POINT('',(-1.059422783106E1,1.797867846859E1,-2.881895410639E0));
#111=CARTESIAN_POINT('',(-1.071561663897E1,1.789836903146E1,-3.280015625555E0));
#112=CARTESIAN_POINT('',(-1.076045415733E1,1.786506525765E1,-3.587278843959E0));
#113=CARTESIAN_POINT('',(-1.076939253417E1,1.785631109008E1,-3.752278954649E0));
#115=CARTESIAN_POINT('',(0.E0,0.E0,4.000000000001E-1));
#116=DIRECTION('',(0.E0,0.E0,1.E0));
#117=DIRECTION('',(-1.398107737351E-1,9.901782402919E-1,0.E0));
#118=AXIS2_PLACEMENT_3D('',#115,#116,#117);
#120=CARTESIAN_POINT('',(-1.670976455705E1,1.254791627873E1,-1.229032258065E0));
#121=CARTESIAN_POINT('',(-1.673817177717E1,1.251475781238E1,-1.068351914012E0));
#122=CARTESIAN_POINT('',(-1.681338119538E1,1.242330812653E1,
-7.550169873626E-1));
#123=CARTESIAN_POINT('',(-1.697577799826E1,1.221389265249E1,
-3.260047616085E-1));
#124=CARTESIAN_POINT('',(-1.711113006192E1,1.203040951951E1,
-7.877537743464E-2));
#125=CARTESIAN_POINT('',(-1.718389601532E1,1.192900909300E1,3.295294713989E-2));
#127=CARTESIAN_POINT('',(-1.25E1,1.25E1,-1.6E0));
#128=DIRECTION('',(0.E0,0.E0,1.E0));
#129=DIRECTION('',(1.E0,0.E0,0.E0));
#130=AXIS2_PLACEMENT_3D('',#127,#128,#129);
#132=CARTESIAN_POINT('',(-1.25E1,1.25E1,-1.6E0));
#133=DIRECTION('',(0.E0,0.E0,1.E0));
#134=DIRECTION('',(-1.E0,0.E0,0.E0));
#135=AXIS2_PLACEMENT_3D('',#132,#133,#134);
#137=CARTESIAN_POINT('',(1.25E1,1.25E1,-1.6E0));
#138=DIRECTION('',(0.E0,0.E0,1.E0));
#139=DIRECTION('',(1.E0,0.E0,0.E0));
#140=AXIS2_PLACEMENT_3D('',#137,#138,#139);
#142=CARTESIAN_POINT('',(1.25E1,1.25E1,-1.6E0));
#143=DIRECTION('',(0.E0,0.E0,1.E0));
#144=DIRECTION('',(-1.E0,0.E0,0.E0));
#145=AXIS2_PLACEMENT_3D('',#142,#143,#144);
#147=DIRECTION('',(8.660254037844E-1,5.E-1,0.E0));
#148=VECTOR('',#147,8.856783348409E-1);
#149=CARTESIAN_POINT('',(1.563993386069E1,1.248804331774E1,-1.6E0));
#150=LINE('',#149,#148);
#151=CARTESIAN_POINT('',(0.E0,0.E0,-1.6E0));
#152=DIRECTION('',(0.E0,0.E0,1.E0));
#153=DIRECTION('',(7.853941222960E-1,6.189960199088E-1,0.E0));
#154=AXIS2_PLACEMENT_3D('',#151,#152,#153);
#156=DIRECTION('',(7.071067811866E-1,7.071067811865E-1,8.633900191331E-14));
#157=VECTOR('',#156,8.769757421502E-1);
#158=CARTESIAN_POINT('',(1.350129743358E1,1.477408963972E1,-1.6E0));
#159=LINE('',#158,#157);
#160=DIRECTION('',(0.E0,-1.E0,4.599607854911E-14));
#161=VECTOR('',#160,9.799760375585E-1);
#162=CARTESIAN_POINT('',(1.087021209195E1,1.680467929324E1,-1.6E0));
#163=LINE('',#162,#161);
#164=DIRECTION('',(0.E0,-1.E0,0.E0));
#165=VECTOR('',#164,3.324703255677E0);
#166=CARTESIAN_POINT('',(1.072793661559E1,1.582470325568E1,-1.6E0));
#167=LINE('',#166,#165);
#168=CARTESIAN_POINT('',(1.25E1,1.25E1,-1.6E0));
#169=DIRECTION('',(0.E0,0.E0,1.E0));
#170=DIRECTION('',(-1.E0,0.E0,0.E0));
#171=AXIS2_PLACEMENT_3D('',#168,#169,#170);
#173=DIRECTION('',(8.660254037844E-1,-5.E-1,0.E0));
#174=VECTOR('',#173,8.856783348409E-1);
#175=CARTESIAN_POINT('',(-1.640695379824E1,1.293088248516E1,-1.6E0));
#176=LINE('',#175,#174);
#177=CARTESIAN_POINT('',(-1.25E1,1.25E1,-1.6E0));
#178=DIRECTION('',(0.E0,0.E0,1.E0));
#179=DIRECTION('',(-9.873668929697E-1,-1.584506821295E-1,0.E0));
#180=AXIS2_PLACEMENT_3D('',#177,#178,#179);
#182=DIRECTION('',(0.E0,-1.E0,4.644924188456E-14));
#183=VECTOR('',#182,9.799760375585E-1);
#184=CARTESIAN_POINT('',(-1.087021209195E1,1.680467929324E1,-1.6E0));
#185=LINE('',#184,#183);
#186=DIRECTION('',(7.071067811865E-1,-7.071067811865E-1,-8.608580835931E-14));
#187=VECTOR('',#186,8.769757421502E-1);
#188=CARTESIAN_POINT('',(-1.412141292779E1,1.539420513393E1,-1.6E0));
#189=LINE('',#188,#187);
#190=CARTESIAN_POINT('',(0.E0,0.E0,-1.6E0));
#191=DIRECTION('',(0.E0,0.E0,1.E0));
#192=DIRECTION('',(-6.759862219633E-1,7.369142607629E-1,0.E0));
#193=AXIS2_PLACEMENT_3D('',#190,#191,#192);
#195=DIRECTION('',(3.489949670250E-2,0.E0,9.993908270191E-1));
#196=VECTOR('',#195,8.004876354391E-1);
#197=CARTESIAN_POINT('',(-1.342793661559E1,1.25E1,-1.6E0));
#198=LINE('',#197,#196);
#199=DIRECTION('',(7.733100364069E-4,-9.999994474214E-1,7.121435528258E-4));
#200=VECTOR('',#199,3.279766029589E0);
#201=CARTESIAN_POINT('',(1.069746372401E1,1.577976421726E1,-8.023356642327E-1));
#202=LINE('',#201,#200);
#203=CARTESIAN_POINT('',(0.E0,0.E0,-8.E-1));
#204=DIRECTION('',(0.E0,0.E0,-1.E0));
#205=DIRECTION('',(5.337117645559E-1,8.456664545639E-1,0.E0));
#206=AXIS2_PLACEMENT_3D('',#203,#204,#205);
#208=DIRECTION('',(8.660254037844E-1,5.000000000001E-1,0.E0));
#209=VECTOR('',#208,3.740251688512E-2);
#210=CARTESIAN_POINT('',(1.602200542649E1,1.197060324769E1,-8.E-1));
#211=LINE('',#210,#209);
#212=CARTESIAN_POINT('',(1.25E1,1.25E1,-8.E-1));
#213=DIRECTION('',(0.E0,0.E0,1.E0));
#214=DIRECTION('',(-1.E0,0.E0,0.E0));
#215=AXIS2_PLACEMENT_3D('',#212,#213,#214);
#217=CARTESIAN_POINT('',(-1.25E1,1.25E1,-8.E-1));
#218=DIRECTION('',(0.E0,0.E0,1.E0));
#219=DIRECTION('',(1.E0,0.E0,0.E0));
#220=AXIS2_PLACEMENT_3D('',#217,#218,#219);
#222=CARTESIAN_POINT('',(-1.25E1,1.25E1,-8.E-1));
#223=DIRECTION('',(0.E0,0.E0,1.E0));
#224=DIRECTION('',(-1.E0,0.E0,0.E0));
#225=AXIS2_PLACEMENT_3D('',#222,#223,#224);
#227=CARTESIAN_POINT('',(1.25E1,1.25E1,-8.E-1));
#228=DIRECTION('',(0.E0,0.E0,1.E0));
#229=DIRECTION('',(1.E0,0.E0,0.E0));
#230=AXIS2_PLACEMENT_3D('',#227,#228,#229);
#232=CARTESIAN_POINT('',(1.25E1,1.25E1,-8.E-1));
#233=DIRECTION('',(0.E0,0.E0,1.E0));
#234=DIRECTION('',(-1.E0,0.E0,0.E0));
#235=AXIS2_PLACEMENT_3D('',#232,#233,#234);
#237=CARTESIAN_POINT('',(0.E0,-1.612490865883E-14,-8.E-1));
#238=DIRECTION('',(0.E0,0.E0,-1.E0));
#239=DIRECTION('',(-8.012318555005E-1,5.983540036894E-1,0.E0));
#240=AXIS2_PLACEMENT_3D('',#237,#238,#239);
#242=DIRECTION('',(7.733100364075E-4,9.999994474214E-1,-7.121435528258E-4));
#243=VECTOR('',#242,3.279766029589E0);
#244=CARTESIAN_POINT('',(-1.07E1,1.25E1,-8.E-1));
#245=LINE('',#244,#243);
#246=CARTESIAN_POINT('',(-1.25E1,1.25E1,-8.E-1));
#247=DIRECTION('',(0.E0,0.E0,1.E0));
#248=DIRECTION('',(-9.845086696140E-1,-1.753359046369E-1,0.E0));
#249=AXIS2_PLACEMENT_3D('',#246,#247,#248);
#251=DIRECTION('',(8.660254037844E-1,-5.E-1,0.E0));
#252=VECTOR('',#251,3.740251688511E-2);
#253=CARTESIAN_POINT('',(-1.605439695628E1,1.198930450613E1,-8.E-1));
#254=LINE('',#253,#252);
#255=DIRECTION('',(-3.860764393479E-2,-3.487347727769E-2,9.986457281801E-1));
#256=VECTOR('',#255,7.010504405468E-1);
#257=CARTESIAN_POINT('',(1.072452962980E1,1.580421228387E1,-1.502436691924E0));
#258=LINE('',#257,#256);
#259=DIRECTION('',(3.415520474094E-2,2.054230279025E-1,-9.780770938921E-1));
#260=VECTOR('',#259,9.975012060465E-2);
#261=CARTESIAN_POINT('',(1.072452962980E1,1.580421228387E1,-1.502436691924E0));
#262=LINE('',#261,#260);
#263=DIRECTION('',(1.E0,-2.497066795925E-14,0.E0));
#264=VECTOR('',#263,1.422754763548E-1);
#265=CARTESIAN_POINT('',(1.072793661559E1,1.582470325568E1,-1.6E0));
#266=LINE('',#265,#264);
#267=DIRECTION('',(-1.707987420900E-2,2.055129709353E-1,-9.785053380919E-1));
#268=VECTOR('',#267,3.985670642947E0);
#269=CARTESIAN_POINT('',(1.087021209195E1,1.582470325568E1,-1.6E0));
#270=LINE('',#269,#268);
#271=CARTESIAN_POINT('',(-1.341107350212E1,1.493591018841E1,-5.000685232622E0));
#272=CARTESIAN_POINT('',(-1.333258440123E1,1.501029098009E1,-5.167137455853E0));
#273=CARTESIAN_POINT('',(-1.325348362594E1,1.508404727476E1,-5.333575717205E0));
#274=CARTESIAN_POINT('',(-1.317377044557E1,1.515717832643E1,-5.5E0));
#276=CARTESIAN_POINT('',(-1.341107350212E1,1.493591018842E1,-5.000685232636E0));
#277=CARTESIAN_POINT('',(-1.344132935272E1,1.488215093053E1,-3.867119686711E0));
#278=CARTESIAN_POINT('',(-1.347140445416E1,1.482821120453E1,-2.733557932902E0));
#279=CARTESIAN_POINT('',(-1.350129743358E1,1.477408963972E1,-1.600000000013E0));
#281=CARTESIAN_POINT('',(0.E0,0.E0,-1.6E0));
#282=DIRECTION('',(0.E0,0.E0,1.E0));
#283=DIRECTION('',(-5.431313888511E-1,8.396477204427E-1,0.E0));
#284=AXIS2_PLACEMENT_3D('',#281,#282,#283);
#286=CARTESIAN_POINT('',(-1.080213733873E1,1.692932696498E1,-5.5E0));
#287=CARTESIAN_POINT('',(-1.082482900820E1,1.688793054572E1,-4.199995126694E0));
#288=CARTESIAN_POINT('',(-1.084752059355E1,1.684638245348E1,-2.899995072428E0));
#289=CARTESIAN_POINT('',(-1.087021209195E1,1.680467929324E1,-1.6E0));
#291=CARTESIAN_POINT('',(1.317377044557E1,1.515717832643E1,-5.5E0));
#292=CARTESIAN_POINT('',(1.325348362594E1,1.508404727476E1,-5.333575717205E0));
#293=CARTESIAN_POINT('',(1.333258440123E1,1.501029098009E1,-5.167137455853E0));
#294=CARTESIAN_POINT('',(1.341107350212E1,1.493591018841E1,-5.000685232623E0));
#296=CARTESIAN_POINT('',(1.080213733873E1,1.692932696498E1,-5.5E0));
#297=CARTESIAN_POINT('',(1.082482900820E1,1.688793054572E1,-4.199995126694E0));
#298=CARTESIAN_POINT('',(1.084752059355E1,1.684638245348E1,-2.899995072428E0));
#299=CARTESIAN_POINT('',(1.087021209195E1,1.680467929324E1,-1.6E0));
#301=CARTESIAN_POINT('',(0.E0,0.E0,-1.6E0));
#302=DIRECTION('',(0.E0,0.E0,1.E0));
#303=DIRECTION('',(6.745938684881E-1,7.381890764555E-1,0.E0));
#304=AXIS2_PLACEMENT_3D('',#301,#302,#303);
#306=CARTESIAN_POINT('',(1.341107350212E1,1.493591018842E1,-5.000685232636E0));
#307=CARTESIAN_POINT('',(1.344132935272E1,1.488215093053E1,-3.867119686711E0));
#308=CARTESIAN_POINT('',(1.347140445416E1,1.482821120453E1,-2.733557932902E0));
#309=CARTESIAN_POINT('',(1.350129743358E1,1.477408963972E1,-1.600000000013E0));
#311=CARTESIAN_POINT('',(1.563993386069E1,1.248804331774E1,-1.6E0));
#312=CARTESIAN_POINT('',(1.568588013143E1,1.243050054524E1,-1.6E0));
#313=CARTESIAN_POINT('',(1.577642512099E1,1.231482481247E1,-1.567918827209E0));
#314=CARTESIAN_POINT('',(1.588436686761E1,1.217102280378E1,-1.430264661736E0));
#315=CARTESIAN_POINT('',(1.592365461324E1,1.211551820210E1,-1.298618189533E0));
#316=CARTESIAN_POINT('',(1.593392504699E1,1.209998512874E1,-1.229032258065E0));
#318=CARTESIAN_POINT('',(0.E0,0.E0,-1.6E0));
#319=DIRECTION('',(0.E0,0.E0,1.E0));
#320=DIRECTION('',(7.814510818597E-1,6.239665108484E-1,0.E0));
#321=AXIS2_PLACEMENT_3D('',#318,#319,#320);
#323=CARTESIAN_POINT('',(1.557360177092E1,1.257066764161E1,-1.6E0));
#324=CARTESIAN_POINT('',(1.557585362540E1,1.256558559309E1,-1.517516332181E0));
#325=CARTESIAN_POINT('',(1.558045149414E1,1.255517943474E1,-1.348284193932E0));
#326=CARTESIAN_POINT('',(1.558761086384E1,1.253887737957E1,-1.082054616028E0));
#327=CARTESIAN_POINT('',(1.559257486706E1,1.252750245373E1,-8.954860202953E-1));
#328=CARTESIAN_POINT('',(1.559510115467E1,1.252169397409E1,-7.999999999989E-1));
#330=CARTESIAN_POINT('',(0.E0,0.E0,-8.E-1));
#331=DIRECTION('',(0.E0,0.E0,1.E0));
#332=DIRECTION('',(8.011002713244E-1,5.985301623844E-1,0.E0));
#333=AXIS2_PLACEMENT_3D('',#330,#331,#332);
#335=CARTESIAN_POINT('',(1.593392504699E1,1.209998512874E1,-1.229032258065E0));
#336=CARTESIAN_POINT('',(1.594477977848E1,1.208356835953E1,-1.155487496458E0));
#337=CARTESIAN_POINT('',(1.597041599568E1,1.204551861068E1,-1.010061670132E0));
#338=CARTESIAN_POINT('',(1.600361205041E1,1.199723681489E1,-8.690948293792E-1));
#339=CARTESIAN_POINT('',(1.602200542649E1,1.197060324769E1,-8.E-1));
#341=CARTESIAN_POINT('',(-1.593392504699E1,1.209998512874E1,-1.229032258065E0));
#342=CARTESIAN_POINT('',(-1.592365432885E1,1.211551863222E1,-1.298620116383E0));
#343=CARTESIAN_POINT('',(-1.588436494012E1,1.217102541652E1,-1.430268101683E0));
#344=CARTESIAN_POINT('',(-1.577642521347E1,1.231482465935E1,-1.567918144533E0));
#345=CARTESIAN_POINT('',(-1.568588027945E1,1.243050035986E1,-1.6E0));
#346=CARTESIAN_POINT('',(-1.563993386069E1,1.248804331774E1,-1.6E0));
#348=CARTESIAN_POINT('',(-1.602200542649E1,1.197060324769E1,-8.E-1));
#349=CARTESIAN_POINT('',(-1.600361160862E1,1.199723745460E1,
-8.690964889477E-1));
#350=CARTESIAN_POINT('',(-1.597041528615E1,1.204551965026E1,-1.010065120389E0));
#351=CARTESIAN_POINT('',(-1.594477951719E1,1.208356875471E1,-1.155489266797E0));
#352=CARTESIAN_POINT('',(-1.593392504699E1,1.209998512874E1,-1.229032258065E0));
#354=CARTESIAN_POINT('',(0.E0,0.E0,-8.E-1));
#355=DIRECTION('',(0.E0,0.E0,1.E0));
#356=DIRECTION('',(-7.797550577289E-1,6.260846986999E-1,0.E0));
#357=AXIS2_PLACEMENT_3D('',#354,#355,#356);
#359=CARTESIAN_POINT('',(-1.559510115465E1,1.252169397408E1,
-7.999999999991E-1));
#360=CARTESIAN_POINT('',(-1.559292211767E1,1.252670404937E1,
-8.823609906727E-1));
#361=CARTESIAN_POINT('',(-1.558842832102E1,1.253700770133E1,-1.051427647673E0));
#362=CARTESIAN_POINT('',(-1.558128567368E1,1.255328663546E1,-1.317447417635E0));
#363=CARTESIAN_POINT('',(-1.557621444538E1,1.256477128450E1,-1.504299780614E0));
#364=CARTESIAN_POINT('',(-1.557360177087E1,1.257066764166E1,-1.6E0));
#366=CARTESIAN_POINT('',(0.E0,0.E0,-1.6E0));
#367=DIRECTION('',(0.E0,0.E0,1.E0));
#368=DIRECTION('',(-7.781367914008E-1,6.280948446441E-1,0.E0));
#369=AXIS2_PLACEMENT_3D('',#366,#367,#368);
#371=CARTESIAN_POINT('',(-1.394254287667E1,1.546737956297E1,-5.000685232623E0));
#372=CARTESIAN_POINT('',(-1.389559193491E1,1.549187386928E1,-5.078478316542E0));
#373=CARTESIAN_POINT('',(-1.379104534794E1,1.551376831565E1,-5.216153503948E0));
#374=CARTESIAN_POINT('',(-1.360977218869E1,1.548259902431E1,-5.379593944124E0));
#375=CARTESIAN_POINT('',(-1.342848557859E1,1.539284013457E1,-5.479253807056E0));
#376=CARTESIAN_POINT('',(-1.332773553989E1,1.531114342075E1,-5.5E0));
#377=CARTESIAN_POINT('',(-1.328034786029E1,1.526375574115E1,-5.5E0));
#379=CARTESIAN_POINT('',(-1.395201851107E1,1.547016893094E1,-4.910471443862E0));
#380=CARTESIAN_POINT('',(-1.395124107734E1,1.547051406059E1,-4.925617519253E0));
#381=CARTESIAN_POINT('',(-1.394888046879E1,1.547039037759E1,-4.955799016135E0));
#382=CARTESIAN_POINT('',(-1.394492351120E1,1.546865401898E1,-4.985760228302E0));
#383=CARTESIAN_POINT('',(-1.394254287667E1,1.546737956297E1,-5.000685232623E0));
#385=DIRECTION('',(-7.071067811865E-1,7.071067811865E-1,4.726797166852E-14));
#386=VECTOR('',#385,7.516111974753E-1);
#387=CARTESIAN_POINT('',(-1.341107350212E1,1.493591018842E1,-5.000685232623E0));
#388=LINE('',#387,#386);
#389=DIRECTION('',(1.E0,0.E0,0.E0));
#390=VECTOR('',#389,8.491737372691E-1);
#391=CARTESIAN_POINT('',(9.952963601459E0,1.664381027068E1,-5.5E0));
#392=LINE('',#391,#390);
#393=DIRECTION('',(0.E0,1.E0,0.E0));
#394=VECTOR('',#393,2.855166943041E-1);
#395=CARTESIAN_POINT('',(1.080213733873E1,1.664381027068E1,-5.5E0));
#396=LINE('',#395,#394);
#397=CARTESIAN_POINT('',(0.E0,0.E0,-5.5E0));
#398=DIRECTION('',(0.E0,0.E0,-1.E0));
#399=DIRECTION('',(5.379004315016E-1,8.430083782445E-1,0.E0));
#400=AXIS2_PLACEMENT_3D('',#397,#398,#399);
#402=DIRECTION('',(-7.071067811866E-1,-7.071067811865E-1,-4.124944197686E-14));
#403=VECTOR('',#402,1.507232253321E-1);
#404=CARTESIAN_POINT('',(1.328034786029E1,1.526375574115E1,-5.5E0));
#405=LINE('',#404,#403);
#406=CARTESIAN_POINT('',(0.E0,0.E0,-5.5E0));
#407=DIRECTION('',(0.E0,0.E0,-1.E0));
#408=DIRECTION('',(5.229113396673E-1,8.523870780622E-1,0.E0));
#409=AXIS2_PLACEMENT_3D('',#406,#407,#408);
#411=DIRECTION('',(1.E0,2.831113576502E-8,1.412834504747E-11));
#412=VECTOR('',#411,2.115947908751E1);
#413=CARTESIAN_POINT('',(-1.057973946518E1,1.724579934091E1,-5.500000008747E0));
#414=LINE('',#413,#412);
#415=CARTESIAN_POINT('',(0.E0,0.E0,-5.5E0));
#416=DIRECTION('',(0.E0,0.E0,-1.E0));
#417=DIRECTION('',(-6.563902447370E-1,7.544215311178E-1,0.E0));
#418=AXIS2_PLACEMENT_3D('',#415,#416,#417);
#420=DIRECTION('',(-7.071067811866E-1,7.071067811865E-1,4.124944197686E-14));
#421=VECTOR('',#420,1.507232253321E-1);
#422=CARTESIAN_POINT('',(-1.317377044558E1,1.515717832643E1,-5.5E0));
#423=LINE('',#422,#421);
#424=CARTESIAN_POINT('',(0.E0,0.E0,-5.5E0));
#425=DIRECTION('',(0.E0,0.E0,-1.E0));
#426=DIRECTION('',(-6.559976590718E-1,7.547629238988E-1,0.E0));
#427=AXIS2_PLACEMENT_3D('',#424,#425,#426);
#429=DIRECTION('',(1.E0,0.E0,0.E0));
#430=VECTOR('',#429,8.491737372691E-1);
#431=CARTESIAN_POINT('',(-1.080213733873E1,1.664381027068E1,-5.5E0));
#432=LINE('',#431,#430);
#433=DIRECTION('',(3.489949670253E-2,9.993908270191E-1,0.E0));
#434=VECTOR('',#433,6.993552564051E-2);
#435=CARTESIAN_POINT('',(-9.952963601459E0,1.664381027068E1,-5.5E0));
#436=LINE('',#435,#434);
#437=DIRECTION('',(1.E0,0.E0,0.E0));
#438=VECTOR('',#437,6.544080768492E-1);
#439=CARTESIAN_POINT('',(-9.950522886813E0,1.671370319349E1,-5.5E0));
#440=LINE('',#439,#438);
#441=DIRECTION('',(1.E0,0.E0,0.E0));
#442=VECTOR('',#441,6.544080768492E-1);
#443=CARTESIAN_POINT('',(9.296114809963E0,1.671370319349E1,-5.5E0));
#444=LINE('',#443,#442);
#445=CARTESIAN_POINT('',(1.328034786029E1,1.526375574115E1,-5.5E0));
#446=CARTESIAN_POINT('',(1.332773553989E1,1.531114342075E1,-5.5E0));
#447=CARTESIAN_POINT('',(1.342848557859E1,1.539284013457E1,-5.479253807056E0));
#448=CARTESIAN_POINT('',(1.360977218869E1,1.548259902431E1,-5.379593944124E0));
#449=CARTESIAN_POINT('',(1.379104534794E1,1.551376831565E1,-5.216153503948E0));
#450=CARTESIAN_POINT('',(1.389559193491E1,1.549187386928E1,-5.078478316542E0));
#451=CARTESIAN_POINT('',(1.394254287667E1,1.546737956297E1,-5.000685232623E0));
#453=CARTESIAN_POINT('',(1.394254287667E1,1.546737956297E1,-5.000685232623E0));
#454=CARTESIAN_POINT('',(1.394491840639E1,1.546865128615E1,-4.985792232127E0));
#455=CARTESIAN_POINT('',(1.394887363455E1,1.547038836301E1,-4.955864045E0));
#456=CARTESIAN_POINT('',(1.395123941056E1,1.547051480053E1,-4.925649991676E0));
#457=CARTESIAN_POINT('',(1.395201851107E1,1.547016893094E1,-4.910471443862E0));
#459=DIRECTION('',(-7.071067811865E-1,-7.071067811866E-1,-4.017777591824E-14));
#460=VECTOR('',#459,7.516111974753E-1);
#461=CARTESIAN_POINT('',(1.394254287667E1,1.546737956297E1,-5.000685232623E0));
#462=LINE('',#461,#460);
#463=CARTESIAN_POINT('',(1.064999164094E1,1.749549141679E1,-4.913084007316E0));
#464=DIRECTION('',(-1.467494136100E-2,-5.233039357644E-2,-9.985219957538E-1));
#465=DIRECTION('',(-1.599026181308E-8,9.986295309400E-1,-5.233602902962E-2));
#466=AXIS2_PLACEMENT_3D('',#463,#464,#465);
#468=CARTESIAN_POINT('',(1.057973962233E1,1.724579993996E1,-5.500000008448E0));
#469=CARTESIAN_POINT('',(1.058362166920E1,1.727850209067E1,-5.499997489818E0));
#470=CARTESIAN_POINT('',(1.059104791792E1,1.734207883653E1,-5.494628301423E0));
#471=CARTESIAN_POINT('',(1.060128397363E1,1.742902718115E1,-5.473545175504E0));
#472=CARTESIAN_POINT('',(1.061052576285E1,1.750789551905E1,-5.441868318417E0));
#473=CARTESIAN_POINT('',(1.061882231267E1,1.757862422260E1,-5.401386024871E0));
#474=CARTESIAN_POINT('',(1.062618732375E1,1.764151206973E1,-5.353300113609E0));
#475=CARTESIAN_POINT('',(1.063265614966E1,1.769676443251E1,-5.298344801773E0));
#476=CARTESIAN_POINT('',(1.063823751599E1,1.774446637768E1,-5.236726534785E0));
#477=CARTESIAN_POINT('',(1.064287877083E1,1.778416155127E1,-5.168951980096E0));
#478=CARTESIAN_POINT('',(1.064650483321E1,1.781515972353E1,-5.094771307662E0));
#479=CARTESIAN_POINT('',(1.064898216024E1,1.783641207289E1,-5.017185910404E0));
#480=CARTESIAN_POINT('',(1.064984121212E1,1.784365258402E1,-4.957331490858E0));
#481=CARTESIAN_POINT('',(1.065001561284E1,1.784514855124E1,-4.928791344306E0));
#483=CARTESIAN_POINT('',(1.083173170353E1,1.779405198035E1,-4.931307908185E0));
#484=CARTESIAN_POINT('',(1.083110744766E1,1.779267954568E1,-4.960057822348E0));
#485=CARTESIAN_POINT('',(1.082815812293E1,1.778622614823E1,-5.015920612458E0));
#486=CARTESIAN_POINT('',(1.081922921508E1,1.776668938440E1,-5.095110345423E0));
#487=CARTESIAN_POINT('',(1.080625838678E1,1.773831887447E1,-5.168861132653E0));
#488=CARTESIAN_POINT('',(1.078962342508E1,1.770196468655E1,-5.236750876603E0));
#489=CARTESIAN_POINT('',(1.076962263195E1,1.765829199644E1,-5.298338278573E0));
#490=CARTESIAN_POINT('',(1.074643575712E1,1.760771424884E1,-5.353301859564E0));
#491=CARTESIAN_POINT('',(1.072001670513E1,1.755016175544E1,-5.401385558560E0));
#492=CARTESIAN_POINT('',(1.069027690226E1,1.748544607076E1,-5.441868440563E0));
#493=CARTESIAN_POINT('',(1.065705847975E1,1.741331237991E1,-5.473545144162E0));
#494=CARTESIAN_POINT('',(1.062041841019E1,1.733379406744E1,-5.494628311463E0));
#495=CARTESIAN_POINT('',(1.059353095281E1,1.727570471963E1,-5.499997487072E0));
#496=CARTESIAN_POINT('',(1.057973962233E1,1.724579993996E1,-5.500000008448E0));
#498=DIRECTION('',(9.999999999999E-1,-1.853957097566E-8,-3.537550228980E-7));
#499=VECTOR('',#498,2.130003102983E1);
#500=CARTESIAN_POINT('',(-1.065001541699E1,1.784514894613E1,-4.928783809313E0));
#501=LINE('',#500,#499);
#502=CARTESIAN_POINT('',(1.065001561284E1,1.784514855124E1,-4.928791344306E0));
#503=CARTESIAN_POINT('',(1.064044836675E1,1.785469409164E1,-4.746651583236E0));
#504=CARTESIAN_POINT('',(1.062102309187E1,1.787422697168E1,-4.373942029157E0));
#505=CARTESIAN_POINT('',(1.059964286213E1,1.789532763329E1,-3.971317420931E0));
#506=CARTESIAN_POINT('',(1.058866066203E1,1.790616718379E1,-3.764486476243E0));
#508=DIRECTION('',(1.E0,4.357703832189E-9,8.314319490839E-8));
#509=VECTOR('',#508,2.117732142120E1);
#510=CARTESIAN_POINT('',(-1.058866075917E1,1.790616709150E1,-3.764488236993E0));
#511=LINE('',#510,#509);
#512=CARTESIAN_POINT('',(-1.058866075917E1,1.790616709150E1,-3.764488236993E0));
#513=CARTESIAN_POINT('',(-1.059557150693E1,1.789934610836E1,-3.894640348706E0));
#514=CARTESIAN_POINT('',(-1.060931053824E1,1.788574315211E1,-4.154200216179E0));
#515=CARTESIAN_POINT('',(-1.062971922282E1,1.786556810259E1,-4.539163093850E0));
#516=CARTESIAN_POINT('',(-1.064310240536E1,1.785204627389E1,-4.797174955509E0));
#517=CARTESIAN_POINT('',(-1.065001541699E1,1.784514894613E1,-4.928783809313E0));
#519=CARTESIAN_POINT('',(1.058866066203E1,1.790616718379E1,-3.764486476243E0));
#520=CARTESIAN_POINT('',(1.058304715492E1,1.791130706283E1,-3.666420008745E0));
#521=CARTESIAN_POINT('',(1.055984263890E1,1.792845322885E1,-3.462328775834E0));
#522=CARTESIAN_POINT('',(1.048012218628E1,1.797939415191E1,-3.135309409563E0));
#523=CARTESIAN_POINT('',(1.034399780607E1,1.806099922554E1,-2.788507810744E0));
#524=CARTESIAN_POINT('',(1.014305856559E1,1.817585264602E1,-2.433251029025E0));
#525=CARTESIAN_POINT('',(9.869677370439E0,1.832499726689E1,-2.077749492533E0));
#526=CARTESIAN_POINT('',(9.516595250346E0,1.850787974644E1,-1.729895620102E0));
#527=CARTESIAN_POINT('',(9.077480529617E0,1.872193153608E1,-1.397330748725E0));
#528=CARTESIAN_POINT('',(8.544976648152E0,1.896340806500E1,-1.086072853020E0));
#529=CARTESIAN_POINT('',(7.910171560825E0,1.922730397888E1,-8.010543300039E-1));
#530=CARTESIAN_POINT('',(7.160616485918E0,1.950754156020E1,-5.460489777999E-1));
#531=CARTESIAN_POINT('',(6.281992215561E0,1.979547329061E1,-3.246644244238E-1));
#532=CARTESIAN_POINT('',(5.247718763019E0,2.008183971849E1,-1.384148580603E-1));
#533=CARTESIAN_POINT('',(4.032515963963E0,2.034837310448E1,8.146107238750E-3));
#534=CARTESIAN_POINT('',(2.703646403629E0,2.055535819349E1,1.058341433877E-1));
#535=CARTESIAN_POINT('',(1.373032795718E0,2.067879412321E1,1.580735998131E-1));
#536=CARTESIAN_POINT('',(4.713238273348E-1,2.070809850996E1,1.698437778197E-1));
#537=CARTESIAN_POINT('',(1.791509136560E-2,2.070846577537E1,1.699849270896E-1));
#539=CARTESIAN_POINT('',(1.791509136560E-2,2.070846577537E1,1.699849270896E-1));
#540=CARTESIAN_POINT('',(-4.277842443211E-1,2.070882877555E1,
1.701328674790E-1));
#541=CARTESIAN_POINT('',(-1.313162511395E0,2.068311840554E1,1.598765327847E-1));
#542=CARTESIAN_POINT('',(-2.689935438836E0,2.055681772128E1,1.064720862348E-1));
#543=CARTESIAN_POINT('',(-3.914800184078E0,2.036682474708E1,1.674784836742E-2));
#544=CARTESIAN_POINT('',(-4.962525063831E0,2.014756543825E1,
-1.013168677713E-1));
#545=CARTESIAN_POINT('',(-5.875523096697E0,1.991194900293E1,
-2.466991931872E-1));
#546=CARTESIAN_POINT('',(-6.674099338040E0,1.967007431322E1,
-4.183586002306E-1));
#547=CARTESIAN_POINT('',(-7.367960304584E0,1.943149502967E1,
-6.131910574702E-1));
#548=CARTESIAN_POINT('',(-7.971329149600E0,1.920148087966E1,
-8.293143416906E-1));
#549=CARTESIAN_POINT('',(-8.493968353919E0,1.898433229585E1,-1.064427021694E0));
#550=CARTESIAN_POINT('',(-8.943155373925E0,1.878365170112E1,-1.315522420257E0));
#551=CARTESIAN_POINT('',(-9.324761963502E0,1.860230658707E1,-1.579024267720E0));
#552=CARTESIAN_POINT('',(-9.643334890270E0,1.844272393712E1,-1.850040965951E0));
#553=CARTESIAN_POINT('',(-9.902075541142E0,1.830708202766E1,-2.122165036001E0));
#554=CARTESIAN_POINT('',(-1.010031179681E1,1.819913349167E1,-2.379091547114E0));
#555=CARTESIAN_POINT('',(-1.026507727685E1,1.810642984791E1,-2.642095877590E0));
#556=CARTESIAN_POINT('',(-1.041383624493E1,1.801964555362E1,-2.949800756473E0));
#557=CARTESIAN_POINT('',(-1.053504014880E1,1.794519158207E1,-3.321891059400E0));
#558=CARTESIAN_POINT('',(-1.057982219277E1,1.791425918385E1,-3.610098013544E0));
#559=CARTESIAN_POINT('',(-1.058866075917E1,1.790616709150E1,-3.764488236993E0));
#561=CARTESIAN_POINT('',(1.058866077184E1,1.755664674175E1,-3.746170892403E0));
#562=DIRECTION('',(-5.295021970553E-2,5.226247922305E-2,9.972286134576E-1));
#563=DIRECTION('',(5.163764911052E-1,8.561838195715E-1,-1.745240779477E-2));
#564=AXIS2_PLACEMENT_3D('',#561,#562,#563);
#566=CARTESIAN_POINT('',(0.E0,0.E0,5.261679781216E-1));
#567=DIRECTION('',(0.E0,0.E0,1.E0));
#568=DIRECTION('',(8.202871185321E-1,5.719519587957E-1,0.E0));
#569=AXIS2_PLACEMENT_3D('',#566,#567,#568);
#571=CARTESIAN_POINT('',(-2.925141841285E0,2.071953607173E1,4.000150069314E-1));
#572=CARTESIAN_POINT('',(-2.896856553639E0,2.072352904894E1,4.000147365304E-1));
#573=CARTESIAN_POINT('',(-2.841086547027E0,2.073126208529E1,4.003909917866E-1));
#574=CARTESIAN_POINT('',(-2.761939925550E0,2.074189294792E1,4.014777163935E-1));
#575=CARTESIAN_POINT('',(-2.684857363655E0,2.075193803138E1,4.028336982757E-1));
#576=CARTESIAN_POINT('',(-2.608620175159E0,2.076157797992E1,4.043666758565E-1));
#577=CARTESIAN_POINT('',(-2.531677631603E0,2.077101436902E1,4.060375207434E-1));
#578=CARTESIAN_POINT('',(-2.452559850482E0,2.078041348228E1,4.078377265958E-1));
#579=CARTESIAN_POINT('',(-2.369776135406E0,2.078992060409E1,4.097722132774E-1));
#580=CARTESIAN_POINT('',(-2.281823632492E0,2.079965623338E1,4.118522660971E-1));
#581=CARTESIAN_POINT('',(-2.187256090300E0,2.080970699692E1,4.140883655938E-1));
#582=CARTESIAN_POINT('',(-2.084392950565E0,2.082014931654E1,4.164933780800E-1));
#583=CARTESIAN_POINT('',(-1.972342250532E0,2.083094663851E1,4.190550583108E-1));
#584=CARTESIAN_POINT('',(-1.848701960440E0,2.084216392218E1,4.217839709970E-1));
#585=CARTESIAN_POINT('',(-1.712433485447E0,2.085368078661E1,4.246457148886E-1));
#586=CARTESIAN_POINT('',(-1.561977868737E0,2.086537021674E1,4.276013583090E-1));
#587=CARTESIAN_POINT('',(-1.395834211404E0,2.087702941732E1,4.305908648435E-1));
#588=CARTESIAN_POINT('',(-1.212496572734E0,2.088837717655E1,4.335320391812E-1));
#589=CARTESIAN_POINT('',(-1.010467343018E0,2.089904069845E1,4.363183470043E-1));
#590=CARTESIAN_POINT('',(-7.882636828120E-1,2.090854373749E1,
4.388164564389E-1));
#591=CARTESIAN_POINT('',(-5.444078706456E-1,2.091629227701E1,
4.408702218826E-1));
#592=CARTESIAN_POINT('',(-2.774954646711E-1,2.092156415419E1,
4.422795350730E-1));
#593=CARTESIAN_POINT('',(-8.303714465935E-2,2.092284660052E1,
4.426235183488E-1));
#594=CARTESIAN_POINT('',(1.821636529479E-2,2.092275966695E1,4.426001893031E-1));
#596=CARTESIAN_POINT('',(1.821636529479E-2,2.092275966695E1,4.426001893031E-1));
#597=CARTESIAN_POINT('',(3.909562734868E-2,2.092274171375E1,4.425958905270E-1));
#598=CARTESIAN_POINT('',(7.756094177195E-2,2.092264249945E1,4.425663592157E-1));
#599=CARTESIAN_POINT('',(1.171040475382E-1,2.092245739520E1,4.425194498210E-1));
#600=CARTESIAN_POINT('',(1.633177368319E-1,2.092215574012E1,4.424395211942E-1));
#601=CARTESIAN_POINT('',(2.077471578962E-1,2.092176530691E1,4.423363328714E-1));
#602=CARTESIAN_POINT('',(2.526574280525E-1,2.092127863233E1,4.422072563114E-1));
#603=CARTESIAN_POINT('',(2.974412510343E-1,2.092069769552E1,4.420529931745E-1));
#604=CARTESIAN_POINT('',(3.422609852241E-1,2.092002194651E1,4.418733638407E-1));
#605=CARTESIAN_POINT('',(3.870727546866E-1,2.091925151399E1,4.416684361235E-1));
#606=CARTESIAN_POINT('',(4.318879381035E-1,2.091838634591E1,4.414382231157E-1));
#607=CARTESIAN_POINT('',(4.767031032975E-1,2.091742643972E1,4.411827644712E-1));
#608=CARTESIAN_POINT('',(5.215187814908E-1,2.091637178076E1,4.409021049819E-1));
#609=CARTESIAN_POINT('',(5.663344370268E-1,2.091522235877E1,4.405963007152E-1));
#610=CARTESIAN_POINT('',(6.111498154970E-1,2.091397816349E1,4.402654178087E-1));
#611=CARTESIAN_POINT('',(6.559645827770E-1,2.091263918586E1,4.399095332786E-1));
#612=CARTESIAN_POINT('',(7.007784220111E-1,2.091120541770E1,4.395287353382E-1));
#613=CARTESIAN_POINT('',(7.455910078877E-1,2.090967685181E1,4.391231239009E-1));
#614=CARTESIAN_POINT('',(7.904020137938E-1,2.090805348194E1,4.386928110914E-1));
#615=CARTESIAN_POINT('',(8.352111101556E-1,2.090633530277E1,4.382379218235E-1));
#616=CARTESIAN_POINT('',(8.800179651484E-1,2.090452230993E1,4.377585944078E-1));
#617=CARTESIAN_POINT('',(9.248222447342E-1,2.090261449994E1,4.372549813096E-1));
#618=CARTESIAN_POINT('',(9.696236130128E-1,2.090061187022E1,4.367272496474E-1));
#619=CARTESIAN_POINT('',(1.014421731984E0,2.089851441901E1,4.361755829806E-1));
#620=CARTESIAN_POINT('',(1.059216263345E0,2.089632214546E1,4.356001786520E-1));
#621=CARTESIAN_POINT('',(1.104006863970E0,2.089403504909E1,4.350012621013E-1));
#622=CARTESIAN_POINT('',(1.148793181255E0,2.089165313787E1,4.343789391937E-1));
#623=CARTESIAN_POINT('',(1.193574863716E0,2.088917642108E1,4.337333230612E-1));
#624=CARTESIAN_POINT('',(1.238351558765E0,2.088660490828E1,4.330645549893E-1));
#625=CARTESIAN_POINT('',(1.283122913286E0,2.088393860953E1,4.323728011436E-1));
#626=CARTESIAN_POINT('',(1.327888573733E0,2.088117753513E1,4.316582559559E-1));
#627=CARTESIAN_POINT('',(1.372648186389E0,2.087832169559E1,4.309211440060E-1));
#628=CARTESIAN_POINT('',(1.417401397408E0,2.087537110143E1,4.301617226287E-1));
#629=CARTESIAN_POINT('',(1.462147853564E0,2.087232576299E1,4.293802846788E-1));
#630=CARTESIAN_POINT('',(1.506887200393E0,2.086918569047E1,4.285771617233E-1));
#631=CARTESIAN_POINT('',(1.551619090048E0,2.086595089296E1,4.277527274029E-1));
#632=CARTESIAN_POINT('',(1.596343152952E0,2.086262138087E1,4.269074020487E-1));
#633=CARTESIAN_POINT('',(1.641059104518E0,2.085919715592E1,4.260416548268E-1));
#634=CARTESIAN_POINT('',(1.685766347839E0,2.085567824719E1,4.251560176772E-1));
#635=CARTESIAN_POINT('',(1.730465457441E0,2.085206457493E1,4.242510582352E-1));
#636=CARTESIAN_POINT('',(1.775152642835E0,2.084835645747E1,4.233275093438E-1));
#637=CARTESIAN_POINT('',(1.819840411848E0,2.084455271729E1,4.223858183070E-1));
#638=CARTESIAN_POINT('',(1.864480455072E0,2.084065774724E1,4.214278665973E-1));
#639=CARTESIAN_POINT('',(1.909251446089E0,2.083665513645E1,4.204505951672E-1));
#640=CARTESIAN_POINT('',(1.953561781063E0,2.083259914697E1,4.194681553479E-1));
#641=CARTESIAN_POINT('',(1.998228917725E0,2.082841529347E1,4.184636110235E-1));
#642=CARTESIAN_POINT('',(2.042837960831E0,2.082414082463E1,4.174473257532E-1));
#643=CARTESIAN_POINT('',(2.087444931858E0,2.081977081562E1,4.164195241462E-1));
#644=CARTESIAN_POINT('',(2.132038734071E0,2.081530612327E1,4.153820460662E-1));
#645=CARTESIAN_POINT('',(2.176622199919E0,2.081074642530E1,4.143366478017E-1));
#646=CARTESIAN_POINT('',(2.221194450350E0,2.080609169689E1,4.132854070473E-1));
#647=CARTESIAN_POINT('',(2.265755621183E0,2.080134181209E1,4.122306658353E-1));
#648=CARTESIAN_POINT('',(2.310305595624E0,2.079649664712E1,4.111751093870E-1));
#649=CARTESIAN_POINT('',(2.354844343500E0,2.079155604830E1,4.101218243E-1));
#650=CARTESIAN_POINT('',(2.399371825373E0,2.078651983582E1,4.090743832311E-1));
#651=CARTESIAN_POINT('',(2.443888027650E0,2.078138779424E1,4.080369501022E-1));
#652=CARTESIAN_POINT('',(2.488392905937E0,2.077615967283E1,4.070144193709E-1));
#653=CARTESIAN_POINT('',(2.532886569160E0,2.077083515662E1,4.060124582255E-1));
#654=CARTESIAN_POINT('',(2.577368441642E0,2.076541396242E1,4.050379128348E-1));
#655=CARTESIAN_POINT('',(2.621840461496E0,2.075989537472E1,4.040991432249E-1));
#656=CARTESIAN_POINT('',(2.666295135658E0,2.075427988473E1,4.032065543174E-1));
#657=CARTESIAN_POINT('',(2.710760063595E0,2.074856294675E1,4.023731433189E-1));
#658=CARTESIAN_POINT('',(2.755131696583E0,2.074275809333E1,4.016161764256E-1));
#659=CARTESIAN_POINT('',(2.799795643210E0,2.073681038433E1,4.009566031258E-1));
#660=CARTESIAN_POINT('',(2.843311482430E0,2.073091896627E1,4.004302899196E-1));
#661=CARTESIAN_POINT('',(2.891052872862E0,2.072433249887E1,4.000613587977E-1));
#662=CARTESIAN_POINT('',(2.914975247456E0,2.072097109075E1,3.999993138368E-1));
#663=CARTESIAN_POINT('',(2.925002295781E0,2.071955554224E1,4.000076298802E-1));
#665=CARTESIAN_POINT('',(1.717081145262E1,1.195904925396E1,4.E-1));
#666=CARTESIAN_POINT('',(1.716690311203E1,1.196080435537E1,4.420560427223E-1));
#667=CARTESIAN_POINT('',(1.716299398350E1,1.196255889971E1,4.841120354450E-1));
#668=CARTESIAN_POINT('',(1.715908406629E1,1.196431288647E1,5.261679781214E-1));
#670=CARTESIAN_POINT('',(-1.672632543063E1,1.171189915308E1,1.E0));
#671=CARTESIAN_POINT('',(-1.678053018714E1,1.174985373219E1,1.E0));
#672=CARTESIAN_POINT('',(-1.688191183533E1,1.181823121095E1,9.755559991495E-1));
#673=CARTESIAN_POINT('',(-1.702149659948E1,1.190492342016E1,8.721319573501E-1));
#674=CARTESIAN_POINT('',(-1.712139535631E1,1.195796011759E1,7.137748255337E-1));
#675=CARTESIAN_POINT('',(-1.715291246139E1,1.196708146510E1,5.925511386576E-1));
#676=CARTESIAN_POINT('',(-1.715908406629E1,1.196431288647E1,5.261679781215E-1));
#678=DIRECTION('',(8.191520442890E-1,-5.735764363511E-1,0.E0));
#679=VECTOR('',#678,3.190730490727E-1);
#680=CARTESIAN_POINT('',(-1.672632543063E1,1.171189915308E1,1.E0));
#681=LINE('',#680,#679);
#682=CARTESIAN_POINT('',(-1.648440183781E1,1.144560711719E1,9.277396478304E-2));
#683=CARTESIAN_POINT('',(-1.647796288741E1,1.147339675840E1,3.951808203451E-1));
#684=CARTESIAN_POINT('',(-1.647148090400E1,1.150115646257E1,6.975895016175E-1));
#685=CARTESIAN_POINT('',(-1.646495609021E1,1.152888637066E1,1.000000000004E0));
#687=CARTESIAN_POINT('',(-1.718389601532E1,1.192900909300E1,3.295294713990E-2));
#688=CARTESIAN_POINT('',(-1.695073653137E1,1.176794949448E1,5.355546243184E-2));
#689=CARTESIAN_POINT('',(-1.671757167528E1,1.160681365397E1,7.347934747800E-2));
#690=CARTESIAN_POINT('',(-1.648440183781E1,1.144560711719E1,9.277396477909E-2));
#692=CARTESIAN_POINT('',(-1.718389601532E1,1.192900909300E1,3.295294714717E-2));
#693=CARTESIAN_POINT('',(-1.717954123870E1,1.193902718692E1,1.553018199601E-1));
#694=CARTESIAN_POINT('',(-1.717517971571E1,1.194904057245E1,2.776508376248E-1));
#695=CARTESIAN_POINT('',(-1.717081145262E1,1.195904925396E1,4.000000000072E-1));
#697=CARTESIAN_POINT('',(-1.717081145262E1,1.195904925396E1,4.000000000002E-1));
#698=CARTESIAN_POINT('',(-1.716690311203E1,1.196080435537E1,4.420560427225E-1));
#699=CARTESIAN_POINT('',(-1.716299398350E1,1.196255889971E1,4.841120354453E-1));
#700=CARTESIAN_POINT('',(-1.715908406629E1,1.196431288647E1,5.261679781217E-1));
#702=CARTESIAN_POINT('',(0.E0,0.E0,1.E0));
#703=DIRECTION('',(0.E0,0.E0,-1.E0));
#704=DIRECTION('',(1.861547598643E-1,9.825204350953E-1,0.E0));
#705=AXIS2_PLACEMENT_3D('',#702,#703,#704);
#707=CARTESIAN_POINT('',(-2.478739805665E0,1.898489860887E1,1.000000097057E0));
#708=CARTESIAN_POINT('',(-1.943878062550E0,1.904757259774E1,1.000001401343E0));
#709=CARTESIAN_POINT('',(-8.962873102173E-1,1.912230755071E1,
9.999993679182E-1));
#710=CARTESIAN_POINT('',(5.875838691513E-1,1.913006694145E1,1.000000110272E0));
#711=CARTESIAN_POINT('',(2.029278326831E0,1.905041413590E1,1.000000190994E0));
#712=CARTESIAN_POINT('',(3.050177468570E0,1.891792175893E1,9.999994808332E-1));
#713=CARTESIAN_POINT('',(3.565803922045E0,1.882022905836E1,9.999999960536E-1));
#715=DIRECTION('',(1.E0,0.E0,0.E0));
#716=VECTOR('',#715,9.357479594347E0);
#717=CARTESIAN_POINT('',(-2.478739797173E0,1.077126020283E1,1.E0));
#718=LINE('',#717,#716);
#719=CARTESIAN_POINT('',(-1.065878571776E1,1.152555301487E1,1.E0));
#720=CARTESIAN_POINT('',(-1.067818785392E1,1.148889274422E1,1.E0));
#721=CARTESIAN_POINT('',(-1.070680561297E1,1.141306234628E1,1.E0));
#722=CARTESIAN_POINT('',(-1.071682526898E1,1.133297929441E1,1.E0));
#723=CARTESIAN_POINT('',(-1.071682526898E1,1.129181040945E1,1.E0));
#725=CARTESIAN_POINT('',(-1.25E1,1.25E1,1.E0));
#726=DIRECTION('',(0.E0,0.E0,1.E0));
#727=DIRECTION('',(8.838501422029E-1,-4.677701637854E-1,0.E0));
#728=AXIS2_PLACEMENT_3D('',#725,#726,#727);
#730=DIRECTION('',(0.E0,1.E0,0.E0));
#731=VECTOR('',#730,4.690106204311E0);
#732=CARTESIAN_POINT('',(-1.041682526898E1,1.25E1,1.E0));
#733=LINE('',#732,#731);
#734=CARTESIAN_POINT('',(0.E0,-1.612490865883E-14,1.E0));
#735=DIRECTION('',(0.E0,0.E0,1.E0));
#736=DIRECTION('',(-5.182500133822E-1,8.552291643936E-1,0.E0));
#737=AXIS2_PLACEMENT_3D('',#734,#735,#736);
#739=CARTESIAN_POINT('',(0.E0,0.E0,1.E0));
#740=DIRECTION('',(0.E0,0.E0,1.E0));
#741=DIRECTION('',(8.191520442890E-1,5.735764363510E-1,0.E0));
#742=AXIS2_PLACEMENT_3D('',#739,#740,#741);
#744=CARTESIAN_POINT('',(0.E0,0.E0,1.E0));
#745=DIRECTION('',(0.E0,0.E0,1.E0));
#746=DIRECTION('',(8.191520442890E-1,5.735764363510E-1,0.E0));
#747=AXIS2_PLACEMENT_3D('',#744,#745,#746);
#749=DIRECTION('',(0.E0,-1.E0,0.E0));
#750=VECTOR('',#749,4.690106204311E0);
#751=CARTESIAN_POINT('',(1.041682526898E1,1.719010620431E1,1.E0));
#752=LINE('',#751,#750);
#753=CARTESIAN_POINT('',(1.25E1,1.25E1,1.E0));
#754=DIRECTION('',(0.E0,0.E0,1.E0));
#755=DIRECTION('',(-1.E0,0.E0,0.E0));
#756=AXIS2_PLACEMENT_3D('',#753,#754,#755);
#758=CARTESIAN_POINT('',(1.071682526898E1,1.129181040945E1,1.E0));
#759=CARTESIAN_POINT('',(1.071682526898E1,1.133333101566E1,1.E0));
#760=CARTESIAN_POINT('',(1.070662603E1,1.141378527811E1,1.E0));
#761=CARTESIAN_POINT('',(1.067802333408E1,1.148920360392E1,1.E0));
#762=CARTESIAN_POINT('',(1.065878571776E1,1.152555301487E1,1.E0));
#764=DIRECTION('',(3.914084298226E-13,1.E0,0.E0));
#765=VECTOR('',#764,3.008940264920E0);
#766=CARTESIAN_POINT('',(1.071682526898E1,8.282870144527E0,1.E0));
#767=LINE('',#766,#765);
#768=CARTESIAN_POINT('',(1.021712985547E1,7.783174731017E0,1.E0));
#769=CARTESIAN_POINT('',(1.038369499331E1,7.783174731017E0,1.E0));
#770=CARTESIAN_POINT('',(1.059074940712E1,7.909250592880E0,1.E0));
#771=CARTESIAN_POINT('',(1.071682526898E1,8.116305006690E0,1.E0));
#772=CARTESIAN_POINT('',(1.071682526898E1,8.282870144527E0,1.E0));
#774=DIRECTION('',(1.E0,0.E0,0.E0));
#775=VECTOR('',#774,2.043425971095E1);
#776=CARTESIAN_POINT('',(-1.021712985547E1,7.783174731017E0,1.E0));
#777=LINE('',#776,#775);
#778=CARTESIAN_POINT('',(-1.071682526898E1,8.282870144527E0,1.E0));
#779=CARTESIAN_POINT('',(-1.071682526898E1,8.116305006690E0,1.E0));
#780=CARTESIAN_POINT('',(-1.059074940712E1,7.909250592880E0,1.E0));
#781=CARTESIAN_POINT('',(-1.038369499331E1,7.783174731017E0,1.E0));
#782=CARTESIAN_POINT('',(-1.021712985547E1,7.783174731017E0,1.E0));
#784=DIRECTION('',(-3.837337547280E-13,1.E0,0.E0));
#785=VECTOR('',#784,3.008940264920E0);
#786=CARTESIAN_POINT('',(-1.071682526898E1,8.282870144527E0,1.E0));
#787=LINE('',#786,#785);
#788=CARTESIAN_POINT('',(-1.715094494196E0,9.936872578433E0,1.E0));
#789=CARTESIAN_POINT('',(-1.714536036017E0,9.936875273676E0,1.E0));
#790=CARTESIAN_POINT('',(-1.700280414831E0,9.936902696283E0,1.E0));
#791=CARTESIAN_POINT('',(-1.673214076861E0,9.934968660223E0,1.E0));
#792=CARTESIAN_POINT('',(-1.635371424787E0,9.925321059686E0,1.E0));
#793=CARTESIAN_POINT('',(-1.601292398625E0,9.908946191810E0,1.E0));
#794=CARTESIAN_POINT('',(-1.571776270965E0,9.886323454778E0,1.E0));
#795=CARTESIAN_POINT('',(-1.547385529610E0,9.859050860544E0,1.E0));
#796=CARTESIAN_POINT('',(-1.529586098711E0,9.827662008515E0,1.E0));
#797=CARTESIAN_POINT('',(-1.519087500819E0,9.792862035576E0,1.E0));
#798=CARTESIAN_POINT('',(-1.515902070220E0,9.756281919477E0,1.E0));
#799=CARTESIAN_POINT('',(-1.519093894993E0,9.719892245577E0,1.E0));
#800=CARTESIAN_POINT('',(-1.529642421379E0,9.685709746158E0,1.E0));
#801=CARTESIAN_POINT('',(-1.547458856244E0,9.654722546881E0,1.E0));
#802=CARTESIAN_POINT('',(-1.571810583705E0,9.627610925124E0,1.E0));
#803=CARTESIAN_POINT('',(-1.601289946979E0,9.604993213911E0,1.E0));
#804=CARTESIAN_POINT('',(-1.635367234435E0,9.588619896020E0,1.E0));
#805=CARTESIAN_POINT('',(-1.673213168201E0,9.578987003909E0,1.E0));
#806=CARTESIAN_POINT('',(-1.699716915803E0,9.577086923839E0,1.E0));
#807=CARTESIAN_POINT('',(-1.713419093887E0,9.577065794251E0,1.E0));
#809=CARTESIAN_POINT('',(-1.713419093887E0,9.577065794251E0,1.E0));
#810=CARTESIAN_POINT('',(-1.727388058935E0,9.577044253262E0,1.E0));
#811=CARTESIAN_POINT('',(-1.754384530358E0,9.578932515810E0,1.E0));
#812=CARTESIAN_POINT('',(-1.804813322317E0,9.591491430036E0,1.E0));
#813=CARTESIAN_POINT('',(-1.848784767183E0,9.618307505059E0,1.E0));
#814=CARTESIAN_POINT('',(-1.881301971044E0,9.654730999451E0,1.E0));
#815=CARTESIAN_POINT('',(-1.899146541251E0,9.685707528962E0,1.E0));
#816=CARTESIAN_POINT('',(-1.909687550269E0,9.719892857822E0,1.E0));
#817=CARTESIAN_POINT('',(-1.912881549709E0,9.756281797037E0,1.E0));
#818=CARTESIAN_POINT('',(-1.909695299001E0,9.792861881751E0,1.E0));
#819=CARTESIAN_POINT('',(-1.899197701153E0,9.827662693829E0,1.E0));
#820=CARTESIAN_POINT('',(-1.881395074794E0,9.859048239835E0,1.E0));
#821=CARTESIAN_POINT('',(-1.856994985075E0,9.886357954934E0,1.E0));
#822=CARTESIAN_POINT('',(-1.827312248800E0,9.909011256654E0,1.E0));
#823=CARTESIAN_POINT('',(-1.792839954983E0,9.925364290121E0,1.E0));
#824=CARTESIAN_POINT('',(-1.754929371896E0,9.934836736227E0,1.E0));
#825=CARTESIAN_POINT('',(-1.728516068048E0,9.936807802949E0,1.E0));
#826=CARTESIAN_POINT('',(-1.715094494196E0,9.936872578433E0,1.E0));
#828=DIRECTION('',(1.E0,0.E0,0.E0));
#829=VECTOR('',#828,9.471524242090E-1);
#830=CARTESIAN_POINT('',(-8.813428431600E0,8.379322836131E0,1.E0));
#831=LINE('',#830,#829);
#832=CARTESIAN_POINT('',(-7.819581763585E0,8.426017079937E0,1.E0));
#833=CARTESIAN_POINT('',(-7.819581763585E0,8.414104337609E0,1.E0));
#834=CARTESIAN_POINT('',(-7.829543867582E0,8.389284940128E0,1.E0));
#835=CARTESIAN_POINT('',(-7.854363265063E0,8.379322836131E0,1.E0));
#836=CARTESIAN_POINT('',(-7.866276007391E0,8.379322836131E0,1.E0));
#838=DIRECTION('',(0.E0,1.E0,0.E0));
#839=VECTOR('',#838,2.271169283103E0);
#840=CARTESIAN_POINT('',(-7.819581763585E0,8.426017079937E0,1.E0));
#841=LINE('',#840,#839);
#842=CARTESIAN_POINT('',(-7.866276007391E0,1.074388060685E1,1.E0));
#843=CARTESIAN_POINT('',(-7.854363265063E0,1.074388060685E1,1.E0));
#844=CARTESIAN_POINT('',(-7.829543867582E0,1.073391850285E1,1.E0));
#845=CARTESIAN_POINT('',(-7.819581763585E0,1.070909910537E1,1.E0));
#846=CARTESIAN_POINT('',(-7.819581763585E0,1.069718636304E1,1.E0));
#848=DIRECTION('',(-1.E0,0.E0,0.E0));
#849=VECTOR('',#848,4.812814822480E-1);
#850=CARTESIAN_POINT('',(-7.866276007391E0,1.074388060685E1,1.E0));
#851=LINE('',#850,#849);
#852=CARTESIAN_POINT('',(-8.394251733446E0,1.069718636304E1,1.E0));
#853=CARTESIAN_POINT('',(-8.394251733446E0,1.070909910537E1,1.E0));
#854=CARTESIAN_POINT('',(-8.384289629449E0,1.073391850285E1,1.E0));
#855=CARTESIAN_POINT('',(-8.359470231967E0,1.074388060685E1,1.E0));
#856=CARTESIAN_POINT('',(-8.347557489639E0,1.074388060685E1,1.E0));
#858=DIRECTION('',(0.E0,-1.E0,0.E0));
#859=VECTOR('',#858,1.743028667157E0);
#860=CARTESIAN_POINT('',(-8.394251733446E0,1.069718636304E1,1.E0));
#861=LINE('',#860,#859);
#862=CARTESIAN_POINT('',(-8.440791434131E0,8.907463707822E0,1.E0));
#863=CARTESIAN_POINT('',(-8.428902557576E0,8.907503056444E0,1.E0));
#864=CARTESIAN_POINT('',(-8.404169987899E0,8.917503222621E0,1.E0));
#865=CARTESIAN_POINT('',(-8.394251733446E0,8.942268754212E0,1.E0));
#866=CARTESIAN_POINT('',(-8.394251733446E0,8.954157695883E0,1.E0));
#868=DIRECTION('',(-9.999945229859E-1,-3.309682487307E-3,0.E0));
#869=VECTOR('',#868,3.626435277708E-1);
#870=CARTESIAN_POINT('',(-8.440791434131E0,8.907463707822E0,1.E0));
#871=LINE('',#870,#869);
#872=CARTESIAN_POINT('',(-9.210304401455E0,9.343155638620E0,1.E0));
#873=CARTESIAN_POINT('',(-9.210304401455E0,9.280581866651E0,1.E0));
#874=CARTESIAN_POINT('',(-9.198380529181E0,9.163995804950E0,1.E0));
#875=CARTESIAN_POINT('',(-9.118094767010E0,9.011756414932E0,1.E0));
#876=CARTESIAN_POINT('',(-8.975592101181E0,8.919294291174E0,1.E0));
#877=CARTESIAN_POINT('',(-8.862833812746E0,8.906263472889E0,1.E0));
#878=CARTESIAN_POINT('',(-8.803432975698E0,8.906263472889E0,1.E0));
#880=DIRECTION('',(0.E0,1.E0,0.E0));
#881=VECTOR('',#880,1.354030724420E0);
#882=CARTESIAN_POINT('',(-9.210304401455E0,9.343155638620E0,1.E0));
#883=LINE('',#882,#881);
#884=CARTESIAN_POINT('',(-9.256998645262E0,1.074388060685E1,1.E0));
#885=CARTESIAN_POINT('',(-9.245085902934E0,1.074388060685E1,1.E0));
#886=CARTESIAN_POINT('',(-9.220266505452E0,1.073391850285E1,1.E0));
#887=CARTESIAN_POINT('',(-9.210304401455E0,1.070909910537E1,1.E0));
#888=CARTESIAN_POINT('',(-9.210304401455E0,1.069718636304E1,1.E0));
#890=DIRECTION('',(-1.E0,0.E0,0.E0));
#891=VECTOR('',#890,4.769024551430E-1);
#892=CARTESIAN_POINT('',(-9.256998645262E0,1.074388060685E1,1.E0));
#893=LINE('',#892,#891);
#894=CARTESIAN_POINT('',(-9.780595344211E0,1.069718636304E1,1.E0));
#895=CARTESIAN_POINT('',(-9.780595344211E0,1.070909910537E1,1.E0));
#896=CARTESIAN_POINT('',(-9.770633240215E0,1.073391850285E1,1.E0));
#897=CARTESIAN_POINT('',(-9.745813842733E0,1.074388060685E1,1.E0));
#898=CARTESIAN_POINT('',(-9.733901100405E0,1.074388060685E1,1.E0));
#900=DIRECTION('',(0.E0,-1.E0,0.E0));
#901=VECTOR('',#900,1.350682865390E0);
#902=CARTESIAN_POINT('',(-9.780595344211E0,1.069718636304E1,1.E0));
#903=LINE('',#902,#901);
#904=CARTESIAN_POINT('',(-9.653864787427E0,8.814558258486E0,1.E0));
#905=CARTESIAN_POINT('',(-9.675255004976E0,8.851399672544E0,1.E0));
#906=CARTESIAN_POINT('',(-9.754922549807E0,9.017545358908E0,1.E0));
#907=CARTESIAN_POINT('',(-9.780595344211E0,9.205552365343E0,1.E0));
#908=CARTESIAN_POINT('',(-9.780595344211E0,9.346503497650E0,1.E0));
#910=CARTESIAN_POINT('',(-8.813428431600E0,8.379322836131E0,1.E0));
#911=CARTESIAN_POINT('',(-8.901308624150E0,8.379322836131E0,1.E0));
#912=CARTESIAN_POINT('',(-9.031596499997E0,8.391522822353E0,1.E0));
#913=CARTESIAN_POINT('',(-9.195879605065E0,8.437642948559E0,1.E0));
#914=CARTESIAN_POINT('',(-9.309206435824E0,8.484945024626E0,1.E0));
#915=CARTESIAN_POINT('',(-9.413506487047E0,8.545973292780E0,1.E0));
#916=CARTESIAN_POINT('',(-9.538429581979E0,8.647491889580E0,1.E0));
#917=CARTESIAN_POINT('',(-9.613293154361E0,8.744601246652E0,1.E0));
#918=CARTESIAN_POINT('',(-9.653864787427E0,8.814558258486E0,1.E0));
#920=DIRECTION('',(0.E0,-1.E0,0.E0));
#921=VECTOR('',#920,2.271170119953E0);
#922=CARTESIAN_POINT('',(-7.537116726546E0,1.069718719989E1,1.E0));
#923=LINE('',#922,#921);
#924=CARTESIAN_POINT('',(-7.490422482739E0,8.379322836131E0,1.E0));
#925=CARTESIAN_POINT('',(-7.502335225067E0,8.379322836131E0,1.E0));
#926=CARTESIAN_POINT('',(-7.527154622548E0,8.389284940128E0,1.E0));
#927=CARTESIAN_POINT('',(-7.537116726546E0,8.414104337609E0,1.E0));
#928=CARTESIAN_POINT('',(-7.537116726546E0,8.426017079937E0,1.E0));
#930=DIRECTION('',(1.E0,0.E0,0.E0));
#931=VECTOR('',#930,5.002520485740E-1);
#932=CARTESIAN_POINT('',(-7.490422482739E0,8.379322836131E0,1.E0));
#933=LINE('',#932,#931);
#934=CARTESIAN_POINT('',(-6.966823312262E0,8.402669958034E0,1.E0));
#935=CARTESIAN_POINT('',(-6.966823312262E0,8.396713586870E0,1.E0));
#936=CARTESIAN_POINT('',(-6.971804364261E0,8.384303888129E0,1.E0));
#937=CARTESIAN_POINT('',(-6.984214063001E0,8.379322836131E0,1.E0));
#938=CARTESIAN_POINT('',(-6.990170434165E0,8.379322836131E0,1.E0));
#940=DIRECTION('',(0.E0,1.E0,0.E0));
#941=VECTOR('',#940,1.404700803646E0);
#942=CARTESIAN_POINT('',(-6.966823312262E0,8.402669958034E0,1.E0));
#943=LINE('',#942,#941);
#944=CARTESIAN_POINT('',(-6.945362071807E0,9.813732628956E0,1.E0));
#945=CARTESIAN_POINT('',(-6.947899366612E0,9.817636235749E0,1.E0));
#946=CARTESIAN_POINT('',(-6.959573666489E0,9.822294478762E0,1.E0));
#947=CARTESIAN_POINT('',(-6.966823312262E0,9.812026511987E0,1.E0));
#948=CARTESIAN_POINT('',(-6.966823312262E0,9.807370761680E0,1.E0));
#950=DIRECTION('',(5.449808593235E-1,-8.384484855798E-1,0.E0));
#951=VECTOR('',#950,1.685450021603E0);
#952=CARTESIAN_POINT('',(-6.945362071807E0,9.813732628956E0,1.E0));
#953=LINE('',#952,#951);
#954=CARTESIAN_POINT('',(-5.987673352681E0,8.379322836131E0,1.E0));
#955=CARTESIAN_POINT('',(-6.002521488198E0,8.379322836131E0,1.E0));
#956=CARTESIAN_POINT('',(-6.018732121033E0,8.388120214085E0,1.E0));
#957=CARTESIAN_POINT('',(-6.026824070687E0,8.400569610823E0,1.E0));
#959=DIRECTION('',(1.E0,0.E0,0.E0));
#960=VECTOR('',#959,4.982585859850E-1);
#961=CARTESIAN_POINT('',(-5.987673352681E0,8.379322836131E0,1.E0));
#962=LINE('',#961,#960);
#963=CARTESIAN_POINT('',(-5.442720522889E0,8.426017079937E0,1.E0));
#964=CARTESIAN_POINT('',(-5.442720522889E0,8.414104337609E0,1.E0));
#965=CARTESIAN_POINT('',(-5.452682626887E0,8.389284940128E0,1.E0));
#966=CARTESIAN_POINT('',(-5.477502024368E0,8.379322836131E0,1.E0));
#967=CARTESIAN_POINT('',(-5.489414766696E0,8.379322836131E0,1.E0));
#969=DIRECTION('',(0.E0,1.E0,0.E0));
#970=VECTOR('',#969,2.271170119953E0);
#971=CARTESIAN_POINT('',(-5.442720522889E0,8.426017079937E0,1.E0));
#972=LINE('',#971,#970);
#973=CARTESIAN_POINT('',(-5.489414766696E0,1.074388144370E1,1.E0));
#974=CARTESIAN_POINT('',(-5.477502024368E0,1.074388144370E1,1.E0));
#975=CARTESIAN_POINT('',(-5.452682626886E0,1.073391933970E1,1.E0));
#976=CARTESIAN_POINT('',(-5.442720522889E0,1.070909994222E1,1.E0));
#977=CARTESIAN_POINT('',(-5.442720522889E0,1.069718719989E1,1.E0));
#979=DIRECTION('',(-1.E0,0.E0,0.E0));
#980=VECTOR('',#979,4.769049266710E-1);
#981=CARTESIAN_POINT('',(-5.489414766696E0,1.074388144370E1,1.E0));
#982=LINE('',#981,#980);
#983=CARTESIAN_POINT('',(-6.013013937173E0,1.069718719989E1,1.E0));
#984=CARTESIAN_POINT('',(-6.013013937173E0,1.070909994222E1,1.E0));
#985=CARTESIAN_POINT('',(-6.003051833176E0,1.073391933970E1,1.E0));
#986=CARTESIAN_POINT('',(-5.978232435695E0,1.074388144370E1,1.E0));
#987=CARTESIAN_POINT('',(-5.966319693367E0,1.074388144370E1,1.E0));
#989=DIRECTION('',(0.E0,-1.E0,0.E0));
#990=VECTOR('',#989,1.387871659390E0);
#991=CARTESIAN_POINT('',(-6.013013937173E0,1.069718719989E1,1.E0));
#992=LINE('',#991,#990);
#993=CARTESIAN_POINT('',(-6.034488324026E0,9.302973944728E0,1.E0));
#994=CARTESIAN_POINT('',(-6.031957361488E0,9.299062386170E0,1.E0));
#995=CARTESIAN_POINT('',(-6.020277011969E0,9.294380421749E0,1.E0));
#996=CARTESIAN_POINT('',(-6.013013937173E0,9.304656564033E0,1.E0));
#997=CARTESIAN_POINT('',(-6.013013937173E0,9.309315540500E0,1.E0));
#999=DIRECTION('',(-5.432443277176E-1,8.395746544547E-1,0.E0));
#1000=VECTOR('',#999,1.678130349E0);
#1001=CARTESIAN_POINT('',(-6.034488324026E0,9.302973944728E0,1.E0));
#1002=LINE('',#1001,#1000);
#1003=CARTESIAN_POINT('',(-7.004928072705E0,1.074388144370E1,1.E0));
#1004=CARTESIAN_POINT('',(-6.982613410167E0,1.074388144370E1,1.E0));
#1005=CARTESIAN_POINT('',(-6.958245431140E0,1.073062447771E1,1.E0));
#1006=CARTESIAN_POINT('',(-6.946123117291E0,1.071188965262E1,1.E0));
#1008=DIRECTION('',(-1.E0,0.E0,0.E0));
#1009=VECTOR('',#1008,4.854944100340E-1);
#1010=CARTESIAN_POINT('',(-7.004928072705E0,1.074388144370E1,1.E0));
#1011=LINE('',#1010,#1009);
#1012=CARTESIAN_POINT('',(-7.537116726546E0,1.069718719989E1,1.E0));
#1013=CARTESIAN_POINT('',(-7.537116726546E0,1.070909994222E1,1.E0));
#1014=CARTESIAN_POINT('',(-7.527154622549E0,1.073391933970E1,1.E0));
#1015=CARTESIAN_POINT('',(-7.502335225067E0,1.074388144370E1,1.E0));
#1016=CARTESIAN_POINT('',(-7.490422482739E0,1.074388144370E1,1.E0));
#1018=DIRECTION('',(0.E0,-1.E0,0.E0));
#1019=VECTOR('',#1018,7.807031426970E-1);
#1020=CARTESIAN_POINT('',(-6.781829306263E0,9.183373100731E0,1.E0));
#1021=LINE('',#1020,#1019);
#1022=CARTESIAN_POINT('',(-6.758482184359E0,8.379322836131E0,1.E0));
#1023=CARTESIAN_POINT('',(-6.764438555523E0,8.379322836131E0,1.E0));
#1024=CARTESIAN_POINT('',(-6.776848254264E0,8.384303888129E0,1.E0));
#1025=CARTESIAN_POINT('',(-6.781829306263E0,8.396713586870E0,1.E0));
#1026=CARTESIAN_POINT('',(-6.781829306263E0,8.402669958034E0,1.E0));
#1028=DIRECTION('',(1.E0,0.E0,0.E0));
#1029=VECTOR('',#1028,5.033595099530E-1);
#1030=CARTESIAN_POINT('',(-6.758482184359E0,8.379322836131E0,1.E0));
#1031=LINE('',#1030,#1029);
#1032=CARTESIAN_POINT('',(-6.245334985221E0,8.397358249462E0,1.E0));
#1033=CARTESIAN_POINT('',(-6.243166101079E0,8.394021428267E0,1.E0));
#1034=CARTESIAN_POINT('',(-6.242570725651E0,8.384184544710E0,1.E0));
#1035=CARTESIAN_POINT('',(-6.251142921384E0,8.379322836131E0,1.E0));
#1036=CARTESIAN_POINT('',(-6.255122674406E0,8.379322836131E0,1.E0));
#1038=DIRECTION('',(-5.449795830514E-1,8.384493151391E-1,0.E0));
#1039=VECTOR('',#1038,9.450502127465E-1);
#1040=CARTESIAN_POINT('',(-6.245334985221E0,8.397358249462E0,1.E0));
#1041=LINE('',#1040,#1039);
#1042=CARTESIAN_POINT('',(-6.781829306263E0,9.183373100731E0,1.E0));
#1043=CARTESIAN_POINT('',(-6.781829306263E0,9.188028853411E0,1.E0));
#1044=CARTESIAN_POINT('',(-6.774579650620E0,9.198296826201E0,1.E0));
#1045=CARTESIAN_POINT('',(-6.762905346281E0,9.193638565758E0,1.E0));
#1046=CARTESIAN_POINT('',(-6.760368056126E0,9.189734953111E0,1.E0));
#1048=DIRECTION('',(0.E0,-1.E0,0.E0));
#1049=VECTOR('',#1048,2.271170119953E0);
#1050=CARTESIAN_POINT('',(-5.160255485850E0,1.069718719989E1,1.E0));
#1051=LINE('',#1050,#1049);
#1052=CARTESIAN_POINT('',(-5.113561242043E0,8.379322836131E0,1.E0));
#1053=CARTESIAN_POINT('',(-5.125473984371E0,8.379322836131E0,1.E0));
#1054=CARTESIAN_POINT('',(-5.150293381853E0,8.389284940128E0,1.E0));
#1055=CARTESIAN_POINT('',(-5.160255485850E0,8.414104337609E0,1.E0));
#1056=CARTESIAN_POINT('',(-5.160255485850E0,8.426017079937E0,1.E0));
#1058=DIRECTION('',(1.E0,0.E0,0.E0));
#1059=VECTOR('',#1058,4.261241604970E-1);
#1060=CARTESIAN_POINT('',(-5.113561242043E0,8.379322836131E0,1.E0));
#1061=LINE('',#1060,#1059);
#1062=CARTESIAN_POINT('',(-4.640742837740E0,8.426017079937E0,1.E0));
#1063=CARTESIAN_POINT('',(-4.640742837740E0,8.414104337609E0,1.E0));
#1064=CARTESIAN_POINT('',(-4.650704941738E0,8.389284940129E0,1.E0));
#1065=CARTESIAN_POINT('',(-4.675524339219E0,8.379322836131E0,1.E0));
#1066=CARTESIAN_POINT('',(-4.687437081546E0,8.379322836131E0,1.E0));
#1068=DIRECTION('',(0.E0,1.E0,0.E0));
#1069=VECTOR('',#1068,3.551797204210E-1);
#1070=CARTESIAN_POINT('',(-4.640742837740E0,8.426017079937E0,1.E0));
#1071=LINE('',#1070,#1069);
#1072=CARTESIAN_POINT('',(-4.605722154885E0,8.816217483214E0,1.E0));
#1073=CARTESIAN_POINT('',(-4.614656711631E0,8.816217483214E0,1.E0));
#1074=CARTESIAN_POINT('',(-4.633271259742E0,8.808745905215E0,1.E0));
#1075=CARTESIAN_POINT('',(-4.640742837740E0,8.790131357104E0,1.E0));
#1076=CARTESIAN_POINT('',(-4.640742837740E0,8.781196800358E0,1.E0));
#1078=DIRECTION('',(1.E0,0.E0,0.E0));
#1079=VECTOR('',#1078,9.222694235740E-1);
#1080=CARTESIAN_POINT('',(-4.605722154885E0,8.816217483214E0,1.E0));
#1081=LINE('',#1080,#1079);
#1082=CARTESIAN_POINT('',(-3.628326607405E0,8.789383794757E0,1.E0));
#1083=CARTESIAN_POINT('',(-3.640933775609E0,8.805468536187E0,1.E0));
#1084=CARTESIAN_POINT('',(-3.663016009534E0,8.816217483214E0,1.E0));
#1085=CARTESIAN_POINT('',(-3.683452731311E0,8.816217483214E0,1.E0));
#1087=DIRECTION('',(6.168879892242E-1,-7.870509568960E-1,0.E0));
#1088=VECTOR('',#1087,4.755507938532E-1);
#1089=CARTESIAN_POINT('',(-3.628326607405E0,8.789383794757E0,1.E0));
#1090=LINE('',#1089,#1088);
#1091=CARTESIAN_POINT('',(-3.261463535872E0,8.379322836131E0,1.E0));
#1092=CARTESIAN_POINT('',(-3.288712498241E0,8.379322836131E0,1.E0));
#1093=CARTESIAN_POINT('',(-3.318155476807E0,8.393654765496E0,1.E0));
#1094=CARTESIAN_POINT('',(-3.334965034411E0,8.415101087402E0,1.E0));
#1096=DIRECTION('',(1.E0,0.E0,0.E0));
#1097=VECTOR('',#1096,5.188773082830E-1);
#1098=CARTESIAN_POINT('',(-3.261463535872E0,8.379322836131E0,1.E0));
#1099=LINE('',#1098,#1097);
#1100=CARTESIAN_POINT('',(-2.724210852954E0,8.417072517118E0,1.E0));
#1101=CARTESIAN_POINT('',(-2.719119553933E0,8.410576829350E0,1.E0));
#1102=CARTESIAN_POINT('',(-2.716461728359E0,8.389953361551E0,1.E0));
#1103=CARTESIAN_POINT('',(-2.734333029100E0,8.379322836131E0,1.E0));
#1104=CARTESIAN_POINT('',(-2.742586227589E0,8.379322836131E0,1.E0));
#1106=DIRECTION('',(-6.168879892247E-1,7.870509568956E-1,0.E0));
#1107=VECTOR('',#1106,2.910905139280E0);
#1108=CARTESIAN_POINT('',(-2.724210852954E0,8.417072517118E0,1.E0));
#1109=LINE('',#1108,#1107);
#1110=CARTESIAN_POINT('',(-4.593414769694E0,1.074388144370E1,1.E0));
#1111=CARTESIAN_POINT('',(-4.566165807326E0,1.074388144370E1,1.E0));
#1112=CARTESIAN_POINT('',(-4.536722828756E0,1.072954951432E1,1.E0));
#1113=CARTESIAN_POINT('',(-4.519913271149E0,1.070810319242E1,1.E0));
#1115=DIRECTION('',(-1.E0,0.E0,0.E0));
#1116=VECTOR('',#1115,5.201464723490E-1);
#1117=CARTESIAN_POINT('',(-4.593414769694E0,1.074388144370E1,1.E0));
#1118=LINE('',#1117,#1116);
#1119=CARTESIAN_POINT('',(-5.160255485850E0,1.069718719989E1,1.E0));
#1120=CARTESIAN_POINT('',(-5.160255485850E0,1.070909994222E1,1.E0));
#1121=CARTESIAN_POINT('',(-5.150293381853E0,1.073391933970E1,1.E0));
#1122=CARTESIAN_POINT('',(-5.125473984371E0,1.074388144370E1,1.E0));
#1123=CARTESIAN_POINT('',(-5.113561242043E0,1.074388144370E1,1.E0));
#1125=DIRECTION('',(-1.E0,0.E0,0.E0));
#1126=VECTOR('',#1125,5.990459028950E-1);
#1127=CARTESIAN_POINT('',(-4.018396990460E0,9.256452977180E0,1.E0));
#1128=LINE('',#1127,#1126);
#1129=CARTESIAN_POINT('',(-4.640789967496E0,9.279752873901E0,1.E0));
#1130=CARTESIAN_POINT('',(-4.640777934009E0,9.273803787404E0,1.E0));
#1131=CARTESIAN_POINT('',(-4.635785229981E0,9.261420623059E0,1.E0));
#1132=CARTESIAN_POINT('',(-4.623391992022E0,9.256452977180E0,1.E0));
#1133=CARTESIAN_POINT('',(-4.617442893355E0,9.256452977180E0,1.E0));
#1135=DIRECTION('',(-2.022741131244E-3,9.999979542571E-1,0.E0));
#1136=VECTOR('',#1135,7.694466291081E-1);
#1137=CARTESIAN_POINT('',(-4.640789967496E0,9.279752873901E0,1.E0));
#1138=LINE('',#1137,#1136);
#1139=CARTESIAN_POINT('',(-4.621485454836E0,1.005642322978E1,1.E0));
#1140=CARTESIAN_POINT('',(-4.624273893827E0,1.005998050847E1,1.E0));
#1141=CARTESIAN_POINT('',(-4.635672020072E0,1.006365523747E1,1.E0));
#1142=CARTESIAN_POINT('',(-4.642355501457E0,1.005371783379E1,1.E0));
#1143=CARTESIAN_POINT('',(-4.642346358841E0,1.004919792892E1,1.E0));
#1145=DIRECTION('',(6.169230029487E-1,-7.870235119949E-1,0.E0));
#1146=VECTOR('',#1145,9.924671772379E-1);
#1147=CARTESIAN_POINT('',(-4.621485454836E0,1.005642322978E1,1.E0));
#1148=LINE('',#1147,#1146);
#1149=CARTESIAN_POINT('',(-4.018396990460E0,9.256452977180E0,1.E0));
#1150=CARTESIAN_POINT('',(-4.014270317830E0,9.256452977180E0,1.E0));
#1151=CARTESIAN_POINT('',(-4.005334484934E0,9.261768474727E0,1.E0));
#1152=CARTESIAN_POINT('',(-4.006663784257E0,9.272080438027E0,1.E0));
#1153=CARTESIAN_POINT('',(-4.009209623527E0,9.275328226414E0,1.E0));
#1155=DIRECTION('',(0.E0,1.E0,0.E0));
#1156=VECTOR('',#1155,1.439240090184E0);
#1157=CARTESIAN_POINT('',(-2.121852092452E0,8.378995665125E0,1.E0));
#1158=LINE('',#1157,#1156);
#1159=DIRECTION('',(-1.E0,0.E0,0.E0));
#1160=VECTOR('',#1159,3.325811559750E-1);
#1161=CARTESIAN_POINT('',(-2.121852092452E0,9.818235755309E0,1.E0));
#1162=LINE('',#1161,#1160);
#1163=DIRECTION('',(0.E0,-1.E0,0.E0));
#1164=VECTOR('',#1163,1.439240090184E0);
#1165=CARTESIAN_POINT('',(-2.454433248427E0,9.818235755309E0,1.E0));
#1166=LINE('',#1165,#1164);
#1167=DIRECTION('',(1.E0,0.E0,0.E0));
#1168=VECTOR('',#1167,3.325811559750E-1);
#1169=CARTESIAN_POINT('',(-2.454433248427E0,8.378995665125E0,1.E0));
#1170=LINE('',#1169,#1168);
#1171=DIRECTION('',(0.E0,-1.E0,0.E0));
#1172=VECTOR('',#1171,1.085264824760E0);
#1173=CARTESIAN_POINT('',(-1.880682131395E0,9.464260489886E0,1.E0));
#1174=LINE('',#1173,#1172);
#1175=DIRECTION('',(1.E0,0.E0,0.E0));
#1176=VECTOR('',#1175,3.325811559749E-1);
#1177=CARTESIAN_POINT('',(-1.880682131395E0,8.378995665125E0,1.E0));
#1178=LINE('',#1177,#1176);
#1179=DIRECTION('',(0.E0,1.E0,0.E0));
#1180=VECTOR('',#1179,1.085264824760E0);
#1181=CARTESIAN_POINT('',(-1.548100975420E0,8.378995665125E0,1.E0));
#1182=LINE('',#1181,#1180);
#1183=DIRECTION('',(-1.E0,0.E0,0.E0));
#1184=VECTOR('',#1183,3.325811559749E-1);
#1185=CARTESIAN_POINT('',(-1.548100975420E0,9.464260489886E0,1.E0));
#1186=LINE('',#1185,#1184);
#1187=CARTESIAN_POINT('',(-9.743498583868E-1,9.320336480867E0,1.E0));
#1188=CARTESIAN_POINT('',(-9.575661057537E-1,9.344221051922E0,1.E0));
#1189=CARTESIAN_POINT('',(-9.165245643006E-1,9.388604307311E0,1.E0));
#1190=CARTESIAN_POINT('',(-8.383287193187E-1,9.438144418338E0,1.E0));
#1191=CARTESIAN_POINT('',(-7.461654112997E-1,9.469774499635E0,1.E0));
#1192=CARTESIAN_POINT('',(-6.797113096467E-1,9.475930004130E0,1.E0));
#1193=CARTESIAN_POINT('',(-6.456585404935E-1,9.475930004130E0,1.E0));
#1195=DIRECTION('',(0.E0,1.E0,0.E0));
#1196=VECTOR('',#1195,1.439240090184E-1);
#1197=CARTESIAN_POINT('',(-9.743498583868E-1,9.320336480867E0,1.E0));
#1198=LINE('',#1197,#1196);
#1199=DIRECTION('',(-1.E0,0.E0,0.E0));
#1200=VECTOR('',#1199,3.325811559749E-1);
#1201=CARTESIAN_POINT('',(-9.743498583868E-1,9.464260489886E0,1.E0));
#1202=LINE('',#1201,#1200);
#1203=DIRECTION('',(0.E0,-1.E0,0.E0));
#1204=VECTOR('',#1203,1.085264824760E0);
#1205=CARTESIAN_POINT('',(-1.306931014362E0,9.464260489886E0,1.E0));
#1206=LINE('',#1205,#1204);
#1207=DIRECTION('',(1.E0,0.E0,0.E0));
#1208=VECTOR('',#1207,3.325811559749E-1);
#1209=CARTESIAN_POINT('',(-1.306931014362E0,8.378995665125E0,1.E0));
#1210=LINE('',#1209,#1208);
#1211=DIRECTION('',(0.E0,1.E0,0.E0));
#1212=VECTOR('',#1211,5.893104693591E-1);
#1213=CARTESIAN_POINT('',(-9.743498583868E-1,8.378995665125E0,1.E0));
#1214=LINE('',#1213,#1212);
#1215=CARTESIAN_POINT('',(-5.581371836579E-1,8.968306134484E0,1.E0));
#1216=CARTESIAN_POINT('',(-5.581371836579E-1,9.000900054425E0,1.E0));
#1217=CARTESIAN_POINT('',(-5.647326755384E-1,9.062371251187E0,1.E0));
#1218=CARTESIAN_POINT('',(-6.023411561123E-1,9.129061420336E0,1.E0));
#1219=CARTESIAN_POINT('',(-6.442544535153E-1,9.165091156965E0,1.E0));
#1220=CARTESIAN_POINT('',(-6.806502054166E-1,9.184362160939E0,1.E0));
#1221=CARTESIAN_POINT('',(-7.219469086296E-1,9.195615679041E0,1.E0));
#1222=CARTESIAN_POINT('',(-7.662435210224E-1,9.198945525573E0,1.E0));
#1223=CARTESIAN_POINT('',(-8.105401334152E-1,9.195615679041E0,1.E0));
#1224=CARTESIAN_POINT('',(-8.518368366282E-1,9.184362160939E0,1.E0));
#1225=CARTESIAN_POINT('',(-8.882325885295E-1,9.165091156965E0,1.E0));
#1226=CARTESIAN_POINT('',(-9.301458859325E-1,9.129061420336E0,1.E0));
#1227=CARTESIAN_POINT('',(-9.677543665064E-1,9.062371251187E0,1.E0));
#1228=CARTESIAN_POINT('',(-9.743498583868E-1,9.000900054425E0,1.E0));
#1229=CARTESIAN_POINT('',(-9.743498583868E-1,8.968306134484E0,1.E0));
#1231=DIRECTION('',(0.E0,-1.E0,0.E0));
#1232=VECTOR('',#1231,5.893104693591E-1);
#1233=CARTESIAN_POINT('',(-5.581371836579E-1,8.968306134484E0,1.E0));
#1234=LINE('',#1233,#1232);
#1235=DIRECTION('',(1.E0,0.E0,0.E0));
#1236=VECTOR('',#1235,3.306362369342E-1);
#1237=CARTESIAN_POINT('',(-5.581371836579E-1,8.378995665125E0,1.E0));
#1238=LINE('',#1237,#1236);
#1239=DIRECTION('',(0.E0,1.E0,0.E0));
#1240=VECTOR('',#1239,6.340436072973E-1);
#1241=CARTESIAN_POINT('',(-2.275009467238E-1,8.378995665125E0,1.E0));
#1242=LINE('',#1241,#1240);
#1243=CARTESIAN_POINT('',(-6.456585404935E-1,9.475930004130E0,1.E0));
#1244=CARTESIAN_POINT('',(-5.876069469726E-1,9.475930004130E0,1.E0));
#1245=CARTESIAN_POINT('',(-5.006001090831E-1,9.462711342738E0,1.E0));
#1246=CARTESIAN_POINT('',(-4.009479007874E-1,9.408819964334E0,1.E0));
#1247=CARTESIAN_POINT('',(-3.386570962450E-1,9.353973081899E0,1.E0));
#1248=CARTESIAN_POINT('',(-2.883233871026E-1,9.285641462802E0,1.E0));
#1249=CARTESIAN_POINT('',(-2.386886146563E-1,9.173496951887E0,1.E0));
#1250=CARTESIAN_POINT('',(-2.275009467238E-1,9.077998326918E0,1.E0));
#1251=CARTESIAN_POINT('',(-2.275009467238E-1,9.013039272423E0,1.E0));
#1253=DIRECTION('',(-5.971694167267E-1,-8.021151337098E-1,0.E0));
#1254=VECTOR('',#1253,5.504155247853E-1);
#1255=CARTESIAN_POINT('',(6.652168929984E-1,9.464260489886E0,1.E0));
#1256=LINE('',#1255,#1254);
#1257=DIRECTION('',(0.E0,1.E0,0.E0));
#1258=VECTOR('',#1257,7.954718876828E-1);
#1259=CARTESIAN_POINT('',(3.365255751051E-1,9.022763867626E0,1.E0));
#1260=LINE('',#1259,#1258);
#1261=DIRECTION('',(-1.E0,0.E0,0.E0));
#1262=VECTOR('',#1261,3.325811559749E-1);
#1263=CARTESIAN_POINT('',(3.365255751051E-1,9.818235755309E0,1.E0));
#1264=LINE('',#1263,#1262);
#1265=DIRECTION('',(0.E0,-1.E0,0.E0));
#1266=VECTOR('',#1265,1.439240090184E0);
#1267=CARTESIAN_POINT('',(3.944419130125E-3,9.818235755309E0,1.E0));
#1268=LINE('',#1267,#1266);
#1269=DIRECTION('',(1.E0,0.E0,0.E0));
#1270=VECTOR('',#1269,3.325811559749E-1);
#1271=CARTESIAN_POINT('',(3.944419130125E-3,8.378995665125E0,1.E0));
#1272=LINE('',#1271,#1270);
#1273=DIRECTION('',(0.E0,1.E0,0.E0));
#1274=VECTOR('',#1273,4.551110555447E-1);
#1275=CARTESIAN_POINT('',(3.365255751051E-1,8.378995665125E0,1.E0));
#1276=LINE('',#1275,#1274);
#1277=DIRECTION('',(5.877604696681E-1,-8.090349994255E-1,0.E0));
#1278=VECTOR('',#1277,5.625356824709E-1);
#1279=CARTESIAN_POINT('',(3.365255751051E-1,8.834106720670E0,1.E0));
#1280=LINE('',#1279,#1278);
#1281=DIRECTION('',(1.E0,0.E0,0.E0));
#1282=VECTOR('',#1281,4.123228366473E-1);
#1283=CARTESIAN_POINT('',(6.671618120392E-1,8.378995665125E0,1.E0));
#1284=LINE('',#1283,#1282);
#1285=DIRECTION('',(-6.439662393472E-1,7.650539082843E-1,0.E0));
#1286=VECTOR('',#1285,7.067312348642E-1);
#1287=CARTESIAN_POINT('',(1.079484648687E0,8.378995665125E0,1.E0));
#1288=LINE('',#1287,#1286);
#1289=DIRECTION('',(6.380178647503E-1,7.700215609056E-1,0.E0));
#1290=VECTOR('',#1289,7.072234844704E-1);
#1291=CARTESIAN_POINT('',(6.243735931419E-1,8.919683158465E0,1.E0));
#1292=LINE('',#1291,#1290);
#1293=DIRECTION('',(-1.E0,0.E0,0.E0));
#1294=VECTOR('',#1293,4.103779176065E-1);
#1295=CARTESIAN_POINT('',(1.075594810605E0,9.464260489886E0,1.E0));
#1296=LINE('',#1295,#1294);
#1297=DIRECTION('',(-1.E0,2.051607282656E-12,0.E0));
#1298=VECTOR('',#1297,7.920673953641E0);
#1299=CARTESIAN_POINT('',(9.883491935651E0,9.883161796469E0,1.E0));
#1300=LINE('',#1299,#1298);
#1301=CARTESIAN_POINT('',(1.679484648687E0,9.599828463164E0,1.E0));
#1302=CARTESIAN_POINT('',(1.679484648687E0,9.635219733790E0,1.E0));
#1303=CARTESIAN_POINT('',(1.693592230446E0,9.709633981423E0,1.E0));
#1304=CARTESIAN_POINT('',(1.756841141430E0,9.805805303749E0,1.E0));
#1305=CARTESIAN_POINT('',(1.853012463765E0,9.869054214731E0,1.E0));
#1306=CARTESIAN_POINT('',(1.927426711383E0,9.883161796487E0,1.E0));
#1307=CARTESIAN_POINT('',(1.962817982009E0,9.883161796486E0,1.E0));
#1309=DIRECTION('',(0.E0,-1.E0,0.E0));
#1310=VECTOR('',#1309,1.002425505888E0);
#1311=CARTESIAN_POINT('',(1.679484648687E0,9.599828463164E0,1.E0));
#1312=LINE('',#1311,#1310);
#1313=CARTESIAN_POINT('',(1.962817982030E0,8.314069623931E0,1.E0));
#1314=CARTESIAN_POINT('',(1.927426711403E0,8.314069623933E0,1.E0));
#1315=CARTESIAN_POINT('',(1.853012463753E0,8.328177205695E0,1.E0));
#1316=CARTESIAN_POINT('',(1.756841141433E0,8.391426116685E0,1.E0));
#1317=CARTESIAN_POINT('',(1.693592230446E0,8.487597439014E0,1.E0));
#1318=CARTESIAN_POINT('',(1.679484648687E0,8.562011686648E0,1.E0));
#1319=CARTESIAN_POINT('',(1.679484648687E0,8.597402957276E0,1.E0));
#1321=DIRECTION('',(1.E0,-2.051607282662E-12,0.E0));
#1322=VECTOR('',#1321,7.920673953619E0);
#1323=CARTESIAN_POINT('',(1.962817982030E0,8.314069623931E0,1.E0));
#1324=LINE('',#1323,#1322);
#1325=CARTESIAN_POINT('',(1.016682526898E1,8.597402957248E0,1.E0));
#1326=CARTESIAN_POINT('',(1.016682526898E1,8.562011686621E0,1.E0));
#1327=CARTESIAN_POINT('',(1.015271768722E1,8.487597438988E0,1.E0));
#1328=CARTESIAN_POINT('',(1.008946877624E1,8.391426116660E0,1.E0));
#1329=CARTESIAN_POINT('',(9.993297453911E0,8.328177205674E0,1.E0));
#1330=CARTESIAN_POINT('',(9.918883206276E0,8.314069623915E0,1.E0));
#1331=CARTESIAN_POINT('',(9.883491935649E0,8.314069623915E0,1.E0));
#1333=DIRECTION('',(0.E0,1.E0,0.E0));
#1334=VECTOR('',#1333,1.002425505888E0);
#1335=CARTESIAN_POINT('',(1.016682526898E1,8.597402957248E0,1.E0));
#1336=LINE('',#1335,#1334);
#1337=CARTESIAN_POINT('',(9.883491935651E0,9.883161796469E0,1.E0));
#1338=CARTESIAN_POINT('',(9.918883206278E0,9.883161796469E0,1.E0));
#1339=CARTESIAN_POINT('',(9.993297453910E0,9.869054214710E0,1.E0));
#1340=CARTESIAN_POINT('',(1.008946877624E1,9.805805303724E0,1.E0));
#1341=CARTESIAN_POINT('',(1.015271768722E1,9.709633981397E0,1.E0));
#1342=CARTESIAN_POINT('',(1.016682526898E1,9.635219733763E0,1.E0));
#1343=CARTESIAN_POINT('',(1.016682526898E1,9.599828463136E0,1.E0));
#1345=CARTESIAN_POINT('',(9.883491935650E0,9.683161796469E0,1.E0));
#1346=CARTESIAN_POINT('',(9.904752126337E0,9.683161796469E0,1.E0));
#1347=CARTESIAN_POINT('',(9.949046303837E0,9.665382831324E0,1.E0));
#1348=CARTESIAN_POINT('',(9.966825268983E0,9.621088653823E0,1.E0));
#1349=CARTESIAN_POINT('',(9.966825268983E0,9.599828463136E0,1.E0));
#1351=DIRECTION('',(0.E0,-1.E0,0.E0));
#1352=VECTOR('',#1351,1.002425505888E0);
#1353=CARTESIAN_POINT('',(9.966825268983E0,9.599828463136E0,1.E0));
#1354=LINE('',#1353,#1352);
#1355=CARTESIAN_POINT('',(9.966825268983E0,8.597402957248E0,1.E0));
#1356=CARTESIAN_POINT('',(9.966825268983E0,8.576142766561E0,1.E0));
#1357=CARTESIAN_POINT('',(9.949046303838E0,8.531848589061E0,1.E0));
#1358=CARTESIAN_POINT('',(9.904752126337E0,8.514069623915E0,1.E0));
#1359=CARTESIAN_POINT('',(9.883491935650E0,8.514069623915E0,1.E0));
#1361=DIRECTION('',(-1.E0,2.051607282661E-12,0.E0));
#1362=VECTOR('',#1361,7.920673953620E0);
#1363=CARTESIAN_POINT('',(9.883491935650E0,8.514069623915E0,1.E0));
#1364=LINE('',#1363,#1362);
#1365=CARTESIAN_POINT('',(1.962817982029E0,8.514069623931E0,1.E0));
#1366=CARTESIAN_POINT('',(1.941557791341E0,8.514069623933E0,1.E0));
#1367=CARTESIAN_POINT('',(1.897263613829E0,8.531848589083E0,1.E0));
#1368=CARTESIAN_POINT('',(1.879484648686E0,8.576142766586E0,1.E0));
#1369=CARTESIAN_POINT('',(1.879484648687E0,8.597402957275E0,1.E0));
#1371=DIRECTION('',(0.E0,1.E0,0.E0));
#1372=VECTOR('',#1371,1.002425505891E0);
#1373=CARTESIAN_POINT('',(1.879484648687E0,8.597402957275E0,1.E0));
#1374=LINE('',#1373,#1372);
#1375=CARTESIAN_POINT('',(1.879484648687E0,9.599828463166E0,1.E0));
#1376=CARTESIAN_POINT('',(1.879484648686E0,9.621088653852E0,1.E0));
#1377=CARTESIAN_POINT('',(1.897263613838E0,9.665382831348E0,1.E0));
#1378=CARTESIAN_POINT('',(1.941557791322E0,9.683161796489E0,1.E0));
#1379=CARTESIAN_POINT('',(1.962817982008E0,9.683161796486E0,1.E0));
#1381=DIRECTION('',(1.E0,-2.051383014260E-12,0.E0));
#1382=VECTOR('',#1381,7.920673953642E0);
#1383=CARTESIAN_POINT('',(1.962817982008E0,9.683161796486E0,1.E0));
#1384=LINE('',#1383,#1382);
#1385=CARTESIAN_POINT('',(3.565803919663E0,1.882022904575E1,4.E-1));
#1386=DIRECTION('',(9.825204350952E-1,-1.861547598648E-1,0.E0));
#1387=DIRECTION('',(3.982159787104E-9,2.101774754237E-8,1.E0));
#1388=AXIS2_PLACEMENT_3D('',#1385,#1386,#1387);
#1390=CARTESIAN_POINT('',(6.878739797173E0,1.787732971477E1,1.E0));
#1391=CARTESIAN_POINT('',(6.878739797173E0,1.778812759555E1,1.E0));
#1392=CARTESIAN_POINT('',(6.875935164710E0,1.762566769330E1,9.679429042308E-1));
#1393=CARTESIAN_POINT('',(6.864258921075E0,1.741446568571E1,8.344828288913E-1));
#1394=CARTESIAN_POINT('',(6.846934670155E0,1.728134280330E1,6.364657343527E-1));
#1395=CARTESIAN_POINT('',(6.834103945016E0,1.725223969434E1,4.898098759655E-1));
#1396=CARTESIAN_POINT('',(6.827162731615E0,1.725349697949E1,4.104714437516E-1));
#1398=CARTESIAN_POINT('',(0.E0,0.E0,4.104714438449E-1));
#1399=DIRECTION('',(0.E0,0.E0,-1.E0));
#1400=DIRECTION('',(1.861547563357E-1,9.825204357639E-1,0.E0));
#1401=AXIS2_PLACEMENT_3D('',#1398,#1399,#1400);
#1403=CARTESIAN_POINT('',(0.E0,0.E0,-8.674524064534E-1));
#1404=DIRECTION('',(0.E0,0.E0,-1.E0));
#1405=DIRECTION('',(3.513868037779E-1,9.362303744970E-1,0.E0));
#1406=AXIS2_PLACEMENT_3D('',#1403,#1404,#1405);
#1408=CARTESIAN_POINT('',(3.454127919149E0,1.823080661350E1,4.104714933029E-1));
#1409=CARTESIAN_POINT('',(3.780674324070E0,1.816763749810E1,3.373334173624E-1));
#1410=CARTESIAN_POINT('',(4.396751008809E0,1.802981594812E1,1.718014109976E-1));
#1411=CARTESIAN_POINT('',(5.211744026529E0,1.780429249957E1,
-1.280335313370E-1));
#1412=CARTESIAN_POINT('',(5.921418428057E0,1.757323160699E1,
-4.740744378466E-1));
#1413=CARTESIAN_POINT('',(6.325953278497E0,1.742342602459E1,
-7.322681112808E-1));
#1414=CARTESIAN_POINT('',(6.512201107368E0,1.735100124995E1,
-8.674576572626E-1));
#1416=CARTESIAN_POINT('',(6.8E0,1.725839583016E1,9.999999999487E-2));
#1417=CARTESIAN_POINT('',(6.809054253577E0,1.725676995163E1,2.034905919493E-1));
#1418=CARTESIAN_POINT('',(6.818108497470E0,1.725513700352E1,3.069810732020E-1));
#1419=CARTESIAN_POINT('',(6.827162731669E0,1.725349697985E1,4.104714436592E-1));
#1421=DIRECTION('',(0.E0,-1.E0,0.E0));
#1422=VECTOR('',#1421,7.106069511943E0);
#1423=CARTESIAN_POINT('',(6.878739797173E0,1.787732971477E1,1.E0));
#1424=LINE('',#1423,#1422);
#1425=DIRECTION('',(8.682659386425E-2,-8.682659386424E-2,9.924325091390E-1));
#1426=VECTOR('',#1425,9.068626750053E-1);
#1427=CARTESIAN_POINT('',(6.8E0,1.085E1,1.E-1));
#1428=LINE('',#1427,#1426);
#1429=DIRECTION('',(-8.682659386425E-2,-8.682659386425E-2,9.924325091390E-1));
#1430=VECTOR('',#1429,9.068626750053E-1);
#1431=CARTESIAN_POINT('',(-2.4E0,1.085E1,1.E-1));
#1432=LINE('',#1431,#1430);
#1433=DIRECTION('',(-1.033810797281E-9,1.E0,1.181651162187E-8));
#1434=VECTOR('',#1433,8.213638406045E0);
#1435=CARTESIAN_POINT('',(-2.478739797173E0,1.077126020283E1,1.E0));
#1436=LINE('',#1435,#1434);
#1437=CARTESIAN_POINT('',(-2.430913404398E0,1.838858820852E1,
4.533418291233E-1));
#1438=CARTESIAN_POINT('',(-2.431033850297E0,1.838873924496E1,
4.547185320530E-1));
#1439=CARTESIAN_POINT('',(-2.431274771447E0,1.838903719620E1,
4.574722733957E-1));
#1440=CARTESIAN_POINT('',(-2.431636244100E0,1.838947164596E1,
4.616039247204E-1));
#1441=CARTESIAN_POINT('',(-2.431877280697E0,1.838975318952E1,
4.643589856411E-1));
#1442=CARTESIAN_POINT('',(-2.431997814028E0,1.838989182350E1,
4.657366879152E-1));
#1444=CARTESIAN_POINT('',(-2.431997814028E0,1.838989182350E1,
4.657366879152E-1));
#1445=CARTESIAN_POINT('',(-2.438631544872E0,1.839752173636E1,
5.415605784223E-1));
#1446=CARTESIAN_POINT('',(-2.450692275699E0,1.843898917909E1,
6.794153625876E-1));
#1447=CARTESIAN_POINT('',(-2.466216435685E0,1.857348787734E1,
8.568573231766E-1));
#1448=CARTESIAN_POINT('',(-2.476333609083E0,1.876484604208E1,
9.724971442743E-1));
#1449=CARTESIAN_POINT('',(-2.478739801859E0,1.890773122169E1,1.000000053556E0));
#1450=CARTESIAN_POINT('',(-2.478739805665E0,1.898489860887E1,1.000000097057E0));
#1452=CARTESIAN_POINT('',(-2.431997814028E0,1.838989182350E1,
4.657366879152E-1));
#1453=CARTESIAN_POINT('',(-1.910003350653E0,1.845429340705E1,
4.885752554395E-1));
#1454=CARTESIAN_POINT('',(-8.912412779765E-1,1.853307922945E1,
5.173159755397E-1));
#1455=CARTESIAN_POINT('',(5.545263232740E-1,1.854270289125E1,
5.208301785202E-1));
#1456=CARTESIAN_POINT('',(1.963152486409E0,1.845972465619E1,4.905290122908E-1));
#1457=CARTESIAN_POINT('',(2.952166126820E0,1.832648932523E1,4.429952870214E-1));
#1458=CARTESIAN_POINT('',(3.454127919149E0,1.823080661350E1,4.104714933029E-1));
#1460=CARTESIAN_POINT('',(5.775410932232E0,1.736926363208E1,-1.320109547825E0));
#1461=CARTESIAN_POINT('',(5.871500402210E0,1.739813703133E1,-1.265914308037E0));
#1462=CARTESIAN_POINT('',(6.056986605242E0,1.742897038395E1,-1.155383163096E0));
#1463=CARTESIAN_POINT('',(6.304369028691E0,1.741321946464E1,-1.002652764786E0));
#1464=CARTESIAN_POINT('',(6.446998978432E0,1.737467552292E1,
-9.102542736518E-1));
#1465=CARTESIAN_POINT('',(6.512201107368E0,1.735100124995E1,
-8.674576572626E-1));
#1467=CARTESIAN_POINT('',(-2.335774038485E0,1.806370634382E1,
-3.004642663764E-1));
#1468=CARTESIAN_POINT('',(-2.346127769795E0,1.812345567828E1,
-2.304307952053E-1));
#1469=CARTESIAN_POINT('',(-2.367546995741E0,1.822875495232E1,
-7.817385040870E-2));
#1470=CARTESIAN_POINT('',(-2.399069440222E0,1.833684609549E1,
1.685270553292E-1));
#1471=CARTESIAN_POINT('',(-2.420609060370E0,1.837817197931E1,
3.564466124294E-1));
#1472=CARTESIAN_POINT('',(-2.430913404398E0,1.838858820852E1,
4.533418291233E-1));
#1474=CARTESIAN_POINT('',(5.775487331233E0,1.648665154881E1,
-8.500000034342E-1));
#1475=DIRECTION('',(9.999999936290E-1,1.128808275818E-4,0.E0));
#1476=DIRECTION('',(-4.529709956027E-14,3.955946694930E-10,-1.E0));
#1477=AXIS2_PLACEMENT_3D('',#1474,#1475,#1476);
#1479=DIRECTION('',(-1.E0,0.E0,0.E0));
#1480=VECTOR('',#1479,8.433835221255E0);
#1481=CARTESIAN_POINT('',(6.416917610628E0,1.485E1,-1.85E0));
#1482=LINE('',#1481,#1480);
#1483=DIRECTION('',(9.999999999979E-1,-2.044962879220E-6,5.471665240909E-12));
#1484=VECTOR('',#1483,7.854415683533E0);
#1485=CARTESIAN_POINT('',(-2.078937675976E0,1.648666761015E1,-1.85E0));
#1486=LINE('',#1485,#1484);
#1487=CARTESIAN_POINT('',(5.775478007541E0,1.648665154816E1,-1.849999999957E0));
#1488=CARTESIAN_POINT('',(5.826051931129E0,1.648665535928E1,-1.849999999957E0));
#1489=CARTESIAN_POINT('',(5.922005901106E0,1.647887652971E1,-1.850000000020E0));
#1490=CARTESIAN_POINT('',(6.052075798469E0,1.645192758247E1,-1.849999999994E0));
#1491=CARTESIAN_POINT('',(6.126275121154E0,1.642789754864E1,-1.85E0));
#1492=CARTESIAN_POINT('',(6.160860843471E0,1.641491614220E1,-1.85E0));
#1494=CARTESIAN_POINT('',(0.E0,0.E0,-1.85E0));
#1495=DIRECTION('',(0.E0,0.E0,-1.E0));
#1496=DIRECTION('',(3.513868063739E-1,9.362303735226E-1,0.E0));
#1497=AXIS2_PLACEMENT_3D('',#1494,#1495,#1496);
#1499=DIRECTION('',(3.489949670250E-2,9.993908270191E-1,0.E0));
#1500=VECTOR('',#1499,1.447445728551E0);
#1501=CARTESIAN_POINT('',(6.416917610628E0,1.485E1,-1.85E0));
#1502=LINE('',#1501,#1500);
#1503=CARTESIAN_POINT('',(6.416917610628E0,1.485E1,-1.85E0));
#1504=CARTESIAN_POINT('',(6.414156785592E0,1.477094031501E1,-1.85E0));
#1505=CARTESIAN_POINT('',(6.409097864023E0,1.461283116640E1,-1.881396672297E0));
#1506=CARTESIAN_POINT('',(6.403950281270E0,1.441075300983E1,-2.018416682866E0));
#1507=CARTESIAN_POINT('',(6.401901106889E0,1.428032359706E1,-2.217732738832E0));
#1508=CARTESIAN_POINT('',(6.402534412951E0,1.425E1,-2.372829076251E0));
#1509=CARTESIAN_POINT('',(6.403310656279E0,1.425E1,-2.45E0));
#1511=CARTESIAN_POINT('',(6.408117567757E0,1.425E1,-3.05E0));
#1512=CARTESIAN_POINT('',(6.438754072100E0,1.512207250662E1,-3.080453442984E0));
#1513=CARTESIAN_POINT('',(6.469381487729E0,1.599414533218E1,-3.110906897105E0));
#1514=CARTESIAN_POINT('',(6.499999870902E0,1.686621847445E1,-3.141360362286E0));
#1516=DIRECTION('',(-2.835533219706E-2,9.995979067285E-1,0.E0));
#1517=VECTOR('',#1516,7.427994099202E-1);
#1518=CARTESIAN_POINT('',(-2.078937675976E0,1.648666761015E1,-1.85E0));
#1519=LINE('',#1518,#1517);
#1520=DIRECTION('',(-3.489949670250E-2,-9.993908270191E-1,0.E0));
#1521=VECTOR('',#1520,9.331728253709E-1);
#1522=CARTESIAN_POINT('',(6.5E0,1.722916834542E1,-1.85E0));
#1523=LINE('',#1522,#1521);
#1524=CARTESIAN_POINT('',(-2.184760979094E0,1.736925453062E1,
-1.320149253731E0));
#1525=CARTESIAN_POINT('',(-2.202760937711E0,1.743391906235E1,
-1.198757866355E0));
#1526=CARTESIAN_POINT('',(-2.238035329375E0,1.757197250944E1,
-9.607814941817E-1));
#1527=CARTESIAN_POINT('',(-2.288508723390E0,1.780411126325E1,
-6.200008176660E-1));
#1528=CARTESIAN_POINT('',(-2.320348632350E0,1.797468919431E1,
-4.048028992509E-1));
#1529=CARTESIAN_POINT('',(-2.335774038485E0,1.806370634382E1,
-3.004642663764E-1));
#1531=CARTESIAN_POINT('',(-2.078937675976E0,1.648666761015E1,-1.85E0));
#1532=CARTESIAN_POINT('',(-2.087659265505E0,1.673423023335E1,-1.85E0));
#1533=CARTESIAN_POINT('',(-2.101240615527E0,1.698160572084E1,-1.85E0));
#1534=CARTESIAN_POINT('',(-2.109962165939E0,1.722916834542E1,-1.85E0));
#1536=CARTESIAN_POINT('',(-2.4E0,1.858555377545E1,1.E-1));
#1537=CARTESIAN_POINT('',(-2.403438537428E0,1.855923801238E1,
1.393026626501E-1));
#1538=CARTESIAN_POINT('',(-2.410300115041E0,1.850932211481E1,
2.177308536454E-1));
#1539=CARTESIAN_POINT('',(-2.420608741637E0,1.844305403567E1,
3.355589948023E-1));
#1540=CARTESIAN_POINT('',(-2.427472236297E0,1.840550985288E1,
4.140090977489E-1));
#1541=CARTESIAN_POINT('',(-2.430913404398E0,1.838858820852E1,
4.533418291233E-1));
#1543=DIRECTION('',(9.999999999869E-1,1.143375531817E-6,4.988071425393E-6));
#1544=VECTOR('',#1543,7.960171911430E0);
#1545=CARTESIAN_POINT('',(-2.184760979094E0,1.736925453062E1,
-1.320149253731E0));
#1546=LINE('',#1545,#1544);
#1547=CARTESIAN_POINT('',(-2.335774038485E0,1.806370634382E1,
-3.004642663764E-1));
#1548=CARTESIAN_POINT('',(-1.509940314242E0,1.815672889335E1,
-1.914171640096E-1));
#1549=CARTESIAN_POINT('',(7.908511306799E-2,1.823527278325E1,
-1.096080436792E-1));
#1550=CARTESIAN_POINT('',(2.246813430031E0,1.810834160031E1,
-2.439662963232E-1));
#1551=CARTESIAN_POINT('',(4.192638585573E0,1.779637627560E1,
-6.206581763813E-1));
#1552=CARTESIAN_POINT('',(5.283410653836E0,1.751575768072E1,-1.045024345216E0));
#1553=CARTESIAN_POINT('',(5.775410932232E0,1.736926363208E1,-1.320109547825E0));
#1555=CARTESIAN_POINT('',(-2.078937675976E0,1.648666761015E1,-1.85E0));
#1556=CARTESIAN_POINT('',(-2.083221799534E0,1.660827259764E1,
-1.849999997579E0));
#1557=CARTESIAN_POINT('',(-2.104910681547E0,1.685035608191E1,
-1.805180607874E0));
#1558=CARTESIAN_POINT('',(-2.138351692496E0,1.716370722992E1,
-1.615170166386E0));
#1559=CARTESIAN_POINT('',(-2.169216351712E0,1.731341073275E1,
-1.424981932760E0));
#1560=CARTESIAN_POINT('',(-2.184760979094E0,1.736925453062E1,
-1.320149253731E0));
#1562=CARTESIAN_POINT('',(2.791360362286E0,1.686621847445E1,-3.141360362286E0));
#1563=CARTESIAN_POINT('',(2.790344265993E0,1.683712128364E1,-3.328886642102E0));
#1564=CARTESIAN_POINT('',(2.789662796103E0,1.681760653925E1,-3.517406057109E0));
#1565=CARTESIAN_POINT('',(2.789315965329E0,1.680767460537E1,-3.706918645040E0));
#1567=DIRECTION('',(1.E0,0.E0,0.E0));
#1568=VECTOR('',#1567,1.817279275428E0);
#1569=CARTESIAN_POINT('',(2.791360362286E0,1.686621847445E1,-3.141360362286E0));
#1570=LINE('',#1569,#1568);
#1571=CARTESIAN_POINT('',(4.608639637714E0,1.686621847445E1,-3.141360362286E0));
#1572=CARTESIAN_POINT('',(4.609655734007E0,1.683712128364E1,-3.328886642102E0));
#1573=CARTESIAN_POINT('',(4.610337203897E0,1.681760653925E1,-3.517406057109E0));
#1574=CARTESIAN_POINT('',(4.610684034671E0,1.680767460537E1,-3.706918645040E0));
#1576=DIRECTION('',(1.E0,0.E0,-8.915515211616E-14));
#1577=VECTOR('',#1576,9.962165939025E-3);
#1578=CARTESIAN_POINT('',(-2.109962165939E0,1.722916834542E1,-1.85E0));
#1579=LINE('',#1578,#1577);
#1580=CARTESIAN_POINT('',(-2.1E0,1.722916834542E1,-1.85E0));
#1581=CARTESIAN_POINT('',(-2.1E0,1.717180838779E1,-1.987952876562E0));
#1582=CARTESIAN_POINT('',(-2.099998394699E0,1.706813576890E1,
-2.268451895320E0));
#1583=CARTESIAN_POINT('',(-2.099998841909E0,1.694676420073E1,
-2.700286825838E0));
#1584=CARTESIAN_POINT('',(-2.100000315439E0,1.688912616426E1,
-2.993724328335E0));
#1585=CARTESIAN_POINT('',(-2.099999870902E0,1.686621847445E1,
-3.141360362286E0));
#1587=DIRECTION('',(1.E0,0.E0,0.E0));
#1588=VECTOR('',#1587,3.708639508616E0);
#1589=CARTESIAN_POINT('',(-2.099999870902E0,1.686621847445E1,
-3.141360362286E0));
#1590=LINE('',#1589,#1588);
#1591=CARTESIAN_POINT('',(1.608639637714E0,1.686621847445E1,-3.141360362286E0));
#1592=CARTESIAN_POINT('',(1.609655734007E0,1.683712128364E1,-3.328886642102E0));
#1593=CARTESIAN_POINT('',(1.610337203897E0,1.681760653925E1,-3.517406057109E0));
#1594=CARTESIAN_POINT('',(1.610684034671E0,1.680767460537E1,-3.706918645040E0));
#1596=CARTESIAN_POINT('',(-9.125113662846E0,1.680767460537E1,
-3.706918645039E0));
#1597=CARTESIAN_POINT('',(-9.099295159235E0,1.682169181987E1,
-3.439454259341E0));
#1598=CARTESIAN_POINT('',(-8.978608374732E0,1.688746405068E1,
-2.902282667492E0));
#1599=CARTESIAN_POINT('',(-8.541640803833E0,1.711535642198E1,
-2.085686579339E0));
#1600=CARTESIAN_POINT('',(-7.857589382685E0,1.744352667990E1,
-1.356696578240E0));
#1601=CARTESIAN_POINT('',(-6.951040838604E0,1.782820917189E1,
-7.420698863355E-1));
#1602=CARTESIAN_POINT('',(-5.832866102364E0,1.822849120257E1,
-2.490155099816E-1));
#1603=CARTESIAN_POINT('',(-4.972243702127E0,1.847345056237E1,
-4.295531191070E-3));
#1604=CARTESIAN_POINT('',(-4.510301083069E0,1.858555377545E1,1.E-1));
#1606=DIRECTION('',(1.E0,0.E0,0.E0));
#1607=VECTOR('',#1606,2.110301083069E0);
#1608=CARTESIAN_POINT('',(-4.510301083069E0,1.858555377545E1,1.E-1));
#1609=LINE('',#1608,#1607);
#1610=CARTESIAN_POINT('',(-2.4E0,1.858555377545E1,1.E-1));
#1611=CARTESIAN_POINT('',(-2.373128566473E0,1.839136543341E1,
-8.066365564765E-2));
#1612=CARTESIAN_POINT('',(-2.315209638640E0,1.802838658662E1,
-4.699074505273E-1));
#1613=CARTESIAN_POINT('',(-2.217553701489E0,1.757130495076E1,
-1.126498791148E0));
#1614=CARTESIAN_POINT('',(-2.146584672937E0,1.733154621547E1,
-1.603777334336E0));
#1615=CARTESIAN_POINT('',(-2.109962165939E0,1.722916834542E1,-1.85E0));
#1617=CARTESIAN_POINT('',(6.689336181445E0,1.791698653378E1,
-6.440217131692E-1));
#1618=CARTESIAN_POINT('',(6.670948304073E0,1.782443989380E1,
-7.676482082864E-1));
#1619=CARTESIAN_POINT('',(6.633014388843E0,1.764949618374E1,-1.022671197641E0));
#1620=CARTESIAN_POINT('',(6.573016810751E0,1.741936711221E1,-1.426051846755E0));
#1621=CARTESIAN_POINT('',(6.531233584859E0,1.728863239473E1,-1.706986703032E0));
#1622=CARTESIAN_POINT('',(6.509962165939E0,1.722916834542E1,-1.85E0));
#1624=CARTESIAN_POINT('',(6.689336181445E0,1.791698653378E1,
-6.440217131692E-1));
#1625=CARTESIAN_POINT('',(7.069127553035E0,1.777519080498E1,
-8.334365744444E-1));
#1626=CARTESIAN_POINT('',(7.738670273138E0,1.749813052743E1,-1.253454421745E0));
#1627=CARTESIAN_POINT('',(8.492181046916E0,1.714068728401E1,-2.011690434228E0));
#1628=CARTESIAN_POINT('',(8.966860974346E0,1.689387902251E1,-2.861000174743E0));
#1629=CARTESIAN_POINT('',(9.097934435028E0,1.682243057543E1,-3.425357963538E0));
#1630=CARTESIAN_POINT('',(9.125113662846E0,1.680767460537E1,-3.706918645040E0));
#1632=CARTESIAN_POINT('',(5.791360362286E0,1.686621847445E1,-3.141360362286E0));
#1633=CARTESIAN_POINT('',(5.790344265993E0,1.683712128364E1,-3.328886642102E0));
#1634=CARTESIAN_POINT('',(5.789662796103E0,1.681760653925E1,-3.517406057109E0));
#1635=CARTESIAN_POINT('',(5.789315965329E0,1.680767460537E1,-3.706918645040E0));
#1637=DIRECTION('',(1.E0,0.E0,0.E0));
#1638=VECTOR('',#1637,7.086395086158E-1);
#1639=CARTESIAN_POINT('',(5.791360362286E0,1.686621847445E1,-3.141360362286E0));
#1640=LINE('',#1639,#1638);
#1641=CARTESIAN_POINT('',(6.5E0,1.722916834542E1,-1.85E0));
#1642=CARTESIAN_POINT('',(6.5E0,1.717180850614E1,-1.987952591922E0));
#1643=CARTESIAN_POINT('',(6.499998394702E0,1.706813599315E1,-2.268451214159E0));
#1644=CARTESIAN_POINT('',(6.499998841906E0,1.694676429652E1,-2.700286378460E0));
#1645=CARTESIAN_POINT('',(6.500000315440E0,1.688912619407E1,-2.993724136225E0));
#1646=CARTESIAN_POINT('',(6.499999870902E0,1.686621847445E1,-3.141360362286E0));
#1648=DIRECTION('',(1.E0,0.E0,0.E0));
#1649=VECTOR('',#1648,9.962165939029E-3);
#1650=CARTESIAN_POINT('',(6.5E0,1.722916834542E1,-1.85E0));
#1651=LINE('',#1650,#1649);
#1652=CARTESIAN_POINT('',(2.7E0,1.425E1,-3.448369742187E0));
#1653=CARTESIAN_POINT('',(2.7E0,1.425E1,-3.851440274753E0));
#1654=CARTESIAN_POINT('',(2.704880714899E0,1.438976538804E1,-4.198124670728E0));
#1655=CARTESIAN_POINT('',(2.714637855321E0,1.466917333248E1,-4.488472484601E0));
#1657=DIRECTION('',(0.E0,0.E0,1.E0));
#1658=VECTOR('',#1657,3.983697421870E-1);
#1659=CARTESIAN_POINT('',(2.7E0,1.425E1,-3.448369742187E0));
#1660=LINE('',#1659,#1658);
#1661=DIRECTION('',(-3.486657489616E-2,-9.984480698341E-1,4.342549711354E-2));
#1662=VECTOR('',#1661,5.143432691778E-1);
#1663=CARTESIAN_POINT('',(2.786040366688E0,1.671387373303E1,-5.497396729338E0));
#1664=LINE('',#1663,#1662);
#1665=CARTESIAN_POINT('',(2.732374477402E0,1.517708373480E1,-5.016269484985E0));
#1666=CARTESIAN_POINT('',(2.742134586713E0,1.545657669708E1,-5.306705645475E0));
#1667=CARTESIAN_POINT('',(2.754046098635E0,1.579767776948E1,-5.459592829150E0));
#1668=CARTESIAN_POINT('',(2.768106978571E0,1.620032868869E1,-5.475061117187E0));
#1670=DIRECTION('',(2.420702987059E-2,6.931986386012E-1,-7.203399663675E-1));
#1671=VECTOR('',#1670,7.327054238644E-1);
#1672=CARTESIAN_POINT('',(2.714637855321E0,1.466917333248E1,-4.488472484601E0));
#1673=LINE('',#1672,#1671);
#1674=DIRECTION('',(1.E0,0.E0,0.E0));
#1675=VECTOR('',#1674,1.029275710641E0);
#1676=CARTESIAN_POINT('',(1.685362144679E0,1.466917333248E1,-4.488472484601E0));
#1677=LINE('',#1676,#1675);
#1678=DIRECTION('',(-1.E0,0.E0,0.E0));
#1679=VECTOR('',#1678,1.064748954805E0);
#1680=CARTESIAN_POINT('',(2.732374477402E0,1.517708373480E1,-5.016269484985E0));
#1681=LINE('',#1680,#1679);
#1682=CARTESIAN_POINT('',(1.685362144679E0,1.466917333248E1,-4.488472484601E0));
#1683=CARTESIAN_POINT('',(1.695119285101E0,1.438976538804E1,-4.198124670728E0));
#1684=CARTESIAN_POINT('',(1.7E0,1.425E1,-3.851440274753E0));
#1685=CARTESIAN_POINT('',(1.7E0,1.425E1,-3.448369742187E0));
#1687=DIRECTION('',(2.420702987059E-2,-6.931986386012E-1,7.203399663675E-1));
#1688=VECTOR('',#1687,7.327054238644E-1);
#1689=CARTESIAN_POINT('',(1.667625522598E0,1.517708373480E1,-5.016269484985E0));
#1690=LINE('',#1689,#1688);
#1691=CARTESIAN_POINT('',(1.631893021429E0,1.620032868869E1,-5.475061117187E0));
#1692=CARTESIAN_POINT('',(1.645953901365E0,1.579767776948E1,-5.459592829150E0));
#1693=CARTESIAN_POINT('',(1.657865413287E0,1.545657669708E1,-5.306705645475E0));
#1694=CARTESIAN_POINT('',(1.667625522598E0,1.517708373480E1,-5.016269484984E0));
#1696=DIRECTION('',(-3.486657489616E-2,9.984480698341E-1,-4.342549711354E-2));
#1697=VECTOR('',#1696,5.143432691778E-1);
#1698=CARTESIAN_POINT('',(1.631893021429E0,1.620032868869E1,-5.475061117187E0));
#1699=LINE('',#1698,#1697);
#1700=DIRECTION('',(-3.487826274237E-2,9.987827659587E-1,-3.487826274238E-2));
#1701=VECTOR('',#1700,2.619406905701E0);
#1702=CARTESIAN_POINT('',(1.7E0,1.425E1,-3.05E0));
#1703=LINE('',#1702,#1701);
#1704=DIRECTION('',(0.E0,0.E0,-1.E0));
#1705=VECTOR('',#1704,3.983697421870E-1);
#1706=CARTESIAN_POINT('',(1.7E0,1.425E1,-3.05E0));
#1707=LINE('',#1706,#1705);
#1708=DIRECTION('',(-1.E0,0.E0,0.E0));
#1709=VECTOR('',#1708,1.136213957142E0);
#1710=CARTESIAN_POINT('',(2.768106978571E0,1.620032868869E1,-5.475061117187E0));
#1711=LINE('',#1710,#1709);
#1712=DIRECTION('',(1.E0,0.E0,0.E0));
#1713=VECTOR('',#1712,1.172080733376E0);
#1714=CARTESIAN_POINT('',(1.613959633312E0,1.671387373303E1,-5.497396729338E0));
#1715=LINE('',#1714,#1713);
#1716=DIRECTION('',(-1.E0,0.E0,0.E0));
#1717=VECTOR('',#1716,1.136213957142E0);
#1718=CARTESIAN_POINT('',(5.768106978571E0,1.620032868869E1,-5.475061117187E0));
#1719=LINE('',#1718,#1717);
#1720=DIRECTION('',(1.E0,0.E0,0.E0));
#1721=VECTOR('',#1720,1.172080733376E0);
#1722=CARTESIAN_POINT('',(4.613959633312E0,1.671387373303E1,-5.497396729338E0));
#1723=LINE('',#1722,#1721);
#1724=DIRECTION('',(-1.E0,0.E0,0.E0));
#1725=VECTOR('',#1724,1.136213957142E0);
#1726=CARTESIAN_POINT('',(-2.318930214292E-1,1.620032868869E1,
-5.475061117187E0));
#1727=LINE('',#1726,#1725);
#1728=CARTESIAN_POINT('',(4.631893021429E0,1.620032868869E1,-5.475061117187E0));
#1729=CARTESIAN_POINT('',(4.645953901365E0,1.579767776948E1,-5.459592829150E0));
#1730=CARTESIAN_POINT('',(4.657865413287E0,1.545657669708E1,-5.306705645475E0));
#1731=CARTESIAN_POINT('',(4.667625522598E0,1.517708373480E1,-5.016269484985E0));
#1733=DIRECTION('',(-3.486657489616E-2,9.984480698341E-1,-4.342549711354E-2));
#1734=VECTOR('',#1733,5.143432691778E-1);
#1735=CARTESIAN_POINT('',(4.631893021429E0,1.620032868869E1,-5.475061117187E0));
#1736=LINE('',#1735,#1734);
#1737=DIRECTION('',(-3.487826274237E-2,9.987827659587E-1,-3.487826274238E-2));
#1738=VECTOR('',#1737,2.619406905701E0);
#1739=CARTESIAN_POINT('',(4.7E0,1.425E1,-3.05E0));
#1740=LINE('',#1739,#1738);
#1741=CARTESIAN_POINT('',(4.685362144679E0,1.466917333248E1,-4.488472484601E0));
#1742=CARTESIAN_POINT('',(4.695119285101E0,1.438976538804E1,-4.198124670728E0));
#1743=CARTESIAN_POINT('',(4.7E0,1.425E1,-3.851440274753E0));
#1744=CARTESIAN_POINT('',(4.7E0,1.425E1,-3.448369742187E0));
#1746=DIRECTION('',(2.420702987059E-2,-6.931986386012E-1,7.203399663675E-1));
#1747=VECTOR('',#1746,7.327054238644E-1);
#1748=CARTESIAN_POINT('',(4.667625522598E0,1.517708373480E1,-5.016269484985E0));
#1749=LINE('',#1748,#1747);
#1750=DIRECTION('',(-9.999999714101E-1,-1.563138169749E-5,-2.386116246361E-4));
#1751=VECTOR('',#1750,1.091007475519E1);
#1752=CARTESIAN_POINT('',(1.613959633312E0,1.671387373303E1,-5.497396729338E0));
#1753=LINE('',#1752,#1751);
#1754=CARTESIAN_POINT('',(-9.125113662846E0,1.680767460537E1,
-3.706918645039E0));
#1755=CARTESIAN_POINT('',(-9.182803089324E0,1.677635423619E1,
-4.304546890542E0));
#1756=CARTESIAN_POINT('',(-9.239790943796E0,1.674503036978E1,
-4.902241867139E0));
#1757=CARTESIAN_POINT('',(-9.296114809963E0,1.671370319349E1,-5.5E0));
#1759=DIRECTION('',(1.E0,0.E0,0.E0));
#1760=VECTOR('',#1759,1.073579769752E1);
#1761=CARTESIAN_POINT('',(-9.125113662846E0,1.680767460537E1,
-3.706918645039E0));
#1762=LINE('',#1761,#1760);
#1763=DIRECTION('',(1.826946318402E-3,-5.231689750804E-2,-9.986288622418E-1));
#1764=VECTOR('',#1763,1.792936447159E0);
#1765=CARTESIAN_POINT('',(1.610684034671E0,1.680767460537E1,-3.706918645040E0));
#1766=LINE('',#1765,#1764);
#1767=DIRECTION('',(-9.999997237924E-1,4.858572047456E-5,7.416566187598E-4));
#1768=VECTOR('',#1767,3.510075412785E0);
#1769=CARTESIAN_POINT('',(9.296114809963E0,1.671370319349E1,-5.5E0));
#1770=LINE('',#1769,#1768);
#1771=DIRECTION('',(-1.826946318401E-3,-5.231689750805E-2,-9.986288622418E-1));
#1772=VECTOR('',#1771,1.792936447159E0);
#1773=CARTESIAN_POINT('',(5.789315965329E0,1.680767460537E1,-3.706918645040E0));
#1774=LINE('',#1773,#1772);
#1775=DIRECTION('',(1.E0,0.E0,0.E0));
#1776=VECTOR('',#1775,3.335797697517E0);
#1777=CARTESIAN_POINT('',(5.789315965329E0,1.680767460537E1,-3.706918645040E0));
#1778=LINE('',#1777,#1776);
#1779=CARTESIAN_POINT('',(9.296114809963E0,1.671370319349E1,-5.5E0));
#1780=CARTESIAN_POINT('',(9.239790943796E0,1.674503036978E1,-4.902241867139E0));
#1781=CARTESIAN_POINT('',(9.182803089324E0,1.677635423619E1,-4.304546890542E0));
#1782=CARTESIAN_POINT('',(9.125113662846E0,1.680767460537E1,-3.706918645039E0));
#1784=DIRECTION('',(1.826946318402E-3,-5.231689750804E-2,-9.986288622418E-1));
#1785=VECTOR('',#1784,1.792936447159E0);
#1786=CARTESIAN_POINT('',(4.610684034671E0,1.680767460537E1,-3.706918645040E0));
#1787=LINE('',#1786,#1785);
#1788=DIRECTION('',(-1.E0,0.E0,0.E0));
#1789=VECTOR('',#1788,1.827919266624E0);
#1790=CARTESIAN_POINT('',(4.613959633312E0,1.671387373303E1,-5.497396729338E0));
#1791=LINE('',#1790,#1789);
#1792=DIRECTION('',(-1.826946318402E-3,-5.231689750805E-2,-9.986288622418E-1));
#1793=VECTOR('',#1792,1.792936447159E0);
#1794=CARTESIAN_POINT('',(2.789315965329E0,1.680767460537E1,-3.706918645040E0));
#1795=LINE('',#1794,#1793);
#1796=DIRECTION('',(1.E0,0.E0,0.E0));
#1797=VECTOR('',#1796,1.821368069342E0);
#1798=CARTESIAN_POINT('',(2.789315965329E0,1.680767460537E1,-3.706918645040E0));
#1799=LINE('',#1798,#1797);
#1800=DIRECTION('',(0.E0,0.E0,-1.E0));
#1801=VECTOR('',#1800,5.6E0);
#1802=CARTESIAN_POINT('',(-9.296114809963E0,1.671370319349E1,1.E-1));
#1803=LINE('',#1802,#1801);
#1804=CARTESIAN_POINT('',(0.E0,0.E0,1.E-1));
#1805=DIRECTION('',(0.E0,0.E0,1.E0));
#1806=DIRECTION('',(-2.358327363696E-1,9.717936614613E-1,0.E0));
#1807=AXIS2_PLACEMENT_3D('',#1804,#1805,#1806);
#1809=CARTESIAN_POINT('',(0.E0,0.E0,1.E-1));
#1810=DIRECTION('',(0.E0,0.E0,1.E0));
#1811=DIRECTION('',(4.860713626125E-1,8.739191212281E-1,0.E0));
#1812=AXIS2_PLACEMENT_3D('',#1809,#1810,#1811);
#1814=DIRECTION('',(0.E0,0.E0,1.E0));
#1815=VECTOR('',#1814,5.6E0);
#1816=CARTESIAN_POINT('',(-9.950522886813E0,1.671370319349E1,-5.5E0));
#1817=LINE('',#1816,#1815);
#1818=DIRECTION('',(1.E0,0.E0,0.E0));
#1819=VECTOR('',#1818,6.544080768492E-1);
#1820=CARTESIAN_POINT('',(-9.950522886813E0,1.671370319349E1,1.E-1));
#1821=LINE('',#1820,#1819);
#1822=DIRECTION('',(7.177533221901E-3,2.055376592889E-1,-9.786228863208E-1));
#1823=VECTOR('',#1822,4.084886388776E0);
#1824=CARTESIAN_POINT('',(-9.982283009222E0,1.580421228387E1,
-1.502436691924E0));
#1825=LINE('',#1824,#1823);
#1826=CARTESIAN_POINT('',(-1.026347356114E1,7.751968418403E0,1.E-1));
#1827=CARTESIAN_POINT('',(-1.026349446986E1,7.751369670867E0,
8.333336720255E-2));
#1828=CARTESIAN_POINT('',(-1.026351534566E1,7.750771866427E0,
6.666670053665E-2));
#1829=CARTESIAN_POINT('',(-1.026353618851E1,7.750175005146E0,5.E-2));
#1831=DIRECTION('',(3.489949670250E-2,9.993908270191E-1,0.E0));
#1832=VECTOR('',#1831,8.967197349424E0);
#1833=CARTESIAN_POINT('',(-1.026347356114E1,7.751968418403E0,1.E-1));
#1834=LINE('',#1833,#1832);
#1835=DIRECTION('',(1.E0,0.E0,0.E0));
#1836=VECTOR('',#1835,1.422754763548E-1);
#1837=CARTESIAN_POINT('',(-1.087021209195E1,1.582470325568E1,-1.6E0));
#1838=LINE('',#1837,#1836);
#1839=DIRECTION('',(3.415520474093E-2,-2.054230279025E-1,9.780770938921E-1));
#1840=VECTOR('',#1839,9.975012060465E-2);
#1841=CARTESIAN_POINT('',(-1.072793661559E1,1.582470325568E1,-1.6E0));
#1842=LINE('',#1841,#1840);
#1843=DIRECTION('',(-1.707987420900E-2,-2.055129709353E-1,9.785053380919E-1));
#1844=VECTOR('',#1843,3.985670642947E0);
#1845=CARTESIAN_POINT('',(-1.080213733873E1,1.664381027068E1,-5.5E0));
#1846=LINE('',#1845,#1844);
#1847=DIRECTION('',(0.E0,1.E0,0.E0));
#1848=VECTOR('',#1847,2.855166943041E-1);
#1849=CARTESIAN_POINT('',(-1.080213733873E1,1.664381027068E1,-5.5E0));
#1850=LINE('',#1849,#1848);
#1851=DIRECTION('',(3.860764393478E-2,-3.487347727769E-2,9.986457281801E-1));
#1852=VECTOR('',#1851,7.010504405468E-1);
#1853=CARTESIAN_POINT('',(-1.072452962980E1,1.580421228387E1,
-1.502436691924E0));
#1854=LINE('',#1853,#1852);
#1855=DIRECTION('',(0.E0,-1.E0,0.E0));
#1856=VECTOR('',#1855,3.324703255677E0);
#1857=CARTESIAN_POINT('',(-1.072793661559E1,1.582470325568E1,-1.6E0));
#1858=LINE('',#1857,#1856);
#1859=DIRECTION('',(-3.489949670250E-2,0.E0,-9.993908270191E-1));
#1860=VECTOR('',#1859,8.004876354391E-1);
#1861=CARTESIAN_POINT('',(-1.07E1,1.25E1,-8.E-1));
#1862=LINE('',#1861,#1860);
#1863=DIRECTION('',(1.E0,0.E0,0.E0));
#1864=VECTOR('',#1863,7.422466205790E-1);
#1865=CARTESIAN_POINT('',(9.982283009222E0,1.580421228387E1,-1.502436691924E0));
#1866=LINE('',#1865,#1864);
#1867=DIRECTION('',(1.218716374663E-3,-3.489947078491E-2,9.993900848364E-1));
#1868=VECTOR('',#1867,1.553384124456E0);
#1869=CARTESIAN_POINT('',(9.982283009222E0,1.580421228387E1,-1.502436691924E0));
#1870=LINE('',#1869,#1868);
#1871=DIRECTION('',(9.999989983545E-1,-4.939592065281E-5,1.414514094887E-3));
#1872=VECTOR('',#1871,4.659119501371E-1);
#1873=CARTESIAN_POINT('',(9.984176143891E0,1.575E1,5.E-2));
#1874=LINE('',#1873,#1872);
#1875=DIRECTION('',(9.999989983545E-1,4.939592065663E-5,-1.414514094972E-3));
#1876=VECTOR('',#1875,4.659119501370E-1);
#1877=CARTESIAN_POINT('',(-1.045008762735E1,1.574997698585E1,
5.065903902048E-2));
#1878=LINE('',#1877,#1876);
#1879=DIRECTION('',(1.218716374662E-3,3.489947078491E-2,-9.993900848364E-1));
#1880=VECTOR('',#1879,1.553384124456E0);
#1881=CARTESIAN_POINT('',(-9.984176143891E0,1.575E1,5.E-2));
#1882=LINE('',#1881,#1880);
#1883=DIRECTION('',(1.E0,0.E0,0.E0));
#1884=VECTOR('',#1883,7.422466205790E-1);
#1885=CARTESIAN_POINT('',(-1.072452962980E1,1.580421228387E1,
-1.502436691924E0));
#1886=LINE('',#1885,#1884);
#1887=DIRECTION('',(-1.084862619928E-4,9.999996762266E-1,7.973565497136E-4));
#1888=VECTOR('',#1887,1.381245444083E0);
#1889=CARTESIAN_POINT('',(1.045008762735E1,1.574997698585E1,5.065903902045E-2));
#1890=LINE('',#1889,#1888);
#1891=DIRECTION('',(2.822156078695E-3,-9.999940079444E-1,-2.004871660836E-3));
#1892=VECTOR('',#1891,1.164994387615E0);
#1893=CARTESIAN_POINT('',(1.069417592802E1,1.694475162416E1,-8.E-1));
#1894=LINE('',#1893,#1892);
#1895=DIRECTION('',(-2.783758554801E-1,-3.351999703284E-2,9.598871250749E-1));
#1896=VECTOR('',#1895,8.886406338522E-1);
#1897=CARTESIAN_POINT('',(1.069746372401E1,1.577976421726E1,
-8.023356642327E-1));
#1898=LINE('',#1897,#1896);
#1899=CARTESIAN_POINT('',(1.041682526898E1,1.719010620431E1,1.E0));
#1900=CARTESIAN_POINT('',(1.042050991006E1,1.718356502611E1,8.944856848434E-1));
#1901=CARTESIAN_POINT('',(1.042787549352E1,1.717048174122E1,6.835601274010E-1));
#1902=CARTESIAN_POINT('',(1.043891378322E1,1.715085247030E1,3.674776654686E-1));
#1903=CARTESIAN_POINT('',(1.044626389810E1,1.713776648004E1,1.569666309637E-1));
#1904=CARTESIAN_POINT('',(1.044993778119E1,1.713122198272E1,5.176038412205E-2));
#1906=CARTESIAN_POINT('',(1.069417614389E1,1.694466526001E1,
-7.999999999991E-1));
#1907=CARTESIAN_POINT('',(1.061281475355E1,1.700773113070E1,
-5.162591121592E-1));
#1908=CARTESIAN_POINT('',(1.053140175516E1,1.706990776989E1,
-2.323382456412E-1));
#1909=CARTESIAN_POINT('',(1.044993862893E1,1.713122068260E1,5.175743738867E-2));
#1911=CARTESIAN_POINT('',(1.605439695628E1,1.198930450613E1,-8.E-1));
#1912=CARTESIAN_POINT('',(1.608998485767E1,1.194831156476E1,
-6.858596265057E-1));
#1913=CARTESIAN_POINT('',(1.617056007817E1,1.185256704879E1,
-4.653048595714E-1));
#1914=CARTESIAN_POINT('',(1.631620518692E1,1.166963066599E1,
-1.642430651075E-1));
#1915=CARTESIAN_POINT('',(1.642662858770E1,1.152385508563E1,1.177814083409E-2));
#1916=CARTESIAN_POINT('',(1.648440183781E1,1.144560711719E1,9.277396477910E-2));
#1918=CARTESIAN_POINT('',(1.715908406629E1,1.196431288647E1,5.261679781215E-1));
#1919=CARTESIAN_POINT('',(1.715291246139E1,1.196708146510E1,5.925511386576E-1));
#1920=CARTESIAN_POINT('',(1.712139535631E1,1.195796011759E1,7.137748255337E-1));
#1921=CARTESIAN_POINT('',(1.702149659948E1,1.190492342016E1,8.721319573501E-1));
#1922=CARTESIAN_POINT('',(1.688191183533E1,1.181823121095E1,9.755559991495E-1));
#1923=CARTESIAN_POINT('',(1.678053018714E1,1.174985373219E1,1.E0));
#1924=CARTESIAN_POINT('',(1.672632543063E1,1.171189915308E1,1.E0));
#1926=CARTESIAN_POINT('',(1.718389601532E1,1.192900909300E1,3.295294713991E-2));
#1927=CARTESIAN_POINT('',(1.695073653137E1,1.176794949448E1,5.355546243184E-2));
#1928=CARTESIAN_POINT('',(1.671757167528E1,1.160681365397E1,7.347934747800E-2));
#1929=CARTESIAN_POINT('',(1.648440183781E1,1.144560711719E1,9.277396477909E-2));
#1931=CARTESIAN_POINT('',(1.648440183781E1,1.144560711719E1,9.277396478306E-2));
#1932=CARTESIAN_POINT('',(1.647796288741E1,1.147339675840E1,3.951808203451E-1));
#1933=CARTESIAN_POINT('',(1.647148090400E1,1.150115646257E1,6.975895016175E-1));
#1934=CARTESIAN_POINT('',(1.646495609021E1,1.152888637066E1,1.000000000004E0));
#1936=DIRECTION('',(8.191520442890E-1,5.735764363510E-1,0.E0));
#1937=VECTOR('',#1936,3.190730490727E-1);
#1938=CARTESIAN_POINT('',(1.646495609021E1,1.152888637066E1,1.E0));
#1939=LINE('',#1938,#1937);
#1940=DIRECTION('',(8.660254037844E-1,5.000000000001E-1,-2.542999796522E-13));
#1941=VECTOR('',#1940,8.958622999680E-1);
#1942=CARTESIAN_POINT('',(1.593392504699E1,1.209998512874E1,-1.229032258065E0));
#1943=LINE('',#1942,#1941);
#1944=CARTESIAN_POINT('',(-1.075E1,1.130007614904E1,5.000000000001E-2));
#1945=CARTESIAN_POINT('',(-1.075E1,1.134150706726E1,5.000000000001E-2));
#1946=CARTESIAN_POINT('',(-1.073985496518E1,1.142208657113E1,5.E-2));
#1947=CARTESIAN_POINT('',(-1.071086911805E1,1.149837305723E1,5.E-2));
#1948=CARTESIAN_POINT('',(-1.069120528152E1,1.153524009910E1,5.E-2));
#1950=DIRECTION('',(-2.055658026570E-13,1.E0,0.E0));
#1951=VECTOR('',#1950,3.050380735528E0);
#1952=CARTESIAN_POINT('',(-1.075E1,8.249695413510E0,5.E-2));
#1953=LINE('',#1952,#1951);
#1954=CARTESIAN_POINT('',(-1.026353618851E1,7.750175005146E0,5.E-2));
#1955=CARTESIAN_POINT('',(-1.042569340317E1,7.754465304905E0,5.E-2));
#1956=CARTESIAN_POINT('',(-1.062880508627E1,7.881084324096E0,5.E-2));
#1957=CARTESIAN_POINT('',(-1.075E1,8.087481453145E0,5.E-2));
#1958=CARTESIAN_POINT('',(-1.075E1,8.249695413510E0,5.E-2));
#1960=DIRECTION('',(-3.489949670250E-2,-9.993908270191E-1,0.E0));
#1961=VECTOR('',#1960,8.004701242571E0);
#1962=CARTESIAN_POINT('',(-9.984176143891E0,1.575E1,5.E-2));
#1963=LINE('',#1962,#1961);
#1964=DIRECTION('',(-2.696245166735E-5,9.999999790761E-1,2.027826687891E-4));
#1965=VECTOR('',#1964,3.249977053852E0);
#1966=CARTESIAN_POINT('',(-1.045E1,1.25E1,5.E-2));
#1967=LINE('',#1966,#1965);
#1968=CARTESIAN_POINT('',(-1.25E1,1.25E1,5.E-2));
#1969=DIRECTION('',(0.E0,0.E0,1.E0));
#1970=DIRECTION('',(8.823388870656E-1,-4.706145858044E-1,0.E0));
#1971=AXIS2_PLACEMENT_3D('',#1968,#1969,#1970);
#1973=CARTESIAN_POINT('',(1.069120528152E1,1.153524009910E1,5.E-2));
#1974=CARTESIAN_POINT('',(1.071070318521E1,1.149868415893E1,5.E-2));
#1975=CARTESIAN_POINT('',(1.073967370760E1,1.142281155408E1,5.E-2));
#1976=CARTESIAN_POINT('',(1.075E1,1.134185965485E1,5.000000000001E-2));
#1977=CARTESIAN_POINT('',(1.075E1,1.130007614904E1,5.000000000001E-2));
#1979=CARTESIAN_POINT('',(1.25E1,1.25E1,5.E-2));
#1980=DIRECTION('',(0.E0,0.E0,1.E0));
#1981=DIRECTION('',(-1.E0,0.E0,0.E0));
#1982=AXIS2_PLACEMENT_3D('',#1979,#1980,#1981);
#1984=DIRECTION('',(-2.696245166790E-5,-9.999999790761E-1,-2.027826687768E-4));
#1985=VECTOR('',#1984,3.249977053852E0);
#1986=CARTESIAN_POINT('',(1.045008762735E1,1.574997698585E1,5.065903902045E-2));
#1987=LINE('',#1986,#1985);
#1988=DIRECTION('',(-3.489949670250E-2,9.993908270191E-1,0.E0));
#1989=VECTOR('',#1988,8.004701242571E0);
#1990=CARTESIAN_POINT('',(1.026353618851E1,7.750175005146E0,5.E-2));
#1991=LINE('',#1990,#1989);
#1992=CARTESIAN_POINT('',(1.075E1,8.249695413510E0,5.E-2));
#1993=CARTESIAN_POINT('',(1.075E1,8.087481453145E0,5.E-2));
#1994=CARTESIAN_POINT('',(1.062880508627E1,7.881084324096E0,5.E-2));
#1995=CARTESIAN_POINT('',(1.042569340317E1,7.754465304905E0,5.E-2));
#1996=CARTESIAN_POINT('',(1.026353618851E1,7.750175005146E0,5.E-2));
#1998=DIRECTION('',(-1.927543362025E-13,-1.E0,0.E0));
#1999=VECTOR('',#1998,3.050380735528E0);
#2000=CARTESIAN_POINT('',(1.075E1,1.130007614904E1,5.000000000001E-2));
#2001=LINE('',#2000,#1999);
#2002=CARTESIAN_POINT('',(-1.075E1,1.130007614904E1,5.000000000001E-2));
#2003=CARTESIAN_POINT('',(-1.074658780609E1,1.129922304642E1,
1.477124491391E-1));
#2004=CARTESIAN_POINT('',(-1.073958142453E1,1.129747316555E1,
3.483489661229E-1));
#2005=CARTESIAN_POINT('',(-1.072857428600E1,1.129473018793E1,
6.635521729919E-1));
#2006=CARTESIAN_POINT('',(-1.072080765214E1,1.129279925669E1,
8.859594674173E-1));
#2007=CARTESIAN_POINT('',(-1.071682526898E1,1.129181040945E1,1.E0));
#2009=DIRECTION('',(3.487826274237E-2,3.487826274237E-2,9.987827659587E-1));
#2010=VECTOR('',#2009,9.511577816304E-1);
#2011=CARTESIAN_POINT('',(-1.075E1,8.249695413510E0,5.E-2));
#2012=LINE('',#2011,#2010);
#2013=DIRECTION('',(3.487826274237E-2,3.487826274238E-2,9.987827659587E-1));
#2014=VECTOR('',#2013,9.010968457551E-1);
#2015=CARTESIAN_POINT('',(-1.024855854802E1,7.751746038475E0,1.E-1));
#2016=LINE('',#2015,#2014);
#2017=DIRECTION('',(3.487826274237E-2,-3.487826274238E-2,-9.987827659587E-1));
#2018=VECTOR('',#2017,9.010968457551E-1);
#2019=CARTESIAN_POINT('',(1.021712985547E1,7.783174731017E0,1.E0));
#2020=LINE('',#2019,#2018);
#2021=DIRECTION('',(7.177533221901E-3,-2.055376592889E-1,9.786228863208E-1));
#2022=VECTOR('',#2021,4.084886388776E0);
#2023=CARTESIAN_POINT('',(9.952963601459E0,1.664381027068E1,-5.5E0));
#2024=LINE('',#2023,#2022);
#2025=DIRECTION('',(-3.489949670250E-2,9.993908270191E-1,0.E0));
#2026=VECTOR('',#2025,6.993552564051E-2);
#2027=CARTESIAN_POINT('',(9.952963601459E0,1.664381027068E1,-5.5E0));
#2028=LINE('',#2027,#2026);
#2029=DIRECTION('',(3.489949670250E-2,-9.993908270191E-1,0.E0));
#2030=VECTOR('',#2029,8.967197349424E0);
#2031=CARTESIAN_POINT('',(9.950522886813E0,1.671370319349E1,1.E-1));
#2032=LINE('',#2031,#2030);
#2033=CARTESIAN_POINT('',(1.026353618851E1,7.750175005146E0,5.E-2));
#2034=CARTESIAN_POINT('',(1.026351534566E1,7.750771866427E0,6.666670053665E-2));
#2035=CARTESIAN_POINT('',(1.026349446986E1,7.751369670867E0,8.333336720255E-2));
#2036=CARTESIAN_POINT('',(1.026347356114E1,7.751968418403E0,1.E-1));
#2038=DIRECTION('',(0.E0,0.E0,1.E0));
#2039=VECTOR('',#2038,5.6E0);
#2040=CARTESIAN_POINT('',(9.950522886813E0,1.671370319349E1,-5.5E0));
#2041=LINE('',#2040,#2039);
#2042=DIRECTION('',(0.E0,0.E0,-1.E0));
#2043=VECTOR('',#2042,5.6E0);
#2044=CARTESIAN_POINT('',(9.296114809963E0,1.671370319349E1,1.E-1));
#2045=LINE('',#2044,#2043);
#2046=DIRECTION('',(1.E0,0.E0,0.E0));
#2047=VECTOR('',#2046,6.544080768492E-1);
#2048=CARTESIAN_POINT('',(9.296114809963E0,1.671370319349E1,1.E-1));
#2049=LINE('',#2048,#2047);
#2050=CARTESIAN_POINT('',(-1.024855854802E1,7.751746038475E0,1.E-1));
#2051=CARTESIAN_POINT('',(-1.025353132429E1,7.751746038475E0,1.E-1));
#2052=CARTESIAN_POINT('',(-1.025850299537E1,7.751820162427E0,1.E-1));
#2053=CARTESIAN_POINT('',(-1.026347356114E1,7.751968418403E0,1.E-1));
#2055=DIRECTION('',(-1.E0,0.E0,0.E0));
#2056=VECTOR('',#2055,2.049711709603E1);
#2057=CARTESIAN_POINT('',(1.024855854802E1,7.751746038475E0,1.E-1));
#2058=LINE('',#2057,#2056);
#2059=CARTESIAN_POINT('',(1.026347356114E1,7.751968418403E0,1.E-1));
#2060=CARTESIAN_POINT('',(1.025850299537E1,7.751820162427E0,1.E-1));
#2061=CARTESIAN_POINT('',(1.025353132429E1,7.751746038475E0,1.E-1));
#2062=CARTESIAN_POINT('',(1.024855854802E1,7.751746038475E0,1.E-1));
#2064=CARTESIAN_POINT('',(6.778513061873E0,1.726684647816E1,1.E-1));
#2065=CARTESIAN_POINT('',(6.785675374500E0,1.746965755814E1,1.E-1));
#2066=CARTESIAN_POINT('',(6.792837687209E0,1.767246863812E1,1.E-1));
#2067=CARTESIAN_POINT('',(6.8E0,1.787527971809E1,1.E-1));
#2069=CARTESIAN_POINT('',(0.E0,0.E0,1.000000000001E-1));
#2070=DIRECTION('',(0.E0,0.E0,-1.E0));
#2071=DIRECTION('',(3.654239489088E-1,9.308411988970E-1,0.E0));
#2072=AXIS2_PLACEMENT_3D('',#2069,#2070,#2071);
#2074=DIRECTION('',(0.E0,1.E0,0.E0));
#2075=VECTOR('',#2074,6.408395830159E0);
#2076=CARTESIAN_POINT('',(6.8E0,1.085E1,1.E-1));
#2077=LINE('',#2076,#2075);
#2078=DIRECTION('',(1.E0,0.E0,0.E0));
#2079=VECTOR('',#2078,9.2E0);
#2080=CARTESIAN_POINT('',(-2.4E0,1.085E1,1.E-1));
#2081=LINE('',#2080,#2079);
#2082=DIRECTION('',(0.E0,-1.E0,0.E0));
#2083=VECTOR('',#2082,7.735553775448E0);
#2084=CARTESIAN_POINT('',(-2.4E0,1.858555377545E1,1.E-1));
#2085=LINE('',#2084,#2083);
#2086=CARTESIAN_POINT('',(6.778513061873E0,1.726684647816E1,1.E-1));
#2087=CARTESIAN_POINT('',(6.766282363386E0,1.727011204949E1,1.809472954808E-2));
#2088=CARTESIAN_POINT('',(6.741780254756E0,1.727662656953E1,
-1.459886848230E-1));
#2089=CARTESIAN_POINT('',(6.704905193526E0,1.728634773666E1,
-3.929308351095E-1));
#2090=CARTESIAN_POINT('',(6.680240082317E0,1.729279443984E1,
-5.581067743666E-1));
#2091=CARTESIAN_POINT('',(6.667887131911E0,1.729600914743E1,
-6.408314383643E-1));
#2093=CARTESIAN_POINT('',(6.8E0,1.787527971809E1,1.E-1));
#2094=CARTESIAN_POINT('',(6.787765512080E0,1.787993388402E1,1.774434696972E-2));
#2095=CARTESIAN_POINT('',(6.763255545087E0,1.788922905277E1,
-1.470425533210E-1));
#2096=CARTESIAN_POINT('',(6.726367856676E0,1.790313156349E1,
-3.950481027811E-1));
#2097=CARTESIAN_POINT('',(6.701693763777E0,1.791237281023E1,
-5.609384643044E-1));
#2098=CARTESIAN_POINT('',(6.689336181445E0,1.791698653378E1,
-6.440217131692E-1));
#2100=CARTESIAN_POINT('',(6.509962165939E0,1.722916834542E1,-1.85E0));
#2101=CARTESIAN_POINT('',(6.498965883078E0,1.691703707092E1,-1.85E0));
#2102=CARTESIAN_POINT('',(6.487969569407E0,1.660490579750E1,-1.85E0));
#2103=CARTESIAN_POINT('',(6.476973224958E0,1.629277452517E1,-1.85E0));
#2105=CARTESIAN_POINT('',(6.667887131911E0,1.729600914743E1,
-6.408314383643E-1));
#2106=CARTESIAN_POINT('',(6.663349404772E0,1.729705938889E1,
-6.782032783641E-1));
#2107=CARTESIAN_POINT('',(6.654175029718E0,1.729918686908E1,
-7.533451733248E-1));
#2108=CARTESIAN_POINT('',(6.644805216574E0,1.730136691716E1,
-8.292838228097E-1));
#2109=CARTESIAN_POINT('',(6.640071947993E0,1.730246976653E1,
-8.674524065345E-1));
#2111=DIRECTION('',(-3.451974874471E-2,-9.993908270191E-1,5.134375978558E-3));
#2112=VECTOR('',#2111,6.213558995769E-1);
#2113=CARTESIAN_POINT('',(6.689336181445E0,1.791698653378E1,
-6.440217131692E-1));
#2114=LINE('',#2113,#2112);
#2115=CARTESIAN_POINT('',(6.160866745581E0,1.641491409749E1,-8.5E-1));
#2116=DIRECTION('',(9.362302466036E-1,-3.513871445351E-1,0.E0));
#2117=DIRECTION('',(-5.608723530059E-8,-1.494379269218E-7,-1.E0));
#2118=AXIS2_PLACEMENT_3D('',#2115,#2116,#2117);
#2120=CARTESIAN_POINT('',(6.640071947993E0,1.730246976653E1,
-8.674524065345E-1));
#2121=CARTESIAN_POINT('',(6.627460123931E0,1.730540831565E1,
-9.691528391984E-1));
#2122=CARTESIAN_POINT('',(6.600773248285E0,1.727918798526E1,-1.172480578963E0));
#2123=CARTESIAN_POINT('',(6.559113935092E0,1.713637784017E1,-1.454959930173E0));
#2124=CARTESIAN_POINT('',(6.523520362583E0,1.692184184415E1,-1.667484026470E0));
#2125=CARTESIAN_POINT('',(6.493316098275E0,1.662799643587E1,-1.816268886588E0));
#2126=CARTESIAN_POINT('',(6.480967117126E0,1.640614116714E1,-1.85E0));
#2127=CARTESIAN_POINT('',(6.476973224958E0,1.629277452517E1,-1.85E0));
#2129=CARTESIAN_POINT('',(0.E0,0.E0,-1.85E0));
#2130=DIRECTION('',(0.E0,0.E0,1.E0));
#2131=DIRECTION('',(3.694163858326E-1,9.292639742713E-1,0.E0));
#2132=AXIS2_PLACEMENT_3D('',#2129,#2130,#2131);
#2134=CARTESIAN_POINT('',(1.075E1,1.130007614904E1,5.000000000001E-2));
#2135=CARTESIAN_POINT('',(1.074658387602E1,1.129922206384E1,1.478249915992E-1));
#2136=CARTESIAN_POINT('',(1.073957231917E1,1.129747089406E1,3.486097093837E-1));
#2137=CARTESIAN_POINT('',(1.072857072172E1,1.129472930186E1,6.636542405473E-1));
#2138=CARTESIAN_POINT('',(1.072080615236E1,1.129279888429E1,8.860024152918E-1));
#2139=CARTESIAN_POINT('',(1.071682526898E1,1.129181040945E1,1.E0));
#2141=DIRECTION('',(3.487826274237E-2,-3.487826274237E-2,-9.987827659587E-1));
#2142=VECTOR('',#2141,9.511577816304E-1);
#2143=CARTESIAN_POINT('',(1.071682526898E1,8.282870144527E0,1.E0));
#2144=LINE('',#2143,#2142);
#2145=DIRECTION('',(-3.410423195544E-2,-1.019046924380E-2,9.993663270790E-1));
#2146=VECTOR('',#2145,9.506023709812E-1);
#2147=CARTESIAN_POINT('',(1.069120528152E1,1.153524009910E1,5.E-2));
#2148=LINE('',#2147,#2146);
#2149=DIRECTION('',(3.489949670250E-2,0.E0,-9.993908270191E-1));
#2150=VECTOR('',#2149,9.505790670839E-1);
#2151=CARTESIAN_POINT('',(1.041682526898E1,1.25E1,1.E0));
#2152=LINE('',#2151,#2150);
#2153=DIRECTION('',(3.410423195537E-2,-1.019046924398E-2,9.993663270790E-1));
#2154=VECTOR('',#2153,9.506023709812E-1);
#2155=CARTESIAN_POINT('',(-1.069120528152E1,1.153524009910E1,5.E-2));
#2156=LINE('',#2155,#2154);
#2157=CARTESIAN_POINT('',(-1.044993676881E1,1.713122352704E1,
5.176390397713E-2));
#2158=CARTESIAN_POINT('',(-1.044626288968E1,1.713776801584E1,
1.569700372474E-1));
#2159=CARTESIAN_POINT('',(-1.043891425769E1,1.715085174670E1,
3.674759649083E-1));
#2160=CARTESIAN_POINT('',(-1.042787536212E1,1.717048194057E1,
6.835604940912E-1));
#2161=CARTESIAN_POINT('',(-1.042050991145E1,1.718356502365E1,
8.944856450855E-1));
#2162=CARTESIAN_POINT('',(-1.041682526898E1,1.719010620431E1,1.E0));
#2164=DIRECTION('',(-3.489949670250E-2,0.E0,-9.993908270191E-1));
#2165=VECTOR('',#2164,9.505790670839E-1);
#2166=CARTESIAN_POINT('',(-1.041682526898E1,1.25E1,1.E0));
#2167=LINE('',#2166,#2165);
#2168=DIRECTION('',(2.822179996613E-3,9.999940075789E-1,2.005020298515E-3));
#2169=VECTOR('',#2168,1.164908023372E0);
#2170=CARTESIAN_POINT('',(-1.069746372401E1,1.577976421726E1,
-8.023356642327E-1));
#2171=LINE('',#2170,#2169);
#2172=DIRECTION('',(-1.092190923645E-4,-9.999996741124E-1,-7.999039734298E-4));
#2173=VECTOR('',#2172,1.381246991317E0);
#2174=CARTESIAN_POINT('',(-1.044993676881E1,1.713122352704E1,
5.176390397713E-2));
#2175=LINE('',#2174,#2173);
#2176=DIRECTION('',(-2.783758554801E-1,3.351999703284E-2,-9.598871250749E-1));
#2177=VECTOR('',#2176,8.886406338523E-1);
#2178=CARTESIAN_POINT('',(-1.045008762735E1,1.574997698585E1,
5.065903902048E-2));
#2179=LINE('',#2178,#2177);
#2180=CARTESIAN_POINT('',(-1.044993862893E1,1.713122068260E1,
5.175743738874E-2));
#2181=CARTESIAN_POINT('',(-1.053140175516E1,1.706990776989E1,
-2.323382456412E-1));
#2182=CARTESIAN_POINT('',(-1.061281475355E1,1.700773113070E1,
-5.162591121592E-1));
#2183=CARTESIAN_POINT('',(-1.069417614389E1,1.694466526001E1,
-7.999999999992E-1));
#2185=CARTESIAN_POINT('',(-1.648440183781E1,1.144560711719E1,
9.277396477910E-2));
#2186=CARTESIAN_POINT('',(-1.642662858769E1,1.152385508564E1,
1.177814082523E-2));
#2187=CARTESIAN_POINT('',(-1.631620518691E1,1.166963066600E1,
-1.642430651331E-1));
#2188=CARTESIAN_POINT('',(-1.617056007821E1,1.185256704874E1,
-4.653048594911E-1));
#2189=CARTESIAN_POINT('',(-1.608998485768E1,1.194831156475E1,
-6.858596264671E-1));
#2190=CARTESIAN_POINT('',(-1.605439695628E1,1.198930450613E1,-8.E-1));
#2192=DIRECTION('',(8.660254037844E-1,-5.000000000001E-1,2.545478353829E-13));
#2193=VECTOR('',#2192,8.958622999680E-1);
#2194=CARTESIAN_POINT('',(-1.670976455705E1,1.254791627873E1,
-1.229032258065E0));
#2195=LINE('',#2194,#2193);
#2196=CARTESIAN_POINT('',(-1.427211560537E1,1.218439537150E1,
-8.000000000015E-1));
#2197=CARTESIAN_POINT('',(-1.426983353540E1,1.218796924388E1,
-8.822818568164E-1));
#2198=CARTESIAN_POINT('',(-1.426513172258E1,1.219531247287E1,
-1.051244071266E0));
#2199=CARTESIAN_POINT('',(-1.425767218809E1,1.220689375726E1,
-1.317362523488E0));
#2200=CARTESIAN_POINT('',(-1.425239253707E1,1.221503947080E1,
-1.504263844571E0));
#2201=CARTESIAN_POINT('',(-1.424967671803E1,1.221921534775E1,
-1.599999999999E0));
#2203=CARTESIAN_POINT('',(-1.559510115465E1,1.252169397408E1,
-7.999999999991E-1));
#2204=CARTESIAN_POINT('',(-1.553227334121E1,1.259994266040E1,
-7.999999999991E-1));
#2205=CARTESIAN_POINT('',(-1.538750662369E1,1.272101315276E1,
-8.000000000004E-1));
#2206=CARTESIAN_POINT('',(-1.510877528668E1,1.281506015739E1,
-7.999999999999E-1));
#2207=CARTESIAN_POINT('',(-1.481994264386E1,1.279692774974E1,-8.E-1));
#2208=CARTESIAN_POINT('',(-1.455583641131E1,1.267355495568E1,
-8.000000000002E-1));
#2209=CARTESIAN_POINT('',(-1.435597907435E1,1.245429448519E1,
-7.999999999993E-1));
#2210=CARTESIAN_POINT('',(-1.428933645319E1,1.228109019260E1,
-8.000000000015E-1));
#2211=CARTESIAN_POINT('',(-1.427211560537E1,1.218439537150E1,
-8.000000000015E-1));
#2213=CARTESIAN_POINT('',(-1.424967671803E1,1.221921534775E1,
-1.599999999999E0));
#2214=CARTESIAN_POINT('',(-1.426525609185E1,1.231629639338E1,
-1.599999999999E0));
#2215=CARTESIAN_POINT('',(-1.432910409496E1,1.249097854886E1,-1.6E0));
#2216=CARTESIAN_POINT('',(-1.452620969145E1,1.271471123529E1,-1.6E0));
#2217=CARTESIAN_POINT('',(-1.479331774234E1,1.284322938395E1,-1.6E0));
#2218=CARTESIAN_POINT('',(-1.508372760208E1,1.286341558196E1,-1.6E0));
#2219=CARTESIAN_POINT('',(-1.536563496107E1,1.276965623241E1,-1.6E0));
#2220=CARTESIAN_POINT('',(-1.551060186738E1,1.264871722790E1,-1.6E0));
#2221=CARTESIAN_POINT('',(-1.557360177087E1,1.257066764166E1,-1.6E0));
#2223=CARTESIAN_POINT('',(5.732374477402E0,1.517708373480E1,-5.016269484985E0));
#2224=CARTESIAN_POINT('',(5.742134586713E0,1.545657669708E1,-5.306705645475E0));
#2225=CARTESIAN_POINT('',(5.754046098635E0,1.579767776948E1,-5.459592829150E0));
#2226=CARTESIAN_POINT('',(5.768106978571E0,1.620032868869E1,-5.475061117187E0));
#2228=DIRECTION('',(2.420702987059E-2,6.931986386012E-1,-7.203399663675E-1));
#2229=VECTOR('',#2228,7.327054238644E-1);
#2230=CARTESIAN_POINT('',(5.714637855321E0,1.466917333248E1,-4.488472484601E0));
#2231=LINE('',#2230,#2229);
#2232=CARTESIAN_POINT('',(5.7E0,1.425E1,-3.448369742187E0));
#2233=CARTESIAN_POINT('',(5.7E0,1.425E1,-3.851440274753E0));
#2234=CARTESIAN_POINT('',(5.704880714899E0,1.438976538804E1,-4.198124670728E0));
#2235=CARTESIAN_POINT('',(5.714637855321E0,1.466917333248E1,-4.488472484601E0));
#2237=DIRECTION('',(0.E0,0.E0,1.E0));
#2238=VECTOR('',#2237,3.983697421870E-1);
#2239=CARTESIAN_POINT('',(5.7E0,1.425E1,-3.448369742187E0));
#2240=LINE('',#2239,#2238);
#2241=DIRECTION('',(-3.486657489616E-2,-9.984480698341E-1,4.342549711354E-2));
#2242=VECTOR('',#2241,5.143432691778E-1);
#2243=CARTESIAN_POINT('',(5.786040366688E0,1.671387373303E1,-5.497396729338E0));
#2244=LINE('',#2243,#2242);
#2245=DIRECTION('',(-1.E0,0.E0,0.E0));
#2246=VECTOR('',#2245,1.064748954805E0);
#2247=CARTESIAN_POINT('',(5.732374477402E0,1.517708373480E1,-5.016269484985E0));
#2248=LINE('',#2247,#2246);
#2249=DIRECTION('',(1.E0,0.E0,0.E0));
#2250=VECTOR('',#2249,1.029275710641E0);
#2251=CARTESIAN_POINT('',(4.685362144679E0,1.466917333248E1,-4.488472484601E0));
#2252=LINE('',#2251,#2250);
#2253=DIRECTION('',(-1.E0,0.E0,0.E0));
#2254=VECTOR('',#2253,8.406621312558E0);
#2255=CARTESIAN_POINT('',(6.403310656279E0,1.425E1,-2.45E0));
#2256=LINE('',#2255,#2254);
#2257=CARTESIAN_POINT('',(6.408117567757E0,1.425E1,-3.05E0));
#2258=CARTESIAN_POINT('',(6.407506626619E0,1.425E1,-2.948365984240E0));
#2259=CARTESIAN_POINT('',(6.406092030536E0,1.425E1,-2.746731981986E0));
#2260=CARTESIAN_POINT('',(6.404300095651E0,1.425E1,-2.548365998921E0));
#2261=CARTESIAN_POINT('',(6.403310656279E0,1.425E1,-2.45E0));
#2263=DIRECTION('',(-1.E0,0.E0,0.E0));
#2264=VECTOR('',#2263,7.081175677571E-1);
#2265=CARTESIAN_POINT('',(6.408117567757E0,1.425E1,-3.05E0));
#2266=LINE('',#2265,#2264);
#2267=DIRECTION('',(1.E0,0.E0,0.E0));
#2268=VECTOR('',#2267,1.E0);
#2269=CARTESIAN_POINT('',(4.7E0,1.425E1,-3.448369742187E0));
#2270=LINE('',#2269,#2268);
#2271=DIRECTION('',(0.E0,0.E0,1.E0));
#2272=VECTOR('',#2271,3.983697421870E-1);
#2273=CARTESIAN_POINT('',(4.7E0,1.425E1,-3.448369742187E0));
#2274=LINE('',#2273,#2272);
#2275=DIRECTION('',(1.E0,0.E0,0.E0));
#2276=VECTOR('',#2275,2.E0);
#2277=CARTESIAN_POINT('',(2.7E0,1.425E1,-3.05E0));
#2278=LINE('',#2277,#2276);
#2279=DIRECTION('',(1.E0,0.E0,0.E0));
#2280=VECTOR('',#2279,1.E0);
#2281=CARTESIAN_POINT('',(1.7E0,1.425E1,-3.448369742187E0));
#2282=LINE('',#2281,#2280);
#2283=DIRECTION('',(1.E0,0.E0,0.E0));
#2284=VECTOR('',#2283,2.E0);
#2285=CARTESIAN_POINT('',(-3.E-1,1.425E1,-3.05E0));
#2286=LINE('',#2285,#2284);
#2287=DIRECTION('',(1.E0,0.E0,0.E0));
#2288=VECTOR('',#2287,1.E0);
#2289=CARTESIAN_POINT('',(-1.3E0,1.425E1,-3.448369742187E0));
#2290=LINE('',#2289,#2288);
#2291=DIRECTION('',(1.E0,0.E0,0.E0));
#2292=VECTOR('',#2291,7.081175677571E-1);
#2293=CARTESIAN_POINT('',(-2.008117567757E0,1.425E1,-3.05E0));
#2294=LINE('',#2293,#2292);
#2295=CARTESIAN_POINT('',(-2.003310656279E0,1.425E1,-2.45E0));
#2296=CARTESIAN_POINT('',(-2.004300095646E0,1.425E1,-2.548365998407E0));
#2297=CARTESIAN_POINT('',(-2.006092030528E0,1.425E1,-2.746731980958E0));
#2298=CARTESIAN_POINT('',(-2.007506626616E0,1.425E1,-2.948365983726E0));
#2299=CARTESIAN_POINT('',(-2.008117567757E0,1.425E1,-3.05E0));
#2301=DIRECTION('',(3.487826274237E-2,9.987827659587E-1,-3.487826274238E-2));
#2302=VECTOR('',#2301,2.619406905701E0);
#2303=CARTESIAN_POINT('',(5.7E0,1.425E1,-3.05E0));
#2304=LINE('',#2303,#2302);
#2305=DIRECTION('',(3.487826274237E-2,9.987827659587E-1,-3.487826274238E-2));
#2306=VECTOR('',#2305,2.619406905701E0);
#2307=CARTESIAN_POINT('',(2.7E0,1.425E1,-3.05E0));
#2308=LINE('',#2307,#2306);
#2309=DIRECTION('',(3.487826274237E-2,9.987827659587E-1,-3.487826274237E-2));
#2310=VECTOR('',#2309,2.466705751698E0);
#2311=CARTESIAN_POINT('',(-3.E-1,1.425E1,-3.05E0));
#2312=LINE('',#2311,#2310);
#2313=CARTESIAN_POINT('',(-2.008117567757E0,1.425E1,-3.05E0));
#2314=CARTESIAN_POINT('',(-2.038754072100E0,1.512207250662E1,
-3.080453442984E0));
#2315=CARTESIAN_POINT('',(-2.069381487729E0,1.599414533218E1,
-3.110906897105E0));
#2316=CARTESIAN_POINT('',(-2.099999870902E0,1.686621847445E1,
-3.141360362286E0));
#2318=DIRECTION('',(-3.487826274237E-2,9.987827659587E-1,-3.487826274237E-2));
#2319=VECTOR('',#2318,2.466705751698E0);
#2320=CARTESIAN_POINT('',(-1.3E0,1.425E1,-3.05E0));
#2321=LINE('',#2320,#2319);
#2322=DIRECTION('',(1.E0,0.E0,0.E0));
#2323=VECTOR('',#2322,1.172068822632E0);
#2324=CARTESIAN_POINT('',(-1.386034411316E0,1.671370319349E1,
-3.136034411316E0));
#2325=LINE('',#2324,#2323);
#2326=CARTESIAN_POINT('',(-2.676255225976E-1,1.517708373480E1,
-5.016269484985E0));
#2327=CARTESIAN_POINT('',(-2.578654132870E-1,1.545657669708E1,
-5.306705645475E0));
#2328=CARTESIAN_POINT('',(-2.459539013647E-1,1.579767776948E1,
-5.459592829150E0));
#2329=CARTESIAN_POINT('',(-2.318930214292E-1,1.620032868869E1,
-5.475061117187E0));
#2331=DIRECTION('',(2.420702987058E-2,6.931986386012E-1,-7.203399663675E-1));
#2332=VECTOR('',#2331,7.327054238644E-1);
#2333=CARTESIAN_POINT('',(-2.853621446794E-1,1.466917333248E1,
-4.488472484601E0));
#2334=LINE('',#2333,#2332);
#2335=CARTESIAN_POINT('',(-3.E-1,1.425E1,-3.448369742187E0));
#2336=CARTESIAN_POINT('',(-3.E-1,1.425E1,-3.851440274753E0));
#2337=CARTESIAN_POINT('',(-2.951192851012E-1,1.438976538804E1,
-4.198124670728E0));
#2338=CARTESIAN_POINT('',(-2.853621446794E-1,1.466917333248E1,
-4.488472484601E0));
#2340=DIRECTION('',(0.E0,0.E0,1.E0));
#2341=VECTOR('',#2340,3.983697421870E-1);
#2342=CARTESIAN_POINT('',(-3.E-1,1.425E1,-3.448369742187E0));
#2343=LINE('',#2342,#2341);
#2344=DIRECTION('',(0.E0,0.E0,1.E0));
#2345=VECTOR('',#2344,2.358748565010E0);
#2346=CARTESIAN_POINT('',(-2.139655886842E-1,1.671370319349E1,
-5.494782976326E0));
#2347=LINE('',#2346,#2345);
#2348=DIRECTION('',(-3.487380415261E-2,-9.986550886530E-1,3.836445870042E-2));
#2349=VECTOR('',#2348,5.140658778321E-1);
#2350=CARTESIAN_POINT('',(-2.139655886842E-1,1.671370319349E1,
-5.494782976326E0));
#2351=LINE('',#2350,#2349);
#2352=CARTESIAN_POINT('',(-1.368106978571E0,1.620032868869E1,
-5.475061117187E0));
#2353=CARTESIAN_POINT('',(-1.354046098635E0,1.579767776948E1,
-5.459592829150E0));
#2354=CARTESIAN_POINT('',(-1.342134586713E0,1.545657669708E1,
-5.306705645475E0));
#2355=CARTESIAN_POINT('',(-1.332374477402E0,1.517708373480E1,
-5.016269484985E0));
#2357=DIRECTION('',(-3.487380415261E-2,9.986550886530E-1,-3.836445870042E-2));
#2358=VECTOR('',#2357,5.140658778321E-1);
#2359=CARTESIAN_POINT('',(-1.368106978571E0,1.620032868869E1,
-5.475061117187E0));
#2360=LINE('',#2359,#2358);
#2361=DIRECTION('',(0.E0,0.E0,-1.E0));
#2362=VECTOR('',#2361,3.983697421870E-1);
#2363=CARTESIAN_POINT('',(-1.3E0,1.425E1,-3.05E0));
#2364=LINE('',#2363,#2362);
#2365=CARTESIAN_POINT('',(-1.314637855321E0,1.466917333248E1,
-4.488472484601E0));
#2366=CARTESIAN_POINT('',(-1.304880714899E0,1.438976538804E1,
-4.198124670728E0));
#2367=CARTESIAN_POINT('',(-1.3E0,1.425E1,-3.851440274753E0));
#2368=CARTESIAN_POINT('',(-1.3E0,1.425E1,-3.448369742187E0));
#2370=DIRECTION('',(2.420702987059E-2,-6.931986386012E-1,7.203399663675E-1));
#2371=VECTOR('',#2370,7.327054238644E-1);
#2372=CARTESIAN_POINT('',(-1.332374477402E0,1.517708373480E1,
-5.016269484985E0));
#2373=LINE('',#2372,#2371);
#2374=DIRECTION('',(0.E0,0.E0,1.E0));
#2375=VECTOR('',#2374,2.358748565010E0);
#2376=CARTESIAN_POINT('',(-1.386034411316E0,1.671370319349E1,
-5.494782976326E0));
#2377=LINE('',#2376,#2375);
#2378=DIRECTION('',(1.E0,0.E0,0.E0));
#2379=VECTOR('',#2378,1.172068822632E0);
#2380=CARTESIAN_POINT('',(-1.386034411316E0,1.671370319349E1,
-5.494782976326E0));
#2381=LINE('',#2380,#2379);
#2382=DIRECTION('',(-1.E0,0.E0,0.E0));
#2383=VECTOR('',#2382,1.064748954805E0);
#2384=CARTESIAN_POINT('',(-2.676255225976E-1,1.517708373480E1,
-5.016269484985E0));
#2385=LINE('',#2384,#2383);
#2386=DIRECTION('',(1.E0,0.E0,0.E0));
#2387=VECTOR('',#2386,1.029275710641E0);
#2388=CARTESIAN_POINT('',(-1.314637855321E0,1.466917333248E1,
-4.488472484601E0));
#2389=LINE('',#2388,#2387);
#2390=CARTESIAN_POINT('',(-2.003310656279E0,1.425E1,-2.45E0));
#2391=CARTESIAN_POINT('',(-2.002528515048E0,1.425E1,-2.372242730961E0));
#2392=CARTESIAN_POINT('',(-2.001900536847E0,1.428078155997E1,
-2.216289839853E0));
#2393=CARTESIAN_POINT('',(-2.003980328773E0,1.441216050434E1,
-2.016993184582E0));
#2394=CARTESIAN_POINT('',(-2.009140582549E0,1.461424647977E1,
-1.880944092375E0));
#2395=CARTESIAN_POINT('',(-2.014176778753E0,1.477151284422E1,-1.85E0));
#2396=CARTESIAN_POINT('',(-2.016917610628E0,1.485E1,-1.85E0));
#2398=DIRECTION('',(-3.786693375142E-2,9.992827904694E-1,0.E0));
#2399=VECTOR('',#2398,1.637842286243E0);
#2400=CARTESIAN_POINT('',(-2.016917610628E0,1.485E1,-1.85E0));
#2401=LINE('',#2400,#2399);
#2402=DIRECTION('',(0.E0,0.E0,1.E0));
#2403=VECTOR('',#2402,1.E-1);
#2404=CARTESIAN_POINT('',(-1.713419093887E0,9.577065794251E0,9.E-1));
#2405=LINE('',#2404,#2403);
#2406=DIRECTION('',(0.E0,0.E0,1.E0));
#2407=VECTOR('',#2406,1.E-1);
#2408=CARTESIAN_POINT('',(-1.715094494196E0,9.936872578433E0,9.E-1));
#2409=LINE('',#2408,#2407);
#2410=CARTESIAN_POINT('',(-1.715094494196E0,9.936872578433E0,9.E-1));
#2411=CARTESIAN_POINT('',(-1.714536036017E0,9.936875273676E0,9.E-1));
#2412=CARTESIAN_POINT('',(-1.700280414831E0,9.936902696283E0,9.E-1));
#2413=CARTESIAN_POINT('',(-1.673214076861E0,9.934968660223E0,9.E-1));
#2414=CARTESIAN_POINT('',(-1.635371424787E0,9.925321059686E0,9.E-1));
#2415=CARTESIAN_POINT('',(-1.601292398625E0,9.908946191810E0,9.E-1));
#2416=CARTESIAN_POINT('',(-1.571776270965E0,9.886323454778E0,9.E-1));
#2417=CARTESIAN_POINT('',(-1.547385529610E0,9.859050860544E0,9.E-1));
#2418=CARTESIAN_POINT('',(-1.529586098711E0,9.827662008515E0,9.E-1));
#2419=CARTESIAN_POINT('',(-1.519087500819E0,9.792862035576E0,9.E-1));
#2420=CARTESIAN_POINT('',(-1.515902070220E0,9.756281919477E0,9.E-1));
#2421=CARTESIAN_POINT('',(-1.519093894993E0,9.719892245577E0,9.E-1));
#2422=CARTESIAN_POINT('',(-1.529642421379E0,9.685709746158E0,9.E-1));
#2423=CARTESIAN_POINT('',(-1.547458856244E0,9.654722546881E0,9.E-1));
#2424=CARTESIAN_POINT('',(-1.571810583705E0,9.627610925124E0,9.E-1));
#2425=CARTESIAN_POINT('',(-1.601289946979E0,9.604993213911E0,9.E-1));
#2426=CARTESIAN_POINT('',(-1.635367234435E0,9.588619896020E0,9.E-1));
#2427=CARTESIAN_POINT('',(-1.673213168201E0,9.578987003909E0,9.E-1));
#2428=CARTESIAN_POINT('',(-1.699716915803E0,9.577086923839E0,9.E-1));
#2429=CARTESIAN_POINT('',(-1.713419093887E0,9.577065794251E0,9.E-1));
#2431=CARTESIAN_POINT('',(-1.713419093887E0,9.577065794251E0,9.E-1));
#2432=CARTESIAN_POINT('',(-1.727388058935E0,9.577044253262E0,9.E-1));
#2433=CARTESIAN_POINT('',(-1.754384530358E0,9.578932515810E0,9.E-1));
#2434=CARTESIAN_POINT('',(-1.804813322317E0,9.591491430036E0,9.E-1));
#2435=CARTESIAN_POINT('',(-1.848784767183E0,9.618307505059E0,9.E-1));
#2436=CARTESIAN_POINT('',(-1.881301971044E0,9.654730999451E0,9.E-1));
#2437=CARTESIAN_POINT('',(-1.899146541251E0,9.685707528962E0,9.E-1));
#2438=CARTESIAN_POINT('',(-1.909687550269E0,9.719892857822E0,9.E-1));
#2439=CARTESIAN_POINT('',(-1.912881549709E0,9.756281797037E0,9.E-1));
#2440=CARTESIAN_POINT('',(-1.909695299001E0,9.792861881751E0,9.E-1));
#2441=CARTESIAN_POINT('',(-1.899197701153E0,9.827662693829E0,9.E-1));
#2442=CARTESIAN_POINT('',(-1.881395074794E0,9.859048239835E0,9.E-1));
#2443=CARTESIAN_POINT('',(-1.856994985075E0,9.886357954934E0,9.E-1));
#2444=CARTESIAN_POINT('',(-1.827312248800E0,9.909011256654E0,9.E-1));
#2445=CARTESIAN_POINT('',(-1.792839954983E0,9.925364290121E0,9.E-1));
#2446=CARTESIAN_POINT('',(-1.754929371896E0,9.934836736227E0,9.E-1));
#2447=CARTESIAN_POINT('',(-1.728516068048E0,9.936807802949E0,9.E-1));
#2448=CARTESIAN_POINT('',(-1.715094494196E0,9.936872578433E0,9.E-1));
#2450=DIRECTION('',(1.E0,0.E0,0.E0));
#2451=VECTOR('',#2450,9.471524242090E-1);
#2452=CARTESIAN_POINT('',(-8.813428431600E0,8.379322836131E0,9.E-1));
#2453=LINE('',#2452,#2451);
#2454=CARTESIAN_POINT('',(-8.813428431600E0,8.379322836131E0,9.E-1));
#2455=CARTESIAN_POINT('',(-8.901308624150E0,8.379322836131E0,9.E-1));
#2456=CARTESIAN_POINT('',(-9.031596499997E0,8.391522822353E0,9.E-1));
#2457=CARTESIAN_POINT('',(-9.195879605065E0,8.437642948559E0,9.E-1));
#2458=CARTESIAN_POINT('',(-9.309206435824E0,8.484945024626E0,9.E-1));
#2459=CARTESIAN_POINT('',(-9.413506487047E0,8.545973292780E0,9.E-1));
#2460=CARTESIAN_POINT('',(-9.538429581979E0,8.647491889580E0,9.E-1));
#2461=CARTESIAN_POINT('',(-9.613293154361E0,8.744601246652E0,9.E-1));
#2462=CARTESIAN_POINT('',(-9.653864787427E0,8.814558258486E0,9.E-1));
#2464=CARTESIAN_POINT('',(-9.653864787427E0,8.814558258486E0,9.E-1));
#2465=CARTESIAN_POINT('',(-9.675255004976E0,8.851399672544E0,9.E-1));
#2466=CARTESIAN_POINT('',(-9.754922549807E0,9.017545358908E0,9.E-1));
#2467=CARTESIAN_POINT('',(-9.780595344211E0,9.205552365343E0,9.E-1));
#2468=CARTESIAN_POINT('',(-9.780595344211E0,9.346503497650E0,9.E-1));
#2470=DIRECTION('',(0.E0,-1.E0,0.E0));
#2471=VECTOR('',#2470,1.350682865390E0);
#2472=CARTESIAN_POINT('',(-9.780595344211E0,1.069718636304E1,9.E-1));
#2473=LINE('',#2472,#2471);
#2474=CARTESIAN_POINT('',(-9.780595344211E0,1.069718636304E1,9.E-1));
#2475=CARTESIAN_POINT('',(-9.780595344211E0,1.070909910537E1,9.E-1));
#2476=CARTESIAN_POINT('',(-9.770633240215E0,1.073391850285E1,9.E-1));
#2477=CARTESIAN_POINT('',(-9.745813842733E0,1.074388060685E1,9.E-1));
#2478=CARTESIAN_POINT('',(-9.733901100405E0,1.074388060685E1,9.E-1));
#2480=DIRECTION('',(-1.E0,0.E0,0.E0));
#2481=VECTOR('',#2480,4.769024551430E-1);
#2482=CARTESIAN_POINT('',(-9.256998645262E0,1.074388060685E1,9.E-1));
#2483=LINE('',#2482,#2481);
#2484=CARTESIAN_POINT('',(-9.256998645262E0,1.074388060685E1,9.E-1));
#2485=CARTESIAN_POINT('',(-9.245085902934E0,1.074388060685E1,9.E-1));
#2486=CARTESIAN_POINT('',(-9.220266505452E0,1.073391850285E1,9.E-1));
#2487=CARTESIAN_POINT('',(-9.210304401455E0,1.070909910537E1,9.E-1));
#2488=CARTESIAN_POINT('',(-9.210304401455E0,1.069718636304E1,9.E-1));
#2490=DIRECTION('',(0.E0,1.E0,0.E0));
#2491=VECTOR('',#2490,1.354030724420E0);
#2492=CARTESIAN_POINT('',(-9.210304401455E0,9.343155638620E0,9.E-1));
#2493=LINE('',#2492,#2491);
#2494=CARTESIAN_POINT('',(-9.210304401455E0,9.343155638620E0,9.E-1));
#2495=CARTESIAN_POINT('',(-9.210304401455E0,9.280581866651E0,9.E-1));
#2496=CARTESIAN_POINT('',(-9.198380529181E0,9.163995804950E0,9.E-1));
#2497=CARTESIAN_POINT('',(-9.118094767010E0,9.011756414932E0,9.E-1));
#2498=CARTESIAN_POINT('',(-8.975592101181E0,8.919294291174E0,9.E-1));
#2499=CARTESIAN_POINT('',(-8.862833812746E0,8.906263472889E0,9.E-1));
#2500=CARTESIAN_POINT('',(-8.803432975698E0,8.906263472889E0,9.E-1));
#2502=DIRECTION('',(-9.999945229859E-1,-3.309682487307E-3,0.E0));
#2503=VECTOR('',#2502,3.626435277709E-1);
#2504=CARTESIAN_POINT('',(-8.440791434131E0,8.907463707822E0,9.E-1));
#2505=LINE('',#2504,#2503);
#2506=CARTESIAN_POINT('',(-8.440791434131E0,8.907463707822E0,9.E-1));
#2507=CARTESIAN_POINT('',(-8.428902557576E0,8.907503056444E0,9.E-1));
#2508=CARTESIAN_POINT('',(-8.404169987899E0,8.917503222621E0,9.E-1));
#2509=CARTESIAN_POINT('',(-8.394251733446E0,8.942268754212E0,9.E-1));
#2510=CARTESIAN_POINT('',(-8.394251733446E0,8.954157695883E0,9.E-1));
#2512=DIRECTION('',(0.E0,-1.E0,0.E0));
#2513=VECTOR('',#2512,1.743028667157E0);
#2514=CARTESIAN_POINT('',(-8.394251733446E0,1.069718636304E1,9.E-1));
#2515=LINE('',#2514,#2513);
#2516=CARTESIAN_POINT('',(-8.394251733446E0,1.069718636304E1,9.E-1));
#2517=CARTESIAN_POINT('',(-8.394251733446E0,1.070909910537E1,9.E-1));
#2518=CARTESIAN_POINT('',(-8.384289629449E0,1.073391850285E1,9.E-1));
#2519=CARTESIAN_POINT('',(-8.359470231967E0,1.074388060685E1,9.E-1));
#2520=CARTESIAN_POINT('',(-8.347557489639E0,1.074388060685E1,9.E-1));
#2522=DIRECTION('',(-1.E0,0.E0,0.E0));
#2523=VECTOR('',#2522,4.812814822480E-1);
#2524=CARTESIAN_POINT('',(-7.866276007391E0,1.074388060685E1,9.E-1));
#2525=LINE('',#2524,#2523);
#2526=CARTESIAN_POINT('',(-7.866276007391E0,1.074388060685E1,9.E-1));
#2527=CARTESIAN_POINT('',(-7.854363265063E0,1.074388060685E1,9.E-1));
#2528=CARTESIAN_POINT('',(-7.829543867582E0,1.073391850285E1,9.E-1));
#2529=CARTESIAN_POINT('',(-7.819581763585E0,1.070909910537E1,9.E-1));
#2530=CARTESIAN_POINT('',(-7.819581763585E0,1.069718636304E1,9.E-1));
#2532=DIRECTION('',(0.E0,1.E0,0.E0));
#2533=VECTOR('',#2532,2.271169283103E0);
#2534=CARTESIAN_POINT('',(-7.819581763585E0,8.426017079937E0,9.E-1));
#2535=LINE('',#2534,#2533);
#2536=CARTESIAN_POINT('',(-7.819581763585E0,8.426017079937E0,9.E-1));
#2537=CARTESIAN_POINT('',(-7.819581763585E0,8.414104337609E0,9.E-1));
#2538=CARTESIAN_POINT('',(-7.829543867582E0,8.389284940128E0,9.E-1));
#2539=CARTESIAN_POINT('',(-7.854363265063E0,8.379322836131E0,9.E-1));
#2540=CARTESIAN_POINT('',(-7.866276007391E0,8.379322836131E0,9.E-1));
#2542=DIRECTION('',(0.E0,-1.E0,0.E0));
#2543=VECTOR('',#2542,2.271170119953E0);
#2544=CARTESIAN_POINT('',(-7.537116726546E0,1.069718719989E1,9.E-1));
#2545=LINE('',#2544,#2543);
#2546=CARTESIAN_POINT('',(-7.537116726546E0,1.069718719989E1,9.E-1));
#2547=CARTESIAN_POINT('',(-7.537116726546E0,1.070909994222E1,9.E-1));
#2548=CARTESIAN_POINT('',(-7.527154622549E0,1.073391933970E1,9.E-1));
#2549=CARTESIAN_POINT('',(-7.502335225067E0,1.074388144370E1,9.E-1));
#2550=CARTESIAN_POINT('',(-7.490422482739E0,1.074388144370E1,9.E-1));
#2552=DIRECTION('',(-1.E0,0.E0,0.E0));
#2553=VECTOR('',#2552,4.854944100340E-1);
#2554=CARTESIAN_POINT('',(-7.004928072705E0,1.074388144370E1,9.E-1));
#2555=LINE('',#2554,#2553);
#2556=CARTESIAN_POINT('',(-7.004928072705E0,1.074388144370E1,9.E-1));
#2557=CARTESIAN_POINT('',(-6.982613410167E0,1.074388144370E1,9.E-1));
#2558=CARTESIAN_POINT('',(-6.958245431140E0,1.073062447771E1,9.E-1));
#2559=CARTESIAN_POINT('',(-6.946123117291E0,1.071188965262E1,9.E-1));
#2561=DIRECTION('',(-5.432443277176E-1,8.395746544547E-1,0.E0));
#2562=VECTOR('',#2561,1.678130349E0);
#2563=CARTESIAN_POINT('',(-6.034488324026E0,9.302973944728E0,9.E-1));
#2564=LINE('',#2563,#2562);
#2565=CARTESIAN_POINT('',(-6.034488324026E0,9.302973944728E0,9.E-1));
#2566=CARTESIAN_POINT('',(-6.031957361488E0,9.299062386170E0,9.E-1));
#2567=CARTESIAN_POINT('',(-6.020277011969E0,9.294380421749E0,9.E-1));
#2568=CARTESIAN_POINT('',(-6.013013937173E0,9.304656564033E0,9.E-1));
#2569=CARTESIAN_POINT('',(-6.013013937173E0,9.309315540500E0,9.E-1));
#2571=DIRECTION('',(0.E0,-1.E0,0.E0));
#2572=VECTOR('',#2571,1.387871659390E0);
#2573=CARTESIAN_POINT('',(-6.013013937173E0,1.069718719989E1,9.E-1));
#2574=LINE('',#2573,#2572);
#2575=CARTESIAN_POINT('',(-6.013013937173E0,1.069718719989E1,9.E-1));
#2576=CARTESIAN_POINT('',(-6.013013937173E0,1.070909994222E1,9.E-1));
#2577=CARTESIAN_POINT('',(-6.003051833176E0,1.073391933970E1,9.E-1));
#2578=CARTESIAN_POINT('',(-5.978232435695E0,1.074388144370E1,9.E-1));
#2579=CARTESIAN_POINT('',(-5.966319693367E0,1.074388144370E1,9.E-1));
#2581=DIRECTION('',(-1.E0,0.E0,0.E0));
#2582=VECTOR('',#2581,4.769049266710E-1);
#2583=CARTESIAN_POINT('',(-5.489414766696E0,1.074388144370E1,9.E-1));
#2584=LINE('',#2583,#2582);
#2585=CARTESIAN_POINT('',(-5.489414766696E0,1.074388144370E1,9.E-1));
#2586=CARTESIAN_POINT('',(-5.477502024368E0,1.074388144370E1,9.E-1));
#2587=CARTESIAN_POINT('',(-5.452682626886E0,1.073391933970E1,9.E-1));
#2588=CARTESIAN_POINT('',(-5.442720522889E0,1.070909994222E1,9.E-1));
#2589=CARTESIAN_POINT('',(-5.442720522889E0,1.069718719989E1,9.E-1));
#2591=DIRECTION('',(0.E0,1.E0,0.E0));
#2592=VECTOR('',#2591,2.271170119953E0);
#2593=CARTESIAN_POINT('',(-5.442720522889E0,8.426017079937E0,9.E-1));
#2594=LINE('',#2593,#2592);
#2595=CARTESIAN_POINT('',(-5.442720522889E0,8.426017079937E0,9.E-1));
#2596=CARTESIAN_POINT('',(-5.442720522889E0,8.414104337609E0,9.E-1));
#2597=CARTESIAN_POINT('',(-5.452682626887E0,8.389284940128E0,9.E-1));
#2598=CARTESIAN_POINT('',(-5.477502024368E0,8.379322836131E0,9.E-1));
#2599=CARTESIAN_POINT('',(-5.489414766696E0,8.379322836131E0,9.E-1));
#2601=DIRECTION('',(1.E0,0.E0,0.E0));
#2602=VECTOR('',#2601,4.982585859850E-1);
#2603=CARTESIAN_POINT('',(-5.987673352681E0,8.379322836131E0,9.E-1));
#2604=LINE('',#2603,#2602);
#2605=CARTESIAN_POINT('',(-5.987673352681E0,8.379322836131E0,9.E-1));
#2606=CARTESIAN_POINT('',(-6.002521488198E0,8.379322836131E0,9.E-1));
#2607=CARTESIAN_POINT('',(-6.018732121033E0,8.388120214085E0,9.E-1));
#2608=CARTESIAN_POINT('',(-6.026824070687E0,8.400569610823E0,9.E-1));
#2610=DIRECTION('',(5.449808593235E-1,-8.384484855798E-1,0.E0));
#2611=VECTOR('',#2610,1.685450021603E0);
#2612=CARTESIAN_POINT('',(-6.945362071807E0,9.813732628956E0,9.E-1));
#2613=LINE('',#2612,#2611);
#2614=CARTESIAN_POINT('',(-6.945362071807E0,9.813732628956E0,9.E-1));
#2615=CARTESIAN_POINT('',(-6.947899366612E0,9.817636235749E0,9.E-1));
#2616=CARTESIAN_POINT('',(-6.959573666489E0,9.822294478762E0,9.E-1));
#2617=CARTESIAN_POINT('',(-6.966823312262E0,9.812026511987E0,9.E-1));
#2618=CARTESIAN_POINT('',(-6.966823312262E0,9.807370761680E0,9.E-1));
#2620=DIRECTION('',(0.E0,1.E0,0.E0));
#2621=VECTOR('',#2620,1.404700803646E0);
#2622=CARTESIAN_POINT('',(-6.966823312262E0,8.402669958034E0,9.E-1));
#2623=LINE('',#2622,#2621);
#2624=CARTESIAN_POINT('',(-6.966823312262E0,8.402669958034E0,9.E-1));
#2625=CARTESIAN_POINT('',(-6.966823312262E0,8.396713586870E0,9.E-1));
#2626=CARTESIAN_POINT('',(-6.971804364261E0,8.384303888129E0,9.E-1));
#2627=CARTESIAN_POINT('',(-6.984214063001E0,8.379322836131E0,9.E-1));
#2628=CARTESIAN_POINT('',(-6.990170434165E0,8.379322836131E0,9.E-1));
#2630=DIRECTION('',(1.E0,0.E0,0.E0));
#2631=VECTOR('',#2630,5.002520485740E-1);
#2632=CARTESIAN_POINT('',(-7.490422482739E0,8.379322836131E0,9.E-1));
#2633=LINE('',#2632,#2631);
#2634=CARTESIAN_POINT('',(-7.490422482739E0,8.379322836131E0,9.E-1));
#2635=CARTESIAN_POINT('',(-7.502335225067E0,8.379322836131E0,9.E-1));
#2636=CARTESIAN_POINT('',(-7.527154622548E0,8.389284940128E0,9.E-1));
#2637=CARTESIAN_POINT('',(-7.537116726546E0,8.414104337609E0,9.E-1));
#2638=CARTESIAN_POINT('',(-7.537116726546E0,8.426017079937E0,9.E-1));
#2640=DIRECTION('',(0.E0,-1.E0,0.E0));
#2641=VECTOR('',#2640,7.807031426970E-1);
#2642=CARTESIAN_POINT('',(-6.781829306263E0,9.183373100731E0,9.E-1));
#2643=LINE('',#2642,#2641);
#2644=CARTESIAN_POINT('',(-6.781829306263E0,9.183373100731E0,9.E-1));
#2645=CARTESIAN_POINT('',(-6.781829306263E0,9.188028853411E0,9.E-1));
#2646=CARTESIAN_POINT('',(-6.774579650620E0,9.198296826201E0,9.E-1));
#2647=CARTESIAN_POINT('',(-6.762905346281E0,9.193638565758E0,9.E-1));
#2648=CARTESIAN_POINT('',(-6.760368056126E0,9.189734953111E0,9.E-1));
#2650=DIRECTION('',(-5.449795830514E-1,8.384493151391E-1,0.E0));
#2651=VECTOR('',#2650,9.450502127464E-1);
#2652=CARTESIAN_POINT('',(-6.245334985221E0,8.397358249462E0,9.E-1));
#2653=LINE('',#2652,#2651);
#2654=CARTESIAN_POINT('',(-6.245334985221E0,8.397358249462E0,9.E-1));
#2655=CARTESIAN_POINT('',(-6.243166101079E0,8.394021428267E0,9.E-1));
#2656=CARTESIAN_POINT('',(-6.242570725651E0,8.384184544710E0,9.E-1));
#2657=CARTESIAN_POINT('',(-6.251142921384E0,8.379322836131E0,9.E-1));
#2658=CARTESIAN_POINT('',(-6.255122674406E0,8.379322836131E0,9.E-1));
#2660=DIRECTION('',(1.E0,0.E0,0.E0));
#2661=VECTOR('',#2660,5.033595099530E-1);
#2662=CARTESIAN_POINT('',(-6.758482184359E0,8.379322836131E0,9.E-1));
#2663=LINE('',#2662,#2661);
#2664=CARTESIAN_POINT('',(-6.758482184359E0,8.379322836131E0,9.E-1));
#2665=CARTESIAN_POINT('',(-6.764438555523E0,8.379322836131E0,9.E-1));
#2666=CARTESIAN_POINT('',(-6.776848254264E0,8.384303888129E0,9.E-1));
#2667=CARTESIAN_POINT('',(-6.781829306263E0,8.396713586870E0,9.E-1));
#2668=CARTESIAN_POINT('',(-6.781829306263E0,8.402669958034E0,9.E-1));
#2670=DIRECTION('',(0.E0,-1.E0,0.E0));
#2671=VECTOR('',#2670,2.271170119953E0);
#2672=CARTESIAN_POINT('',(-5.160255485850E0,1.069718719989E1,9.E-1));
#2673=LINE('',#2672,#2671);
#2674=CARTESIAN_POINT('',(-5.160255485850E0,1.069718719989E1,9.E-1));
#2675=CARTESIAN_POINT('',(-5.160255485850E0,1.070909994222E1,9.E-1));
#2676=CARTESIAN_POINT('',(-5.150293381853E0,1.073391933970E1,9.E-1));
#2677=CARTESIAN_POINT('',(-5.125473984371E0,1.074388144370E1,9.E-1));
#2678=CARTESIAN_POINT('',(-5.113561242043E0,1.074388144370E1,9.E-1));
#2680=DIRECTION('',(-1.E0,0.E0,0.E0));
#2681=VECTOR('',#2680,5.201464723490E-1);
#2682=CARTESIAN_POINT('',(-4.593414769694E0,1.074388144370E1,9.E-1));
#2683=LINE('',#2682,#2681);
#2684=CARTESIAN_POINT('',(-4.593414769694E0,1.074388144370E1,9.E-1));
#2685=CARTESIAN_POINT('',(-4.566165807326E0,1.074388144370E1,9.E-1));
#2686=CARTESIAN_POINT('',(-4.536722828756E0,1.072954951432E1,9.E-1));
#2687=CARTESIAN_POINT('',(-4.519913271149E0,1.070810319242E1,9.E-1));
#2689=DIRECTION('',(-6.168879892247E-1,7.870509568956E-1,0.E0));
#2690=VECTOR('',#2689,2.910905139280E0);
#2691=CARTESIAN_POINT('',(-2.724210852954E0,8.417072517118E0,9.E-1));
#2692=LINE('',#2691,#2690);
#2693=CARTESIAN_POINT('',(-2.724210852954E0,8.417072517118E0,9.E-1));
#2694=CARTESIAN_POINT('',(-2.719119553933E0,8.410576829350E0,9.E-1));
#2695=CARTESIAN_POINT('',(-2.716461728359E0,8.389953361551E0,9.E-1));
#2696=CARTESIAN_POINT('',(-2.734333029100E0,8.379322836131E0,9.E-1));
#2697=CARTESIAN_POINT('',(-2.742586227589E0,8.379322836131E0,9.E-1));
#2699=DIRECTION('',(1.E0,0.E0,0.E0));
#2700=VECTOR('',#2699,5.188773082830E-1);
#2701=CARTESIAN_POINT('',(-3.261463535872E0,8.379322836131E0,9.E-1));
#2702=LINE('',#2701,#2700);
#2703=CARTESIAN_POINT('',(-3.261463535872E0,8.379322836131E0,9.E-1));
#2704=CARTESIAN_POINT('',(-3.288712498241E0,8.379322836131E0,9.E-1));
#2705=CARTESIAN_POINT('',(-3.318155476807E0,8.393654765496E0,9.E-1));
#2706=CARTESIAN_POINT('',(-3.334965034411E0,8.415101087402E0,9.E-1));
#2708=DIRECTION('',(6.168879892242E-1,-7.870509568960E-1,0.E0));
#2709=VECTOR('',#2708,4.755507938532E-1);
#2710=CARTESIAN_POINT('',(-3.628326607405E0,8.789383794757E0,9.E-1));
#2711=LINE('',#2710,#2709);
#2712=CARTESIAN_POINT('',(-3.628326607405E0,8.789383794757E0,9.E-1));
#2713=CARTESIAN_POINT('',(-3.640933775609E0,8.805468536187E0,9.E-1));
#2714=CARTESIAN_POINT('',(-3.663016009534E0,8.816217483214E0,9.E-1));
#2715=CARTESIAN_POINT('',(-3.683452731311E0,8.816217483214E0,9.E-1));
#2717=DIRECTION('',(1.E0,0.E0,0.E0));
#2718=VECTOR('',#2717,9.222694235740E-1);
#2719=CARTESIAN_POINT('',(-4.605722154885E0,8.816217483214E0,9.E-1));
#2720=LINE('',#2719,#2718);
#2721=CARTESIAN_POINT('',(-4.605722154885E0,8.816217483214E0,9.E-1));
#2722=CARTESIAN_POINT('',(-4.614656711631E0,8.816217483214E0,9.E-1));
#2723=CARTESIAN_POINT('',(-4.633271259742E0,8.808745905215E0,9.E-1));
#2724=CARTESIAN_POINT('',(-4.640742837740E0,8.790131357104E0,9.E-1));
#2725=CARTESIAN_POINT('',(-4.640742837740E0,8.781196800358E0,9.E-1));
#2727=DIRECTION('',(0.E0,1.E0,0.E0));
#2728=VECTOR('',#2727,3.551797204210E-1);
#2729=CARTESIAN_POINT('',(-4.640742837740E0,8.426017079937E0,9.E-1));
#2730=LINE('',#2729,#2728);
#2731=CARTESIAN_POINT('',(-4.640742837740E0,8.426017079937E0,9.E-1));
#2732=CARTESIAN_POINT('',(-4.640742837740E0,8.414104337609E0,9.E-1));
#2733=CARTESIAN_POINT('',(-4.650704941738E0,8.389284940129E0,9.E-1));
#2734=CARTESIAN_POINT('',(-4.675524339219E0,8.379322836131E0,9.E-1));
#2735=CARTESIAN_POINT('',(-4.687437081546E0,8.379322836131E0,9.E-1));
#2737=DIRECTION('',(1.E0,0.E0,0.E0));
#2738=VECTOR('',#2737,4.261241604970E-1);
#2739=CARTESIAN_POINT('',(-5.113561242043E0,8.379322836131E0,9.E-1));
#2740=LINE('',#2739,#2738);
#2741=CARTESIAN_POINT('',(-5.113561242043E0,8.379322836131E0,9.E-1));
#2742=CARTESIAN_POINT('',(-5.125473984371E0,8.379322836131E0,9.E-1));
#2743=CARTESIAN_POINT('',(-5.150293381853E0,8.389284940128E0,9.E-1));
#2744=CARTESIAN_POINT('',(-5.160255485850E0,8.414104337609E0,9.E-1));
#2745=CARTESIAN_POINT('',(-5.160255485850E0,8.426017079937E0,9.E-1));
#2747=DIRECTION('',(-1.E0,0.E0,0.E0));
#2748=VECTOR('',#2747,5.990459028950E-1);
#2749=CARTESIAN_POINT('',(-4.018396990460E0,9.256452977180E0,9.E-1));
#2750=LINE('',#2749,#2748);
#2751=CARTESIAN_POINT('',(-4.018396990460E0,9.256452977180E0,9.E-1));
#2752=CARTESIAN_POINT('',(-4.014270317830E0,9.256452977180E0,9.E-1));
#2753=CARTESIAN_POINT('',(-4.005334484934E0,9.261768474727E0,9.E-1));
#2754=CARTESIAN_POINT('',(-4.006663784257E0,9.272080438027E0,9.E-1));
#2755=CARTESIAN_POINT('',(-4.009209623527E0,9.275328226414E0,9.E-1));
#2757=DIRECTION('',(6.169230029487E-1,-7.870235119949E-1,0.E0));
#2758=VECTOR('',#2757,9.924671772379E-1);
#2759=CARTESIAN_POINT('',(-4.621485454836E0,1.005642322978E1,9.E-1));
#2760=LINE('',#2759,#2758);
#2761=CARTESIAN_POINT('',(-4.621485454836E0,1.005642322978E1,9.E-1));
#2762=CARTESIAN_POINT('',(-4.624273893827E0,1.005998050847E1,9.E-1));
#2763=CARTESIAN_POINT('',(-4.635672020072E0,1.006365523747E1,9.E-1));
#2764=CARTESIAN_POINT('',(-4.642355501457E0,1.005371783379E1,9.E-1));
#2765=CARTESIAN_POINT('',(-4.642346358841E0,1.004919792892E1,9.E-1));
#2767=DIRECTION('',(-2.022741131244E-3,9.999979542571E-1,0.E0));
#2768=VECTOR('',#2767,7.694466291081E-1);
#2769=CARTESIAN_POINT('',(-4.640789967496E0,9.279752873901E0,9.E-1));
#2770=LINE('',#2769,#2768);
#2771=CARTESIAN_POINT('',(-4.640789967496E0,9.279752873901E0,9.E-1));
#2772=CARTESIAN_POINT('',(-4.640777934009E0,9.273803787404E0,9.E-1));
#2773=CARTESIAN_POINT('',(-4.635785229981E0,9.261420623059E0,9.E-1));
#2774=CARTESIAN_POINT('',(-4.623391992022E0,9.256452977180E0,9.E-1));
#2775=CARTESIAN_POINT('',(-4.617442893355E0,9.256452977180E0,9.E-1));
#2777=DIRECTION('',(0.E0,1.E0,0.E0));
#2778=VECTOR('',#2777,1.439240090184E0);
#2779=CARTESIAN_POINT('',(-2.121852092452E0,8.378995665125E0,9.E-1));
#2780=LINE('',#2779,#2778);
#2781=DIRECTION('',(1.E0,0.E0,0.E0));
#2782=VECTOR('',#2781,3.325811559750E-1);
#2783=CARTESIAN_POINT('',(-2.454433248427E0,8.378995665125E0,9.E-1));
#2784=LINE('',#2783,#2782);
#2785=DIRECTION('',(0.E0,-1.E0,0.E0));
#2786=VECTOR('',#2785,1.439240090184E0);
#2787=CARTESIAN_POINT('',(-2.454433248427E0,9.818235755309E0,9.E-1));
#2788=LINE('',#2787,#2786);
#2789=DIRECTION('',(-1.E0,0.E0,0.E0));
#2790=VECTOR('',#2789,3.325811559750E-1);
#2791=CARTESIAN_POINT('',(-2.121852092452E0,9.818235755309E0,9.E-1));
#2792=LINE('',#2791,#2790);
#2793=DIRECTION('',(0.E0,-1.E0,0.E0));
#2794=VECTOR('',#2793,1.085264824760E0);
#2795=CARTESIAN_POINT('',(-1.880682131395E0,9.464260489886E0,9.E-1));
#2796=LINE('',#2795,#2794);
#2797=DIRECTION('',(-1.E0,0.E0,0.E0));
#2798=VECTOR('',#2797,3.325811559749E-1);
#2799=CARTESIAN_POINT('',(-1.548100975420E0,9.464260489886E0,9.E-1));
#2800=LINE('',#2799,#2798);
#2801=DIRECTION('',(0.E0,1.E0,0.E0));
#2802=VECTOR('',#2801,1.085264824760E0);
#2803=CARTESIAN_POINT('',(-1.548100975420E0,8.378995665125E0,9.E-1));
#2804=LINE('',#2803,#2802);
#2805=DIRECTION('',(1.E0,0.E0,0.E0));
#2806=VECTOR('',#2805,3.325811559749E-1);
#2807=CARTESIAN_POINT('',(-1.880682131395E0,8.378995665125E0,9.E-1));
#2808=LINE('',#2807,#2806);
#2809=CARTESIAN_POINT('',(-9.743498583868E-1,9.320336480867E0,9.E-1));
#2810=CARTESIAN_POINT('',(-9.575661057537E-1,9.344221051922E0,9.E-1));
#2811=CARTESIAN_POINT('',(-9.165245643006E-1,9.388604307311E0,9.E-1));
#2812=CARTESIAN_POINT('',(-8.383287193187E-1,9.438144418338E0,9.E-1));
#2813=CARTESIAN_POINT('',(-7.461654112997E-1,9.469774499635E0,9.E-1));
#2814=CARTESIAN_POINT('',(-6.797113096467E-1,9.475930004130E0,9.E-1));
#2815=CARTESIAN_POINT('',(-6.456585404935E-1,9.475930004130E0,9.E-1));
#2817=CARTESIAN_POINT('',(-6.456585404935E-1,9.475930004130E0,9.E-1));
#2818=CARTESIAN_POINT('',(-5.876069469726E-1,9.475930004130E0,9.E-1));
#2819=CARTESIAN_POINT('',(-5.006001090831E-1,9.462711342738E0,9.E-1));
#2820=CARTESIAN_POINT('',(-4.009479007874E-1,9.408819964334E0,9.E-1));
#2821=CARTESIAN_POINT('',(-3.386570962450E-1,9.353973081899E0,9.E-1));
#2822=CARTESIAN_POINT('',(-2.883233871026E-1,9.285641462802E0,9.E-1));
#2823=CARTESIAN_POINT('',(-2.386886146563E-1,9.173496951887E0,9.E-1));
#2824=CARTESIAN_POINT('',(-2.275009467238E-1,9.077998326918E0,9.E-1));
#2825=CARTESIAN_POINT('',(-2.275009467238E-1,9.013039272423E0,9.E-1));
#2827=DIRECTION('',(0.E0,1.E0,0.E0));
#2828=VECTOR('',#2827,6.340436072973E-1);
#2829=CARTESIAN_POINT('',(-2.275009467238E-1,8.378995665125E0,9.E-1));
#2830=LINE('',#2829,#2828);
#2831=DIRECTION('',(1.E0,0.E0,0.E0));
#2832=VECTOR('',#2831,3.306362369342E-1);
#2833=CARTESIAN_POINT('',(-5.581371836579E-1,8.378995665125E0,9.E-1));
#2834=LINE('',#2833,#2832);
#2835=DIRECTION('',(0.E0,-1.E0,0.E0));
#2836=VECTOR('',#2835,5.893104693591E-1);
#2837=CARTESIAN_POINT('',(-5.581371836579E-1,8.968306134484E0,9.E-1));
#2838=LINE('',#2837,#2836);
#2839=CARTESIAN_POINT('',(-5.581371836579E-1,8.968306134484E0,9.E-1));
#2840=CARTESIAN_POINT('',(-5.581371836579E-1,9.000900054425E0,9.E-1));
#2841=CARTESIAN_POINT('',(-5.647326755384E-1,9.062371251187E0,9.E-1));
#2842=CARTESIAN_POINT('',(-6.023411561123E-1,9.129061420336E0,9.E-1));
#2843=CARTESIAN_POINT('',(-6.442544535153E-1,9.165091156965E0,9.E-1));
#2844=CARTESIAN_POINT('',(-6.806502054166E-1,9.184362160939E0,9.E-1));
#2845=CARTESIAN_POINT('',(-7.219469086296E-1,9.195615679041E0,9.E-1));
#2846=CARTESIAN_POINT('',(-7.662435210224E-1,9.198945525573E0,9.E-1));
#2847=CARTESIAN_POINT('',(-8.105401334152E-1,9.195615679041E0,9.E-1));
#2848=CARTESIAN_POINT('',(-8.518368366282E-1,9.184362160939E0,9.E-1));
#2849=CARTESIAN_POINT('',(-8.882325885295E-1,9.165091156965E0,9.E-1));
#2850=CARTESIAN_POINT('',(-9.301458859325E-1,9.129061420336E0,9.E-1));
#2851=CARTESIAN_POINT('',(-9.677543665064E-1,9.062371251187E0,9.E-1));
#2852=CARTESIAN_POINT('',(-9.743498583868E-1,9.000900054425E0,9.E-1));
#2853=CARTESIAN_POINT('',(-9.743498583868E-1,8.968306134484E0,9.E-1));
#2855=DIRECTION('',(0.E0,1.E0,0.E0));
#2856=VECTOR('',#2855,5.893104693591E-1);
#2857=CARTESIAN_POINT('',(-9.743498583868E-1,8.378995665125E0,9.E-1));
#2858=LINE('',#2857,#2856);
#2859=DIRECTION('',(1.E0,0.E0,0.E0));
#2860=VECTOR('',#2859,3.325811559749E-1);
#2861=CARTESIAN_POINT('',(-1.306931014362E0,8.378995665125E0,9.E-1));
#2862=LINE('',#2861,#2860);
#2863=DIRECTION('',(0.E0,-1.E0,0.E0));
#2864=VECTOR('',#2863,1.085264824760E0);
#2865=CARTESIAN_POINT('',(-1.306931014362E0,9.464260489886E0,9.E-1));
#2866=LINE('',#2865,#2864);
#2867=DIRECTION('',(-1.E0,0.E0,0.E0));
#2868=VECTOR('',#2867,3.325811559749E-1);
#2869=CARTESIAN_POINT('',(-9.743498583868E-1,9.464260489886E0,9.E-1));
#2870=LINE('',#2869,#2868);
#2871=DIRECTION('',(0.E0,1.E0,0.E0));
#2872=VECTOR('',#2871,1.439240090184E-1);
#2873=CARTESIAN_POINT('',(-9.743498583868E-1,9.320336480867E0,9.E-1));
#2874=LINE('',#2873,#2872);
#2875=DIRECTION('',(-5.971694167267E-1,-8.021151337098E-1,0.E0));
#2876=VECTOR('',#2875,5.504155247853E-1);
#2877=CARTESIAN_POINT('',(6.652168929984E-1,9.464260489886E0,9.E-1));
#2878=LINE('',#2877,#2876);
#2879=DIRECTION('',(-1.E0,0.E0,0.E0));
#2880=VECTOR('',#2879,4.103779176065E-1);
#2881=CARTESIAN_POINT('',(1.075594810605E0,9.464260489886E0,9.E-1));
#2882=LINE('',#2881,#2880);
#2883=DIRECTION('',(6.380178647503E-1,7.700215609056E-1,0.E0));
#2884=VECTOR('',#2883,7.072234844704E-1);
#2885=CARTESIAN_POINT('',(6.243735931419E-1,8.919683158465E0,9.E-1));
#2886=LINE('',#2885,#2884);
#2887=DIRECTION('',(-6.439662393472E-1,7.650539082843E-1,0.E0));
#2888=VECTOR('',#2887,7.067312348642E-1);
#2889=CARTESIAN_POINT('',(1.079484648687E0,8.378995665125E0,9.E-1));
#2890=LINE('',#2889,#2888);
#2891=DIRECTION('',(1.E0,0.E0,0.E0));
#2892=VECTOR('',#2891,4.123228366473E-1);
#2893=CARTESIAN_POINT('',(6.671618120392E-1,8.378995665125E0,9.E-1));
#2894=LINE('',#2893,#2892);
#2895=DIRECTION('',(5.877604696681E-1,-8.090349994255E-1,0.E0));
#2896=VECTOR('',#2895,5.625356824709E-1);
#2897=CARTESIAN_POINT('',(3.365255751051E-1,8.834106720670E0,9.E-1));
#2898=LINE('',#2897,#2896);
#2899=DIRECTION('',(0.E0,1.E0,0.E0));
#2900=VECTOR('',#2899,4.551110555447E-1);
#2901=CARTESIAN_POINT('',(3.365255751051E-1,8.378995665125E0,9.E-1));
#2902=LINE('',#2901,#2900);
#2903=DIRECTION('',(1.E0,0.E0,0.E0));
#2904=VECTOR('',#2903,3.325811559749E-1);
#2905=CARTESIAN_POINT('',(3.944419130125E-3,8.378995665125E0,9.E-1));
#2906=LINE('',#2905,#2904);
#2907=DIRECTION('',(0.E0,-1.E0,0.E0));
#2908=VECTOR('',#2907,1.439240090184E0);
#2909=CARTESIAN_POINT('',(3.944419130125E-3,9.818235755309E0,9.E-1));
#2910=LINE('',#2909,#2908);
#2911=DIRECTION('',(-1.E0,0.E0,0.E0));
#2912=VECTOR('',#2911,3.325811559749E-1);
#2913=CARTESIAN_POINT('',(3.365255751051E-1,9.818235755309E0,9.E-1));
#2914=LINE('',#2913,#2912);
#2915=DIRECTION('',(0.E0,1.E0,0.E0));
#2916=VECTOR('',#2915,7.954718876828E-1);
#2917=CARTESIAN_POINT('',(3.365255751051E-1,9.022763867626E0,9.E-1));
#2918=LINE('',#2917,#2916);
#2919=DIRECTION('',(0.E0,0.E0,1.E0));
#2920=VECTOR('',#2919,1.E-1);
#2921=CARTESIAN_POINT('',(-8.813428431600E0,8.379322836131E0,9.E-1));
#2922=LINE('',#2921,#2920);
#2923=DIRECTION('',(0.E0,0.E0,1.E0));
#2924=VECTOR('',#2923,1.E-1);
#2925=CARTESIAN_POINT('',(-9.653864787427E0,8.814558258486E0,9.E-1));
#2926=LINE('',#2925,#2924);
#2927=DIRECTION('',(0.E0,0.E0,1.E0));
#2928=VECTOR('',#2927,1.E-1);
#2929=CARTESIAN_POINT('',(-9.780595344211E0,9.346503497650E0,9.E-1));
#2930=LINE('',#2929,#2928);
#2931=DIRECTION('',(0.E0,0.E0,1.E0));
#2932=VECTOR('',#2931,1.E-1);
#2933=CARTESIAN_POINT('',(-9.780595344211E0,1.069718636304E1,9.E-1));
#2934=LINE('',#2933,#2932);
#2935=DIRECTION('',(0.E0,0.E0,1.E0));
#2936=VECTOR('',#2935,1.E-1);
#2937=CARTESIAN_POINT('',(-9.733901100405E0,1.074388060685E1,9.E-1));
#2938=LINE('',#2937,#2936);
#2939=DIRECTION('',(0.E0,0.E0,1.E0));
#2940=VECTOR('',#2939,1.E-1);
#2941=CARTESIAN_POINT('',(-9.256998645262E0,1.074388060685E1,9.E-1));
#2942=LINE('',#2941,#2940);
#2943=DIRECTION('',(0.E0,0.E0,1.E0));
#2944=VECTOR('',#2943,1.E-1);
#2945=CARTESIAN_POINT('',(-9.210304401455E0,1.069718636304E1,9.E-1));
#2946=LINE('',#2945,#2944);
#2947=DIRECTION('',(0.E0,0.E0,1.E0));
#2948=VECTOR('',#2947,1.E-1);
#2949=CARTESIAN_POINT('',(-9.210304401455E0,9.343155638620E0,9.E-1));
#2950=LINE('',#2949,#2948);
#2951=DIRECTION('',(0.E0,0.E0,1.E0));
#2952=VECTOR('',#2951,1.E-1);
#2953=CARTESIAN_POINT('',(-8.803432975698E0,8.906263472889E0,9.E-1));
#2954=LINE('',#2953,#2952);
#2955=DIRECTION('',(-2.309263891220E-13,0.E0,1.E0));
#2956=VECTOR('',#2955,1.E-1);
#2957=CARTESIAN_POINT('',(-8.440791434131E0,8.907463707822E0,9.E-1));
#2958=LINE('',#2957,#2956);
#2959=DIRECTION('',(0.E0,0.E0,1.E0));
#2960=VECTOR('',#2959,1.E-1);
#2961=CARTESIAN_POINT('',(-8.394251733446E0,8.954157695883E0,9.E-1));
#2962=LINE('',#2961,#2960);
#2963=DIRECTION('',(0.E0,0.E0,1.E0));
#2964=VECTOR('',#2963,1.E-1);
#2965=CARTESIAN_POINT('',(-8.394251733446E0,1.069718636304E1,9.E-1));
#2966=LINE('',#2965,#2964);
#2967=DIRECTION('',(0.E0,0.E0,1.E0));
#2968=VECTOR('',#2967,1.E-1);
#2969=CARTESIAN_POINT('',(-8.347557489639E0,1.074388060685E1,9.E-1));
#2970=LINE('',#2969,#2968);
#2971=DIRECTION('',(0.E0,0.E0,1.E0));
#2972=VECTOR('',#2971,1.E-1);
#2973=CARTESIAN_POINT('',(-7.866276007391E0,1.074388060685E1,9.E-1));
#2974=LINE('',#2973,#2972);
#2975=DIRECTION('',(0.E0,0.E0,1.E0));
#2976=VECTOR('',#2975,1.E-1);
#2977=CARTESIAN_POINT('',(-7.819581763585E0,1.069718636304E1,9.E-1));
#2978=LINE('',#2977,#2976);
#2979=DIRECTION('',(0.E0,0.E0,1.E0));
#2980=VECTOR('',#2979,1.E-1);
#2981=CARTESIAN_POINT('',(-7.819581763585E0,8.426017079937E0,9.E-1));
#2982=LINE('',#2981,#2980);
#2983=DIRECTION('',(0.E0,0.E0,1.E0));
#2984=VECTOR('',#2983,1.E-1);
#2985=CARTESIAN_POINT('',(-7.866276007391E0,8.379322836131E0,9.E-1));
#2986=LINE('',#2985,#2984);
#2987=DIRECTION('',(0.E0,0.E0,1.E0));
#2988=VECTOR('',#2987,1.E-1);
#2989=CARTESIAN_POINT('',(-7.537116726546E0,1.069718719989E1,9.E-1));
#2990=LINE('',#2989,#2988);
#2991=DIRECTION('',(0.E0,0.E0,1.E0));
#2992=VECTOR('',#2991,1.E-1);
#2993=CARTESIAN_POINT('',(-7.490422482739E0,1.074388144370E1,9.E-1));
#2994=LINE('',#2993,#2992);
#2995=DIRECTION('',(0.E0,0.E0,1.E0));
#2996=VECTOR('',#2995,1.E-1);
#2997=CARTESIAN_POINT('',(-7.004928072705E0,1.074388144370E1,9.E-1));
#2998=LINE('',#2997,#2996);
#2999=DIRECTION('',(-9.769962616701E-14,1.421085471520E-13,1.E0));
#3000=VECTOR('',#2999,1.E-1);
#3001=CARTESIAN_POINT('',(-6.946123117291E0,1.071188965262E1,9.E-1));
#3002=LINE('',#3001,#3000);
#3003=DIRECTION('',(-1.776356839400E-14,0.E0,1.E0));
#3004=VECTOR('',#3003,1.E-1);
#3005=CARTESIAN_POINT('',(-6.034488324026E0,9.302973944728E0,9.E-1));
#3006=LINE('',#3005,#3004);
#3007=DIRECTION('',(0.E0,0.E0,1.E0));
#3008=VECTOR('',#3007,1.E-1);
#3009=CARTESIAN_POINT('',(-6.013013937173E0,9.309315540500E0,9.E-1));
#3010=LINE('',#3009,#3008);
#3011=DIRECTION('',(0.E0,0.E0,1.E0));
#3012=VECTOR('',#3011,1.E-1);
#3013=CARTESIAN_POINT('',(-6.013013937173E0,1.069718719989E1,9.E-1));
#3014=LINE('',#3013,#3012);
#3015=DIRECTION('',(0.E0,0.E0,1.E0));
#3016=VECTOR('',#3015,1.E-1);
#3017=CARTESIAN_POINT('',(-5.966319693367E0,1.074388144370E1,9.E-1));
#3018=LINE('',#3017,#3016);
#3019=DIRECTION('',(0.E0,0.E0,1.E0));
#3020=VECTOR('',#3019,1.E-1);
#3021=CARTESIAN_POINT('',(-5.489414766696E0,1.074388144370E1,9.E-1));
#3022=LINE('',#3021,#3020);
#3023=DIRECTION('',(0.E0,0.E0,1.E0));
#3024=VECTOR('',#3023,1.E-1);
#3025=CARTESIAN_POINT('',(-5.442720522889E0,1.069718719989E1,9.E-1));
#3026=LINE('',#3025,#3024);
#3027=DIRECTION('',(0.E0,0.E0,1.E0));
#3028=VECTOR('',#3027,1.E-1);
#3029=CARTESIAN_POINT('',(-5.442720522889E0,8.426017079937E0,9.E-1));
#3030=LINE('',#3029,#3028);
#3031=DIRECTION('',(0.E0,0.E0,1.E0));
#3032=VECTOR('',#3031,1.E-1);
#3033=CARTESIAN_POINT('',(-5.489414766696E0,8.379322836131E0,9.E-1));
#3034=LINE('',#3033,#3032);
#3035=DIRECTION('',(0.E0,0.E0,1.E0));
#3036=VECTOR('',#3035,1.E-1);
#3037=CARTESIAN_POINT('',(-5.987673352681E0,8.379322836131E0,9.E-1));
#3038=LINE('',#3037,#3036);
#3039=DIRECTION('',(0.E0,0.E0,1.E0));
#3040=VECTOR('',#3039,1.E-1);
#3041=CARTESIAN_POINT('',(-6.026824070687E0,8.400569610823E0,9.E-1));
#3042=LINE('',#3041,#3040);
#3043=DIRECTION('',(0.E0,-1.776356839400E-14,1.E0));
#3044=VECTOR('',#3043,1.E-1);
#3045=CARTESIAN_POINT('',(-6.945362071807E0,9.813732628956E0,9.E-1));
#3046=LINE('',#3045,#3044);
#3047=DIRECTION('',(0.E0,0.E0,1.E0));
#3048=VECTOR('',#3047,1.E-1);
#3049=CARTESIAN_POINT('',(-6.966823312262E0,9.807370761680E0,9.E-1));
#3050=LINE('',#3049,#3048);
#3051=DIRECTION('',(0.E0,0.E0,1.E0));
#3052=VECTOR('',#3051,1.E-1);
#3053=CARTESIAN_POINT('',(-6.966823312262E0,8.402669958034E0,9.E-1));
#3054=LINE('',#3053,#3052);
#3055=DIRECTION('',(0.E0,0.E0,1.E0));
#3056=VECTOR('',#3055,1.E-1);
#3057=CARTESIAN_POINT('',(-6.990170434165E0,8.379322836131E0,9.E-1));
#3058=LINE('',#3057,#3056);
#3059=DIRECTION('',(0.E0,0.E0,1.E0));
#3060=VECTOR('',#3059,1.E-1);
#3061=CARTESIAN_POINT('',(-7.490422482739E0,8.379322836131E0,9.E-1));
#3062=LINE('',#3061,#3060);
#3063=DIRECTION('',(0.E0,0.E0,1.E0));
#3064=VECTOR('',#3063,1.E-1);
#3065=CARTESIAN_POINT('',(-7.537116726546E0,8.426017079937E0,9.E-1));
#3066=LINE('',#3065,#3064);
#3067=DIRECTION('',(0.E0,0.E0,1.E0));
#3068=VECTOR('',#3067,1.E-1);
#3069=CARTESIAN_POINT('',(-6.781829306263E0,9.183373100731E0,9.E-1));
#3070=LINE('',#3069,#3068);
#3071=DIRECTION('',(0.E0,1.776356839400E-14,1.E0));
#3072=VECTOR('',#3071,1.E-1);
#3073=CARTESIAN_POINT('',(-6.760368056126E0,9.189734953111E0,9.E-1));
#3074=LINE('',#3073,#3072);
#3075=DIRECTION('',(2.131628207280E-13,-3.197442310920E-13,1.E0));
#3076=VECTOR('',#3075,1.E-1);
#3077=CARTESIAN_POINT('',(-6.245334985221E0,8.397358249462E0,9.E-1));
#3078=LINE('',#3077,#3076);
#3079=DIRECTION('',(0.E0,0.E0,1.E0));
#3080=VECTOR('',#3079,1.E-1);
#3081=CARTESIAN_POINT('',(-6.255122674406E0,8.379322836131E0,9.E-1));
#3082=LINE('',#3081,#3080);
#3083=DIRECTION('',(0.E0,0.E0,1.E0));
#3084=VECTOR('',#3083,1.E-1);
#3085=CARTESIAN_POINT('',(-6.758482184359E0,8.379322836131E0,9.E-1));
#3086=LINE('',#3085,#3084);
#3087=DIRECTION('',(0.E0,0.E0,1.E0));
#3088=VECTOR('',#3087,1.E-1);
#3089=CARTESIAN_POINT('',(-6.781829306263E0,8.402669958034E0,9.E-1));
#3090=LINE('',#3089,#3088);
#3091=DIRECTION('',(0.E0,0.E0,1.E0));
#3092=VECTOR('',#3091,1.E-1);
#3093=CARTESIAN_POINT('',(-5.160255485850E0,1.069718719989E1,9.E-1));
#3094=LINE('',#3093,#3092);
#3095=DIRECTION('',(0.E0,0.E0,1.E0));
#3096=VECTOR('',#3095,1.E-1);
#3097=CARTESIAN_POINT('',(-5.113561242043E0,1.074388144370E1,9.E-1));
#3098=LINE('',#3097,#3096);
#3099=DIRECTION('',(0.E0,0.E0,1.E0));
#3100=VECTOR('',#3099,1.E-1);
#3101=CARTESIAN_POINT('',(-4.593414769694E0,1.074388144370E1,9.E-1));
#3102=LINE('',#3101,#3100);
#3103=DIRECTION('',(-1.776356839400E-14,0.E0,1.E0));
#3104=VECTOR('',#3103,1.E-1);
#3105=CARTESIAN_POINT('',(-4.519913271149E0,1.070810319242E1,9.E-1));
#3106=LINE('',#3105,#3104);
#3107=DIRECTION('',(0.E0,0.E0,1.E0));
#3108=VECTOR('',#3107,1.E-1);
#3109=CARTESIAN_POINT('',(-2.724210852954E0,8.417072517118E0,9.E-1));
#3110=LINE('',#3109,#3108);
#3111=DIRECTION('',(0.E0,0.E0,1.E0));
#3112=VECTOR('',#3111,1.E-1);
#3113=CARTESIAN_POINT('',(-2.742586227589E0,8.379322836131E0,9.E-1));
#3114=LINE('',#3113,#3112);
#3115=DIRECTION('',(0.E0,0.E0,1.E0));
#3116=VECTOR('',#3115,1.E-1);
#3117=CARTESIAN_POINT('',(-3.261463535872E0,8.379322836131E0,9.E-1));
#3118=LINE('',#3117,#3116);
#3119=DIRECTION('',(0.E0,0.E0,1.E0));
#3120=VECTOR('',#3119,1.E-1);
#3121=CARTESIAN_POINT('',(-3.334965034411E0,8.415101087402E0,9.E-1));
#3122=LINE('',#3121,#3120);
#3123=DIRECTION('',(0.E0,0.E0,1.E0));
#3124=VECTOR('',#3123,1.E-1);
#3125=CARTESIAN_POINT('',(-3.628326607405E0,8.789383794757E0,9.E-1));
#3126=LINE('',#3125,#3124);
#3127=DIRECTION('',(0.E0,0.E0,1.E0));
#3128=VECTOR('',#3127,1.E-1);
#3129=CARTESIAN_POINT('',(-3.683452731311E0,8.816217483214E0,9.E-1));
#3130=LINE('',#3129,#3128);
#3131=DIRECTION('',(0.E0,0.E0,1.E0));
#3132=VECTOR('',#3131,1.E-1);
#3133=CARTESIAN_POINT('',(-4.605722154885E0,8.816217483214E0,9.E-1));
#3134=LINE('',#3133,#3132);
#3135=DIRECTION('',(0.E0,0.E0,1.E0));
#3136=VECTOR('',#3135,1.E-1);
#3137=CARTESIAN_POINT('',(-4.640742837740E0,8.781196800358E0,9.E-1));
#3138=LINE('',#3137,#3136);
#3139=DIRECTION('',(0.E0,0.E0,1.E0));
#3140=VECTOR('',#3139,1.E-1);
#3141=CARTESIAN_POINT('',(-4.640742837740E0,8.426017079937E0,9.E-1));
#3142=LINE('',#3141,#3140);
#3143=DIRECTION('',(0.E0,0.E0,1.E0));
#3144=VECTOR('',#3143,1.E-1);
#3145=CARTESIAN_POINT('',(-4.687437081546E0,8.379322836131E0,9.E-1));
#3146=LINE('',#3145,#3144);
#3147=DIRECTION('',(0.E0,0.E0,1.E0));
#3148=VECTOR('',#3147,1.E-1);
#3149=CARTESIAN_POINT('',(-5.113561242043E0,8.379322836131E0,9.E-1));
#3150=LINE('',#3149,#3148);
#3151=DIRECTION('',(0.E0,0.E0,1.E0));
#3152=VECTOR('',#3151,1.E-1);
#3153=CARTESIAN_POINT('',(-5.160255485850E0,8.426017079937E0,9.E-1));
#3154=LINE('',#3153,#3152);
#3155=DIRECTION('',(0.E0,0.E0,1.E0));
#3156=VECTOR('',#3155,1.E-1);
#3157=CARTESIAN_POINT('',(-4.018396990460E0,9.256452977180E0,9.E-1));
#3158=LINE('',#3157,#3156);
#3159=DIRECTION('',(0.E0,0.E0,1.E0));
#3160=VECTOR('',#3159,1.E-1);
#3161=CARTESIAN_POINT('',(-4.009209623527E0,9.275328226414E0,9.E-1));
#3162=LINE('',#3161,#3160);
#3163=DIRECTION('',(0.E0,0.E0,1.E0));
#3164=VECTOR('',#3163,1.E-1);
#3165=CARTESIAN_POINT('',(-4.621485454836E0,1.005642322978E1,9.E-1));
#3166=LINE('',#3165,#3164);
#3167=DIRECTION('',(0.E0,0.E0,1.E0));
#3168=VECTOR('',#3167,1.E-1);
#3169=CARTESIAN_POINT('',(-4.642346358841E0,1.004919792892E1,9.E-1));
#3170=LINE('',#3169,#3168);
#3171=DIRECTION('',(0.E0,0.E0,1.E0));
#3172=VECTOR('',#3171,1.E-1);
#3173=CARTESIAN_POINT('',(-4.640789967496E0,9.279752873901E0,9.E-1));
#3174=LINE('',#3173,#3172);
#3175=DIRECTION('',(0.E0,0.E0,1.E0));
#3176=VECTOR('',#3175,1.E-1);
#3177=CARTESIAN_POINT('',(-4.617442893355E0,9.256452977180E0,9.E-1));
#3178=LINE('',#3177,#3176);
#3179=DIRECTION('',(0.E0,0.E0,1.E0));
#3180=VECTOR('',#3179,1.E-1);
#3181=CARTESIAN_POINT('',(-2.121852092452E0,8.378995665125E0,9.E-1));
#3182=LINE('',#3181,#3180);
#3183=DIRECTION('',(0.E0,0.E0,1.E0));
#3184=VECTOR('',#3183,1.E-1);
#3185=CARTESIAN_POINT('',(-2.454433248427E0,8.378995665125E0,9.E-1));
#3186=LINE('',#3185,#3184);
#3187=DIRECTION('',(0.E0,0.E0,1.E0));
#3188=VECTOR('',#3187,1.E-1);
#3189=CARTESIAN_POINT('',(-2.454433248427E0,9.818235755309E0,9.E-1));
#3190=LINE('',#3189,#3188);
#3191=DIRECTION('',(0.E0,0.E0,1.E0));
#3192=VECTOR('',#3191,1.E-1);
#3193=CARTESIAN_POINT('',(-2.121852092452E0,9.818235755309E0,9.E-1));
#3194=LINE('',#3193,#3192);
#3195=DIRECTION('',(0.E0,0.E0,1.E0));
#3196=VECTOR('',#3195,1.E-1);
#3197=CARTESIAN_POINT('',(-1.880682131395E0,9.464260489886E0,9.E-1));
#3198=LINE('',#3197,#3196);
#3199=DIRECTION('',(0.E0,0.E0,1.E0));
#3200=VECTOR('',#3199,1.E-1);
#3201=CARTESIAN_POINT('',(-1.548100975420E0,9.464260489886E0,9.E-1));
#3202=LINE('',#3201,#3200);
#3203=DIRECTION('',(0.E0,0.E0,1.E0));
#3204=VECTOR('',#3203,1.E-1);
#3205=CARTESIAN_POINT('',(-1.548100975420E0,8.378995665125E0,9.E-1));
#3206=LINE('',#3205,#3204);
#3207=DIRECTION('',(0.E0,0.E0,1.E0));
#3208=VECTOR('',#3207,1.E-1);
#3209=CARTESIAN_POINT('',(-1.880682131395E0,8.378995665125E0,9.E-1));
#3210=LINE('',#3209,#3208);
#3211=DIRECTION('',(0.E0,0.E0,1.E0));
#3212=VECTOR('',#3211,1.E-1);
#3213=CARTESIAN_POINT('',(-6.456585404935E-1,9.475930004130E0,9.E-1));
#3214=LINE('',#3213,#3212);
#3215=DIRECTION('',(0.E0,0.E0,1.E0));
#3216=VECTOR('',#3215,1.E-1);
#3217=CARTESIAN_POINT('',(-2.275009467238E-1,9.013039272423E0,9.E-1));
#3218=LINE('',#3217,#3216);
#3219=DIRECTION('',(0.E0,0.E0,1.E0));
#3220=VECTOR('',#3219,1.E-1);
#3221=CARTESIAN_POINT('',(-2.275009467238E-1,8.378995665125E0,9.E-1));
#3222=LINE('',#3221,#3220);
#3223=DIRECTION('',(0.E0,0.E0,1.E0));
#3224=VECTOR('',#3223,1.E-1);
#3225=CARTESIAN_POINT('',(-5.581371836579E-1,8.378995665125E0,9.E-1));
#3226=LINE('',#3225,#3224);
#3227=DIRECTION('',(0.E0,0.E0,1.E0));
#3228=VECTOR('',#3227,1.E-1);
#3229=CARTESIAN_POINT('',(-5.581371836579E-1,8.968306134484E0,9.E-1));
#3230=LINE('',#3229,#3228);
#3231=DIRECTION('',(0.E0,0.E0,1.E0));
#3232=VECTOR('',#3231,1.E-1);
#3233=CARTESIAN_POINT('',(-9.743498583868E-1,8.968306134484E0,9.E-1));
#3234=LINE('',#3233,#3232);
#3235=DIRECTION('',(0.E0,0.E0,1.E0));
#3236=VECTOR('',#3235,1.E-1);
#3237=CARTESIAN_POINT('',(-9.743498583868E-1,8.378995665125E0,9.E-1));
#3238=LINE('',#3237,#3236);
#3239=DIRECTION('',(0.E0,0.E0,1.E0));
#3240=VECTOR('',#3239,1.E-1);
#3241=CARTESIAN_POINT('',(-1.306931014362E0,8.378995665125E0,9.E-1));
#3242=LINE('',#3241,#3240);
#3243=DIRECTION('',(0.E0,0.E0,1.E0));
#3244=VECTOR('',#3243,1.E-1);
#3245=CARTESIAN_POINT('',(-1.306931014362E0,9.464260489886E0,9.E-1));
#3246=LINE('',#3245,#3244);
#3247=DIRECTION('',(0.E0,0.E0,1.E0));
#3248=VECTOR('',#3247,1.E-1);
#3249=CARTESIAN_POINT('',(-9.743498583868E-1,9.464260489886E0,9.E-1));
#3250=LINE('',#3249,#3248);
#3251=DIRECTION('',(0.E0,0.E0,1.E0));
#3252=VECTOR('',#3251,1.E-1);
#3253=CARTESIAN_POINT('',(-9.743498583868E-1,9.320336480867E0,9.E-1));
#3254=LINE('',#3253,#3252);
#3255=DIRECTION('',(0.E0,0.E0,1.E0));
#3256=VECTOR('',#3255,1.E-1);
#3257=CARTESIAN_POINT('',(6.652168929984E-1,9.464260489886E0,9.E-1));
#3258=LINE('',#3257,#3256);
#3259=DIRECTION('',(0.E0,0.E0,1.E0));
#3260=VECTOR('',#3259,1.E-1);
#3261=CARTESIAN_POINT('',(1.075594810605E0,9.464260489886E0,9.E-1));
#3262=LINE('',#3261,#3260);
#3263=DIRECTION('',(0.E0,0.E0,1.E0));
#3264=VECTOR('',#3263,1.E-1);
#3265=CARTESIAN_POINT('',(6.243735931419E-1,8.919683158465E0,9.E-1));
#3266=LINE('',#3265,#3264);
#3267=DIRECTION('',(0.E0,0.E0,1.E0));
#3268=VECTOR('',#3267,1.E-1);
#3269=CARTESIAN_POINT('',(1.079484648687E0,8.378995665125E0,9.E-1));
#3270=LINE('',#3269,#3268);
#3271=DIRECTION('',(0.E0,0.E0,1.E0));
#3272=VECTOR('',#3271,1.E-1);
#3273=CARTESIAN_POINT('',(6.671618120392E-1,8.378995665125E0,9.E-1));
#3274=LINE('',#3273,#3272);
#3275=DIRECTION('',(0.E0,0.E0,1.E0));
#3276=VECTOR('',#3275,1.E-1);
#3277=CARTESIAN_POINT('',(3.365255751051E-1,8.834106720670E0,9.E-1));
#3278=LINE('',#3277,#3276);
#3279=DIRECTION('',(0.E0,0.E0,1.E0));
#3280=VECTOR('',#3279,1.E-1);
#3281=CARTESIAN_POINT('',(3.365255751051E-1,8.378995665125E0,9.E-1));
#3282=LINE('',#3281,#3280);
#3283=DIRECTION('',(0.E0,0.E0,1.E0));
#3284=VECTOR('',#3283,1.E-1);
#3285=CARTESIAN_POINT('',(3.944419130125E-3,8.378995665125E0,9.E-1));
#3286=LINE('',#3285,#3284);
#3287=DIRECTION('',(0.E0,0.E0,1.E0));
#3288=VECTOR('',#3287,1.E-1);
#3289=CARTESIAN_POINT('',(3.944419130125E-3,9.818235755309E0,9.E-1));
#3290=LINE('',#3289,#3288);
#3291=DIRECTION('',(0.E0,0.E0,1.E0));
#3292=VECTOR('',#3291,1.E-1);
#3293=CARTESIAN_POINT('',(3.365255751051E-1,9.818235755309E0,9.E-1));
#3294=LINE('',#3293,#3292);
#3295=DIRECTION('',(0.E0,0.E0,1.E0));
#3296=VECTOR('',#3295,1.E-1);
#3297=CARTESIAN_POINT('',(3.365255751051E-1,9.022763867626E0,9.E-1));
#3298=LINE('',#3297,#3296);
#3299=DIRECTION('',(0.E0,0.E0,1.E0));
#3300=VECTOR('',#3299,1.E-1);
#3301=CARTESIAN_POINT('',(9.883491935651E0,9.883161796469E0,9.E-1));
#3302=LINE('',#3301,#3300);
#3303=DIRECTION('',(0.E0,-8.881784197001E-14,1.E0));
#3304=VECTOR('',#3303,1.E-1);
#3305=CARTESIAN_POINT('',(1.016682526898E1,9.599828463136E0,9.E-1));
#3306=LINE('',#3305,#3304);
#3307=DIRECTION('',(0.E0,-1.243449787580E-13,1.E0));
#3308=VECTOR('',#3307,1.E-1);
#3309=CARTESIAN_POINT('',(1.016682526898E1,8.597402957248E0,9.E-1));
#3310=LINE('',#3309,#3308);
#3311=DIRECTION('',(0.E0,0.E0,1.E0));
#3312=VECTOR('',#3311,1.E-1);
#3313=CARTESIAN_POINT('',(9.883491935649E0,8.314069623915E0,9.E-1));
#3314=LINE('',#3313,#3312);
#3315=DIRECTION('',(0.E0,0.E0,1.E0));
#3316=VECTOR('',#3315,1.E-1);
#3317=CARTESIAN_POINT('',(1.962817982030E0,8.314069623931E0,9.E-1));
#3318=LINE('',#3317,#3316);
#3319=DIRECTION('',(0.E0,8.881784197001E-14,1.E0));
#3320=VECTOR('',#3319,1.E-1);
#3321=CARTESIAN_POINT('',(1.679484648687E0,8.597402957276E0,9.E-1));
#3322=LINE('',#3321,#3320);
#3323=DIRECTION('',(0.E0,1.065814103640E-13,1.E0));
#3324=VECTOR('',#3323,1.E-1);
#3325=CARTESIAN_POINT('',(1.679484648687E0,9.599828463163E0,9.E-1));
#3326=LINE('',#3325,#3324);
#3327=DIRECTION('',(0.E0,0.E0,1.E0));
#3328=VECTOR('',#3327,1.E-1);
#3329=CARTESIAN_POINT('',(1.962817982009E0,9.883161796486E0,9.E-1));
#3330=LINE('',#3329,#3328);
#3331=DIRECTION('',(-1.E0,2.051607282656E-12,0.E0));
#3332=VECTOR('',#3331,7.920673953641E0);
#3333=CARTESIAN_POINT('',(9.883491935651E0,9.883161796469E0,9.E-1));
#3334=LINE('',#3333,#3332);
#3335=CARTESIAN_POINT('',(9.883491935651E0,9.883161796469E0,9.E-1));
#3336=CARTESIAN_POINT('',(9.918883206278E0,9.883161796469E0,9.E-1));
#3337=CARTESIAN_POINT('',(9.993297453910E0,9.869054214710E0,9.E-1));
#3338=CARTESIAN_POINT('',(1.008946877624E1,9.805805303724E0,9.E-1));
#3339=CARTESIAN_POINT('',(1.015271768722E1,9.709633981397E0,9.E-1));
#3340=CARTESIAN_POINT('',(1.016682526898E1,9.635219733763E0,9.E-1));
#3341=CARTESIAN_POINT('',(1.016682526898E1,9.599828463136E0,9.E-1));
#3343=DIRECTION('',(0.E0,1.E0,0.E0));
#3344=VECTOR('',#3343,1.002425505888E0);
#3345=CARTESIAN_POINT('',(1.016682526898E1,8.597402957248E0,9.E-1));
#3346=LINE('',#3345,#3344);
#3347=CARTESIAN_POINT('',(1.016682526898E1,8.597402957248E0,9.E-1));
#3348=CARTESIAN_POINT('',(1.016682526898E1,8.562011686621E0,9.E-1));
#3349=CARTESIAN_POINT('',(1.015271768722E1,8.487597438988E0,9.E-1));
#3350=CARTESIAN_POINT('',(1.008946877624E1,8.391426116660E0,9.E-1));
#3351=CARTESIAN_POINT('',(9.993297453911E0,8.328177205674E0,9.E-1));
#3352=CARTESIAN_POINT('',(9.918883206276E0,8.314069623915E0,9.E-1));
#3353=CARTESIAN_POINT('',(9.883491935649E0,8.314069623915E0,9.E-1));
#3355=DIRECTION('',(1.E0,-2.051607282662E-12,0.E0));
#3356=VECTOR('',#3355,7.920673953619E0);
#3357=CARTESIAN_POINT('',(1.962817982030E0,8.314069623931E0,9.E-1));
#3358=LINE('',#3357,#3356);
#3359=CARTESIAN_POINT('',(1.962817982030E0,8.314069623931E0,9.E-1));
#3360=CARTESIAN_POINT('',(1.927426711403E0,8.314069623933E0,9.E-1));
#3361=CARTESIAN_POINT('',(1.853012463753E0,8.328177205695E0,9.E-1));
#3362=CARTESIAN_POINT('',(1.756841141433E0,8.391426116685E0,9.E-1));
#3363=CARTESIAN_POINT('',(1.693592230446E0,8.487597439014E0,9.E-1));
#3364=CARTESIAN_POINT('',(1.679484648687E0,8.562011686648E0,9.E-1));
#3365=CARTESIAN_POINT('',(1.679484648687E0,8.597402957276E0,9.E-1));
#3367=DIRECTION('',(0.E0,-1.E0,0.E0));
#3368=VECTOR('',#3367,1.002425505888E0);
#3369=CARTESIAN_POINT('',(1.679484648687E0,9.599828463163E0,9.E-1));
#3370=LINE('',#3369,#3368);
#3371=CARTESIAN_POINT('',(1.679484648687E0,9.599828463163E0,9.E-1));
#3372=CARTESIAN_POINT('',(1.679484648687E0,9.635219733790E0,9.E-1));
#3373=CARTESIAN_POINT('',(1.693592230446E0,9.709633981423E0,9.E-1));
#3374=CARTESIAN_POINT('',(1.756841141430E0,9.805805303749E0,9.E-1));
#3375=CARTESIAN_POINT('',(1.853012463765E0,9.869054214731E0,9.E-1));
#3376=CARTESIAN_POINT('',(1.927426711383E0,9.883161796487E0,9.E-1));
#3377=CARTESIAN_POINT('',(1.962817982009E0,9.883161796486E0,9.E-1));
#3379=CARTESIAN_POINT('',(9.883491935650E0,9.683161796469E0,9.E-1));
#3380=CARTESIAN_POINT('',(9.904752126337E0,9.683161796469E0,9.E-1));
#3381=CARTESIAN_POINT('',(9.949046303837E0,9.665382831324E0,9.E-1));
#3382=CARTESIAN_POINT('',(9.966825268983E0,9.621088653823E0,9.E-1));
#3383=CARTESIAN_POINT('',(9.966825268983E0,9.599828463136E0,9.E-1));
#3385=DIRECTION('',(1.E0,-2.051383014260E-12,0.E0));
#3386=VECTOR('',#3385,7.920673953642E0);
#3387=CARTESIAN_POINT('',(1.962817982008E0,9.683161796486E0,9.E-1));
#3388=LINE('',#3387,#3386);
#3389=CARTESIAN_POINT('',(1.879484648687E0,9.599828463166E0,9.E-1));
#3390=CARTESIAN_POINT('',(1.879484648686E0,9.621088653852E0,9.E-1));
#3391=CARTESIAN_POINT('',(1.897263613838E0,9.665382831348E0,9.E-1));
#3392=CARTESIAN_POINT('',(1.941557791322E0,9.683161796489E0,9.E-1));
#3393=CARTESIAN_POINT('',(1.962817982008E0,9.683161796486E0,9.E-1));
#3395=DIRECTION('',(0.E0,1.E0,0.E0));
#3396=VECTOR('',#3395,1.002425505891E0);
#3397=CARTESIAN_POINT('',(1.879484648687E0,8.597402957275E0,9.E-1));
#3398=LINE('',#3397,#3396);
#3399=CARTESIAN_POINT('',(1.962817982029E0,8.514069623931E0,9.E-1));
#3400=CARTESIAN_POINT('',(1.941557791341E0,8.514069623933E0,9.E-1));
#3401=CARTESIAN_POINT('',(1.897263613829E0,8.531848589083E0,9.E-1));
#3402=CARTESIAN_POINT('',(1.879484648686E0,8.576142766586E0,9.E-1));
#3403=CARTESIAN_POINT('',(1.879484648687E0,8.597402957275E0,9.E-1));
#3405=DIRECTION('',(-1.E0,2.051607282661E-12,0.E0));
#3406=VECTOR('',#3405,7.920673953620E0);
#3407=CARTESIAN_POINT('',(9.883491935650E0,8.514069623915E0,9.E-1));
#3408=LINE('',#3407,#3406);
#3409=CARTESIAN_POINT('',(9.966825268983E0,8.597402957248E0,9.E-1));
#3410=CARTESIAN_POINT('',(9.966825268983E0,8.576142766561E0,9.E-1));
#3411=CARTESIAN_POINT('',(9.949046303838E0,8.531848589061E0,9.E-1));
#3412=CARTESIAN_POINT('',(9.904752126337E0,8.514069623915E0,9.E-1));
#3413=CARTESIAN_POINT('',(9.883491935650E0,8.514069623915E0,9.E-1));
#3415=DIRECTION('',(0.E0,-1.E0,0.E0));
#3416=VECTOR('',#3415,1.002425505888E0);
#3417=CARTESIAN_POINT('',(9.966825268983E0,9.599828463136E0,9.E-1));
#3418=LINE('',#3417,#3416);
#3419=DIRECTION('',(-3.019806626980E-13,0.E0,1.E0));
#3420=VECTOR('',#3419,1.E-1);
#3421=CARTESIAN_POINT('',(9.883491935650E0,9.683161796469E0,9.E-1));
#3422=LINE('',#3421,#3420);
#3423=DIRECTION('',(0.E0,0.E0,1.E0));
#3424=VECTOR('',#3423,1.E-1);
#3425=CARTESIAN_POINT('',(1.962817982008E0,9.683161796486E0,9.E-1));
#3426=LINE('',#3425,#3424);
#3427=DIRECTION('',(0.E0,0.E0,1.E0));
#3428=VECTOR('',#3427,1.E-1);
#3429=CARTESIAN_POINT('',(1.879484648687E0,9.599828463166E0,9.E-1));
#3430=LINE('',#3429,#3428);
#3431=DIRECTION('',(0.E0,0.E0,1.E0));
#3432=VECTOR('',#3431,1.E-1);
#3433=CARTESIAN_POINT('',(1.879484648687E0,8.597402957275E0,9.E-1));
#3434=LINE('',#3433,#3432);
#3435=DIRECTION('',(0.E0,0.E0,1.E0));
#3436=VECTOR('',#3435,1.E-1);
#3437=CARTESIAN_POINT('',(1.962817982029E0,8.514069623931E0,9.E-1));
#3438=LINE('',#3437,#3436);
#3439=DIRECTION('',(3.375077994860E-13,0.E0,1.E0));
#3440=VECTOR('',#3439,1.E-1);
#3441=CARTESIAN_POINT('',(9.883491935650E0,8.514069623915E0,9.E-1));
#3442=LINE('',#3441,#3440);
#3443=DIRECTION('',(0.E0,0.E0,1.E0));
#3444=VECTOR('',#3443,1.E-1);
#3445=CARTESIAN_POINT('',(9.966825268983E0,8.597402957248E0,9.E-1));
#3446=LINE('',#3445,#3444);
#3447=DIRECTION('',(0.E0,0.E0,1.E0));
#3448=VECTOR('',#3447,1.E-1);
#3449=CARTESIAN_POINT('',(9.966825268983E0,9.599828463136E0,9.E-1));
#3450=LINE('',#3449,#3448);
#3451=CARTESIAN_POINT('',(1.792733258506E-2,2.057658195200E1,
4.941936289653E-1));
#3452=DIRECTION('',(-9.999995516558E-1,8.774903741980E-4,3.559478200101E-4));
#3453=DIRECTION('',(8.154343845045E-4,9.890752519446E-1,-1.474092298924E-1));
#3454=AXIS2_PLACEMENT_3D('',#3451,#3452,#3453);
#3456=CARTESIAN_POINT('',(-1.058866075822E1,1.755664675519E1,
-3.746170635988E0));
#3457=DIRECTION('',(-5.295031531563E-2,-5.226253664505E-2,-9.972286053716E-1));
#3458=DIRECTION('',(-5.163765062954E-1,8.561838104376E-1,-1.745240644344E-2));
#3459=AXIS2_PLACEMENT_3D('',#3456,#3457,#3458);
#3461=CARTESIAN_POINT('',(-1.064982650911E1,1.749594846108E1,
-4.904363082629E0));
#3462=DIRECTION('',(-5.238294670142E-2,-5.226410268985E-2,-9.972584872865E-1));
#3463=DIRECTION('',(-5.198719861562E-1,8.540658824234E-1,-1.745240643461E-2));
#3464=AXIS2_PLACEMENT_3D('',#3461,#3462,#3463);
#3466=CARTESIAN_POINT('',(-1.083173033366E1,1.779404551865E1,
-4.931427781176E0));
#3467=CARTESIAN_POINT('',(-1.083180854058E1,1.779421670116E1,
-4.927866719282E0));
#3468=CARTESIAN_POINT('',(-1.083188985793E1,1.779452121311E1,
-4.920921263473E0));
#3469=CARTESIAN_POINT('',(-1.083183902272E1,1.779476559808E1,
-4.913922481296E0));
#3470=CARTESIAN_POINT('',(-1.083177868370E1,1.779487257047E1,
-4.910471542113E0));
#3472=CARTESIAN_POINT('',(-1.064999164009E1,1.749549141376E1,
-4.913084065089E0));
#3473=DIRECTION('',(1.467500614648E-2,-5.233062459529E-2,-9.985219826945E-1));
#3474=DIRECTION('',(-5.192542700069E-1,8.530157787286E-1,-5.233626199538E-2));
#3475=AXIS2_PLACEMENT_3D('',#3472,#3473,#3474);
#3477=CARTESIAN_POINT('',(-1.057973946518E1,1.724579934091E1,
-5.500000008747E0));
#3478=CARTESIAN_POINT('',(-1.059361318012E1,1.727588374137E1,
-5.499997427680E0));
#3479=CARTESIAN_POINT('',(-1.062065406369E1,1.733430368126E1,
-5.494563600525E0));
#3480=CARTESIAN_POINT('',(-1.065746544677E1,1.741419582850E1,
-5.473256193154E0));
#3481=CARTESIAN_POINT('',(-1.069080008103E1,1.748658323235E1,
-5.441282258706E0));
#3482=CARTESIAN_POINT('',(-1.072060123733E1,1.755143438496E1,
-5.400473241101E0));
#3483=CARTESIAN_POINT('',(-1.074703207805E1,1.760901418959E1,
-5.352068540671E0));
#3484=CARTESIAN_POINT('',(-1.077018534615E1,1.765952010936E1,
-5.296822086620E0));
#3485=CARTESIAN_POINT('',(-1.079011996775E1,1.770304945441E1,
-5.234995259124E0));
#3486=CARTESIAN_POINT('',(-1.080665940723E1,1.773919557747E1,
-5.166934921538E0));
#3487=CARTESIAN_POINT('',(-1.081948419032E1,1.776724778145E1,
-5.093250537443E0));
#3488=CARTESIAN_POINT('',(-1.082824954068E1,1.778642404595E1,
-5.014673147737E0));
#3489=CARTESIAN_POINT('',(-1.083111456921E1,1.779270018649E1,
-4.959411336385E0));
#3490=CARTESIAN_POINT('',(-1.083173033366E1,1.779404551865E1,
-4.931427781176E0));
#3492=CARTESIAN_POINT('',(-1.065001541699E1,1.784514894613E1,
-4.928783809313E0));
#3493=CARTESIAN_POINT('',(-1.064984407694E1,1.784367933218E1,
-4.956821532929E0));
#3494=CARTESIAN_POINT('',(-1.064900734313E1,1.783662613606E1,
-5.015875082547E0));
#3495=CARTESIAN_POINT('',(-1.064657608646E1,1.781576994070E1,
-5.092928477894E0));
#3496=CARTESIAN_POINT('',(-1.064299071557E1,1.778511871929E1,
-5.167021219537E0));
#3497=CARTESIAN_POINT('',(-1.063837608262E1,1.774565112744E1,
-5.234972136358E0));
#3498=CARTESIAN_POINT('',(-1.063281315571E1,1.769810591740E1,
-5.296828283159E0));
#3499=CARTESIAN_POINT('',(-1.062635363756E1,1.764293233814E1,
-5.352066882277E0));
#3500=CARTESIAN_POINT('',(-1.061898531561E1,1.758001497176E1,
-5.400473683911E0));
#3501=CARTESIAN_POINT('',(-1.061067150577E1,1.750913861837E1,
-5.441282142933E0));
#3502=CARTESIAN_POINT('',(-1.060139750581E1,1.742999314396E1,
-5.473256222738E0));
#3503=CARTESIAN_POINT('',(-1.059111316093E1,1.734263647973E1,
-5.494563590949E0));
#3504=CARTESIAN_POINT('',(-1.058364521564E1,1.727869767909E1,
-5.499997430520E0));
#3505=CARTESIAN_POINT('',(-1.057973946518E1,1.724579934091E1,
-5.500000008747E0));
#3507=CARTESIAN_POINT('',(1.557360177092E1,1.257066764161E1,-1.6E0));
#3508=CARTESIAN_POINT('',(1.551023978908E1,1.264916580101E1,-1.6E0));
#3509=CARTESIAN_POINT('',(1.536436903086E1,1.277036132656E1,-1.6E0));
#3510=CARTESIAN_POINT('',(1.508283282964E1,1.286354460116E1,-1.6E0));
#3511=CARTESIAN_POINT('',(1.479231073087E1,1.284273652128E1,-1.6E0));
#3512=CARTESIAN_POINT('',(1.452787227714E1,1.271568714018E1,-1.6E0));
#3513=CARTESIAN_POINT('',(1.432966579620E1,1.249224931654E1,-1.6E0));
#3514=CARTESIAN_POINT('',(1.426535196564E1,1.231689381957E1,-1.6E0));
#3515=CARTESIAN_POINT('',(1.424967671804E1,1.221921534774E1,-1.6E0));
#3517=CARTESIAN_POINT('',(1.427211560542E1,1.218439537155E1,
-8.000000000017E-1));
#3518=CARTESIAN_POINT('',(1.428921121402E1,1.228038697605E1,
-8.000000000017E-1));
#3519=CARTESIAN_POINT('',(1.435530394278E1,1.245280961276E1,
-7.999999999992E-1));
#3520=CARTESIAN_POINT('',(1.455383995828E1,1.267243430182E1,
-8.000000000002E-1));
#3521=CARTESIAN_POINT('',(1.482132284086E1,1.279753866140E1,-8.E-1));
#3522=CARTESIAN_POINT('',(1.510971926016E1,1.281487744666E1,
-7.999999999999E-1));
#3523=CARTESIAN_POINT('',(1.538882791645E1,1.272027839066E1,
-8.000000000005E-1));
#3524=CARTESIAN_POINT('',(1.553264670395E1,1.259947765707E1,
-7.999999999989E-1));
#3525=CARTESIAN_POINT('',(1.559510115467E1,1.252169397409E1,
-7.999999999989E-1));
#3527=CARTESIAN_POINT('',(1.424967671804E1,1.221921534774E1,-1.6E0));
#3528=CARTESIAN_POINT('',(1.425201930134E1,1.221561336268E1,-1.517420889611E0));
#3529=CARTESIAN_POINT('',(1.425680697473E1,1.220823117713E1,-1.348063059055E0));
#3530=CARTESIAN_POINT('',(1.426427402824E1,1.219664871147E1,-1.081972967114E0));
#3531=CARTESIAN_POINT('',(1.426946827266E1,1.218854126954E1,
-8.954516996531E-1));
#3532=CARTESIAN_POINT('',(1.427211560542E1,1.218439537155E1,
-8.000000000017E-1));
#3534=DIRECTION('',(3.489949670250E-2,0.E0,-9.993908270191E-1));
#3535=VECTOR('',#3534,8.004876354391E-1);
#3536=CARTESIAN_POINT('',(1.07E1,1.25E1,-8.E-1));
#3537=LINE('',#3536,#3535);
#3538=DIRECTION('',(-3.489949670250E-2,0.E0,9.993908270191E-1));
#3539=VECTOR('',#3538,8.004876354391E-1);
#3540=CARTESIAN_POINT('',(-1.157206338441E1,1.25E1,-1.6E0));
#3541=LINE('',#3540,#3539);
#3542=DIRECTION('',(3.489949670250E-2,0.E0,9.993908270191E-1));
#3543=VECTOR('',#3542,8.004876354391E-1);
#3544=CARTESIAN_POINT('',(1.157206338441E1,1.25E1,-1.6E0));
#3545=LINE('',#3544,#3543);
#3546=DIRECTION('',(-3.489949670250E-2,0.E0,9.993908270191E-1));
#3547=VECTOR('',#3546,8.004876354391E-1);
#3548=CARTESIAN_POINT('',(1.342793661559E1,1.25E1,-1.6E0));
#3549=LINE('',#3548,#3547);
#3550=VERTEX_POINT('',#596);
#3551=VERTEX_POINT('',#663);
#3552=VERTEX_POINT('',#519);
#3553=VERTEX_POINT('',#537);
#3554=VERTEX_POINT('',#37);
#3555=VERTEX_POINT('',#571);
#3556=VERTEX_POINT('',#113);
#3557=VERTEX_POINT('',#559);
#3558=VERTEX_POINT('',#1779);
#3559=VERTEX_POINT('',#1782);
#3560=VERTEX_POINT('',#1754);
#3561=VERTEX_POINT('',#1757);
#3562=CARTESIAN_POINT('',(-9.296114809963E0,1.671370319349E1,1.E-1));
#3563=VERTEX_POINT('',#3562);
#3564=CARTESIAN_POINT('',(9.296114809963E0,1.671370319349E1,1.E-1));
#3565=VERTEX_POINT('',#3564);
#3566=CARTESIAN_POINT('',(-4.510301083069E0,1.858555377545E1,1.E-1));
#3567=VERTEX_POINT('',#3566);
#3568=VERTEX_POINT('',#1591);
#3569=VERTEX_POINT('',#1594);
#3570=VERTEX_POINT('',#1562);
#3571=VERTEX_POINT('',#1565);
#3572=VERTEX_POINT('',#1571);
#3573=VERTEX_POINT('',#1574);
#3574=VERTEX_POINT('',#1632);
#3575=VERTEX_POINT('',#1635);
#3576=CARTESIAN_POINT('',(2.7E0,1.425E1,-3.05E0));
#3577=CARTESIAN_POINT('',(4.7E0,1.425E1,-3.05E0));
#3578=VERTEX_POINT('',#3576);
#3579=VERTEX_POINT('',#3577);
#3580=CARTESIAN_POINT('',(1.7E0,1.425E1,-3.05E0));
#3581=VERTEX_POINT('',#3580);
#3582=CARTESIAN_POINT('',(5.7E0,1.425E1,-3.05E0));
#3583=VERTEX_POINT('',#3582);
#3584=VERTEX_POINT('',#1617);
#3585=VERTEX_POINT('',#1622);
#3586=VERTEX_POINT('',#2093);
#3587=CARTESIAN_POINT('',(6.5E0,1.722916834542E1,-1.85E0));
#3588=VERTEX_POINT('',#3587);
#3589=CARTESIAN_POINT('',(6.408117567757E0,1.425E1,-3.05E0));
#3590=VERTEX_POINT('',#3589);
#3591=CARTESIAN_POINT('',(6.499999870902E0,1.686621847445E1,-3.141360362286E0));
#3592=VERTEX_POINT('',#3591);
#3593=CARTESIAN_POINT('',(6.667887131911E0,1.729600914743E1,
-6.408314383643E-1));
#3594=VERTEX_POINT('',#3593);
#3595=CARTESIAN_POINT('',(3.454128009811E0,1.823080658365E1,4.104714438449E-1));
#3596=CARTESIAN_POINT('',(6.827162731871E0,1.725349697978E1,4.104714438449E-1));
#3597=VERTEX_POINT('',#3595);
#3598=VERTEX_POINT('',#3596);
#3599=CARTESIAN_POINT('',(3.565803919654E0,1.882022904575E1,1.E0));
#3600=CARTESIAN_POINT('',(6.878739797173E0,1.787732971477E1,1.E0));
#3601=VERTEX_POINT('',#3599);
#3602=VERTEX_POINT('',#3600);
#3603=VERTEX_POINT('',#1416);
#3604=CARTESIAN_POINT('',(-1.34E1,1.25E1,-8.E-1));
#3605=CARTESIAN_POINT('',(-1.16E1,1.25E1,-8.E-1));
#3606=VERTEX_POINT('',#3604);
#3607=VERTEX_POINT('',#3605);
#3608=CARTESIAN_POINT('',(1.16E1,1.25E1,-8.E-1));
#3609=CARTESIAN_POINT('',(1.34E1,1.25E1,-8.E-1));
#3610=VERTEX_POINT('',#3608);
#3611=VERTEX_POINT('',#3609);
#3612=CARTESIAN_POINT('',(-1.342793661559E1,1.25E1,-1.6E0));
#3613=CARTESIAN_POINT('',(-1.157206338441E1,1.25E1,-1.6E0));
#3614=VERTEX_POINT('',#3612);
#3615=VERTEX_POINT('',#3613);
#3616=CARTESIAN_POINT('',(1.157206338441E1,1.25E1,-1.6E0));
#3617=CARTESIAN_POINT('',(1.342793661559E1,1.25E1,-1.6E0));
#3618=VERTEX_POINT('',#3616);
#3619=VERTEX_POINT('',#3617);
#3620=CARTESIAN_POINT('',(1.07E1,1.25E1,-8.E-1));
#3621=CARTESIAN_POINT('',(1.072793661559E1,1.25E1,-1.6E0));
#3622=VERTEX_POINT('',#3620);
#3623=VERTEX_POINT('',#3621);
#3624=CARTESIAN_POINT('',(-1.07E1,1.25E1,-8.E-1));
#3625=CARTESIAN_POINT('',(-1.072793661559E1,1.25E1,-1.6E0));
#3626=VERTEX_POINT('',#3624);
#3627=VERTEX_POINT('',#3625);
#3628=CARTESIAN_POINT('',(-1.041682526898E1,1.25E1,1.E0));
#3629=CARTESIAN_POINT('',(-1.045E1,1.25E1,5.E-2));
#3630=VERTEX_POINT('',#3628);
#3631=VERTEX_POINT('',#3629);
#3632=CARTESIAN_POINT('',(1.041682526898E1,1.25E1,1.E0));
#3633=CARTESIAN_POINT('',(1.045E1,1.25E1,5.E-2));
#3634=VERTEX_POINT('',#3632);
#3635=VERTEX_POINT('',#3633);
#3636=CARTESIAN_POINT('',(-1.045008762735E1,1.574997698585E1,
5.065903902048E-2));
#3637=VERTEX_POINT('',#3636);
#3638=CARTESIAN_POINT('',(1.045008762735E1,1.574997698585E1,5.065903902045E-2));
#3639=VERTEX_POINT('',#3638);
#3640=CARTESIAN_POINT('',(-9.984176143891E0,1.575E1,5.E-2));
#3641=VERTEX_POINT('',#3640);
#3642=CARTESIAN_POINT('',(9.984176143891E0,1.575E1,5.E-2));
#3643=VERTEX_POINT('',#3642);
#3644=CARTESIAN_POINT('',(1.041682526898E1,1.719010620431E1,1.E0));
#3645=VERTEX_POINT('',#3644);
#3646=CARTESIAN_POINT('',(-1.041682526898E1,1.719010620431E1,1.E0));
#3647=VERTEX_POINT('',#3646);
#3648=VERTEX_POINT('',#670);
#3649=VERTEX_POINT('',#676);
#3650=CARTESIAN_POINT('',(1.715908406629E1,1.196431288647E1,5.261679781216E-1));
#3651=VERTEX_POINT('',#3650);
#3652=VERTEX_POINT('',#1924);
#3653=VERTEX_POINT('',#687);
#3654=VERTEX_POINT('',#690);
#3655=VERTEX_POINT('',#2190);
#3656=VERTEX_POINT('',#685);
#3657=VERTEX_POINT('',#1926);
#3658=VERTEX_POINT('',#1929);
#3659=VERTEX_POINT('',#1911);
#3660=VERTEX_POINT('',#1934);
#3661=VERTEX_POINT('',#296);
#3662=VERTEX_POINT('',#299);
#3663=VERTEX_POINT('',#286);
#3664=VERTEX_POINT('',#289);
#3665=CARTESIAN_POINT('',(-1.602200542649E1,1.197060324769E1,-8.E-1));
#3666=VERTEX_POINT('',#3665);
#3667=CARTESIAN_POINT('',(1.602200542649E1,1.197060324769E1,-8.E-1));
#3668=VERTEX_POINT('',#3667);
#3669=CARTESIAN_POINT('',(-1.412141292779E1,1.539420513393E1,-1.6E0));
#3670=CARTESIAN_POINT('',(-1.350129743358E1,1.477408963972E1,-1.6E0));
#3671=VERTEX_POINT('',#3669);
#3672=VERTEX_POINT('',#3670);
#3673=CARTESIAN_POINT('',(1.350129743358E1,1.477408963972E1,-1.6E0));
#3674=CARTESIAN_POINT('',(1.412141292779E1,1.539420513393E1,-1.6E0));
#3675=VERTEX_POINT('',#3673);
#3676=VERTEX_POINT('',#3674);
#3677=VERTEX_POINT('',#271);
#3678=VERTEX_POINT('',#274);
#3679=VERTEX_POINT('',#291);
#3680=VERTEX_POINT('',#294);
#3681=VERTEX_POINT('',#719);
#3682=VERTEX_POINT('',#723);
#3683=VERTEX_POINT('',#2002);
#3684=VERTEX_POINT('',#1948);
#3685=VERTEX_POINT('',#778);
#3686=VERTEX_POINT('',#782);
#3687=CARTESIAN_POINT('',(-1.024855854802E1,7.751746038475E0,1.E-1));
#3688=VERTEX_POINT('',#3687);
#3689=VERTEX_POINT('',#1954);
#3690=VERTEX_POINT('',#1958);
#3691=VERTEX_POINT('',#758);
#3692=VERTEX_POINT('',#762);
#3693=CARTESIAN_POINT('',(1.069120528152E1,1.153524009910E1,5.E-2));
#3694=VERTEX_POINT('',#3693);
#3695=VERTEX_POINT('',#1977);
#3696=VERTEX_POINT('',#1992);
#3697=VERTEX_POINT('',#1996);
#3698=CARTESIAN_POINT('',(1.021712985547E1,7.783174731017E0,1.E0));
#3699=CARTESIAN_POINT('',(1.024855854802E1,7.751746038475E0,1.E-1));
#3700=VERTEX_POINT('',#3698);
#3701=VERTEX_POINT('',#3699);
#3702=VERTEX_POINT('',#772);
#3703=CARTESIAN_POINT('',(-1.559510115458E1,1.252169397400E1,-8.E-1));
#3704=VERTEX_POINT('',#3703);
#3705=CARTESIAN_POINT('',(1.559510115458E1,1.252169397399E1,-8.E-1));
#3706=VERTEX_POINT('',#3705);
#3707=CARTESIAN_POINT('',(6.416917610628E0,1.485E1,-1.85E0));
#3708=CARTESIAN_POINT('',(-2.016917610628E0,1.485E1,-1.85E0));
#3709=VERTEX_POINT('',#3707);
#3710=VERTEX_POINT('',#3708);
#3711=VERTEX_POINT('',#1509);
#3712=CARTESIAN_POINT('',(-2.003310656279E0,1.425E1,-2.45E0));
#3713=VERTEX_POINT('',#3712);
#3714=VERTEX_POINT('',#445);
#3715=VERTEX_POINT('',#451);
#3716=VERTEX_POINT('',#457);
#3717=CARTESIAN_POINT('',(1.083178170531E1,1.779487151888E1,-4.910471443862E0));
#3718=VERTEX_POINT('',#3717);
#3719=CARTESIAN_POINT('',(1.057974969396E1,1.724583355564E1,-5.5E0));
#3720=VERTEX_POINT('',#3719);
#3721=CARTESIAN_POINT('',(-1.057973946518E1,1.724579934091E1,
-5.500000008747E0));
#3722=VERTEX_POINT('',#3721);
#3723=CARTESIAN_POINT('',(-1.065001541699E1,1.784514894613E1,
-4.928783809313E0));
#3724=CARTESIAN_POINT('',(1.065001561284E1,1.784514855124E1,-4.928791344306E0));
#3725=VERTEX_POINT('',#3723);
#3726=VERTEX_POINT('',#3724);
#3727=CARTESIAN_POINT('',(-1.395201851107E1,1.547016893094E1,
-4.910471443862E0));
#3728=CARTESIAN_POINT('',(-1.083178170526E1,1.779487151891E1,
-4.910471443862E0));
#3729=VERTEX_POINT('',#3727);
#3730=VERTEX_POINT('',#3728);
#3731=VERTEX_POINT('',#383);
#3732=VERTEX_POINT('',#377);
#3733=CARTESIAN_POINT('',(1.613959633312E0,1.671387373303E1,-5.497396729338E0));
#3734=VERTEX_POINT('',#3733);
#3735=CARTESIAN_POINT('',(2.786040366688E0,1.671387373303E1,-5.497396729338E0));
#3736=VERTEX_POINT('',#3735);
#3737=CARTESIAN_POINT('',(4.613959633312E0,1.671387373303E1,-5.497396729338E0));
#3738=VERTEX_POINT('',#3737);
#3739=CARTESIAN_POINT('',(5.786040366688E0,1.671387373303E1,-5.497396729338E0));
#3740=VERTEX_POINT('',#3739);
#3741=VERTEX_POINT('',#1652);
#3742=VERTEX_POINT('',#1655);
#3743=CARTESIAN_POINT('',(1.685362144679E0,1.466917333248E1,-4.488472484601E0));
#3744=VERTEX_POINT('',#3743);
#3745=VERTEX_POINT('',#1685);
#3746=VERTEX_POINT('',#1691);
#3747=VERTEX_POINT('',#1694);
#3748=CARTESIAN_POINT('',(2.732374477402E0,1.517708373480E1,-5.016269484985E0));
#3749=VERTEX_POINT('',#3748);
#3750=VERTEX_POINT('',#1668);
#3751=VERTEX_POINT('',#1728);
#3752=VERTEX_POINT('',#1731);
#3753=CARTESIAN_POINT('',(5.732374477402E0,1.517708373480E1,-5.016269484985E0));
#3754=VERTEX_POINT('',#3753);
#3755=VERTEX_POINT('',#2226);
#3756=VERTEX_POINT('',#2232);
#3757=VERTEX_POINT('',#2235);
#3758=CARTESIAN_POINT('',(4.685362144679E0,1.466917333248E1,-4.488472484601E0));
#3759=VERTEX_POINT('',#3758);
#3760=VERTEX_POINT('',#1744);
#3761=CARTESIAN_POINT('',(1.087021209195E1,1.582470325568E1,-1.6E0));
#3762=CARTESIAN_POINT('',(1.080213733873E1,1.664381027068E1,-5.5E0));
#3763=VERTEX_POINT('',#3761);
#3764=VERTEX_POINT('',#3762);
#3765=CARTESIAN_POINT('',(9.952963601459E0,1.664381027068E1,-5.5E0));
#3766=VERTEX_POINT('',#3765);
#3767=CARTESIAN_POINT('',(9.982283009222E0,1.580421228387E1,-1.502436691924E0));
#3768=VERTEX_POINT('',#3767);
#3769=CARTESIAN_POINT('',(1.072452962980E1,1.580421228387E1,-1.502436691924E0));
#3770=VERTEX_POINT('',#3769);
#3771=CARTESIAN_POINT('',(-9.982283009222E0,1.580421228387E1,
-1.502436691924E0));
#3772=CARTESIAN_POINT('',(-9.952963601459E0,1.664381027068E1,-5.5E0));
#3773=VERTEX_POINT('',#3771);
#3774=VERTEX_POINT('',#3772);
#3775=CARTESIAN_POINT('',(-1.080213733873E1,1.664381027068E1,-5.5E0));
#3776=VERTEX_POINT('',#3775);
#3777=CARTESIAN_POINT('',(-1.087021209195E1,1.582470325568E1,-1.6E0));
#3778=VERTEX_POINT('',#3777);
#3779=CARTESIAN_POINT('',(-1.072452962980E1,1.580421228387E1,
-1.502436691924E0));
#3780=VERTEX_POINT('',#3779);
#3781=CARTESIAN_POINT('',(-9.950522886813E0,1.671370319349E1,-5.5E0));
#3782=VERTEX_POINT('',#3781);
#3783=CARTESIAN_POINT('',(9.950522886813E0,1.671370319349E1,-5.5E0));
#3784=VERTEX_POINT('',#3783);
#3785=VERTEX_POINT('',#1610);
#3786=VERTEX_POINT('',#1615);
#3787=VERTEX_POINT('',#2313);
#3788=VERTEX_POINT('',#2316);
#3789=VERTEX_POINT('',#1580);
#3790=VERTEX_POINT('',#1467);
#3791=VERTEX_POINT('',#1472);
#3792=VERTEX_POINT('',#1442);
#3793=VERTEX_POINT('',#1450);
#3794=CARTESIAN_POINT('',(-3.E-1,1.425E1,-3.05E0));
#3795=CARTESIAN_POINT('',(-2.139655886842E-1,1.671370319349E1,
-3.136034411316E0));
#3796=VERTEX_POINT('',#3794);
#3797=VERTEX_POINT('',#3795);
#3798=CARTESIAN_POINT('',(-1.3E0,1.425E1,-3.05E0));
#3799=CARTESIAN_POINT('',(-1.386034411316E0,1.671370319349E1,
-3.136034411316E0));
#3800=VERTEX_POINT('',#3798);
#3801=VERTEX_POINT('',#3799);
#3802=CARTESIAN_POINT('',(-1.386034411316E0,1.671370319349E1,
-5.494782976326E0));
#3803=CARTESIAN_POINT('',(-2.139655886842E-1,1.671370319349E1,
-5.494782976326E0));
#3804=VERTEX_POINT('',#3802);
#3805=VERTEX_POINT('',#3803);
#3806=VERTEX_POINT('',#2352);
#3807=VERTEX_POINT('',#2355);
#3808=CARTESIAN_POINT('',(-2.676255225976E-1,1.517708373480E1,
-5.016269484985E0));
#3809=VERTEX_POINT('',#3808);
#3810=VERTEX_POINT('',#2329);
#3811=VERTEX_POINT('',#2335);
#3812=VERTEX_POINT('',#2338);
#3813=CARTESIAN_POINT('',(-1.314637855321E0,1.466917333248E1,
-4.488472484601E0));
#3814=VERTEX_POINT('',#3813);
#3815=VERTEX_POINT('',#2368);
#3816=VERTEX_POINT('',#2196);
#3817=VERTEX_POINT('',#2201);
#3818=VERTEX_POINT('',#3527);
#3819=VERTEX_POINT('',#3532);
#3820=CARTESIAN_POINT('',(6.8E0,1.085E1,1.E-1));
#3821=CARTESIAN_POINT('',(6.878739797173E0,1.077126020283E1,1.E0));
#3822=VERTEX_POINT('',#3820);
#3823=VERTEX_POINT('',#3821);
#3824=CARTESIAN_POINT('',(-2.4E0,1.085E1,1.E-1));
#3825=CARTESIAN_POINT('',(-2.478739797173E0,1.077126020283E1,1.E0));
#3826=VERTEX_POINT('',#3824);
#3827=VERTEX_POINT('',#3825);
#3828=CARTESIAN_POINT('',(-9.950522886813E0,1.671370319349E1,1.E-1));
#3829=VERTEX_POINT('',#3828);
#3830=CARTESIAN_POINT('',(9.950522886813E0,1.671370319349E1,1.E-1));
#3831=VERTEX_POINT('',#3830);
#3832=CARTESIAN_POINT('',(1.069746372401E1,1.577976421726E1,
-8.023356642327E-1));
#3833=VERTEX_POINT('',#3832);
#3834=CARTESIAN_POINT('',(-1.069746372401E1,1.577976421726E1,
-8.023356642327E-1));
#3835=VERTEX_POINT('',#3834);
#3836=CARTESIAN_POINT('',(1.072793661559E1,1.582470325568E1,-1.6E0));
#3837=VERTEX_POINT('',#3836);
#3838=CARTESIAN_POINT('',(-1.072793661559E1,1.582470325568E1,-1.6E0));
#3839=VERTEX_POINT('',#3838);
#3840=VERTEX_POINT('',#2064);
#3841=CARTESIAN_POINT('',(6.160860816604E0,1.641491632276E1,-1.85E0));
#3842=CARTESIAN_POINT('',(6.467432737742E0,1.629656398348E1,-1.85E0));
#3843=VERTEX_POINT('',#3841);
#3844=VERTEX_POINT('',#3842);
#3845=CARTESIAN_POINT('',(6.512194057275E0,1.735100412278E1,
-8.674524064534E-1));
#3846=CARTESIAN_POINT('',(6.640071948214E0,1.730246976679E1,
-8.674524064534E-1));
#3847=VERTEX_POINT('',#3845);
#3848=VERTEX_POINT('',#3846);
#3849=VERTEX_POINT('',#1487);
#3850=VERTEX_POINT('',#1460);
#3851=VERTEX_POINT('',#2127);
#3852=CARTESIAN_POINT('',(1.717081145262E1,1.195904925396E1,4.000000000001E-1));
#3853=VERTEX_POINT('',#3852);
#3854=VERTEX_POINT('',#695);
#3855=VERTEX_POINT('',#1524);
#3856=VERTEX_POINT('',#1555);
#3857=VERTEX_POINT('',#2410);
#3858=VERTEX_POINT('',#2429);
#3859=CARTESIAN_POINT('',(-8.813428431600E0,8.379322836131E0,9.E-1));
#3860=CARTESIAN_POINT('',(-7.866276007391E0,8.379322836131E0,9.E-1));
#3861=VERTEX_POINT('',#3859);
#3862=VERTEX_POINT('',#3860);
#3863=VERTEX_POINT('',#2536);
#3864=CARTESIAN_POINT('',(-7.819581763585E0,1.069718636304E1,9.E-1));
#3865=VERTEX_POINT('',#3864);
#3866=VERTEX_POINT('',#2526);
#3867=CARTESIAN_POINT('',(-8.347557489639E0,1.074388060685E1,9.E-1));
#3868=VERTEX_POINT('',#3867);
#3869=VERTEX_POINT('',#2516);
#3870=CARTESIAN_POINT('',(-8.394251733446E0,8.954157695883E0,9.E-1));
#3871=VERTEX_POINT('',#3870);
#3872=VERTEX_POINT('',#2506);
#3873=CARTESIAN_POINT('',(-8.803432975698E0,8.906263472889E0,9.E-1));
#3874=VERTEX_POINT('',#3873);
#3875=VERTEX_POINT('',#2494);
#3876=CARTESIAN_POINT('',(-9.210304401455E0,1.069718636304E1,9.E-1));
#3877=VERTEX_POINT('',#3876);
#3878=VERTEX_POINT('',#2484);
#3879=CARTESIAN_POINT('',(-9.733901100405E0,1.074388060685E1,9.E-1));
#3880=VERTEX_POINT('',#3879);
#3881=VERTEX_POINT('',#2474);
#3882=CARTESIAN_POINT('',(-9.780595344211E0,9.346503497650E0,9.E-1));
#3883=VERTEX_POINT('',#3882);
#3884=VERTEX_POINT('',#2464);
#3885=CARTESIAN_POINT('',(-7.537116726546E0,1.069718719989E1,9.E-1));
#3886=CARTESIAN_POINT('',(-7.537116726546E0,8.426017079937E0,9.E-1));
#3887=VERTEX_POINT('',#3885);
#3888=VERTEX_POINT('',#3886);
#3889=VERTEX_POINT('',#2634);
#3890=CARTESIAN_POINT('',(-6.990170434165E0,8.379322836131E0,9.E-1));
#3891=VERTEX_POINT('',#3890);
#3892=VERTEX_POINT('',#2624);
#3893=CARTESIAN_POINT('',(-6.966823312262E0,9.807370761680E0,9.E-1));
#3894=VERTEX_POINT('',#3893);
#3895=VERTEX_POINT('',#2614);
#3896=CARTESIAN_POINT('',(-6.026824070687E0,8.400569610823E0,9.E-1));
#3897=VERTEX_POINT('',#3896);
#3898=VERTEX_POINT('',#2605);
#3899=CARTESIAN_POINT('',(-5.489414766696E0,8.379322836131E0,9.E-1));
#3900=VERTEX_POINT('',#3899);
#3901=VERTEX_POINT('',#2595);
#3902=CARTESIAN_POINT('',(-5.442720522889E0,1.069718719989E1,9.E-1));
#3903=VERTEX_POINT('',#3902);
#3904=VERTEX_POINT('',#2585);
#3905=CARTESIAN_POINT('',(-5.966319693367E0,1.074388144370E1,9.E-1));
#3906=VERTEX_POINT('',#3905);
#3907=VERTEX_POINT('',#2575);
#3908=CARTESIAN_POINT('',(-6.013013937173E0,9.309315540500E0,9.E-1));
#3909=VERTEX_POINT('',#3908);
#3910=VERTEX_POINT('',#2565);
#3911=CARTESIAN_POINT('',(-6.946123117291E0,1.071188965262E1,9.E-1));
#3912=VERTEX_POINT('',#3911);
#3913=VERTEX_POINT('',#2556);
#3914=CARTESIAN_POINT('',(-7.490422482739E0,1.074388144370E1,9.E-1));
#3915=VERTEX_POINT('',#3914);
#3916=CARTESIAN_POINT('',(-6.781829306263E0,9.183373100731E0,9.E-1));
#3917=CARTESIAN_POINT('',(-6.781829306263E0,8.402669958034E0,9.E-1));
#3918=VERTEX_POINT('',#3916);
#3919=VERTEX_POINT('',#3917);
#3920=VERTEX_POINT('',#2664);
#3921=CARTESIAN_POINT('',(-6.255122674406E0,8.379322836131E0,9.E-1));
#3922=VERTEX_POINT('',#3921);
#3923=VERTEX_POINT('',#2654);
#3924=CARTESIAN_POINT('',(-6.760368056126E0,9.189734953111E0,9.E-1));
#3925=VERTEX_POINT('',#3924);
#3926=CARTESIAN_POINT('',(-5.160255485850E0,1.069718719989E1,9.E-1));
#3927=CARTESIAN_POINT('',(-5.160255485850E0,8.426017079937E0,9.E-1));
#3928=VERTEX_POINT('',#3926);
#3929=VERTEX_POINT('',#3927);
#3930=VERTEX_POINT('',#2741);
#3931=CARTESIAN_POINT('',(-4.687437081546E0,8.379322836131E0,9.E-1));
#3932=VERTEX_POINT('',#3931);
#3933=VERTEX_POINT('',#2731);
#3934=CARTESIAN_POINT('',(-4.640742837740E0,8.781196800358E0,9.E-1));
#3935=VERTEX_POINT('',#3934);
#3936=VERTEX_POINT('',#2721);
#3937=CARTESIAN_POINT('',(-3.683452731311E0,8.816217483214E0,9.E-1));
#3938=VERTEX_POINT('',#3937);
#3939=VERTEX_POINT('',#2712);
#3940=CARTESIAN_POINT('',(-3.334965034411E0,8.415101087402E0,9.E-1));
#3941=VERTEX_POINT('',#3940);
#3942=VERTEX_POINT('',#2703);
#3943=CARTESIAN_POINT('',(-2.742586227589E0,8.379322836131E0,9.E-1));
#3944=VERTEX_POINT('',#3943);
#3945=VERTEX_POINT('',#2693);
#3946=CARTESIAN_POINT('',(-4.519913271149E0,1.070810319242E1,9.E-1));
#3947=VERTEX_POINT('',#3946);
#3948=VERTEX_POINT('',#2684);
#3949=CARTESIAN_POINT('',(-5.113561242043E0,1.074388144370E1,9.E-1));
#3950=VERTEX_POINT('',#3949);
#3951=CARTESIAN_POINT('',(-4.018396990460E0,9.256452977180E0,9.E-1));
#3952=CARTESIAN_POINT('',(-4.617442893355E0,9.256452977180E0,9.E-1));
#3953=VERTEX_POINT('',#3951);
#3954=VERTEX_POINT('',#3952);
#3955=VERTEX_POINT('',#2771);
#3956=CARTESIAN_POINT('',(-4.642346358841E0,1.004919792892E1,9.E-1));
#3957=VERTEX_POINT('',#3956);
#3958=VERTEX_POINT('',#2761);
#3959=CARTESIAN_POINT('',(-4.009209623527E0,9.275328226414E0,9.E-1));
#3960=VERTEX_POINT('',#3959);
#3961=CARTESIAN_POINT('',(-2.121852092452E0,8.378995665125E0,9.E-1));
#3962=CARTESIAN_POINT('',(-2.121852092452E0,9.818235755309E0,9.E-1));
#3963=VERTEX_POINT('',#3961);
#3964=VERTEX_POINT('',#3962);
#3965=CARTESIAN_POINT('',(-2.454433248427E0,9.818235755309E0,9.E-1));
#3966=VERTEX_POINT('',#3965);
#3967=CARTESIAN_POINT('',(-2.454433248427E0,8.378995665125E0,9.E-1));
#3968=VERTEX_POINT('',#3967);
#3969=CARTESIAN_POINT('',(-1.880682131395E0,9.464260489886E0,9.E-1));
#3970=CARTESIAN_POINT('',(-1.880682131395E0,8.378995665125E0,9.E-1));
#3971=VERTEX_POINT('',#3969);
#3972=VERTEX_POINT('',#3970);
#3973=CARTESIAN_POINT('',(-1.548100975420E0,8.378995665125E0,9.E-1));
#3974=VERTEX_POINT('',#3973);
#3975=CARTESIAN_POINT('',(-1.548100975420E0,9.464260489886E0,9.E-1));
#3976=VERTEX_POINT('',#3975);
#3977=VERTEX_POINT('',#2809);
#3978=VERTEX_POINT('',#2815);
#3979=CARTESIAN_POINT('',(-9.743498583868E-1,9.464260489886E0,9.E-1));
#3980=VERTEX_POINT('',#3979);
#3981=CARTESIAN_POINT('',(-1.306931014362E0,9.464260489886E0,9.E-1));
#3982=VERTEX_POINT('',#3981);
#3983=CARTESIAN_POINT('',(-1.306931014362E0,8.378995665125E0,9.E-1));
#3984=VERTEX_POINT('',#3983);
#3985=CARTESIAN_POINT('',(-9.743498583868E-1,8.378995665125E0,9.E-1));
#3986=VERTEX_POINT('',#3985);
#3987=CARTESIAN_POINT('',(-9.743498583868E-1,8.968306134484E0,9.E-1));
#3988=VERTEX_POINT('',#3987);
#3989=VERTEX_POINT('',#2839);
#3990=CARTESIAN_POINT('',(-5.581371836579E-1,8.378995665125E0,9.E-1));
#3991=VERTEX_POINT('',#3990);
#3992=CARTESIAN_POINT('',(-2.275009467238E-1,8.378995665125E0,9.E-1));
#3993=VERTEX_POINT('',#3992);
#3994=CARTESIAN_POINT('',(-2.275009467238E-1,9.013039272423E0,9.E-1));
#3995=VERTEX_POINT('',#3994);
#3996=CARTESIAN_POINT('',(6.652168929984E-1,9.464260489886E0,9.E-1));
#3997=CARTESIAN_POINT('',(3.365255751051E-1,9.022763867626E0,9.E-1));
#3998=VERTEX_POINT('',#3996);
#3999=VERTEX_POINT('',#3997);
#4000=CARTESIAN_POINT('',(3.365255751051E-1,9.818235755309E0,9.E-1));
#4001=VERTEX_POINT('',#4000);
#4002=CARTESIAN_POINT('',(3.944419130125E-3,9.818235755309E0,9.E-1));
#4003=VERTEX_POINT('',#4002);
#4004=CARTESIAN_POINT('',(3.944419130125E-3,8.378995665125E0,9.E-1));
#4005=VERTEX_POINT('',#4004);
#4006=CARTESIAN_POINT('',(3.365255751051E-1,8.378995665125E0,9.E-1));
#4007=VERTEX_POINT('',#4006);
#4008=CARTESIAN_POINT('',(3.365255751051E-1,8.834106720670E0,9.E-1));
#4009=VERTEX_POINT('',#4008);
#4010=CARTESIAN_POINT('',(6.671618120392E-1,8.378995665125E0,9.E-1));
#4011=VERTEX_POINT('',#4010);
#4012=CARTESIAN_POINT('',(1.079484648687E0,8.378995665125E0,9.E-1));
#4013=VERTEX_POINT('',#4012);
#4014=CARTESIAN_POINT('',(6.243735931419E-1,8.919683158465E0,9.E-1));
#4015=VERTEX_POINT('',#4014);
#4016=CARTESIAN_POINT('',(1.075594810605E0,9.464260489886E0,9.E-1));
#4017=VERTEX_POINT('',#4016);
#4018=VERTEX_POINT('',#788);
#4019=VERTEX_POINT('',#807);
#4020=CARTESIAN_POINT('',(-8.813428431600E0,8.379322836131E0,1.E0));
#4021=CARTESIAN_POINT('',(-7.866276007391E0,8.379322836131E0,1.E0));
#4022=VERTEX_POINT('',#4020);
#4023=VERTEX_POINT('',#4021);
#4024=VERTEX_POINT('',#832);
#4025=CARTESIAN_POINT('',(-7.819581763585E0,1.069718636304E1,1.E0));
#4026=VERTEX_POINT('',#4025);
#4027=VERTEX_POINT('',#842);
#4028=CARTESIAN_POINT('',(-8.347557489639E0,1.074388060685E1,1.E0));
#4029=VERTEX_POINT('',#4028);
#4030=VERTEX_POINT('',#852);
#4031=CARTESIAN_POINT('',(-8.394251733446E0,8.954157695883E0,1.E0));
#4032=VERTEX_POINT('',#4031);
#4033=VERTEX_POINT('',#862);
#4034=CARTESIAN_POINT('',(-8.803432975698E0,8.906263472889E0,1.E0));
#4035=VERTEX_POINT('',#4034);
#4036=VERTEX_POINT('',#872);
#4037=CARTESIAN_POINT('',(-9.210304401455E0,1.069718636304E1,1.E0));
#4038=VERTEX_POINT('',#4037);
#4039=VERTEX_POINT('',#884);
#4040=CARTESIAN_POINT('',(-9.733901100405E0,1.074388060685E1,1.E0));
#4041=VERTEX_POINT('',#4040);
#4042=VERTEX_POINT('',#894);
#4043=CARTESIAN_POINT('',(-9.780595344211E0,9.346503497650E0,1.E0));
#4044=VERTEX_POINT('',#4043);
#4045=VERTEX_POINT('',#904);
#4046=CARTESIAN_POINT('',(-7.537116726546E0,1.069718719989E1,1.E0));
#4047=CARTESIAN_POINT('',(-7.537116726546E0,8.426017079937E0,1.E0));
#4048=VERTEX_POINT('',#4046);
#4049=VERTEX_POINT('',#4047);
#4050=VERTEX_POINT('',#924);
#4051=CARTESIAN_POINT('',(-6.990170434165E0,8.379322836131E0,1.E0));
#4052=VERTEX_POINT('',#4051);
#4053=VERTEX_POINT('',#934);
#4054=CARTESIAN_POINT('',(-6.966823312262E0,9.807370761680E0,1.E0));
#4055=VERTEX_POINT('',#4054);
#4056=VERTEX_POINT('',#944);
#4057=CARTESIAN_POINT('',(-6.026824070687E0,8.400569610823E0,1.E0));
#4058=VERTEX_POINT('',#4057);
#4059=VERTEX_POINT('',#954);
#4060=CARTESIAN_POINT('',(-5.489414766696E0,8.379322836131E0,1.E0));
#4061=VERTEX_POINT('',#4060);
#4062=VERTEX_POINT('',#963);
#4063=CARTESIAN_POINT('',(-5.442720522889E0,1.069718719989E1,1.E0));
#4064=VERTEX_POINT('',#4063);
#4065=VERTEX_POINT('',#973);
#4066=CARTESIAN_POINT('',(-5.966319693367E0,1.074388144370E1,1.E0));
#4067=VERTEX_POINT('',#4066);
#4068=VERTEX_POINT('',#983);
#4069=CARTESIAN_POINT('',(-6.013013937173E0,9.309315540500E0,1.E0));
#4070=VERTEX_POINT('',#4069);
#4071=VERTEX_POINT('',#993);
#4072=CARTESIAN_POINT('',(-6.946123117291E0,1.071188965262E1,1.E0));
#4073=VERTEX_POINT('',#4072);
#4074=VERTEX_POINT('',#1003);
#4075=CARTESIAN_POINT('',(-7.490422482739E0,1.074388144370E1,1.E0));
#4076=VERTEX_POINT('',#4075);
#4077=CARTESIAN_POINT('',(-6.781829306263E0,9.183373100731E0,1.E0));
#4078=CARTESIAN_POINT('',(-6.781829306263E0,8.402669958034E0,1.E0));
#4079=VERTEX_POINT('',#4077);
#4080=VERTEX_POINT('',#4078);
#4081=VERTEX_POINT('',#1022);
#4082=CARTESIAN_POINT('',(-6.255122674406E0,8.379322836131E0,1.E0));
#4083=VERTEX_POINT('',#4082);
#4084=VERTEX_POINT('',#1032);
#4085=CARTESIAN_POINT('',(-6.760368056126E0,9.189734953111E0,1.E0));
#4086=VERTEX_POINT('',#4085);
#4087=CARTESIAN_POINT('',(-5.160255485850E0,1.069718719989E1,1.E0));
#4088=CARTESIAN_POINT('',(-5.160255485850E0,8.426017079937E0,1.E0));
#4089=VERTEX_POINT('',#4087);
#4090=VERTEX_POINT('',#4088);
#4091=VERTEX_POINT('',#1052);
#4092=CARTESIAN_POINT('',(-4.687437081546E0,8.379322836131E0,1.E0));
#4093=VERTEX_POINT('',#4092);
#4094=VERTEX_POINT('',#1062);
#4095=CARTESIAN_POINT('',(-4.640742837740E0,8.781196800358E0,1.E0));
#4096=VERTEX_POINT('',#4095);
#4097=VERTEX_POINT('',#1072);
#4098=CARTESIAN_POINT('',(-3.683452731311E0,8.816217483214E0,1.E0));
#4099=VERTEX_POINT('',#4098);
#4100=VERTEX_POINT('',#1082);
#4101=CARTESIAN_POINT('',(-3.334965034411E0,8.415101087402E0,1.E0));
#4102=VERTEX_POINT('',#4101);
#4103=VERTEX_POINT('',#1091);
#4104=CARTESIAN_POINT('',(-2.742586227589E0,8.379322836131E0,1.E0));
#4105=VERTEX_POINT('',#4104);
#4106=VERTEX_POINT('',#1100);
#4107=CARTESIAN_POINT('',(-4.519913271149E0,1.070810319242E1,1.E0));
#4108=VERTEX_POINT('',#4107);
#4109=VERTEX_POINT('',#1110);
#4110=CARTESIAN_POINT('',(-5.113561242043E0,1.074388144370E1,1.E0));
#4111=VERTEX_POINT('',#4110);
#4112=CARTESIAN_POINT('',(-4.018396990460E0,9.256452977180E0,1.E0));
#4113=CARTESIAN_POINT('',(-4.617442893355E0,9.256452977180E0,1.E0));
#4114=VERTEX_POINT('',#4112);
#4115=VERTEX_POINT('',#4113);
#4116=VERTEX_POINT('',#1129);
#4117=CARTESIAN_POINT('',(-4.642346358841E0,1.004919792892E1,1.E0));
#4118=VERTEX_POINT('',#4117);
#4119=VERTEX_POINT('',#1139);
#4120=CARTESIAN_POINT('',(-4.009209623527E0,9.275328226414E0,1.E0));
#4121=VERTEX_POINT('',#4120);
#4122=CARTESIAN_POINT('',(-2.121852092452E0,8.378995665125E0,1.E0));
#4123=CARTESIAN_POINT('',(-2.121852092452E0,9.818235755309E0,1.E0));
#4124=VERTEX_POINT('',#4122);
#4125=VERTEX_POINT('',#4123);
#4126=CARTESIAN_POINT('',(-2.454433248427E0,9.818235755309E0,1.E0));
#4127=VERTEX_POINT('',#4126);
#4128=CARTESIAN_POINT('',(-2.454433248427E0,8.378995665125E0,1.E0));
#4129=VERTEX_POINT('',#4128);
#4130=CARTESIAN_POINT('',(-1.880682131395E0,9.464260489886E0,1.E0));
#4131=CARTESIAN_POINT('',(-1.880682131395E0,8.378995665125E0,1.E0));
#4132=VERTEX_POINT('',#4130);
#4133=VERTEX_POINT('',#4131);
#4134=CARTESIAN_POINT('',(-1.548100975420E0,8.378995665125E0,1.E0));
#4135=VERTEX_POINT('',#4134);
#4136=CARTESIAN_POINT('',(-1.548100975420E0,9.464260489886E0,1.E0));
#4137=VERTEX_POINT('',#4136);
#4138=VERTEX_POINT('',#1187);
#4139=VERTEX_POINT('',#1193);
#4140=CARTESIAN_POINT('',(-9.743498583868E-1,9.464260489886E0,1.E0));
#4141=VERTEX_POINT('',#4140);
#4142=CARTESIAN_POINT('',(-1.306931014362E0,9.464260489886E0,1.E0));
#4143=VERTEX_POINT('',#4142);
#4144=CARTESIAN_POINT('',(-1.306931014362E0,8.378995665125E0,1.E0));
#4145=VERTEX_POINT('',#4144);
#4146=CARTESIAN_POINT('',(-9.743498583868E-1,8.378995665125E0,1.E0));
#4147=VERTEX_POINT('',#4146);
#4148=CARTESIAN_POINT('',(-9.743498583868E-1,8.968306134484E0,1.E0));
#4149=VERTEX_POINT('',#4148);
#4150=VERTEX_POINT('',#1215);
#4151=CARTESIAN_POINT('',(-5.581371836579E-1,8.378995665125E0,1.E0));
#4152=VERTEX_POINT('',#4151);
#4153=CARTESIAN_POINT('',(-2.275009467238E-1,8.378995665125E0,1.E0));
#4154=VERTEX_POINT('',#4153);
#4155=CARTESIAN_POINT('',(-2.275009467238E-1,9.013039272423E0,1.E0));
#4156=VERTEX_POINT('',#4155);
#4157=CARTESIAN_POINT('',(6.652168929984E-1,9.464260489886E0,1.E0));
#4158=CARTESIAN_POINT('',(3.365255751051E-1,9.022763867626E0,1.E0));
#4159=VERTEX_POINT('',#4157);
#4160=VERTEX_POINT('',#4158);
#4161=CARTESIAN_POINT('',(3.365255751051E-1,9.818235755309E0,1.E0));
#4162=VERTEX_POINT('',#4161);
#4163=CARTESIAN_POINT('',(3.944419130125E-3,9.818235755309E0,1.E0));
#4164=VERTEX_POINT('',#4163);
#4165=CARTESIAN_POINT('',(3.944419130125E-3,8.378995665125E0,1.E0));
#4166=VERTEX_POINT('',#4165);
#4167=CARTESIAN_POINT('',(3.365255751051E-1,8.378995665125E0,1.E0));
#4168=VERTEX_POINT('',#4167);
#4169=CARTESIAN_POINT('',(3.365255751051E-1,8.834106720670E0,1.E0));
#4170=VERTEX_POINT('',#4169);
#4171=CARTESIAN_POINT('',(6.671618120392E-1,8.378995665125E0,1.E0));
#4172=VERTEX_POINT('',#4171);
#4173=CARTESIAN_POINT('',(1.079484648687E0,8.378995665125E0,1.E0));
#4174=VERTEX_POINT('',#4173);
#4175=CARTESIAN_POINT('',(6.243735931419E-1,8.919683158465E0,1.E0));
#4176=VERTEX_POINT('',#4175);
#4177=CARTESIAN_POINT('',(1.075594810605E0,9.464260489886E0,1.E0));
#4178=VERTEX_POINT('',#4177);
#4179=CARTESIAN_POINT('',(9.883491935651E0,9.883161796469E0,9.E-1));
#4180=CARTESIAN_POINT('',(1.962817982009E0,9.883161796486E0,9.E-1));
#4181=VERTEX_POINT('',#4179);
#4182=VERTEX_POINT('',#4180);
#4183=VERTEX_POINT('',#3371);
#4184=CARTESIAN_POINT('',(1.679484648687E0,8.597402957276E0,9.E-1));
#4185=VERTEX_POINT('',#4184);
#4186=VERTEX_POINT('',#3359);
#4187=CARTESIAN_POINT('',(9.883491935649E0,8.314069623915E0,9.E-1));
#4188=VERTEX_POINT('',#4187);
#4189=VERTEX_POINT('',#3347);
#4190=CARTESIAN_POINT('',(1.016682526898E1,9.599828463136E0,9.E-1));
#4191=VERTEX_POINT('',#4190);
#4192=VERTEX_POINT('',#3379);
#4193=VERTEX_POINT('',#3383);
#4194=CARTESIAN_POINT('',(9.966825268983E0,8.597402957248E0,9.E-1));
#4195=VERTEX_POINT('',#4194);
#4196=VERTEX_POINT('',#3413);
#4197=CARTESIAN_POINT('',(1.962817982029E0,8.514069623931E0,9.E-1));
#4198=VERTEX_POINT('',#4197);
#4199=VERTEX_POINT('',#3403);
#4200=CARTESIAN_POINT('',(1.879484648687E0,9.599828463166E0,9.E-1));
#4201=VERTEX_POINT('',#4200);
#4202=VERTEX_POINT('',#3393);
#4203=CARTESIAN_POINT('',(9.883491935651E0,9.883161796469E0,1.E0));
#4204=CARTESIAN_POINT('',(1.962817982009E0,9.883161796486E0,1.E0));
#4205=VERTEX_POINT('',#4203);
#4206=VERTEX_POINT('',#4204);
#4207=VERTEX_POINT('',#1301);
#4208=CARTESIAN_POINT('',(1.679484648687E0,8.597402957276E0,1.E0));
#4209=VERTEX_POINT('',#4208);
#4210=VERTEX_POINT('',#1313);
#4211=CARTESIAN_POINT('',(9.883491935649E0,8.314069623915E0,1.E0));
#4212=VERTEX_POINT('',#4211);
#4213=VERTEX_POINT('',#1325);
#4214=CARTESIAN_POINT('',(1.016682526898E1,9.599828463136E0,1.E0));
#4215=VERTEX_POINT('',#4214);
#4216=VERTEX_POINT('',#1345);
#4217=VERTEX_POINT('',#1349);
#4218=CARTESIAN_POINT('',(9.966825268983E0,8.597402957248E0,1.E0));
#4219=VERTEX_POINT('',#4218);
#4220=VERTEX_POINT('',#1359);
#4221=CARTESIAN_POINT('',(1.962817982029E0,8.514069623931E0,1.E0));
#4222=VERTEX_POINT('',#4221);
#4223=VERTEX_POINT('',#1369);
#4224=CARTESIAN_POINT('',(1.879484648687E0,9.599828463166E0,1.E0));
#4225=VERTEX_POINT('',#4224);
#4226=VERTEX_POINT('',#1379);
#4227=VERTEX_POINT('',#2053);
#4228=VERTEX_POINT('',#2036);
#4229=VERTEX_POINT('',#2180);
#4230=VERTEX_POINT('',#2183);
#4231=VERTEX_POINT('',#1906);
#4232=VERTEX_POINT('',#1909);
#4233=VERTEX_POINT('',#364);
#4234=VERTEX_POINT('',#323);
#4235=VERTEX_POINT('',#13);
#4236=VERTEX_POINT('',#18);
#4237=CARTESIAN_POINT('',(1.563993386069E1,1.248804331774E1,-1.6E0));
#4238=VERTEX_POINT('',#4237);
#4239=VERTEX_POINT('',#316);
#4240=VERTEX_POINT('',#341);
#4241=VERTEX_POINT('',#346);
#4242=CARTESIAN_POINT('',(-1.640695379824E1,1.293088248516E1,-1.6E0));
#4243=VERTEX_POINT('',#4242);
#4244=VERTEX_POINT('',#76);
#4245=CARTESIAN_POINT('',(-1.083173063460E1,1.779404693631E1,
-4.931401756788E0));
#4246=VERTEX_POINT('',#4245);
#4247=CARTESIAN_POINT('',(1.083173065300E1,1.779404693363E1,-4.931401617868E0));
#4248=VERTEX_POINT('',#4247);
#4249=CARTESIAN_POINT('',(1.064596606432E1,1.784546828435E1,-4.922289660164E0));
#4250=CARTESIAN_POINT('',(1.064614037069E1,1.784530905862E1,-4.925327868014E0));
#4251=CARTESIAN_POINT('',(1.064620643235E1,1.784514671154E1,-4.928425634857E0));
#4252=CARTESIAN_POINT('',(1.064615748931E1,1.784498459668E1,-4.931518970544E0));
#4253=CARTESIAN_POINT('',(1.064615651168E1,1.784498149779E1,-4.931578101031E0));
#4254=CARTESIAN_POINT('',(1.071319670825E1,1.784640555932E1,-4.918493889686E0));
#4255=CARTESIAN_POINT('',(1.071346431125E1,1.784616199426E1,-4.923141387897E0));
#4256=CARTESIAN_POINT('',(1.071356736264E1,1.784591305489E1,-4.927891433983E0));
#4257=CARTESIAN_POINT('',(1.071349195841E1,1.784566430895E1,-4.932637789186E0));
#4258=CARTESIAN_POINT('',(1.071349045173E1,1.784565955401E1,-4.932728518951E0));
#4259=CARTESIAN_POINT('',(1.077792751637E1,1.782841600632E1,-4.913849170696E0));
#4260=CARTESIAN_POINT('',(1.077828494695E1,1.782809123792E1,-4.920046121055E0));
#4261=CARTESIAN_POINT('',(1.077842361268E1,1.782775892602E1,-4.926387009715E0));
#4262=CARTESIAN_POINT('',(1.077832273117E1,1.782742677021E1,-4.932724920239E0));
#4263=CARTESIAN_POINT('',(1.077832071512E1,1.782742042079E1,-4.932846074327E0));
#4264=CARTESIAN_POINT('',(1.083494657595E1,1.779294808527E1,-4.908729480760E0));
#4265=CARTESIAN_POINT('',(1.083538313245E1,1.779255178773E1,-4.916291288239E0));
#4266=CARTESIAN_POINT('',(1.083555316959E1,1.779214603596E1,-4.924033493368E0));
#4267=CARTESIAN_POINT('',(1.083542984604E1,1.779174040735E1,-4.931773348196E0));
#4268=CARTESIAN_POINT('',(1.083542738130E1,1.779173265342E1,-4.931921301984E0));
#4269=(BOUNDED_SURFACE()B_SPLINE_SURFACE(3,3,((#4249,#4250,#4251,#4252,#4253),(
#4254,#4255,#4256,#4257,#4258),(#4259,#4260,#4261,#4262,#4263),(#4264,#4265,
#4266,#4267,#4268)),.UNSPECIFIED.,.F.,.F.,.F.)B_SPLINE_SURFACE_WITH_KNOTS((4,4),
(4,1,4),(0.E0,1.E0),(9.123634902817E-1,1.E0,1.001707905988E0),.UNSPECIFIED.)GEOMETRIC_REPRESENTATION_ITEM()RATIONAL_B_SPLINE_SURFACE(((1.020542688959E0,
1.020542688959E0,1.020542688959E0,1.020542688959E0,1.020542688959E0),(
9.931524370136E-1,9.931524370136E-1,9.931524370136E-1,9.931524370136E-1,
9.931524370136E-1),(9.931524370136E-1,9.931524370136E-1,9.931524370136E-1,
9.931524370136E-1,9.931524370136E-1),(1.020542688959E0,1.020542688959E0,
1.020542688959E0,1.020542688959E0,1.020542688959E0)))REPRESENTATION_ITEM('')SURFACE());
#4271=ORIENTED_EDGE('',*,*,#4270,.F.);
#4273=ORIENTED_EDGE('',*,*,#4272,.T.);
#4275=ORIENTED_EDGE('',*,*,#4274,.F.);
#4276=EDGE_LOOP('',(#4271,#4273,#4275));
#4277=FACE_OUTER_BOUND('',#4276,.F.);
#4278=ADVANCED_FACE('',(#4277),#4269,.T.);
#4279=CARTESIAN_POINT('',(1.083625541223E1,1.779165595847E1,-4.933361802675E0));
#4280=CARTESIAN_POINT('',(1.082878564501E1,1.779911038382E1,-4.791122893561E0));
#4281=CARTESIAN_POINT('',(1.080806265629E1,1.781974987680E1,-4.397297906933E0));
#4282=CARTESIAN_POINT('',(1.078681705552E1,1.784079382024E1,-3.995755545719E0));
#4283=CARTESIAN_POINT('',(1.077304719127E1,1.785438335288E1,-3.736451815933E0));
#4284=CARTESIAN_POINT('',(1.077263702857E1,1.785478810016E1,-3.728728777760E0));
#4285=CARTESIAN_POINT('',(1.077921863873E1,1.782713869067E1,-4.938216696501E0));
#4286=CARTESIAN_POINT('',(1.077174907835E1,1.783459290961E1,-4.795981726004E0));
#4287=CARTESIAN_POINT('',(1.075102666525E1,1.785523182928E1,-4.402167678684E0));
#4288=CARTESIAN_POINT('',(1.072978165978E1,1.787627518305E1,-4.000636568977E0));
#4289=CARTESIAN_POINT('',(1.071601218364E1,1.788986433267E1,-3.741340147590E0));
#4290=CARTESIAN_POINT('',(1.071560203250E1,1.789026906854E1,-3.733617327127E0));
#4291=CARTESIAN_POINT('',(1.071446749732E1,1.784514442296E1,-4.942560784536E0));
#4292=CARTESIAN_POINT('',(1.070699817176E1,1.785259840757E1,-4.800330285365E0));
#4293=CARTESIAN_POINT('',(1.068627641214E1,1.787323667639E1,-4.406528656922E0));
#4294=CARTESIAN_POINT('',(1.066503208249E1,1.789427936074E1,-4.005010320515E0));
#4295=CARTESIAN_POINT('',(1.065126304693E1,1.790786807554E1,-3.745722196008E0));
#4296=CARTESIAN_POINT('',(1.065085290893E1,1.790827279846E1,-3.737999622700E0));
#4297=CARTESIAN_POINT('',(1.064721569690E1,1.784422334852E1,-4.946044284369E0));
#4298=CARTESIAN_POINT('',(1.063974661522E1,1.785167708975E1,-4.803818429204E0));
#4299=CARTESIAN_POINT('',(1.061902553431E1,1.787231468259E1,-4.410029699249E0));
#4300=CARTESIAN_POINT('',(1.059778190658E1,1.789335667167E1,-4.008524629443E0));
#4301=CARTESIAN_POINT('',(1.058401332863E1,1.790694493486E1,-3.749245122236E0));
#4302=CARTESIAN_POINT('',(1.058360320426E1,1.790734964432E1,-3.741522805628E0));
#4303=(BOUNDED_SURFACE()B_SPLINE_SURFACE(3,3,((#4279,#4280,#4281,#4282,#4283,
#4284),(#4285,#4286,#4287,#4288,#4289,#4290),(#4291,#4292,#4293,#4294,#4295,
#4296),(#4297,#4298,#4299,#4300,#4301,#4302)),.UNSPECIFIED.,.F.,.F.,.F.)B_SPLINE_SURFACE_WITH_KNOTS((4,4),(4,1,1,4),(0.E0,1.E0),(8.844763988419E-1,
9.262001743612E-1,1.E0,1.002265511865E0),.UNSPECIFIED.)GEOMETRIC_REPRESENTATION_ITEM()RATIONAL_B_SPLINE_SURFACE(((1.020543328289E0,1.020543328289E0,
1.020543328289E0,1.020543328289E0,1.020543328289E0,1.020543328289E0),(
9.931522239035E-1,9.931522239035E-1,9.931522239035E-1,9.931522239035E-1,
9.931522239035E-1,9.931522239035E-1),(9.931522239035E-1,9.931522239035E-1,
9.931522239035E-1,9.931522239035E-1,9.931522239035E-1,9.931522239035E-1),(
1.020543328289E0,1.020543328289E0,1.020543328289E0,1.020543328289E0,
1.020543328289E0,1.020543328289E0)))REPRESENTATION_ITEM('')SURFACE());
#4305=ORIENTED_EDGE('',*,*,#4304,.T.);
#4307=ORIENTED_EDGE('',*,*,#4306,.T.);
#4309=ORIENTED_EDGE('',*,*,#4308,.F.);
#4310=ORIENTED_EDGE('',*,*,#4270,.T.);
#4311=EDGE_LOOP('',(#4305,#4307,#4309,#4310));
#4312=FACE_OUTER_BOUND('',#4311,.F.);
#4313=ADVANCED_FACE('',(#4312),#4303,.T.);
#4314=CARTESIAN_POINT('',(0.E0,0.E0,-2.255234030103E0));
#4315=DIRECTION('',(0.E0,0.E0,1.E0));
#4316=DIRECTION('',(1.E0,0.E0,0.E0));
#4317=AXIS2_PLACEMENT_3D('',#4314,#4315,#4316);
#4318=CONICAL_SURFACE('',#4317,2.087865271760E1,1.E0);
#4320=ORIENTED_EDGE('',*,*,#4319,.F.);
#4322=ORIENTED_EDGE('',*,*,#4321,.F.);
#4324=ORIENTED_EDGE('',*,*,#4323,.T.);
#4326=ORIENTED_EDGE('',*,*,#4325,.T.);
#4328=ORIENTED_EDGE('',*,*,#4327,.F.);
#4329=ORIENTED_EDGE('',*,*,#4304,.F.);
#4331=ORIENTED_EDGE('',*,*,#4330,.T.);
#4333=ORIENTED_EDGE('',*,*,#4332,.F.);
#4335=ORIENTED_EDGE('',*,*,#4334,.F.);
#4336=EDGE_LOOP('',(#4320,#4322,#4324,#4326,#4328,#4329,#4331,#4333,#4335));
#4337=FACE_OUTER_BOUND('',#4336,.F.);
#4338=ADVANCED_FACE('',(#4337),#4318,.T.);
#4339=CARTESIAN_POINT('',(0.E0,0.E0,-2.255234030103E0));
#4340=DIRECTION('',(0.E0,0.E0,1.E0));
#4341=DIRECTION('',(1.E0,0.E0,0.E0));
#4342=AXIS2_PLACEMENT_3D('',#4339,#4340,#4341);
#4343=CONICAL_SURFACE('',#4342,2.087865271760E1,1.E0);
#4345=ORIENTED_EDGE('',*,*,#4344,.F.);
#4347=ORIENTED_EDGE('',*,*,#4346,.F.);
#4349=ORIENTED_EDGE('',*,*,#4348,.F.);
#4351=ORIENTED_EDGE('',*,*,#4350,.T.);
#4353=ORIENTED_EDGE('',*,*,#4352,.F.);
#4355=ORIENTED_EDGE('',*,*,#4354,.F.);
#4357=ORIENTED_EDGE('',*,*,#4356,.T.);
#4359=ORIENTED_EDGE('',*,*,#4358,.F.);
#4361=ORIENTED_EDGE('',*,*,#4360,.F.);
#4362=EDGE_LOOP('',(#4345,#4347,#4349,#4351,#4353,#4355,#4357,#4359,#4361));
#4363=FACE_OUTER_BOUND('',#4362,.F.);
#4364=ADVANCED_FACE('',(#4363),#4343,.T.);
#4365=CARTESIAN_POINT('',(-4.559818366477E1,-2.286780032026E1,-1.1E0));
#4366=DIRECTION('',(8.660254037844E-1,5.E-1,0.E0));
#4367=DIRECTION('',(4.830638429636E-1,-8.366911193124E-1,-2.580645161290E-1));
#4368=AXIS2_PLACEMENT_3D('',#4365,#4366,#4367);
#4369=CYLINDRICAL_SURFACE('',#4368,5.E-1);
#4370=ORIENTED_EDGE('',*,*,#4319,.T.);
#4372=ORIENTED_EDGE('',*,*,#4371,.F.);
#4374=ORIENTED_EDGE('',*,*,#4373,.T.);
#4376=ORIENTED_EDGE('',*,*,#4375,.T.);
#4377=EDGE_LOOP('',(#4370,#4372,#4374,#4376));
#4378=FACE_OUTER_BOUND('',#4377,.F.);
#4379=ADVANCED_FACE('',(#4378),#4369,.T.);
#4380=CARTESIAN_POINT('',(0.E0,0.E0,-1.6E0));
#4381=DIRECTION('',(0.E0,0.E0,1.E0));
#4382=DIRECTION('',(-1.E0,0.E0,0.E0));
#4383=AXIS2_PLACEMENT_3D('',#4380,#4381,#4382);
#4384=PLANE('',#4383);
#4385=ORIENTED_EDGE('',*,*,#4371,.T.);
#4386=ORIENTED_EDGE('',*,*,#4334,.T.);
#4388=ORIENTED_EDGE('',*,*,#4387,.F.);
#4390=ORIENTED_EDGE('',*,*,#4389,.T.);
#4392=ORIENTED_EDGE('',*,*,#4391,.T.);
#4394=ORIENTED_EDGE('',*,*,#4393,.F.);
#4396=ORIENTED_EDGE('',*,*,#4395,.T.);
#4398=ORIENTED_EDGE('',*,*,#4397,.T.);
#4400=ORIENTED_EDGE('',*,*,#4399,.F.);
#4402=ORIENTED_EDGE('',*,*,#4401,.F.);
#4403=EDGE_LOOP('',(#4385,#4386,#4388,#4390,#4392,#4394,#4396,#4398,#4400,
#4402));
#4404=FACE_OUTER_BOUND('',#4403,.F.);
#4406=ORIENTED_EDGE('',*,*,#4405,.F.);
#4408=ORIENTED_EDGE('',*,*,#4407,.F.);
#4409=EDGE_LOOP('',(#4406,#4408));
#4410=FACE_BOUND('',#4409,.F.);
#4411=ADVANCED_FACE('',(#4404,#4410),#4384,.F.);
#4412=CARTESIAN_POINT('',(0.E0,0.E0,-1.6E0));
#4413=DIRECTION('',(0.E0,0.E0,1.E0));
#4414=DIRECTION('',(-1.E0,0.E0,0.E0));
#4415=AXIS2_PLACEMENT_3D('',#4412,#4413,#4414);
#4416=PLANE('',#4415);
#4418=ORIENTED_EDGE('',*,*,#4417,.T.);
#4420=ORIENTED_EDGE('',*,*,#4419,.F.);
#4422=ORIENTED_EDGE('',*,*,#4421,.F.);
#4424=ORIENTED_EDGE('',*,*,#4423,.T.);
#4426=ORIENTED_EDGE('',*,*,#4425,.F.);
#4428=ORIENTED_EDGE('',*,*,#4427,.F.);
#4430=ORIENTED_EDGE('',*,*,#4429,.F.);
#4432=ORIENTED_EDGE('',*,*,#4431,.T.);
#4434=ORIENTED_EDGE('',*,*,#4433,.F.);
#4435=ORIENTED_EDGE('',*,*,#4346,.T.);
#4436=EDGE_LOOP('',(#4418,#4420,#4422,#4424,#4426,#4428,#4430,#4432,#4434,
#4435));
#4437=FACE_OUTER_BOUND('',#4436,.F.);
#4439=ORIENTED_EDGE('',*,*,#4438,.F.);
#4441=ORIENTED_EDGE('',*,*,#4440,.F.);
#4442=EDGE_LOOP('',(#4439,#4441));
#4443=FACE_BOUND('',#4442,.F.);
#4444=ADVANCED_FACE('',(#4437,#4443),#4416,.F.);
#4445=CARTESIAN_POINT('',(-1.25E1,1.25E1,-1.2E0));
#4446=DIRECTION('',(0.E0,0.E0,-1.E0));
#4447=DIRECTION('',(1.E0,0.E0,0.E0));
#4448=AXIS2_PLACEMENT_3D('',#4445,#4446,#4447);
#4449=CONICAL_SURFACE('',#4448,9.139683077967E-1,2.E0);
#4451=ORIENTED_EDGE('',*,*,#4450,.F.);
#4453=ORIENTED_EDGE('',*,*,#4452,.F.);
#4454=ORIENTED_EDGE('',*,*,#4438,.T.);
#4456=ORIENTED_EDGE('',*,*,#4455,.T.);
#4457=EDGE_LOOP('',(#4451,#4453,#4454,#4456));
#4458=FACE_OUTER_BOUND('',#4457,.F.);
#4459=ADVANCED_FACE('',(#4458),#4449,.F.);
#4460=CARTESIAN_POINT('',(0.E0,0.E0,-8.E-1));
#4461=DIRECTION('',(0.E0,0.E0,1.E0));
#4462=DIRECTION('',(-1.E0,0.E0,0.E0));
#4463=AXIS2_PLACEMENT_3D('',#4460,#4461,#4462);
#4464=PLANE('',#4463);
#4466=ORIENTED_EDGE('',*,*,#4465,.F.);
#4468=ORIENTED_EDGE('',*,*,#4467,.F.);
#4470=ORIENTED_EDGE('',*,*,#4469,.T.);
#4472=ORIENTED_EDGE('',*,*,#4471,.F.);
#4474=ORIENTED_EDGE('',*,*,#4473,.T.);
#4476=ORIENTED_EDGE('',*,*,#4475,.F.);
#4478=ORIENTED_EDGE('',*,*,#4477,.F.);
#4479=EDGE_LOOP('',(#4466,#4468,#4470,#4472,#4474,#4476,#4478));
#4480=FACE_OUTER_BOUND('',#4479,.F.);
#4482=ORIENTED_EDGE('',*,*,#4481,.T.);
#4484=ORIENTED_EDGE('',*,*,#4483,.T.);
#4485=EDGE_LOOP('',(#4482,#4484));
#4486=FACE_BOUND('',#4485,.F.);
#4487=ADVANCED_FACE('',(#4480,#4486),#4464,.T.);
#4488=CARTESIAN_POINT('',(0.E0,0.E0,-8.E-1));
#4489=DIRECTION('',(0.E0,0.E0,1.E0));
#4490=DIRECTION('',(-1.E0,0.E0,0.E0));
#4491=AXIS2_PLACEMENT_3D('',#4488,#4489,#4490);
#4492=PLANE('',#4491);
#4494=ORIENTED_EDGE('',*,*,#4493,.T.);
#4496=ORIENTED_EDGE('',*,*,#4495,.F.);
#4498=ORIENTED_EDGE('',*,*,#4497,.F.);
#4500=ORIENTED_EDGE('',*,*,#4499,.F.);
#4502=ORIENTED_EDGE('',*,*,#4501,.F.);
#4504=ORIENTED_EDGE('',*,*,#4503,.T.);
#4506=ORIENTED_EDGE('',*,*,#4505,.F.);
#4507=EDGE_LOOP('',(#4494,#4496,#4498,#4500,#4502,#4504,#4506));
#4508=FACE_OUTER_BOUND('',#4507,.F.);
#4509=ORIENTED_EDGE('',*,*,#4450,.T.);
#4511=ORIENTED_EDGE('',*,*,#4510,.T.);
#4512=EDGE_LOOP('',(#4509,#4511));
#4513=FACE_BOUND('',#4512,.F.);
#4514=ADVANCED_FACE('',(#4508,#4513),#4492,.T.);
#4515=CARTESIAN_POINT('',(1.07E1,1.908580871180E1,-8.E-1));
#4516=DIRECTION('',(-9.993908270191E-1,0.E0,-3.489949670250E-2));
#4517=DIRECTION('',(0.E0,-1.E0,0.E0));
#4518=AXIS2_PLACEMENT_3D('',#4515,#4516,#4517);
#4519=PLANE('',#4518);
#4520=ORIENTED_EDGE('',*,*,#4395,.F.);
#4522=ORIENTED_EDGE('',*,*,#4521,.F.);
#4524=ORIENTED_EDGE('',*,*,#4523,.T.);
#4525=ORIENTED_EDGE('',*,*,#4465,.T.);
#4527=ORIENTED_EDGE('',*,*,#4526,.T.);
#4528=EDGE_LOOP('',(#4520,#4522,#4524,#4525,#4527));
#4529=FACE_OUTER_BOUND('',#4528,.F.);
#4530=ADVANCED_FACE('',(#4529),#4519,.T.);
#4531=CARTESIAN_POINT('',(1.035340631951E1,1.622401127727E1,-3.501218345962E0));
#4532=DIRECTION('',(0.E0,-9.786480951442E-1,-2.055429538335E-1));
#4533=DIRECTION('',(0.E0,2.055429538335E-1,-9.786480951442E-1));
#4534=AXIS2_PLACEMENT_3D('',#4531,#4532,#4533);
#4535=PLANE('',#4534);
#4537=ORIENTED_EDGE('',*,*,#4536,.T.);
#4539=ORIENTED_EDGE('',*,*,#4538,.F.);
#4541=ORIENTED_EDGE('',*,*,#4540,.T.);
#4543=ORIENTED_EDGE('',*,*,#4542,.T.);
#4544=ORIENTED_EDGE('',*,*,#4521,.T.);
#4545=ORIENTED_EDGE('',*,*,#4393,.T.);
#4546=EDGE_LOOP('',(#4537,#4539,#4541,#4543,#4544,#4545));
#4547=FACE_OUTER_BOUND('',#4546,.F.);
#4548=ADVANCED_FACE('',(#4547),#4535,.T.);
#4549=CARTESIAN_POINT('',(1.088417614389E1,1.575E1,-8.E-1));
#4550=DIRECTION('',(9.998476951564E-1,0.E0,-1.745240643728E-2));
#4551=DIRECTION('',(0.E0,1.E0,0.E0));
#4552=AXIS2_PLACEMENT_3D('',#4549,#4550,#4551);
#4553=PLANE('',#4552);
#4554=ORIENTED_EDGE('',*,*,#4536,.F.);
#4555=ORIENTED_EDGE('',*,*,#4391,.F.);
#4557=ORIENTED_EDGE('',*,*,#4556,.F.);
#4559=ORIENTED_EDGE('',*,*,#4558,.F.);
#4560=EDGE_LOOP('',(#4554,#4555,#4557,#4559));
#4561=FACE_OUTER_BOUND('',#4560,.F.);
#4562=ADVANCED_FACE('',(#4561),#4553,.T.);
#4563=CARTESIAN_POINT('',(0.E0,0.E0,-3.15E0));
#4564=DIRECTION('',(0.E0,0.E0,-1.E0));
#4565=DIRECTION('',(-1.E0,0.E0,0.E0));
#4566=AXIS2_PLACEMENT_3D('',#4563,#4564,#4565);
#4567=CONICAL_SURFACE('',#4566,2.004101940258E1,1.E0);
#4569=ORIENTED_EDGE('',*,*,#4568,.F.);
#4571=ORIENTED_EDGE('',*,*,#4570,.T.);
#4572=ORIENTED_EDGE('',*,*,#4431,.F.);
#4574=ORIENTED_EDGE('',*,*,#4573,.F.);
#4576=ORIENTED_EDGE('',*,*,#4575,.F.);
#4577=EDGE_LOOP('',(#4569,#4571,#4572,#4574,#4576));
#4578=FACE_OUTER_BOUND('',#4577,.F.);
#4579=ADVANCED_FACE('',(#4578),#4567,.F.);
#4580=CARTESIAN_POINT('',(0.E0,0.E0,-3.15E0));
#4581=DIRECTION('',(0.E0,0.E0,-1.E0));
#4582=DIRECTION('',(-1.E0,0.E0,0.E0));
#4583=AXIS2_PLACEMENT_3D('',#4580,#4581,#4582);
#4584=CONICAL_SURFACE('',#4583,2.004101940258E1,1.E0);
#4586=ORIENTED_EDGE('',*,*,#4585,.F.);
#4588=ORIENTED_EDGE('',*,*,#4587,.F.);
#4589=ORIENTED_EDGE('',*,*,#4556,.T.);
#4590=ORIENTED_EDGE('',*,*,#4389,.F.);
#4592=ORIENTED_EDGE('',*,*,#4591,.F.);
#4593=EDGE_LOOP('',(#4586,#4588,#4589,#4590,#4592));
#4594=FACE_OUTER_BOUND('',#4593,.F.);
#4595=ADVANCED_FACE('',(#4594),#4584,.F.);
#4596=CARTESIAN_POINT('',(0.E0,0.E0,-3.15E0));
#4597=DIRECTION('',(0.E0,0.E0,-1.E0));
#4598=DIRECTION('',(-1.E0,0.E0,0.E0));
#4599=AXIS2_PLACEMENT_3D('',#4596,#4597,#4598);
#4600=CONICAL_SURFACE('',#4599,2.004101940258E1,1.E0);
#4601=ORIENTED_EDGE('',*,*,#4373,.F.);
#4602=ORIENTED_EDGE('',*,*,#4401,.T.);
#4604=ORIENTED_EDGE('',*,*,#4603,.T.);
#4605=ORIENTED_EDGE('',*,*,#4473,.F.);
#4607=ORIENTED_EDGE('',*,*,#4606,.F.);
#4608=EDGE_LOOP('',(#4601,#4602,#4604,#4605,#4607));
#4609=FACE_OUTER_BOUND('',#4608,.F.);
#4610=ADVANCED_FACE('',(#4609),#4600,.F.);
#4611=CARTESIAN_POINT('',(0.E0,0.E0,-3.15E0));
#4612=DIRECTION('',(0.E0,0.E0,-1.E0));
#4613=DIRECTION('',(-1.E0,0.E0,0.E0));
#4614=AXIS2_PLACEMENT_3D('',#4611,#4612,#4613);
#4615=CONICAL_SURFACE('',#4614,2.004101940258E1,1.E0);
#4617=ORIENTED_EDGE('',*,*,#4616,.F.);
#4619=ORIENTED_EDGE('',*,*,#4618,.F.);
#4620=ORIENTED_EDGE('',*,*,#4503,.F.);
#4622=ORIENTED_EDGE('',*,*,#4621,.T.);
#4623=ORIENTED_EDGE('',*,*,#4419,.T.);
#4624=EDGE_LOOP('',(#4617,#4619,#4620,#4622,#4623));
#4625=FACE_OUTER_BOUND('',#4624,.F.);
#4626=ADVANCED_FACE('',(#4625),#4615,.F.);
#4627=CARTESIAN_POINT('',(-1.355466061571E1,1.530878289929E1,
-5.250342616311E0));
#4628=DIRECTION('',(-5.930296457758E-1,-5.930296457758E-1,-5.446390350150E-1));
#4629=DIRECTION('',(-3.851179549580E-1,-3.851179549580E-1,8.386705679454E-1));
#4630=AXIS2_PLACEMENT_3D('',#4627,#4628,#4629);
#4631=PLANE('',#4630);
#4633=ORIENTED_EDGE('',*,*,#4632,.F.);
#4635=ORIENTED_EDGE('',*,*,#4634,.F.);
#4636=ORIENTED_EDGE('',*,*,#4568,.T.);
#4638=ORIENTED_EDGE('',*,*,#4637,.T.);
#4639=EDGE_LOOP('',(#4633,#4635,#4636,#4638));
#4640=FACE_OUTER_BOUND('',#4639,.F.);
#4641=ADVANCED_FACE('',(#4640),#4631,.T.);
#4642=CARTESIAN_POINT('',(0.E0,0.E0,-4.9E0));
#4643=DIRECTION('',(0.E0,0.E0,1.E0));
#4644=DIRECTION('',(-9.333331978281E-4,-9.999995644445E-1,0.E0));
#4645=AXIS2_PLACEMENT_3D('',#4642,#4643,#4644);
#4646=TOROIDAL_SURFACE('',#4645,2.023239675905E1,6.E-1);
#4647=ORIENTED_EDGE('',*,*,#4350,.F.);
#4649=ORIENTED_EDGE('',*,*,#4648,.T.);
#4650=ORIENTED_EDGE('',*,*,#4632,.T.);
#4652=ORIENTED_EDGE('',*,*,#4651,.T.);
#4654=ORIENTED_EDGE('',*,*,#4653,.T.);
#4656=ORIENTED_EDGE('',*,*,#4655,.T.);
#4657=EDGE_LOOP('',(#4647,#4649,#4650,#4652,#4654,#4656));
#4658=FACE_OUTER_BOUND('',#4657,.F.);
#4659=ADVANCED_FACE('',(#4658),#4646,.T.);
#4660=CARTESIAN_POINT('',(-1.503978857118E1,1.631258077732E1,-1.6E0));
#4661=DIRECTION('',(7.061377159181E-1,7.061377159181E-1,5.233595624294E-2));
#4662=DIRECTION('',(7.071067811865E-1,-7.071067811865E-1,0.E0));
#4663=AXIS2_PLACEMENT_3D('',#4660,#4661,#4662);
#4664=PLANE('',#4663);
#4665=ORIENTED_EDGE('',*,*,#4648,.F.);
#4666=ORIENTED_EDGE('',*,*,#4348,.T.);
#4667=ORIENTED_EDGE('',*,*,#4433,.T.);
#4668=ORIENTED_EDGE('',*,*,#4570,.F.);
#4669=ORIENTED_EDGE('',*,*,#4634,.T.);
#4670=EDGE_LOOP('',(#4665,#4666,#4667,#4668,#4669));
#4671=FACE_OUTER_BOUND('',#4670,.F.);
#4672=ADVANCED_FACE('',(#4671),#4664,.F.);
#4673=CARTESIAN_POINT('',(0.E0,0.E0,-5.5E0));
#4674=DIRECTION('',(0.E0,0.E0,1.E0));
#4675=DIRECTION('',(1.E0,0.E0,0.E0));
#4676=AXIS2_PLACEMENT_3D('',#4673,#4674,#4675);
#4677=PLANE('',#4676);
#4678=ORIENTED_EDGE('',*,*,#4538,.T.);
#4679=ORIENTED_EDGE('',*,*,#4558,.T.);
#4680=ORIENTED_EDGE('',*,*,#4587,.T.);
#4682=ORIENTED_EDGE('',*,*,#4681,.F.);
#4684=ORIENTED_EDGE('',*,*,#4683,.F.);
#4686=ORIENTED_EDGE('',*,*,#4685,.F.);
#4687=ORIENTED_EDGE('',*,*,#4651,.F.);
#4688=ORIENTED_EDGE('',*,*,#4637,.F.);
#4689=ORIENTED_EDGE('',*,*,#4575,.T.);
#4691=ORIENTED_EDGE('',*,*,#4690,.F.);
#4693=ORIENTED_EDGE('',*,*,#4692,.T.);
#4695=ORIENTED_EDGE('',*,*,#4694,.T.);
#4697=ORIENTED_EDGE('',*,*,#4696,.T.);
#4699=ORIENTED_EDGE('',*,*,#4698,.F.);
#4701=ORIENTED_EDGE('',*,*,#4700,.T.);
#4703=ORIENTED_EDGE('',*,*,#4702,.F.);
#4705=ORIENTED_EDGE('',*,*,#4704,.T.);
#4707=ORIENTED_EDGE('',*,*,#4706,.F.);
#4709=ORIENTED_EDGE('',*,*,#4708,.T.);
#4711=ORIENTED_EDGE('',*,*,#4710,.F.);
#4712=EDGE_LOOP('',(#4678,#4679,#4680,#4682,#4684,#4686,#4687,#4688,#4689,#4691,
#4693,#4695,#4697,#4699,#4701,#4703,#4705,#4707,#4709,#4711));
#4713=FACE_OUTER_BOUND('',#4712,.F.);
#4714=ADVANCED_FACE('',(#4713),#4677,.F.);
#4715=CARTESIAN_POINT('',(1.355466061571E1,1.530878289929E1,-5.250342616311E0));
#4716=DIRECTION('',(5.930296457758E-1,-5.930296457758E-1,-5.446390350150E-1));
#4717=DIRECTION('',(3.851179549580E-1,-3.851179549580E-1,8.386705679454E-1));
#4718=AXIS2_PLACEMENT_3D('',#4715,#4716,#4717);
#4719=PLANE('',#4718);
#4721=ORIENTED_EDGE('',*,*,#4720,.F.);
#4722=ORIENTED_EDGE('',*,*,#4681,.T.);
#4723=ORIENTED_EDGE('',*,*,#4585,.T.);
#4725=ORIENTED_EDGE('',*,*,#4724,.F.);
#4726=EDGE_LOOP('',(#4721,#4722,#4723,#4725));
#4727=FACE_OUTER_BOUND('',#4726,.F.);
#4728=ADVANCED_FACE('',(#4727),#4719,.T.);
#4729=CARTESIAN_POINT('',(0.E0,0.E0,-4.9E0));
#4730=DIRECTION('',(0.E0,0.E0,1.E0));
#4731=DIRECTION('',(-9.333331978281E-4,-9.999995644445E-1,0.E0));
#4732=AXIS2_PLACEMENT_3D('',#4729,#4730,#4731);
#4733=TOROIDAL_SURFACE('',#4732,2.023239675905E1,6.E-1);
#4734=ORIENTED_EDGE('',*,*,#4720,.T.);
#4736=ORIENTED_EDGE('',*,*,#4735,.T.);
#4737=ORIENTED_EDGE('',*,*,#4330,.F.);
#4738=ORIENTED_EDGE('',*,*,#4274,.T.);
#4740=ORIENTED_EDGE('',*,*,#4739,.T.);
#4741=ORIENTED_EDGE('',*,*,#4683,.T.);
#4742=EDGE_LOOP('',(#4734,#4736,#4737,#4738,#4740,#4741));
#4743=FACE_OUTER_BOUND('',#4742,.F.);
#4744=ADVANCED_FACE('',(#4743),#4733,.T.);
#4745=CARTESIAN_POINT('',(1.158900467743E1,1.286179688356E1,-1.6E0));
#4746=DIRECTION('',(-7.061377159181E-1,7.061377159181E-1,5.233595624294E-2));
#4747=DIRECTION('',(7.071067811865E-1,7.071067811865E-1,0.E0));
#4748=AXIS2_PLACEMENT_3D('',#4745,#4746,#4747);
#4749=PLANE('',#4748);
#4750=ORIENTED_EDGE('',*,*,#4735,.F.);
#4751=ORIENTED_EDGE('',*,*,#4724,.T.);
#4752=ORIENTED_EDGE('',*,*,#4591,.T.);
#4753=ORIENTED_EDGE('',*,*,#4387,.T.);
#4754=ORIENTED_EDGE('',*,*,#4332,.T.);
#4755=EDGE_LOOP('',(#4750,#4751,#4752,#4753,#4754));
#4756=FACE_OUTER_BOUND('',#4755,.F.);
#4757=ADVANCED_FACE('',(#4756),#4749,.F.);
#4758=CARTESIAN_POINT('',(1.053338341664E1,1.782502608742E1,-4.869898524076E0));
#4759=CARTESIAN_POINT('',(1.053349228095E1,1.782606483585E1,-4.889437457993E0));
#4760=CARTESIAN_POINT('',(1.053349863679E1,1.782612878549E1,-4.934732690614E0));
#4761=CARTESIAN_POINT('',(1.053253930693E1,1.781802251313E1,-5.004696711851E0));
#4762=CARTESIAN_POINT('',(1.053036807068E1,1.779970986788E1,-5.077650173520E0));
#4763=CARTESIAN_POINT('',(1.052717776254E1,1.777284891624E1,-5.146238328766E0));
#4764=CARTESIAN_POINT('',(1.052303799430E1,1.773807431859E1,-5.210106861407E0));
#4765=CARTESIAN_POINT('',(1.051799135259E1,1.769579147060E1,-5.268970284980E0));
#4766=CARTESIAN_POINT('',(1.051204636596E1,1.764611954089E1,-5.322556407178E0));
#4767=CARTESIAN_POINT('',(1.050517499820E1,1.758887012430E1,-5.370469420753E0));
#4768=CARTESIAN_POINT('',(1.049731917301E1,1.752360912359E1,-5.411993203165E0));
#4769=CARTESIAN_POINT('',(1.048841666806E1,1.744985913459E1,-5.445898201813E0));
#4770=CARTESIAN_POINT('',(1.047840005021E1,1.736715443204E1,-5.470347708194E0));
#4771=CARTESIAN_POINT('',(1.046877770936E1,1.728782879918E1,-5.481070738806E0));
#4772=CARTESIAN_POINT('',(1.046243256977E1,1.723587761205E1,-5.481184196438E0));
#4773=CARTESIAN_POINT('',(1.045984180772E1,1.721483851715E1,-5.480112876352E0));
#4774=CARTESIAN_POINT('',(1.067732394800E1,1.787570671145E1,-4.864883274398E0));
#4775=CARTESIAN_POINT('',(1.067747253003E1,1.787700633193E1,-4.887672246934E0));
#4776=CARTESIAN_POINT('',(1.067748181325E1,1.787708685212E1,-4.940537991194E0));
#4777=CARTESIAN_POINT('',(1.067634348391E1,1.786690763350E1,-5.022071448430E0));
#4778=CARTESIAN_POINT('',(1.067378422675E1,1.784401758050E1,-5.106561532957E0));
#4779=CARTESIAN_POINT('',(1.067005839563E1,1.781069129505E1,-5.185184023537E0));
#4780=CARTESIAN_POINT('',(1.066528209700E1,1.776796490694E1,-5.257370125603E0));
#4781=CARTESIAN_POINT('',(1.065954222337E1,1.771661521354E1,-5.322709894643E0));
#4782=CARTESIAN_POINT('',(1.065288821332E1,1.765708546411E1,-5.380864984754E0));
#4783=CARTESIAN_POINT('',(1.064533039491E1,1.758947121252E1,-5.431393798828E0));
#4784=CARTESIAN_POINT('',(1.063685064678E1,1.751361479159E1,-5.473527985360E0));
#4785=CARTESIAN_POINT('',(1.062743002936E1,1.742935640917E1,-5.505983807434E0));
#4786=CARTESIAN_POINT('',(1.061705849052E1,1.733660512923E1,-5.526891518790E0));
#4787=CARTESIAN_POINT('',(1.060730082509E1,1.724939645706E1,-5.532781191206E0));
#4788=CARTESIAN_POINT('',(1.060102270244E1,1.719324245991E1,-5.529168843942E0));
#4789=CARTESIAN_POINT('',(1.059850099928E1,1.717065081200E1,-5.526521343672E0));
#4790=CARTESIAN_POINT('',(1.082433548928E1,1.783447544393E1,-4.864883217883E0));
#4791=CARTESIAN_POINT('',(1.082452463643E1,1.783585408082E1,-4.887667393867E0));
#4792=CARTESIAN_POINT('',(1.082453690948E1,1.783593992470E1,-4.940554648232E0));
#4793=CARTESIAN_POINT('',(1.082321576166E1,1.782511065732E1,-5.022009614438E0));
#4794=CARTESIAN_POINT('',(1.082026020506E1,1.780084705890E1,-5.105943473307E0));
#4795=CARTESIAN_POINT('',(1.081598742544E1,1.776572995098E1,-5.183312336327E0));
#4796=CARTESIAN_POINT('',(1.081056101587E1,1.772106158666E1,-5.253407524806E0));
#4797=CARTESIAN_POINT('',(1.080411312003E1,1.766789220263E1,-5.315749898776E0));
#4798=CARTESIAN_POINT('',(1.079673495936E1,1.760693881776E1,-5.369982391211E0));
#4799=CARTESIAN_POINT('',(1.078847604468E1,1.753858076504E1,-5.415681542552E0));
#4800=CARTESIAN_POINT('',(1.077935906204E1,1.746297421775E1,-5.452139369199E0));
#4801=CARTESIAN_POINT('',(1.076940927808E1,1.738031677644E1,-5.478207721049E0));
#4802=CARTESIAN_POINT('',(1.075867524593E1,1.729092459983E1,-5.492262499021E0));
#4803=CARTESIAN_POINT('',(1.074877936873E1,1.720851535123E1,-5.492194983644E0));
#4804=CARTESIAN_POINT('',(1.074256969284E1,1.715636832755E1,-5.485212815452E0));
#4805=CARTESIAN_POINT('',(1.074011852196E1,1.713553394350E1,-5.481307551120E0));
#4806=CARTESIAN_POINT('',(1.092093488755E1,1.771633231931E1,-4.869898375091E0));
#4807=CARTESIAN_POINT('',(1.092115068951E1,1.771757937062E1,-4.889424664350E0));
#4808=CARTESIAN_POINT('',(1.092116492714E1,1.771765735456E1,-4.934776601857E0));
#4809=CARTESIAN_POINT('',(1.091972365165E1,1.770783742524E1,-5.004533705229E0));
#4810=CARTESIAN_POINT('',(1.091650769177E1,1.768590384285E1,-5.076020846161E0));
#4811=CARTESIAN_POINT('',(1.091187551929E1,1.765432192934E1,-5.141304191453E0));
#4812=CARTESIAN_POINT('',(1.090602193017E1,1.761442789869E1,-5.199660662735E0));
#4813=CARTESIAN_POINT('',(1.089910880202E1,1.756734798665E1,-5.250622360646E0));
#4814=CARTESIAN_POINT('',(1.089125481126E1,1.751392307262E1,-5.293867740301E0));
#4815=CARTESIAN_POINT('',(1.088253521522E1,1.745471284927E1,-5.329048808617E0));
#4816=CARTESIAN_POINT('',(1.087299951396E1,1.739011056487E1,-5.355608584776E0));
#4817=CARTESIAN_POINT('',(1.086270202144E1,1.732058097295E1,-5.372674949811E0));
#4818=CARTESIAN_POINT('',(1.085172979959E1,1.724673153049E1,-5.379058769718E0));
#4819=CARTESIAN_POINT('',(1.084174310521E1,1.718005812650E1,-5.374077476226E0));
#4820=CARTESIAN_POINT('',(1.083557840481E1,1.713867011315E1,-5.365307420045E0));
#4821=CARTESIAN_POINT('',(1.083317357978E1,1.712226351302E1,-5.360920385369E0));
#4822=(BOUNDED_SURFACE()B_SPLINE_SURFACE(3,3,((#4758,#4759,#4760,#4761,#4762,
#4763,#4764,#4765,#4766,#4767,#4768,#4769,#4770,#4771,#4772,#4773),(#4774,#4775,
#4776,#4777,#4778,#4779,#4780,#4781,#4782,#4783,#4784,#4785,#4786,#4787,#4788,
#4789),(#4790,#4791,#4792,#4793,#4794,#4795,#4796,#4797,#4798,#4799,#4800,#4801,
#4802,#4803,#4804,#4805),(#4806,#4807,#4808,#4809,#4810,#4811,#4812,#4813,#4814,
#4815,#4816,#4817,#4818,#4819,#4820,#4821)),.UNSPECIFIED.,.F.,.F.,.F.)B_SPLINE_SURFACE_WITH_KNOTS((4,4),(4,1,1,1,1,1,1,1,1,1,1,1,1,4),(0.E0,1.E0),(
-7.049226454858E-2,0.E0,9.225832655959E-2,1.817654995330E-1,2.691951693624E-1,
3.552367515551E-1,4.405979011033E-1,5.261761663856E-1,6.131824787775E-1,
7.028443722165E-1,7.963811050729E-1,8.950164663507E-1,1.E0,1.070734448763E0),
.UNSPECIFIED.)GEOMETRIC_REPRESENTATION_ITEM()RATIONAL_B_SPLINE_SURFACE(((
1.100050231170E0,1.100050231170E0,1.100050231170E0,1.100050231170E0,
1.100050231170E0,1.100050231170E0,1.100050231170E0,1.100050231170E0,
1.100050231170E0,1.100050231170E0,1.100050231170E0,1.100050231170E0,
1.100050231170E0,1.100050231170E0,1.100050231170E0,1.100050231170E0),(
9.666499229433E-1,9.666499229433E-1,9.666499229432E-1,9.666499229433E-1,
9.666499229433E-1,9.666499229432E-1,9.666499229433E-1,9.666499229433E-1,
9.666499229432E-1,9.666499229433E-1,9.666499229433E-1,9.666499229433E-1,
9.666499229432E-1,9.666499229433E-1,9.666499229433E-1,9.666499229433E-1),(
9.666499229433E-1,9.666499229433E-1,9.666499229432E-1,9.666499229433E-1,
9.666499229433E-1,9.666499229432E-1,9.666499229433E-1,9.666499229433E-1,
9.666499229432E-1,9.666499229433E-1,9.666499229433E-1,9.666499229433E-1,
9.666499229432E-1,9.666499229433E-1,9.666499229433E-1,9.666499229433E-1),(
1.100050231170E0,1.100050231170E0,1.100050231170E0,1.100050231170E0,
1.100050231170E0,1.100050231170E0,1.100050231170E0,1.100050231170E0,
1.100050231170E0,1.100050231170E0,1.100050231170E0,1.100050231170E0,
1.100050231170E0,1.100050231170E0,1.100050231170E0,1.100050231170E0)))REPRESENTATION_ITEM('')SURFACE());
#4823=ORIENTED_EDGE('',*,*,#4272,.F.);
#4825=ORIENTED_EDGE('',*,*,#4824,.F.);
#4826=ORIENTED_EDGE('',*,*,#4739,.F.);
#4827=EDGE_LOOP('',(#4823,#4825,#4826));
#4828=FACE_OUTER_BOUND('',#4827,.F.);
#4829=ADVANCED_FACE('',(#4828),#4822,.T.);
#4830=CARTESIAN_POINT('',(-6.211000205972E1,1.724583403406E1,-4.9E0));
#4831=DIRECTION('',(1.E0,0.E0,0.E0));
#4832=DIRECTION('',(0.E0,0.E0,-1.E0));
#4833=AXIS2_PLACEMENT_3D('',#4830,#4831,#4832);
#4834=CYLINDRICAL_SURFACE('',#4833,6.E-1);
#4835=ORIENTED_EDGE('',*,*,#4685,.T.);
#4836=ORIENTED_EDGE('',*,*,#4824,.T.);
#4838=ORIENTED_EDGE('',*,*,#4837,.F.);
#4840=ORIENTED_EDGE('',*,*,#4839,.T.);
#4841=EDGE_LOOP('',(#4835,#4836,#4838,#4840));
#4842=FACE_OUTER_BOUND('',#4841,.F.);
#4843=ADVANCED_FACE('',(#4842),#4834,.T.);
#4844=CARTESIAN_POINT('',(-2.056890783210E1,1.790616709360E1,
-3.764488196907E0));
#4845=DIRECTION('',(0.E0,-9.986295347546E-1,5.233595624294E-2));
#4846=DIRECTION('',(0.E0,-5.233595624294E-2,-9.986295347546E-1));
#4847=AXIS2_PLACEMENT_3D('',#4844,#4845,#4846);
#4848=PLANE('',#4847);
#4849=ORIENTED_EDGE('',*,*,#4837,.T.);
#4850=ORIENTED_EDGE('',*,*,#4308,.T.);
#4852=ORIENTED_EDGE('',*,*,#4851,.F.);
#4854=ORIENTED_EDGE('',*,*,#4853,.T.);
#4855=EDGE_LOOP('',(#4849,#4850,#4852,#4854));
#4856=FACE_OUTER_BOUND('',#4855,.F.);
#4857=ADVANCED_FACE('',(#4856),#4848,.F.);
#4858=CARTESIAN_POINT('',(-2.056890783210E1,2.24E1,-4.E0));
#4859=DIRECTION('',(1.E0,0.E0,0.E0));
#4860=DIRECTION('',(0.E0,0.E0,-1.E0));
#4861=AXIS2_PLACEMENT_3D('',#4858,#4859,#4860);
#4862=CYLINDRICAL_SURFACE('',#4861,4.5E0);
#4864=ORIENTED_EDGE('',*,*,#4863,.T.);
#4866=ORIENTED_EDGE('',*,*,#4865,.T.);
#4867=ORIENTED_EDGE('',*,*,#4851,.T.);
#4868=EDGE_LOOP('',(#4864,#4866,#4867));
#4869=FACE_OUTER_BOUND('',#4868,.F.);
#4870=ADVANCED_FACE('',(#4869),#4862,.F.);
#4871=CARTESIAN_POINT('',(1.094069705363E1,1.758818882027E1,-3.872468235895E0));
#4872=CARTESIAN_POINT('',(1.094029228944E1,1.758943314033E1,-3.824830883772E0));
#4873=CARTESIAN_POINT('',(1.093490390255E1,1.759653343299E1,-3.652002635759E0));
#4874=CARTESIAN_POINT('',(1.090017092457E1,1.762585205933E1,-3.343294925985E0));
#4875=CARTESIAN_POINT('',(1.080498908402E1,1.769649317286E1,-2.944186378739E0));
#4876=CARTESIAN_POINT('',(1.064605791246E1,1.780748250442E1,-2.529468973204E0));
#4877=CARTESIAN_POINT('',(1.041433294603E1,1.796147554058E1,-2.110784752210E0));
#4878=CARTESIAN_POINT('',(1.010321847137E1,1.815781715959E1,-1.700312982650E0));
#4879=CARTESIAN_POINT('',(9.706994903803E0,1.839354103989E1,-1.308124734242E0));
#4880=CARTESIAN_POINT('',(9.219694087067E0,1.866401599458E1,
-9.420153806714E-1));
#4881=CARTESIAN_POINT('',(8.634027831491E0,1.896339989507E1,
-6.077845984206E-1));
#4882=CARTESIAN_POINT('',(7.940074254766E0,1.928488622540E1,
-3.095541188350E-1));
#4883=CARTESIAN_POINT('',(7.124224276580E0,1.962034802665E1,
-5.029924087583E-2));
#4884=CARTESIAN_POINT('',(6.167550911618E0,1.995962339154E1,1.679015072929E-1));
#4885=CARTESIAN_POINT('',(5.054216596993E0,2.028589901602E1,3.419733592183E-1));
#4886=CARTESIAN_POINT('',(3.798600931761E0,2.057000335146E1,4.679059635986E-1));
#4887=CARTESIAN_POINT('',(2.451416640645E0,2.078066361975E1,5.471932410054E-1));
#4888=CARTESIAN_POINT('',(1.137952932244E0,2.089457462319E1,5.853697121047E-1));
#4889=CARTESIAN_POINT('',(2.828890999015E-1,2.091467409781E1,
5.918529034737E-1));
#4890=CARTESIAN_POINT('',(-1.093102287055E-1,2.091256950863E1,
5.911546158806E-1));
#4891=CARTESIAN_POINT('',(1.091510335407E1,1.783231279595E1,-3.879010245665E0));
#4892=CARTESIAN_POINT('',(1.091470126516E1,1.783349034665E1,-3.833905997633E0));
#4893=CARTESIAN_POINT('',(1.090935473892E1,1.784020603940E1,-3.670267517388E0));
#4894=CARTESIAN_POINT('',(1.087489285265E1,1.786792069752E1,-3.377965881059E0));
#4895=CARTESIAN_POINT('',(1.078042564497E1,1.793469090281E1,-3.000015782420E0));
#4896=CARTESIAN_POINT('',(1.062260516812E1,1.803961169103E1,-2.607189316657E0));
#4897=CARTESIAN_POINT('',(1.039233610174E1,1.818522093224E1,-2.210471559745E0));
#4898=CARTESIAN_POINT('',(1.008292593111E1,1.837093263673E1,-1.821376636622E0));
#4899=CARTESIAN_POINT('',(9.688550864986E0,1.859397320829E1,-1.449445342544E0));
#4900=CARTESIAN_POINT('',(9.203157421302E0,1.884998607868E1,-1.102081577994E0));
#4901=CARTESIAN_POINT('',(8.619402207025E0,1.913345799599E1,
-7.848097526181E-1));
#4902=CARTESIAN_POINT('',(7.927338789073E0,1.943795205196E1,
-5.015690467585E-1));
#4903=CARTESIAN_POINT('',(7.113358860798E0,1.975577126718E1,
-2.552136268754E-1));
#4904=CARTESIAN_POINT('',(6.158557481398E0,2.007728228395E1,
-4.774846306872E-2));
#4905=CARTESIAN_POINT('',(5.047120593593E0,2.038653987870E1,1.178686088837E-1));
#4906=CARTESIAN_POINT('',(3.793419298689E0,2.065587313417E1,2.377742276325E-1));
#4907=CARTESIAN_POINT('',(2.448135160340E0,2.085560669771E1,3.133241490965E-1));
#4908=CARTESIAN_POINT('',(1.136442984293E0,2.096361782738E1,3.497231420594E-1));
#4909=CARTESIAN_POINT('',(2.825135115760E-1,2.098267672371E1,
3.559058224760E-1));
#4910=CARTESIAN_POINT('',(-1.091651082177E-1,2.098068113064E1,
3.552400004556E-1));
#4911=CARTESIAN_POINT('',(1.070751013589E1,1.796334394515E1,-3.884275097080E0));
#4912=CARTESIAN_POINT('',(1.070712974648E1,1.796439673708E1,-3.843370741496E0));
#4913=CARTESIAN_POINT('',(1.070212275634E1,1.797031057422E1,-3.694961216090E0));
#4914=CARTESIAN_POINT('',(1.066985972379E1,1.799431788155E1,-3.429642226141E0));
#4915=CARTESIAN_POINT('',(1.058118897929E1,1.805199912737E1,-3.085279945184E0));
#4916=CARTESIAN_POINT('',(1.043237746530E1,1.814297214429E1,-2.724982899127E0));
#4917=CARTESIAN_POINT('',(1.021391735905E1,1.827012963963E1,-2.357763361896E0));
#4918=CARTESIAN_POINT('',(9.918330979572E0,1.843379968889E1,-1.993624433050E0));
#4919=CARTESIAN_POINT('',(9.538949305206E0,1.863234390056E1,-1.641350138699E0));
#4920=CARTESIAN_POINT('',(9.069026767136E0,1.886252201649E1,-1.308232468756E0));
#4921=CARTESIAN_POINT('',(8.500772212020E0,1.911979084145E1,-1.000111690713E0));
#4922=CARTESIAN_POINT('',(7.824040072824E0,1.939850513488E1,
-7.214779534712E-1));
#4923=CARTESIAN_POINT('',(7.025228318203E0,1.969163025394E1,
-4.758488826805E-1));
#4924=CARTESIAN_POINT('',(6.085610812714E0,1.999013394927E1,
-2.659691958830E-1));
#4925=CARTESIAN_POINT('',(4.989564155577E0,2.027890508492E1,
-9.568839024420E-2));
#4926=CARTESIAN_POINT('',(3.751390521941E0,2.053158227520E1,2.982936959113E-2));
#4927=CARTESIAN_POINT('',(2.421518724701E0,2.071961197305E1,1.103418592678E-1));
#4928=CARTESIAN_POINT('',(1.124195635931E0,2.082150812010E1,1.496806558962E-1));
#4929=CARTESIAN_POINT('',(2.794670747361E-1,2.083949922298E1,
1.563961187502E-1));
#4930=CARTESIAN_POINT('',(-1.079880205124E-1,2.083761639955E1,
1.556753670765E-1));
#4931=CARTESIAN_POINT('',(1.047601077930E1,1.788149501338E1,-3.884253323144E0));
#4932=CARTESIAN_POINT('',(1.047565458828E1,1.788246006764E1,-3.846017204798E0));
#4933=CARTESIAN_POINT('',(1.047102623474E1,1.788776544956E1,-3.707278154631E0));
#4934=CARTESIAN_POINT('',(1.044121527275E1,1.790878537019E1,-3.458969650223E0));
#4935=CARTESIAN_POINT('',(1.035900850387E1,1.795908133588E1,-3.135045629708E0));
#4936=CARTESIAN_POINT('',(1.022024341201E1,1.803884933017E1,-2.793143583852E0));
#4937=CARTESIAN_POINT('',(1.001495216888E1,1.815153912377E1,-2.440489544012E0));
#4938=CARTESIAN_POINT('',(9.734781508586E0,1.829854168085E1,-2.085880427887E0));
#4939=CARTESIAN_POINT('',(9.372119843546E0,1.847943177461E1,-1.737693318086E0));
#4940=CARTESIAN_POINT('',(8.919449818476E0,1.869207701837E1,-1.403473082500E0));
#4941=CARTESIAN_POINT('',(8.368480956284E0,1.893280670336E1,-1.089726428431E0));
#4942=CARTESIAN_POINT('',(7.708845624002E0,1.919658641921E1,
-8.018084007726E-1));
#4943=CARTESIAN_POINT('',(6.926948788239E0,1.947677181191E1,
-5.441794162630E-1));
#4944=CARTESIAN_POINT('',(6.004263709888E0,1.976454652290E1,
-3.205738880024E-1));
#4945=CARTESIAN_POINT('',(4.925379600395E0,2.004496430849E1,
-1.360625185910E-1));
#4946=CARTESIAN_POINT('',(3.704521771312E0,2.029178493618E1,2.432562325652E-3));
#4947=CARTESIAN_POINT('',(2.391837178362E0,2.047624672942E1,9.282828226257E-2));
#4948=CARTESIAN_POINT('',(1.110537900431E0,2.057646967256E1,1.375853460446E-1));
#4949=CARTESIAN_POINT('',(2.760698145822E-1,2.059417894886E1,
1.452611422975E-1));
#4950=CARTESIAN_POINT('',(-1.066753810686E-1,2.059232678847E1,
1.444398976244E-1));
#4951=(BOUNDED_SURFACE()B_SPLINE_SURFACE(3,3,((#4871,#4872,#4873,#4874,#4875,
#4876,#4877,#4878,#4879,#4880,#4881,#4882,#4883,#4884,#4885,#4886,#4887,#4888,
#4889,#4890),(#4891,#4892,#4893,#4894,#4895,#4896,#4897,#4898,#4899,#4900,#4901,
#4902,#4903,#4904,#4905,#4906,#4907,#4908,#4909,#4910),(#4911,#4912,#4913,#4914,
#4915,#4916,#4917,#4918,#4919,#4920,#4921,#4922,#4923,#4924,#4925,#4926,#4927,
#4928,#4929,#4930),(#4931,#4932,#4933,#4934,#4935,#4936,#4937,#4938,#4939,#4940,
#4941,#4942,#4943,#4944,#4945,#4946,#4947,#4948,#4949,#4950)),.UNSPECIFIED.,.F.,
.F.,.F.)B_SPLINE_SURFACE_WITH_KNOTS((4,4),(4,1,1,1,1,1,1,1,1,1,1,1,1,1,1,1,1,4),
(0.E0,1.E0),(-2.466381607147E-3,0.E0,6.483780365917E-3,1.363671582574E-2,
2.160627128556E-2,3.045985266868E-2,4.030446316330E-2,5.127756843552E-2,
6.352686468414E-2,7.723396818588E-2,9.262425400470E-2,1.099843403006E-1,
1.296802287644E-1,1.522134391835E-1,1.776309146096E-1,2.045182609668E-1,
2.314165379612E-1,2.542141572472E-1),.UNSPECIFIED.)GEOMETRIC_REPRESENTATION_ITEM()RATIONAL_B_SPLINE_SURFACE(((1.235160200456E0,1.235160200456E0,1.235160200456E0,
1.235160200456E0,1.235160200456E0,1.235160200456E0,1.235160200456E0,
1.235160200456E0,1.235160200456E0,1.235160200456E0,1.235160200456E0,
1.235160200456E0,1.235160200456E0,1.235160200456E0,1.235160200456E0,
1.235160200456E0,1.235160200456E0,1.235160200456E0,1.235160200456E0,
1.235160200456E0),(9.216132665147E-1,9.216132665147E-1,9.216132665147E-1,
9.216132665147E-1,9.216132665147E-1,9.216132665147E-1,9.216132665147E-1,
9.216132665147E-1,9.216132665147E-1,9.216132665147E-1,9.216132665147E-1,
9.216132665147E-1,9.216132665147E-1,9.216132665147E-1,9.216132665147E-1,
9.216132665147E-1,9.216132665147E-1,9.216132665147E-1,9.216132665147E-1,
9.216132665147E-1),(9.216132665147E-1,9.216132665147E-1,9.216132665147E-1,
9.216132665147E-1,9.216132665147E-1,9.216132665147E-1,9.216132665147E-1,
9.216132665147E-1,9.216132665147E-1,9.216132665147E-1,9.216132665147E-1,
9.216132665147E-1,9.216132665147E-1,9.216132665147E-1,9.216132665147E-1,
9.216132665147E-1,9.216132665147E-1,9.216132665147E-1,9.216132665147E-1,
9.216132665147E-1),(1.235160200456E0,1.235160200456E0,1.235160200456E0,
1.235160200456E0,1.235160200456E0,1.235160200456E0,1.235160200456E0,
1.235160200456E0,1.235160200456E0,1.235160200456E0,1.235160200456E0,
1.235160200456E0,1.235160200456E0,1.235160200456E0,1.235160200456E0,
1.235160200456E0,1.235160200456E0,1.235160200456E0,1.235160200456E0,
1.235160200456E0)))REPRESENTATION_ITEM('')SURFACE());
#4953=ORIENTED_EDGE('',*,*,#4952,.F.);
#4955=ORIENTED_EDGE('',*,*,#4954,.T.);
#4956=ORIENTED_EDGE('',*,*,#4863,.F.);
#4957=ORIENTED_EDGE('',*,*,#4306,.F.);
#4958=ORIENTED_EDGE('',*,*,#4327,.T.);
#4959=EDGE_LOOP('',(#4953,#4955,#4956,#4957,#4958));
#4960=FACE_OUTER_BOUND('',#4959,.F.);
#4961=ADVANCED_FACE('',(#4960),#4951,.T.);
#4962=CARTESIAN_POINT('',(0.E0,0.E0,4.630838262761E-1));
#4963=DIRECTION('',(0.E0,0.E0,-1.E0));
#4964=DIRECTION('',(-1.E0,0.E0,0.E0));
#4965=AXIS2_PLACEMENT_3D('',#4962,#4963,#4964);
#4966=CONICAL_SURFACE('',#4965,2.092169391676E1,3.E0);
#4968=ORIENTED_EDGE('',*,*,#4967,.T.);
#4970=ORIENTED_EDGE('',*,*,#4969,.F.);
#4971=ORIENTED_EDGE('',*,*,#4356,.F.);
#4973=ORIENTED_EDGE('',*,*,#4972,.T.);
#4974=ORIENTED_EDGE('',*,*,#4952,.T.);
#4975=ORIENTED_EDGE('',*,*,#4325,.F.);
#4977=ORIENTED_EDGE('',*,*,#4976,.T.);
#4978=EDGE_LOOP('',(#4968,#4970,#4971,#4973,#4974,#4975,#4977));
#4979=FACE_OUTER_BOUND('',#4978,.F.);
#4980=ADVANCED_FACE('',(#4979),#4966,.T.);
#4981=CARTESIAN_POINT('',(0.E0,0.E0,5.E-1));
#4982=DIRECTION('',(0.E0,0.E0,1.E0));
#4983=DIRECTION('',(1.485959642860E-3,-9.999988959614E-1,0.E0));
#4984=AXIS2_PLACEMENT_3D('',#4981,#4982,#4983);
#4985=TOROIDAL_SURFACE('',#4984,2.041907304907E1,5.E-1);
#4987=ORIENTED_EDGE('',*,*,#4986,.T.);
#4988=ORIENTED_EDGE('',*,*,#4967,.F.);
#4990=ORIENTED_EDGE('',*,*,#4989,.T.);
#4992=ORIENTED_EDGE('',*,*,#4991,.T.);
#4993=EDGE_LOOP('',(#4987,#4988,#4990,#4992));
#4994=FACE_OUTER_BOUND('',#4993,.F.);
#4995=ADVANCED_FACE('',(#4994),#4985,.T.);
#4996=CARTESIAN_POINT('',(-1.893368994038E1,1.325751242238E1,1.E0));
#4997=DIRECTION('',(-5.713938048433E-1,-8.160349234517E-1,8.715574274766E-2));
#4998=DIRECTION('',(8.191520442890E-1,-5.735764363510E-1,0.E0));
#4999=AXIS2_PLACEMENT_3D('',#4996,#4997,#4998);
#5000=PLANE('',#4999);
#5001=ORIENTED_EDGE('',*,*,#4986,.F.);
#5003=ORIENTED_EDGE('',*,*,#5002,.T.);
#5005=ORIENTED_EDGE('',*,*,#5004,.F.);
#5007=ORIENTED_EDGE('',*,*,#5006,.F.);
#5008=ORIENTED_EDGE('',*,*,#4358,.T.);
#5009=ORIENTED_EDGE('',*,*,#4969,.T.);
#5010=EDGE_LOOP('',(#5001,#5003,#5005,#5007,#5008,#5009));
#5011=FACE_OUTER_BOUND('',#5010,.F.);
#5012=ADVANCED_FACE('',(#5011),#5000,.T.);
#5013=CARTESIAN_POINT('',(0.E0,0.E0,1.E0));
#5014=DIRECTION('',(0.E0,0.E0,1.E0));
#5015=DIRECTION('',(1.E0,0.E0,0.E0));
#5016=AXIS2_PLACEMENT_3D('',#5013,#5014,#5015);
#5017=PLANE('',#5016);
#5019=ORIENTED_EDGE('',*,*,#5018,.F.);
#5021=ORIENTED_EDGE('',*,*,#5020,.T.);
#5023=ORIENTED_EDGE('',*,*,#5022,.T.);
#5025=ORIENTED_EDGE('',*,*,#5024,.T.);
#5026=ORIENTED_EDGE('',*,*,#5002,.F.);
#5027=ORIENTED_EDGE('',*,*,#4991,.F.);
#5029=ORIENTED_EDGE('',*,*,#5028,.F.);
#5031=ORIENTED_EDGE('',*,*,#5030,.T.);
#5033=ORIENTED_EDGE('',*,*,#5032,.T.);
#5035=ORIENTED_EDGE('',*,*,#5034,.T.);
#5037=ORIENTED_EDGE('',*,*,#5036,.F.);
#5039=ORIENTED_EDGE('',*,*,#5038,.F.);
#5041=ORIENTED_EDGE('',*,*,#5040,.F.);
#5043=ORIENTED_EDGE('',*,*,#5042,.F.);
#5045=ORIENTED_EDGE('',*,*,#5044,.F.);
#5047=ORIENTED_EDGE('',*,*,#5046,.T.);
#5048=EDGE_LOOP('',(#5019,#5021,#5023,#5025,#5026,#5027,#5029,#5031,#5033,#5035,
#5037,#5039,#5041,#5043,#5045,#5047));
#5049=FACE_OUTER_BOUND('',#5048,.F.);
#5051=ORIENTED_EDGE('',*,*,#5050,.F.);
#5053=ORIENTED_EDGE('',*,*,#5052,.F.);
#5055=ORIENTED_EDGE('',*,*,#5054,.F.);
#5057=ORIENTED_EDGE('',*,*,#5056,.T.);
#5059=ORIENTED_EDGE('',*,*,#5058,.F.);
#5060=EDGE_LOOP('',(#5051,#5053,#5055,#5057,#5059));
#5061=FACE_BOUND('',#5060,.F.);
#5063=ORIENTED_EDGE('',*,*,#5062,.F.);
#5065=ORIENTED_EDGE('',*,*,#5064,.F.);
#5066=EDGE_LOOP('',(#5063,#5065));
#5067=FACE_BOUND('',#5066,.F.);
#5069=ORIENTED_EDGE('',*,*,#5068,.T.);
#5071=ORIENTED_EDGE('',*,*,#5070,.F.);
#5073=ORIENTED_EDGE('',*,*,#5072,.T.);
#5075=ORIENTED_EDGE('',*,*,#5074,.F.);
#5077=ORIENTED_EDGE('',*,*,#5076,.T.);
#5079=ORIENTED_EDGE('',*,*,#5078,.F.);
#5081=ORIENTED_EDGE('',*,*,#5080,.T.);
#5083=ORIENTED_EDGE('',*,*,#5082,.F.);
#5085=ORIENTED_EDGE('',*,*,#5084,.T.);
#5087=ORIENTED_EDGE('',*,*,#5086,.F.);
#5089=ORIENTED_EDGE('',*,*,#5088,.T.);
#5091=ORIENTED_EDGE('',*,*,#5090,.F.);
#5093=ORIENTED_EDGE('',*,*,#5092,.T.);
#5095=ORIENTED_EDGE('',*,*,#5094,.F.);
#5097=ORIENTED_EDGE('',*,*,#5096,.T.);
#5099=ORIENTED_EDGE('',*,*,#5098,.F.);
#5101=ORIENTED_EDGE('',*,*,#5100,.F.);
#5102=EDGE_LOOP('',(#5069,#5071,#5073,#5075,#5077,#5079,#5081,#5083,#5085,#5087,
#5089,#5091,#5093,#5095,#5097,#5099,#5101));
#5103=FACE_BOUND('',#5102,.F.);
#5105=ORIENTED_EDGE('',*,*,#5104,.T.);
#5107=ORIENTED_EDGE('',*,*,#5106,.F.);
#5109=ORIENTED_EDGE('',*,*,#5108,.T.);
#5111=ORIENTED_EDGE('',*,*,#5110,.F.);
#5113=ORIENTED_EDGE('',*,*,#5112,.T.);
#5115=ORIENTED_EDGE('',*,*,#5114,.F.);
#5117=ORIENTED_EDGE('',*,*,#5116,.T.);
#5119=ORIENTED_EDGE('',*,*,#5118,.F.);
#5121=ORIENTED_EDGE('',*,*,#5120,.T.);
#5123=ORIENTED_EDGE('',*,*,#5122,.F.);
#5125=ORIENTED_EDGE('',*,*,#5124,.T.);
#5127=ORIENTED_EDGE('',*,*,#5126,.F.);
#5129=ORIENTED_EDGE('',*,*,#5128,.T.);
#5131=ORIENTED_EDGE('',*,*,#5130,.F.);
#5133=ORIENTED_EDGE('',*,*,#5132,.T.);
#5135=ORIENTED_EDGE('',*,*,#5134,.F.);
#5137=ORIENTED_EDGE('',*,*,#5136,.T.);
#5139=ORIENTED_EDGE('',*,*,#5138,.F.);
#5141=ORIENTED_EDGE('',*,*,#5140,.T.);
#5143=ORIENTED_EDGE('',*,*,#5142,.F.);
#5144=EDGE_LOOP('',(#5105,#5107,#5109,#5111,#5113,#5115,#5117,#5119,#5121,#5123,
#5125,#5127,#5129,#5131,#5133,#5135,#5137,#5139,#5141,#5143));
#5145=FACE_BOUND('',#5144,.F.);
#5147=ORIENTED_EDGE('',*,*,#5146,.T.);
#5149=ORIENTED_EDGE('',*,*,#5148,.F.);
#5151=ORIENTED_EDGE('',*,*,#5150,.T.);
#5153=ORIENTED_EDGE('',*,*,#5152,.F.);
#5155=ORIENTED_EDGE('',*,*,#5154,.T.);
#5157=ORIENTED_EDGE('',*,*,#5156,.F.);
#5158=EDGE_LOOP('',(#5147,#5149,#5151,#5153,#5155,#5157));
#5159=FACE_BOUND('',#5158,.F.);
#5161=ORIENTED_EDGE('',*,*,#5160,.T.);
#5163=ORIENTED_EDGE('',*,*,#5162,.F.);
#5165=ORIENTED_EDGE('',*,*,#5164,.T.);
#5167=ORIENTED_EDGE('',*,*,#5166,.F.);
#5169=ORIENTED_EDGE('',*,*,#5168,.T.);
#5171=ORIENTED_EDGE('',*,*,#5170,.F.);
#5173=ORIENTED_EDGE('',*,*,#5172,.T.);
#5175=ORIENTED_EDGE('',*,*,#5174,.F.);
#5177=ORIENTED_EDGE('',*,*,#5176,.T.);
#5179=ORIENTED_EDGE('',*,*,#5178,.F.);
#5181=ORIENTED_EDGE('',*,*,#5180,.T.);
#5183=ORIENTED_EDGE('',*,*,#5182,.F.);
#5185=ORIENTED_EDGE('',*,*,#5184,.T.);
#5187=ORIENTED_EDGE('',*,*,#5186,.F.);
#5189=ORIENTED_EDGE('',*,*,#5188,.T.);
#5191=ORIENTED_EDGE('',*,*,#5190,.F.);
#5192=EDGE_LOOP('',(#5161,#5163,#5165,#5167,#5169,#5171,#5173,#5175,#5177,#5179,
#5181,#5183,#5185,#5187,#5189,#5191));
#5193=FACE_BOUND('',#5192,.F.);
#5195=ORIENTED_EDGE('',*,*,#5194,.T.);
#5197=ORIENTED_EDGE('',*,*,#5196,.T.);
#5199=ORIENTED_EDGE('',*,*,#5198,.T.);
#5201=ORIENTED_EDGE('',*,*,#5200,.T.);
#5202=EDGE_LOOP('',(#5195,#5197,#5199,#5201));
#5203=FACE_BOUND('',#5202,.F.);
#5205=ORIENTED_EDGE('',*,*,#5204,.T.);
#5207=ORIENTED_EDGE('',*,*,#5206,.T.);
#5209=ORIENTED_EDGE('',*,*,#5208,.T.);
#5211=ORIENTED_EDGE('',*,*,#5210,.T.);
#5212=EDGE_LOOP('',(#5205,#5207,#5209,#5211));
#5213=FACE_BOUND('',#5212,.F.);
#5215=ORIENTED_EDGE('',*,*,#5214,.F.);
#5217=ORIENTED_EDGE('',*,*,#5216,.T.);
#5219=ORIENTED_EDGE('',*,*,#5218,.T.);
#5221=ORIENTED_EDGE('',*,*,#5220,.T.);
#5223=ORIENTED_EDGE('',*,*,#5222,.T.);
#5225=ORIENTED_EDGE('',*,*,#5224,.T.);
#5227=ORIENTED_EDGE('',*,*,#5226,.F.);
#5229=ORIENTED_EDGE('',*,*,#5228,.T.);
#5231=ORIENTED_EDGE('',*,*,#5230,.T.);
#5233=ORIENTED_EDGE('',*,*,#5232,.T.);
#5235=ORIENTED_EDGE('',*,*,#5234,.F.);
#5236=EDGE_LOOP('',(#5215,#5217,#5219,#5221,#5223,#5225,#5227,#5229,#5231,#5233,
#5235));
#5237=FACE_BOUND('',#5236,.F.);
#5239=ORIENTED_EDGE('',*,*,#5238,.T.);
#5241=ORIENTED_EDGE('',*,*,#5240,.T.);
#5243=ORIENTED_EDGE('',*,*,#5242,.T.);
#5245=ORIENTED_EDGE('',*,*,#5244,.T.);
#5247=ORIENTED_EDGE('',*,*,#5246,.T.);
#5249=ORIENTED_EDGE('',*,*,#5248,.T.);
#5251=ORIENTED_EDGE('',*,*,#5250,.T.);
#5253=ORIENTED_EDGE('',*,*,#5252,.T.);
#5255=ORIENTED_EDGE('',*,*,#5254,.T.);
#5257=ORIENTED_EDGE('',*,*,#5256,.T.);
#5259=ORIENTED_EDGE('',*,*,#5258,.T.);
#5260=EDGE_LOOP('',(#5239,#5241,#5243,#5245,#5247,#5249,#5251,#5253,#5255,#5257,
#5259));
#5261=FACE_BOUND('',#5260,.F.);
#5263=ORIENTED_EDGE('',*,*,#5262,.T.);
#5265=ORIENTED_EDGE('',*,*,#5264,.F.);
#5267=ORIENTED_EDGE('',*,*,#5266,.T.);
#5269=ORIENTED_EDGE('',*,*,#5268,.F.);
#5271=ORIENTED_EDGE('',*,*,#5270,.T.);
#5273=ORIENTED_EDGE('',*,*,#5272,.F.);
#5275=ORIENTED_EDGE('',*,*,#5274,.T.);
#5277=ORIENTED_EDGE('',*,*,#5276,.F.);
#5278=EDGE_LOOP('',(#5263,#5265,#5267,#5269,#5271,#5273,#5275,#5277));
#5279=FACE_BOUND('',#5278,.F.);
#5280=ADVANCED_FACE('',(#5049,#5061,#5067,#5103,#5145,#5159,#5193,#5203,#5213,
#5237,#5261,#5279),#5017,.T.);
#5281=CARTESIAN_POINT('',(0.E0,0.E0,1.E0));
#5282=DIRECTION('',(0.E0,0.E0,1.E0));
#5283=DIRECTION('',(1.E0,0.E0,0.E0));
#5284=AXIS2_PLACEMENT_3D('',#5281,#5282,#5283);
#5285=PLANE('',#5284);
#5287=ORIENTED_EDGE('',*,*,#5286,.T.);
#5289=ORIENTED_EDGE('',*,*,#5288,.F.);
#5291=ORIENTED_EDGE('',*,*,#5290,.T.);
#5293=ORIENTED_EDGE('',*,*,#5292,.F.);
#5295=ORIENTED_EDGE('',*,*,#5294,.T.);
#5297=ORIENTED_EDGE('',*,*,#5296,.F.);
#5298=EDGE_LOOP('',(#5287,#5289,#5291,#5293,#5295,#5297));
#5299=FACE_OUTER_BOUND('',#5298,.F.);
#5300=ADVANCED_FACE('',(#5299),#5285,.T.);
#5301=CARTESIAN_POINT('',(0.E0,0.E0,1.E0));
#5302=DIRECTION('',(0.E0,0.E0,1.E0));
#5303=DIRECTION('',(1.E0,0.E0,0.E0));
#5304=AXIS2_PLACEMENT_3D('',#5301,#5302,#5303);
#5305=PLANE('',#5304);
#5307=ORIENTED_EDGE('',*,*,#5306,.T.);
#5309=ORIENTED_EDGE('',*,*,#5308,.T.);
#5311=ORIENTED_EDGE('',*,*,#5310,.T.);
#5313=ORIENTED_EDGE('',*,*,#5312,.T.);
#5315=ORIENTED_EDGE('',*,*,#5314,.T.);
#5317=ORIENTED_EDGE('',*,*,#5316,.T.);
#5319=ORIENTED_EDGE('',*,*,#5318,.T.);
#5321=ORIENTED_EDGE('',*,*,#5320,.T.);
#5322=EDGE_LOOP('',(#5307,#5309,#5311,#5313,#5315,#5317,#5319,#5321));
#5323=FACE_OUTER_BOUND('',#5322,.F.);
#5324=ADVANCED_FACE('',(#5323),#5305,.T.);
#5325=CARTESIAN_POINT('',(0.E0,0.E0,4.000000000001E-1));
#5326=DIRECTION('',(0.E0,0.E0,1.E0));
#5327=DIRECTION('',(1.640427808998E-2,9.998654407771E-1,0.E0));
#5328=AXIS2_PLACEMENT_3D('',#5325,#5326,#5327);
#5329=TOROIDAL_SURFACE('',#5328,1.915505100301E1,6.E-1);
#5331=ORIENTED_EDGE('',*,*,#5330,.F.);
#5333=ORIENTED_EDGE('',*,*,#5332,.F.);
#5334=ORIENTED_EDGE('',*,*,#5050,.T.);
#5336=ORIENTED_EDGE('',*,*,#5335,.T.);
#5337=EDGE_LOOP('',(#5331,#5333,#5334,#5336));
#5338=FACE_OUTER_BOUND('',#5337,.F.);
#5339=ADVANCED_FACE('',(#5338),#5329,.T.);
#5340=CARTESIAN_POINT('',(0.E0,0.E0,-2.284904825829E-1));
#5341=DIRECTION('',(0.E0,0.E0,1.E0));
#5342=DIRECTION('',(0.E0,-1.E0,0.E0));
#5343=AXIS2_PLACEMENT_3D('',#5340,#5341,#5342);
#5344=CONICAL_SURFACE('',#5343,1.854398926500E1,1.E0);
#5345=ORIENTED_EDGE('',*,*,#5330,.T.);
#5347=ORIENTED_EDGE('',*,*,#5346,.F.);
#5349=ORIENTED_EDGE('',*,*,#5348,.F.);
#5351=ORIENTED_EDGE('',*,*,#5350,.T.);
#5353=ORIENTED_EDGE('',*,*,#5352,.T.);
#5355=ORIENTED_EDGE('',*,*,#5354,.F.);
#5357=ORIENTED_EDGE('',*,*,#5356,.F.);
#5358=EDGE_LOOP('',(#5345,#5347,#5349,#5351,#5353,#5355,#5357));
#5359=FACE_OUTER_BOUND('',#5358,.F.);
#5360=ADVANCED_FACE('',(#5359),#5344,.F.);
#5361=CARTESIAN_POINT('',(6.8E0,1.176123244930E1,1.E-1));
#5362=DIRECTION('',(9.961946980917E-1,0.E0,-8.715574274766E-2));
#5363=DIRECTION('',(0.E0,-1.E0,0.E0));
#5364=AXIS2_PLACEMENT_3D('',#5361,#5362,#5363);
#5365=PLANE('',#5364);
#5366=ORIENTED_EDGE('',*,*,#5346,.T.);
#5367=ORIENTED_EDGE('',*,*,#5335,.F.);
#5368=ORIENTED_EDGE('',*,*,#5058,.T.);
#5370=ORIENTED_EDGE('',*,*,#5369,.F.);
#5372=ORIENTED_EDGE('',*,*,#5371,.T.);
#5373=EDGE_LOOP('',(#5366,#5367,#5368,#5370,#5372));
#5374=FACE_OUTER_BOUND('',#5373,.F.);
#5375=ADVANCED_FACE('',(#5374),#5365,.F.);
#5376=CARTESIAN_POINT('',(-1.588767550702E0,1.085E1,1.E-1));
#5377=DIRECTION('',(0.E0,-9.961946980917E-1,-8.715574274766E-2));
#5378=DIRECTION('',(-1.E0,0.E0,0.E0));
#5379=AXIS2_PLACEMENT_3D('',#5376,#5377,#5378);
#5380=PLANE('',#5379);
#5381=ORIENTED_EDGE('',*,*,#5056,.F.);
#5383=ORIENTED_EDGE('',*,*,#5382,.F.);
#5385=ORIENTED_EDGE('',*,*,#5384,.T.);
#5386=ORIENTED_EDGE('',*,*,#5369,.T.);
#5387=EDGE_LOOP('',(#5381,#5383,#5385,#5386));
#5388=FACE_OUTER_BOUND('',#5387,.F.);
#5389=ADVANCED_FACE('',(#5388),#5380,.F.);
#5390=CARTESIAN_POINT('',(-2.4E0,2.077432132615E1,1.E-1));
#5391=DIRECTION('',(-9.961946980917E-1,0.E0,-8.715574274766E-2));
#5392=DIRECTION('',(0.E0,1.E0,0.E0));
#5393=AXIS2_PLACEMENT_3D('',#5390,#5391,#5392);
#5394=PLANE('',#5393);
#5395=ORIENTED_EDGE('',*,*,#5054,.T.);
#5397=ORIENTED_EDGE('',*,*,#5396,.F.);
#5399=ORIENTED_EDGE('',*,*,#5398,.F.);
#5401=ORIENTED_EDGE('',*,*,#5400,.F.);
#5403=ORIENTED_EDGE('',*,*,#5402,.T.);
#5404=ORIENTED_EDGE('',*,*,#5382,.T.);
#5405=EDGE_LOOP('',(#5395,#5397,#5399,#5401,#5403,#5404));
#5406=FACE_OUTER_BOUND('',#5405,.F.);
#5407=ADVANCED_FACE('',(#5406),#5394,.F.);
#5408=CARTESIAN_POINT('',(-2.593121239806E0,1.914131842642E1,
9.757298882408E-1));
#5409=CARTESIAN_POINT('',(-2.584944628857E0,1.914266509996E1,
9.756296471704E-1));
#5410=CARTESIAN_POINT('',(-2.380675159838E0,1.917611609658E1,
9.731305718728E-1));
#5411=CARTESIAN_POINT('',(-1.958588322897E0,1.923541513463E1,
9.682350294594E-1));
#5412=CARTESIAN_POINT('',(-1.301977522258E0,1.929993569436E1,
9.621701034298E-1));
#5413=CARTESIAN_POINT('',(-5.833780086895E-1,1.933993626081E1,
9.580539616889E-1));
#5414=CARTESIAN_POINT('',(1.704383021600E-1,1.934905510580E1,
9.570728889471E-1));
#5415=CARTESIAN_POINT('',(9.144931428903E-1,1.932538511465E1,
9.595836188081E-1));
#5416=CARTESIAN_POINT('',(1.611356366759E0,1.927308372460E1,9.647799867084E-1));
#5417=CARTESIAN_POINT('',(2.266087723283E0,1.919595755099E1,9.716412303101E-1));
#5418=CARTESIAN_POINT('',(2.919568565778E0,1.908936706207E1,9.797487041224E-1));
#5419=CARTESIAN_POINT('',(3.378931428229E0,1.898944476377E1,9.857245532804E-1));
#5420=CARTESIAN_POINT('',(3.627070202158E0,1.892633189863E1,9.887408904223E-1));
#5421=CARTESIAN_POINT('',(3.646692184363E0,1.892128281304E1,9.889781257816E-1));
#5422=CARTESIAN_POINT('',(-2.538485686508E0,1.869572001971E1,1.107450888607E0));
#5423=CARTESIAN_POINT('',(-2.530528219957E0,1.869711856861E1,1.107616998541E0));
#5424=CARTESIAN_POINT('',(-2.331715843294E0,1.873186748388E1,1.111737055489E0));
#5425=CARTESIAN_POINT('',(-1.920011366126E0,1.879393371978E1,1.118726674111E0));
#5426=CARTESIAN_POINT('',(-1.277508788584E0,1.886218506703E1,1.125806143878E0));
#5427=CARTESIAN_POINT('',(-5.727440788745E-1,1.890484028454E1,
1.129938366029E0));
#5428=CARTESIAN_POINT('',(1.673564164696E-1,1.891460438799E1,1.130850951997E0));
#5429=CARTESIAN_POINT('',(8.976347982742E-1,1.888929255570E1,1.128461174558E0));
#5430=CARTESIAN_POINT('',(1.580463388573E0,1.883369818242E1,1.122919087427E0));
#5431=CARTESIAN_POINT('',(2.220259705294E0,1.875248782125E1,1.114179667946E0));
#5432=CARTESIAN_POINT('',(2.856379910971E0,1.864161206227E1,1.101144378782E0));
#5433=CARTESIAN_POINT('',(3.301074445285E0,1.853932374904E1,1.087836272672E0));
#5434=CARTESIAN_POINT('',(3.540269889667E0,1.847553100352E1,1.078958242093E0));
#5435=CARTESIAN_POINT('',(3.559178058992E0,1.847043215766E1,1.078245553552E0));
#5436=CARTESIAN_POINT('',(-2.494550368340E0,1.833739092793E1,
8.098549217305E-1));
#5437=CARTESIAN_POINT('',(-2.486739990760E0,1.833859356317E1,
8.102352311995E-1));
#5438=CARTESIAN_POINT('',(-2.291600117423E0,1.836847827926E1,
8.196835377716E-1));
#5439=CARTESIAN_POINT('',(-1.887368557276E0,1.842203585117E1,
8.365039006470E-1));
#5440=CARTESIAN_POINT('',(-1.256106009507E0,1.848123298991E1,
8.548755991169E-1));
#5441=CARTESIAN_POINT('',(-5.632440707184E-1,1.851837675537E1,
8.662941486864E-1));
#5442=CARTESIAN_POINT('',(1.645896497676E-1,1.852689519821E1,
8.689028185450E-1));
#5443=CARTESIAN_POINT('',(8.826898976080E-1,1.850482243298E1,
8.621419880050E-1));
#5444=CARTESIAN_POINT('',(1.553812429065E0,1.845649230701E1,8.472187069691E-1));
#5445=CARTESIAN_POINT('',(2.182226720926E0,1.838621186909E1,8.252943930560E-1));
#5446=CARTESIAN_POINT('',(2.806580086617E0,1.829080462117E1,7.951590285042E-1));
#5447=CARTESIAN_POINT('',(3.242789694370E0,1.820340619767E1,7.671698521842E-1));
#5448=CARTESIAN_POINT('',(3.477428115902E0,1.814916623086E1,7.496686145602E-1));
#5449=CARTESIAN_POINT('',(3.495976249853E0,1.814483240253E1,7.482696094371E-1));
#5450=CARTESIAN_POINT('',(-2.499861404954E0,1.838070684294E1,
3.440342073864E-1));
#5451=CARTESIAN_POINT('',(-2.491997014188E0,1.838163765799E1,
3.443886395514E-1));
#5452=CARTESIAN_POINT('',(-2.295523028803E0,1.840476360335E1,
3.531996378058E-1));
#5453=CARTESIAN_POINT('',(-1.889298669619E0,1.844600162279E1,
3.691714436609E-1));
#5454=CARTESIAN_POINT('',(-1.256546654216E0,1.849130315724E1,
3.870761035563E-1));
#5455=CARTESIAN_POINT('',(-5.632127013998E-1,1.851960477330E1,
3.984263728965E-1));
#5456=CARTESIAN_POINT('',(1.645653913342E-1,1.852607950170E1,
4.010455131517E-1));
#5457=CARTESIAN_POINT('',(8.827701686150E-1,1.850928495547E1,
3.942779742448E-1));
#5458=CARTESIAN_POINT('',(1.554785385008E0,1.847240310787E1,3.795612373651E-1));
#5459=CARTESIAN_POINT('',(2.185356548707E0,1.841847746815E1,3.584354052249E-1));
#5460=CARTESIAN_POINT('',(2.813860365893E0,1.834472140144E1,3.302451970544E-1));
#5461=CARTESIAN_POINT('',(3.255212596287E0,1.827640530779E1,3.050580948485E-1));
#5462=CARTESIAN_POINT('',(3.493678350512E0,1.823356976399E1,2.897702771914E-1));
#5463=CARTESIAN_POINT('',(3.512536099270E0,1.823014455212E1,2.885506943517E-1));
#5464=(BOUNDED_SURFACE()B_SPLINE_SURFACE(3,3,((#5408,#5409,#5410,#5411,#5412,
#5413,#5414,#5415,#5416,#5417,#5418,#5419,#5420,#5421),(#5422,#5423,#5424,#5425,
#5426,#5427,#5428,#5429,#5430,#5431,#5432,#5433,#5434,#5435),(#5436,#5437,#5438,
#5439,#5440,#5441,#5442,#5443,#5444,#5445,#5446,#5447,#5448,#5449),(#5450,#5451,
#5452,#5453,#5454,#5455,#5456,#5457,#5458,#5459,#5460,#5461,#5462,#5463)),
.UNSPECIFIED.,.F.,.F.,.F.)B_SPLINE_SURFACE_WITH_KNOTS((4,4),(4,1,1,1,1,1,1,1,1,
1,1,4),(0.E0,1.E0),(5.297573918127E-1,5.316322727877E-1,5.765905039897E-1,
6.262562010783E-1,6.812111553270E-1,7.399345196562E-1,7.974425834674E-1,
8.502263261745E-1,8.984681192433E-1,9.468133196030E-1,1.E0,1.004570154367E0),
.UNSPECIFIED.)GEOMETRIC_REPRESENTATION_ITEM()RATIONAL_B_SPLINE_SURFACE(((
1.280958319611E0,1.280958319611E0,1.280958319611E0,1.280958319611E0,
1.280958319611E0,1.280958319611E0,1.280958319611E0,1.280958319611E0,
1.280958319611E0,1.280958319611E0,1.280958319611E0,1.280958319611E0,
1.280958319611E0,1.280958319611E0),(9.063472267964E-1,9.063472267964E-1,
9.063472267964E-1,9.063472267964E-1,9.063472267964E-1,9.063472267964E-1,
9.063472267964E-1,9.063472267964E-1,9.063472267964E-1,9.063472267964E-1,
9.063472267964E-1,9.063472267964E-1,9.063472267964E-1,9.063472267964E-1),(
9.063472267964E-1,9.063472267964E-1,9.063472267964E-1,9.063472267964E-1,
9.063472267964E-1,9.063472267964E-1,9.063472267964E-1,9.063472267964E-1,
9.063472267964E-1,9.063472267964E-1,9.063472267964E-1,9.063472267964E-1,
9.063472267964E-1,9.063472267964E-1),(1.280958319611E0,1.280958319611E0,
1.280958319611E0,1.280958319611E0,1.280958319611E0,1.280958319611E0,
1.280958319611E0,1.280958319611E0,1.280958319611E0,1.280958319611E0,
1.280958319611E0,1.280958319611E0,1.280958319611E0,1.280958319611E0)))REPRESENTATION_ITEM('')SURFACE());
#5465=ORIENTED_EDGE('',*,*,#5052,.T.);
#5466=ORIENTED_EDGE('',*,*,#5332,.T.);
#5468=ORIENTED_EDGE('',*,*,#5467,.F.);
#5469=ORIENTED_EDGE('',*,*,#5396,.T.);
#5470=EDGE_LOOP('',(#5465,#5466,#5468,#5469));
#5471=FACE_OUTER_BOUND('',#5470,.F.);
#5472=ADVANCED_FACE('',(#5471),#5464,.T.);
#5473=CARTESIAN_POINT('',(-2.394573777220E0,1.797516066222E1,
-3.969786594163E-1));
#5474=CARTESIAN_POINT('',(-2.090473353443E0,1.800975899016E1,
-3.544598868207E-1));
#5475=CARTESIAN_POINT('',(-1.468984486559E0,1.806680034269E1,
-2.867910943490E-1));
#5476=CARTESIAN_POINT('',(-5.272254072311E-1,1.811118690520E1,
-2.359709934211E-1));
#5477=CARTESIAN_POINT('',(4.229497027532E-1,1.811345567130E1,
-2.334050556375E-1));
#5478=CARTESIAN_POINT('',(1.367116711509E0,1.807365789629E1,
-2.788621737331E-1));
#5479=CARTESIAN_POINT('',(2.295901290140E0,1.799294608113E1,
-3.741233959547E-1));
#5480=CARTESIAN_POINT('',(3.208238185081E0,1.787308275667E1,
-5.237872747198E-1));
#5481=CARTESIAN_POINT('',(4.125061854653E0,1.771148984562E1,
-7.426249951829E-1));
#5482=CARTESIAN_POINT('',(5.051020043416E0,1.750372521061E1,-1.058950317525E0));
#5483=CARTESIAN_POINT('',(5.672269919520E0,1.733209371735E1,-1.370209279218E0));
#5484=CARTESIAN_POINT('',(5.979385474359E0,1.723895955416E1,-1.567003353394E0));
#5485=CARTESIAN_POINT('',(6.006771882279E0,1.723058490989E1,-1.584939648936E0));
#5486=CARTESIAN_POINT('',(-2.483915115282E0,1.825860594206E1,
-1.165358168481E-1));
#5487=CARTESIAN_POINT('',(-2.167766821270E0,1.829769069761E1,
-7.471290606880E-2));
#5488=CARTESIAN_POINT('',(-1.522515481127E0,1.836188868247E1,
-8.480456124135E-3));
#5489=CARTESIAN_POINT('',(-5.462559070150E-1,1.841165939056E1,
4.101447520523E-2));
#5490=CARTESIAN_POINT('',(4.382090129308E-1,1.841420015764E1,
4.350920982546E-2));
#5491=CARTESIAN_POINT('',(1.416861925830E0,1.836958589084E1,
-7.477198380513E-4));
#5492=CARTESIAN_POINT('',(2.380941913175E0,1.827879651698E1,
-9.392037451229E-2));
#5493=CARTESIAN_POINT('',(3.330375336187E0,1.814315614622E1,
-2.414507223414E-1));
#5494=CARTESIAN_POINT('',(4.288285423446E0,1.795865019447E1,
-4.595757795680E-1));
#5495=CARTESIAN_POINT('',(5.261849517567E0,1.771825720569E1,
-7.798207984777E-1));
#5496=CARTESIAN_POINT('',(5.921685916248E0,1.751558192179E1,-1.102008726904E0));
#5497=CARTESIAN_POINT('',(6.250472551340E0,1.740386524568E1,-1.309517283381E0));
#5498=CARTESIAN_POINT('',(6.279814172794E0,1.739380651082E1,-1.328458941095E0));
#5499=CARTESIAN_POINT('',(-2.568458287352E0,1.839803401637E1,
2.581421210421E-1));
#5500=CARTESIAN_POINT('',(-2.240909166038E0,1.844242929662E1,
3.005616853096E-1));
#5501=CARTESIAN_POINT('',(-1.573171540047E0,1.851515339521E1,
3.674296533241E-1));
#5502=CARTESIAN_POINT('',(-5.642643547585E-1,1.857138223148E1,
4.171665121686E-1));
#5503=CARTESIAN_POINT('',(4.526488065807E-1,1.857425003921E1,
4.196693608013E-1));
#5504=CARTESIAN_POINT('',(1.463935523622E0,1.852385583200E1,3.752102266687E-1));
#5505=CARTESIAN_POINT('',(2.461415344425E0,1.842104892253E1,2.812064648737E-1));
#5506=CARTESIAN_POINT('',(3.445952989333E0,1.826678703230E1,1.312742923333E-1));
#5507=CARTESIAN_POINT('',(4.442742907090E0,1.805560732278E1,
-9.266122848245E-2));
#5508=CARTESIAN_POINT('',(5.461356183768E0,1.777789347038E1,
-4.260319724564E-1));
#5509=CARTESIAN_POINT('',(6.157706777207E0,1.754048225081E1,
-7.678888194963E-1));
#5510=CARTESIAN_POINT('',(6.507000625495E0,1.740825781096E1,
-9.914662928905E-1));
#5511=CARTESIAN_POINT('',(6.538192453782E0,1.739634245888E1,-1.011900030719E0));
#5512=CARTESIAN_POINT('',(-2.633193426658E0,1.836869070608E1,
6.605345140551E-1));
#5513=CARTESIAN_POINT('',(-2.296914633561E0,1.841827777306E1,
7.047373167470E-1));
#5514=CARTESIAN_POINT('',(-1.611959143475E0,1.849938373328E1,
7.741998330089E-1));
#5515=CARTESIAN_POINT('',(-5.780535153118E-1,1.856199809877E1,
8.257027644652E-1));
#5516=CARTESIAN_POINT('',(4.637054304403E-1,1.856518992372E1,
8.282916037174E-1));
#5517=CARTESIAN_POINT('',(1.499980018239E0,1.850907850301E1,7.822637717682E-1));
#5518=CARTESIAN_POINT('',(2.523034262367E0,1.839444768455E1,6.846567836504E-1));
#5519=CARTESIAN_POINT('',(3.534451389545E0,1.822202588209E1,5.282138527565E-1));
#5520=CARTESIAN_POINT('',(4.561011792391E0,1.798514737941E1,2.929763361801E-1));
#5521=CARTESIAN_POINT('',(5.614119458586E0,1.767204613148E1,
-6.039580894836E-2));
#5522=CARTESIAN_POINT('',(6.338429157727E0,1.740237387879E1,
-4.271694899186E-1));
#5523=CARTESIAN_POINT('',(6.703425484056E0,1.725135739022E1,
-6.693174256520E-1));
#5524=CARTESIAN_POINT('',(6.736034025180E0,1.723774251968E1,
-6.914650563628E-1));
#5525=(BOUNDED_SURFACE()B_SPLINE_SURFACE(3,3,((#5473,#5474,#5475,#5476,#5477,
#5478,#5479,#5480,#5481,#5482,#5483,#5484,#5485),(#5486,#5487,#5488,#5489,#5490,
#5491,#5492,#5493,#5494,#5495,#5496,#5497,#5498),(#5499,#5500,#5501,#5502,#5503,
#5504,#5505,#5506,#5507,#5508,#5509,#5510,#5511),(#5512,#5513,#5514,#5515,#5516,
#5517,#5518,#5519,#5520,#5521,#5522,#5523,#5524)),.UNSPECIFIED.,.F.,.F.,.F.)B_SPLINE_SURFACE_WITH_KNOTS((4,4),(4,1,1,1,1,1,1,1,1,1,4),(0.E0,1.E0),(
3.123607074764E-1,3.373496031816E-1,3.629700973645E-1,3.882632347758E-1,
4.136621970942E-1,4.390135442778E-1,4.637837985587E-1,4.891433893149E-1,
5.169901704599E-1,5.462085192924E-1,5.490943296677E-1),.UNSPECIFIED.)GEOMETRIC_REPRESENTATION_ITEM()RATIONAL_B_SPLINE_SURFACE(((1.046446762357E0,
1.046446762357E0,1.046446762357E0,1.046446762357E0,1.046446762357E0,
1.046446762357E0,1.046446762357E0,1.046446762357E0,1.046446762357E0,
1.046446762357E0,1.046446762357E0,1.046446762357E0,1.046446762357E0),(
9.845177458811E-1,9.845177458811E-1,9.845177458811E-1,9.845177458811E-1,
9.845177458811E-1,9.845177458811E-1,9.845177458811E-1,9.845177458811E-1,
9.845177458811E-1,9.845177458811E-1,9.845177458811E-1,9.845177458811E-1,
9.845177458811E-1),(9.845177458811E-1,9.845177458811E-1,9.845177458811E-1,
9.845177458811E-1,9.845177458811E-1,9.845177458811E-1,9.845177458811E-1,
9.845177458811E-1,9.845177458811E-1,9.845177458811E-1,9.845177458811E-1,
9.845177458811E-1,9.845177458811E-1),(1.046446762357E0,1.046446762357E0,
1.046446762357E0,1.046446762357E0,1.046446762357E0,1.046446762357E0,
1.046446762357E0,1.046446762357E0,1.046446762357E0,1.046446762357E0,
1.046446762357E0,1.046446762357E0,1.046446762357E0)))REPRESENTATION_ITEM('')SURFACE());
#5526=ORIENTED_EDGE('',*,*,#5467,.T.);
#5527=ORIENTED_EDGE('',*,*,#5356,.T.);
#5529=ORIENTED_EDGE('',*,*,#5528,.F.);
#5531=ORIENTED_EDGE('',*,*,#5530,.F.);
#5533=ORIENTED_EDGE('',*,*,#5532,.T.);
#5534=ORIENTED_EDGE('',*,*,#5398,.T.);
#5535=EDGE_LOOP('',(#5526,#5527,#5529,#5531,#5533,#5534));
#5536=FACE_OUTER_BOUND('',#5535,.F.);
#5537=ADVANCED_FACE('',(#5536),#5525,.F.);
#5538=CARTESIAN_POINT('',(5.722714609509E0,1.636629080287E1,-1.842942475619E0));
#5539=CARTESIAN_POINT('',(5.739962292340E0,1.636747125495E1,-1.842942475627E0));
#5540=CARTESIAN_POINT('',(5.798563228528E0,1.636940559074E1,-1.842942475634E0));
#5541=CARTESIAN_POINT('',(5.898886846992E0,1.636210656792E1,-1.842942475594E0));
#5542=CARTESIAN_POINT('',(6.015446743903E0,1.633868324353E1,-1.842942475607E0));
#5543=CARTESIAN_POINT('',(6.104021715267E0,1.631058615001E1,-1.842942475603E0));
#5544=CARTESIAN_POINT('',(6.152681377794E0,1.629078593604E1,-1.842942475605E0));
#5545=CARTESIAN_POINT('',(6.168953098707E0,1.628362658580E1,-1.842942475608E0));
#5546=CARTESIAN_POINT('',(5.676658107580E0,1.705373371504E1,-1.925220786214E0));
#5547=CARTESIAN_POINT('',(5.709835606061E0,1.705588150622E1,-1.925220786137E0));
#5548=CARTESIAN_POINT('',(5.819241742218E0,1.705933334522E1,-1.925220786057E0));
#5549=CARTESIAN_POINT('',(5.992836847381E0,1.704630649884E1,-1.925220786481E0));
#5550=CARTESIAN_POINT('',(6.187293420921E0,1.700715737209E1,-1.925220786349E0));
#5551=CARTESIAN_POINT('',(6.335245272191E0,1.696028095213E1,-1.925220786395E0));
#5552=CARTESIAN_POINT('',(6.418083896695E0,1.692660633433E1,-1.925220786364E0));
#5553=CARTESIAN_POINT('',(6.446067228878E0,1.691432849589E1,-1.925220786340E0));
#5554=CARTESIAN_POINT('',(5.643574681879E0,1.754753948744E1,-1.438956945575E0));
#5555=CARTESIAN_POINT('',(5.688194926778E0,1.755038214014E1,-1.438956945999E0));
#5556=CARTESIAN_POINT('',(5.834095585707E0,1.755492403598E1,-1.438956946433E0));
#5557=CARTESIAN_POINT('',(6.060323254887E0,1.753778276455E1,-1.438956944116E0));
#5558=CARTESIAN_POINT('',(6.310734770851E0,1.748733743873E1,-1.438956944837E0));
#5559=CARTESIAN_POINT('',(6.501338376215E0,1.742697140439E1,-1.438956944589E0));
#5560=CARTESIAN_POINT('',(6.608728521173E0,1.738333048890E1,-1.438956944757E0));
#5561=CARTESIAN_POINT('',(6.645124568284E0,1.736737592477E1,-1.438956944890E0));
#5562=CARTESIAN_POINT('',(5.648270694792E0,1.747744643527E1,
-7.487576046415E-1));
#5563=CARTESIAN_POINT('',(5.691266703875E0,1.748019045614E1,
-7.487576057766E-1));
#5564=CARTESIAN_POINT('',(5.831987163155E0,1.748457762432E1,
-7.487576069394E-1));
#5565=CARTESIAN_POINT('',(6.050743925226E0,1.746802037322E1,
-7.487576007330E-1));
#5566=CARTESIAN_POINT('',(6.293212940478E0,1.741917848162E1,
-7.487576026635E-1));
#5567=CARTESIAN_POINT('',(6.477762360589E0,1.736072722490E1,
-7.487576020011E-1));
#5568=CARTESIAN_POINT('',(6.581667550327E0,1.731850097133E1,
-7.487576024505E-1));
#5569=CARTESIAN_POINT('',(6.616869458164E0,1.730306829849E1,
-7.487576028051E-1));
#5570=(BOUNDED_SURFACE()B_SPLINE_SURFACE(3,3,((#5538,#5539,#5540,#5541,#5542,
#5543,#5544,#5545),(#5546,#5547,#5548,#5549,#5550,#5551,#5552,#5553),(#5554,
#5555,#5556,#5557,#5558,#5559,#5560,#5561),(#5562,#5563,#5564,#5565,#5566,#5567,
#5568,#5569)),.UNSPECIFIED.,.F.,.F.,.F.)B_SPLINE_SURFACE_WITH_KNOTS((4,4),(4,1,
1,1,1,4),(0.E0,1.E0),(-1.591414743694E-1,0.E0,3.698192940904E-1,
7.026777801904E-1,1.E0,1.154120028689E0),.UNSPECIFIED.)GEOMETRIC_REPRESENTATION_ITEM()RATIONAL_B_SPLINE_SURFACE(((1.230698186066E0,1.230698186066E0,
1.230698186066E0,1.230698186066E0,1.230698186066E0,1.230698186066E0,
1.230698186066E0,1.230698186066E0),(9.231006046448E-1,9.231006046448E-1,
9.231006046448E-1,9.231006046448E-1,9.231006046448E-1,9.231006046448E-1,
9.231006046448E-1,9.231006046448E-1),(9.231006046448E-1,9.231006046448E-1,
9.231006046448E-1,9.231006046448E-1,9.231006046448E-1,9.231006046448E-1,
9.231006046448E-1,9.231006046448E-1),(1.230698186066E0,1.230698186066E0,
1.230698186066E0,1.230698186066E0,1.230698186066E0,1.230698186066E0,
1.230698186066E0,1.230698186066E0)))REPRESENTATION_ITEM('')SURFACE());
#5572=ORIENTED_EDGE('',*,*,#5571,.F.);
#5574=ORIENTED_EDGE('',*,*,#5573,.T.);
#5575=ORIENTED_EDGE('',*,*,#5528,.T.);
#5577=ORIENTED_EDGE('',*,*,#5576,.F.);
#5578=EDGE_LOOP('',(#5572,#5574,#5575,#5577));
#5579=FACE_OUTER_BOUND('',#5578,.F.);
#5580=ADVANCED_FACE('',(#5579),#5570,.F.);
#5581=CARTESIAN_POINT('',(6.5E0,1.425E1,-1.85E0));
#5582=DIRECTION('',(0.E0,0.E0,1.E0));
#5583=DIRECTION('',(-1.E0,0.E0,0.E0));
#5584=AXIS2_PLACEMENT_3D('',#5581,#5582,#5583);
#5585=PLANE('',#5584);
#5587=ORIENTED_EDGE('',*,*,#5586,.T.);
#5589=ORIENTED_EDGE('',*,*,#5588,.T.);
#5591=ORIENTED_EDGE('',*,*,#5590,.T.);
#5592=ORIENTED_EDGE('',*,*,#5571,.T.);
#5594=ORIENTED_EDGE('',*,*,#5593,.T.);
#5596=ORIENTED_EDGE('',*,*,#5595,.F.);
#5597=EDGE_LOOP('',(#5587,#5589,#5591,#5592,#5594,#5596));
#5598=FACE_OUTER_BOUND('',#5597,.F.);
#5599=ADVANCED_FACE('',(#5598),#5585,.T.);
#5600=CARTESIAN_POINT('',(5.623474787169E1,1.485E1,-2.45E0));
#5601=DIRECTION('',(-1.E0,0.E0,0.E0));
#5602=DIRECTION('',(0.E0,-1.E0,0.E0));
#5603=AXIS2_PLACEMENT_3D('',#5600,#5601,#5602);
#5604=CYLINDRICAL_SURFACE('',#5603,6.E-1);
#5605=ORIENTED_EDGE('',*,*,#5586,.F.);
#5607=ORIENTED_EDGE('',*,*,#5606,.T.);
#5609=ORIENTED_EDGE('',*,*,#5608,.T.);
#5611=ORIENTED_EDGE('',*,*,#5610,.T.);
#5612=EDGE_LOOP('',(#5605,#5607,#5609,#5611));
#5613=FACE_OUTER_BOUND('',#5612,.F.);
#5614=ADVANCED_FACE('',(#5613),#5604,.T.);
#5615=CARTESIAN_POINT('',(6.499058304005E0,1.722920123017E1,-1.786186789734E0));
#5616=CARTESIAN_POINT('',(6.499376812860E0,1.722919010760E1,-1.807401690923E0));
#5617=CARTESIAN_POINT('',(6.505362847642E0,1.722898107065E1,-2.213043524066E0));
#5618=CARTESIAN_POINT('',(6.510181114266E0,1.722881281308E1,-2.689407188990E0));
#5619=CARTESIAN_POINT('',(6.512733068808E0,1.722872369686E1,-3.153542830478E0));
#5620=CARTESIAN_POINT('',(6.512992418104E0,1.722871464018E1,-3.205483190571E0));
#5622=DIRECTION('',(3.489949670250E-2,9.993908270191E-1,0.E0));
#5623=VECTOR('',#5622,1.E0);
#5624=SURFACE_OF_LINEAR_EXTRUSION('',#5621,#5623);
#5625=ORIENTED_EDGE('',*,*,#5606,.F.);
#5626=ORIENTED_EDGE('',*,*,#5595,.T.);
#5628=ORIENTED_EDGE('',*,*,#5627,.F.);
#5630=ORIENTED_EDGE('',*,*,#5629,.T.);
#5632=ORIENTED_EDGE('',*,*,#5631,.F.);
#5634=ORIENTED_EDGE('',*,*,#5633,.T.);
#5635=EDGE_LOOP('',(#5625,#5626,#5628,#5630,#5632,#5634));
#5636=FACE_OUTER_BOUND('',#5635,.F.);
#5637=ADVANCED_FACE('',(#5636),#5624,.T.);
#5638=CARTESIAN_POINT('',(6.8E0,1.712103229788E1,-1.85E0));
#5639=DIRECTION('',(0.E0,0.E0,-1.E0));
#5640=DIRECTION('',(0.E0,1.E0,0.E0));
#5641=AXIS2_PLACEMENT_3D('',#5638,#5639,#5640);
#5642=PLANE('',#5641);
#5644=ORIENTED_EDGE('',*,*,#5643,.F.);
#5646=ORIENTED_EDGE('',*,*,#5645,.T.);
#5648=ORIENTED_EDGE('',*,*,#5647,.F.);
#5649=EDGE_LOOP('',(#5644,#5646,#5648));
#5650=FACE_OUTER_BOUND('',#5649,.F.);
#5651=ADVANCED_FACE('',(#5650),#5642,.T.);
#5652=CARTESIAN_POINT('',(6.8E0,1.712103229788E1,-1.85E0));
#5653=DIRECTION('',(0.E0,0.E0,-1.E0));
#5654=DIRECTION('',(0.E0,1.E0,0.E0));
#5655=AXIS2_PLACEMENT_3D('',#5652,#5653,#5654);
#5656=PLANE('',#5655);
#5657=ORIENTED_EDGE('',*,*,#5627,.T.);
#5659=ORIENTED_EDGE('',*,*,#5658,.F.);
#5661=ORIENTED_EDGE('',*,*,#5660,.F.);
#5663=ORIENTED_EDGE('',*,*,#5662,.F.);
#5664=EDGE_LOOP('',(#5657,#5659,#5661,#5663));
#5665=FACE_OUTER_BOUND('',#5664,.F.);
#5666=ADVANCED_FACE('',(#5665),#5656,.T.);
#5667=CARTESIAN_POINT('',(-2.444880254586E0,1.858617506906E1,
5.226745878815E-1));
#5668=CARTESIAN_POINT('',(-2.431769187096E0,1.858595770083E1,
3.922153895054E-1));
#5669=CARTESIAN_POINT('',(-2.362381638178E0,1.858499884360E1,
-2.609338707327E-1));
#5670=CARTESIAN_POINT('',(-2.252600542796E0,1.858425334142E1,
-1.144130561799E0));
#5671=CARTESIAN_POINT('',(-2.149265220614E0,1.858387386774E1,
-1.912744291407E0));
#5672=CARTESIAN_POINT('',(-2.145525298605E0,1.858386048518E1,
-1.940493636967E0));
#5674=DIRECTION('',(3.451974874472E-2,-9.993908270191E-1,5.134375978588E-3));
#5675=VECTOR('',#5674,1.E0);
#5676=SURFACE_OF_LINEAR_EXTRUSION('',#5673,#5675);
#5678=ORIENTED_EDGE('',*,*,#5677,.F.);
#5680=ORIENTED_EDGE('',*,*,#5679,.F.);
#5681=ORIENTED_EDGE('',*,*,#5643,.T.);
#5683=ORIENTED_EDGE('',*,*,#5682,.F.);
#5684=ORIENTED_EDGE('',*,*,#5400,.T.);
#5685=ORIENTED_EDGE('',*,*,#5532,.F.);
#5686=EDGE_LOOP('',(#5678,#5680,#5681,#5683,#5684,#5685));
#5687=FACE_OUTER_BOUND('',#5686,.F.);
#5688=ADVANCED_FACE('',(#5687),#5676,.T.);
#5689=CARTESIAN_POINT('',(6.8E0,2.24E1,-4.E0));
#5690=DIRECTION('',(1.E0,0.E0,0.E0));
#5691=DIRECTION('',(0.E0,1.E0,0.E0));
#5692=AXIS2_PLACEMENT_3D('',#5689,#5690,#5691);
#5693=CYLINDRICAL_SURFACE('',#5692,5.7E0);
#5695=ORIENTED_EDGE('',*,*,#5694,.F.);
#5696=ORIENTED_EDGE('',*,*,#5677,.T.);
#5697=ORIENTED_EDGE('',*,*,#5530,.T.);
#5698=EDGE_LOOP('',(#5695,#5696,#5697));
#5699=FACE_OUTER_BOUND('',#5698,.F.);
#5700=ADVANCED_FACE('',(#5699),#5693,.T.);
#5701=CARTESIAN_POINT('',(-5.136511357803E1,1.648666760616E1,-8.5E-1));
#5702=DIRECTION('',(1.E0,0.E0,0.E0));
#5703=DIRECTION('',(0.E0,0.E0,-1.E0));
#5704=AXIS2_PLACEMENT_3D('',#5701,#5702,#5703);
#5705=CYLINDRICAL_SURFACE('',#5704,1.E0);
#5706=ORIENTED_EDGE('',*,*,#5590,.F.);
#5707=ORIENTED_EDGE('',*,*,#5679,.T.);
#5708=ORIENTED_EDGE('',*,*,#5694,.T.);
#5709=ORIENTED_EDGE('',*,*,#5573,.F.);
#5710=EDGE_LOOP('',(#5706,#5707,#5708,#5709));
#5711=FACE_OUTER_BOUND('',#5710,.F.);
#5712=ADVANCED_FACE('',(#5711),#5705,.F.);
#5713=CARTESIAN_POINT('',(-2.056890783210E1,2.24E1,-4.E0));
#5714=DIRECTION('',(1.E0,0.E0,0.E0));
#5715=DIRECTION('',(0.E0,0.E0,-1.E0));
#5716=AXIS2_PLACEMENT_3D('',#5713,#5714,#5715);
#5717=CYLINDRICAL_SURFACE('',#5716,5.6E0);
#5719=ORIENTED_EDGE('',*,*,#5718,.F.);
#5721=ORIENTED_EDGE('',*,*,#5720,.T.);
#5723=ORIENTED_EDGE('',*,*,#5722,.T.);
#5725=ORIENTED_EDGE('',*,*,#5724,.F.);
#5726=EDGE_LOOP('',(#5719,#5721,#5723,#5725));
#5727=FACE_OUTER_BOUND('',#5726,.F.);
#5728=ADVANCED_FACE('',(#5727),#5717,.T.);
#5729=CARTESIAN_POINT('',(-2.056890783210E1,2.24E1,-4.E0));
#5730=DIRECTION('',(1.E0,0.E0,0.E0));
#5731=DIRECTION('',(0.E0,0.E0,-1.E0));
#5732=AXIS2_PLACEMENT_3D('',#5729,#5730,#5731);
#5733=CYLINDRICAL_SURFACE('',#5732,5.6E0);
#5734=ORIENTED_EDGE('',*,*,#5647,.T.);
#5736=ORIENTED_EDGE('',*,*,#5735,.T.);
#5738=ORIENTED_EDGE('',*,*,#5737,.T.);
#5740=ORIENTED_EDGE('',*,*,#5739,.T.);
#5742=ORIENTED_EDGE('',*,*,#5741,.F.);
#5744=ORIENTED_EDGE('',*,*,#5743,.T.);
#5746=ORIENTED_EDGE('',*,*,#5745,.T.);
#5747=ORIENTED_EDGE('',*,*,#5682,.T.);
#5748=EDGE_LOOP('',(#5734,#5736,#5738,#5740,#5742,#5744,#5746,#5747));
#5749=FACE_OUTER_BOUND('',#5748,.F.);
#5750=ADVANCED_FACE('',(#5749),#5733,.T.);
#5751=CARTESIAN_POINT('',(-2.056890783210E1,2.24E1,-4.E0));
#5752=DIRECTION('',(1.E0,0.E0,0.E0));
#5753=DIRECTION('',(0.E0,0.E0,-1.E0));
#5754=AXIS2_PLACEMENT_3D('',#5751,#5752,#5753);
#5755=CYLINDRICAL_SURFACE('',#5754,5.6E0);
#5757=ORIENTED_EDGE('',*,*,#5756,.F.);
#5759=ORIENTED_EDGE('',*,*,#5758,.T.);
#5761=ORIENTED_EDGE('',*,*,#5760,.F.);
#5763=ORIENTED_EDGE('',*,*,#5762,.F.);
#5765=ORIENTED_EDGE('',*,*,#5764,.T.);
#5766=ORIENTED_EDGE('',*,*,#5629,.F.);
#5767=ORIENTED_EDGE('',*,*,#5662,.T.);
#5768=EDGE_LOOP('',(#5757,#5759,#5761,#5763,#5765,#5766,#5767));
#5769=FACE_OUTER_BOUND('',#5768,.F.);
#5770=ADVANCED_FACE('',(#5769),#5755,.T.);
#5771=CARTESIAN_POINT('',(2.7E0,1.425E1,-7.688767550702E0));
#5772=DIRECTION('',(9.993908270191E-1,-3.489949670250E-2,0.E0));
#5773=DIRECTION('',(0.E0,0.E0,1.E0));
#5774=AXIS2_PLACEMENT_3D('',#5771,#5772,#5773);
#5775=PLANE('',#5774);
#5777=ORIENTED_EDGE('',*,*,#5776,.F.);
#5779=ORIENTED_EDGE('',*,*,#5778,.T.);
#5781=ORIENTED_EDGE('',*,*,#5780,.T.);
#5782=ORIENTED_EDGE('',*,*,#5718,.T.);
#5784=ORIENTED_EDGE('',*,*,#5783,.T.);
#5786=ORIENTED_EDGE('',*,*,#5785,.T.);
#5788=ORIENTED_EDGE('',*,*,#5787,.F.);
#5790=ORIENTED_EDGE('',*,*,#5789,.F.);
#5791=EDGE_LOOP('',(#5777,#5779,#5781,#5782,#5784,#5786,#5788,#5790));
#5792=FACE_OUTER_BOUND('',#5791,.F.);
#5793=ADVANCED_FACE('',(#5792),#5775,.T.);
#5794=CARTESIAN_POINT('',(-4.166445285165E1,1.575E1,-3.448369742187E0));
#5795=DIRECTION('',(1.E0,0.E0,0.E0));
#5796=DIRECTION('',(0.E0,-1.E0,0.E0));
#5797=AXIS2_PLACEMENT_3D('',#5794,#5795,#5796);
#5798=CYLINDRICAL_SURFACE('',#5797,1.5E0);
#5799=ORIENTED_EDGE('',*,*,#5776,.T.);
#5801=ORIENTED_EDGE('',*,*,#5800,.F.);
#5803=ORIENTED_EDGE('',*,*,#5802,.T.);
#5805=ORIENTED_EDGE('',*,*,#5804,.T.);
#5806=EDGE_LOOP('',(#5799,#5801,#5803,#5805));
#5807=FACE_OUTER_BOUND('',#5806,.F.);
#5808=ADVANCED_FACE('',(#5807),#5798,.T.);
#5809=CARTESIAN_POINT('',(2.2E0,1.492312853364E1,-4.752370984793E0));
#5810=DIRECTION('',(0.E0,-7.205511116803E-1,-6.934018282758E-1));
#5811=DIRECTION('',(0.E0,-6.934018282758E-1,7.205511116803E-1));
#5812=AXIS2_PLACEMENT_3D('',#5809,#5810,#5811);
#5813=PLANE('',#5812);
#5814=ORIENTED_EDGE('',*,*,#5800,.T.);
#5815=ORIENTED_EDGE('',*,*,#5789,.T.);
#5817=ORIENTED_EDGE('',*,*,#5816,.T.);
#5819=ORIENTED_EDGE('',*,*,#5818,.T.);
#5820=EDGE_LOOP('',(#5814,#5815,#5817,#5819));
#5821=FACE_OUTER_BOUND('',#5820,.F.);
#5822=ADVANCED_FACE('',(#5821),#5813,.T.);
#5823=CARTESIAN_POINT('',(4.600202155255E1,1.625791040232E1,-3.976166742571E0));
#5824=DIRECTION('',(-1.E0,0.E0,0.E0));
#5825=DIRECTION('',(0.E0,-3.838780908752E-2,-9.992629164106E-1));
#5826=AXIS2_PLACEMENT_3D('',#5823,#5824,#5825);
#5827=CYLINDRICAL_SURFACE('',#5826,1.5E0);
#5829=ORIENTED_EDGE('',*,*,#5828,.T.);
#5830=ORIENTED_EDGE('',*,*,#5816,.F.);
#5831=ORIENTED_EDGE('',*,*,#5787,.T.);
#5833=ORIENTED_EDGE('',*,*,#5832,.T.);
#5834=EDGE_LOOP('',(#5829,#5830,#5831,#5833));
#5835=FACE_OUTER_BOUND('',#5834,.F.);
#5836=ADVANCED_FACE('',(#5835),#5827,.T.);
#5837=CARTESIAN_POINT('',(1.7E0,1.425E1,-8.612324492980E-1));
#5838=DIRECTION('',(-9.993908270191E-1,-3.489949670250E-2,0.E0));
#5839=DIRECTION('',(0.E0,0.E0,-1.E0));
#5840=AXIS2_PLACEMENT_3D('',#5837,#5838,#5839);
#5841=PLANE('',#5840);
#5842=ORIENTED_EDGE('',*,*,#5802,.F.);
#5843=ORIENTED_EDGE('',*,*,#5818,.F.);
#5844=ORIENTED_EDGE('',*,*,#5828,.F.);
#5846=ORIENTED_EDGE('',*,*,#5845,.T.);
#5848=ORIENTED_EDGE('',*,*,#5847,.F.);
#5849=ORIENTED_EDGE('',*,*,#5739,.F.);
#5851=ORIENTED_EDGE('',*,*,#5850,.F.);
#5853=ORIENTED_EDGE('',*,*,#5852,.T.);
#5854=EDGE_LOOP('',(#5842,#5843,#5844,#5846,#5848,#5849,#5851,#5853));
#5855=FACE_OUTER_BOUND('',#5854,.F.);
#5856=ADVANCED_FACE('',(#5855),#5841,.T.);
#5857=CARTESIAN_POINT('',(-3.488767550702E0,1.425E1,-5.400137046525E0));
#5858=DIRECTION('',(0.E0,3.838780908752E-2,9.992629164106E-1));
#5859=DIRECTION('',(-1.E0,0.E0,0.E0));
#5860=AXIS2_PLACEMENT_3D('',#5857,#5858,#5859);
#5861=PLANE('',#5860);
#5862=ORIENTED_EDGE('',*,*,#5832,.F.);
#5863=ORIENTED_EDGE('',*,*,#5785,.F.);
#5864=ORIENTED_EDGE('',*,*,#4700,.F.);
#5865=ORIENTED_EDGE('',*,*,#5845,.F.);
#5866=EDGE_LOOP('',(#5862,#5863,#5864,#5865));
#5867=FACE_OUTER_BOUND('',#5866,.F.);
#5868=ADVANCED_FACE('',(#5867),#5861,.F.);
#5869=CARTESIAN_POINT('',(-3.488767550702E0,1.425E1,-5.400137046525E0));
#5870=DIRECTION('',(0.E0,3.838780908752E-2,9.992629164106E-1));
#5871=DIRECTION('',(-1.E0,0.E0,0.E0));
#5872=AXIS2_PLACEMENT_3D('',#5869,#5870,#5871);
#5873=PLANE('',#5872);
#5875=ORIENTED_EDGE('',*,*,#5874,.F.);
#5877=ORIENTED_EDGE('',*,*,#5876,.F.);
#5878=ORIENTED_EDGE('',*,*,#4704,.F.);
#5880=ORIENTED_EDGE('',*,*,#5879,.F.);
#5881=EDGE_LOOP('',(#5875,#5877,#5878,#5880));
#5882=FACE_OUTER_BOUND('',#5881,.F.);
#5883=ADVANCED_FACE('',(#5882),#5873,.F.);
#5884=CARTESIAN_POINT('',(-3.488767550702E0,1.425E1,-5.400137046525E0));
#5885=DIRECTION('',(0.E0,3.838780908752E-2,9.992629164106E-1));
#5886=DIRECTION('',(-1.E0,0.E0,0.E0));
#5887=AXIS2_PLACEMENT_3D('',#5884,#5885,#5886);
#5888=PLANE('',#5887);
#5890=ORIENTED_EDGE('',*,*,#5889,.F.);
#5892=ORIENTED_EDGE('',*,*,#5891,.F.);
#5894=ORIENTED_EDGE('',*,*,#5893,.F.);
#5896=ORIENTED_EDGE('',*,*,#5895,.F.);
#5897=EDGE_LOOP('',(#5890,#5892,#5894,#5896));
#5898=FACE_OUTER_BOUND('',#5897,.F.);
#5899=ADVANCED_FACE('',(#5898),#5888,.F.);
#5900=CARTESIAN_POINT('',(5.463978309909E1,1.625791040232E1,-3.976166742571E0));
#5901=DIRECTION('',(-1.E0,0.E0,0.E0));
#5902=DIRECTION('',(0.E0,-3.838780908752E-2,-9.992629164106E-1));
#5903=AXIS2_PLACEMENT_3D('',#5900,#5901,#5902);
#5904=CYLINDRICAL_SURFACE('',#5903,1.5E0);
#5906=ORIENTED_EDGE('',*,*,#5905,.T.);
#5908=ORIENTED_EDGE('',*,*,#5907,.F.);
#5910=ORIENTED_EDGE('',*,*,#5909,.T.);
#5911=ORIENTED_EDGE('',*,*,#5874,.T.);
#5912=EDGE_LOOP('',(#5906,#5908,#5910,#5911));
#5913=FACE_OUTER_BOUND('',#5912,.F.);
#5914=ADVANCED_FACE('',(#5913),#5904,.T.);
#5915=CARTESIAN_POINT('',(4.7E0,1.425E1,-8.612324492980E-1));
#5916=DIRECTION('',(-9.993908270191E-1,-3.489949670250E-2,0.E0));
#5917=DIRECTION('',(0.E0,0.E0,-1.E0));
#5918=AXIS2_PLACEMENT_3D('',#5915,#5916,#5917);
#5919=PLANE('',#5918);
#5920=ORIENTED_EDGE('',*,*,#5905,.F.);
#5921=ORIENTED_EDGE('',*,*,#5879,.T.);
#5923=ORIENTED_EDGE('',*,*,#5922,.F.);
#5924=ORIENTED_EDGE('',*,*,#5722,.F.);
#5926=ORIENTED_EDGE('',*,*,#5925,.F.);
#5928=ORIENTED_EDGE('',*,*,#5927,.F.);
#5930=ORIENTED_EDGE('',*,*,#5929,.F.);
#5932=ORIENTED_EDGE('',*,*,#5931,.F.);
#5933=EDGE_LOOP('',(#5920,#5921,#5923,#5924,#5926,#5928,#5930,#5932));
#5934=FACE_OUTER_BOUND('',#5933,.F.);
#5935=ADVANCED_FACE('',(#5934),#5919,.T.);
#5936=CARTESIAN_POINT('',(-2.056890783210E1,1.680767460537E1,
-3.706918645040E0));
#5937=DIRECTION('',(0.E0,-9.986295347546E-1,5.233595624294E-2));
#5938=DIRECTION('',(0.E0,-5.233595624294E-2,-9.986295347546E-1));
#5939=AXIS2_PLACEMENT_3D('',#5936,#5937,#5938);
#5940=PLANE('',#5939);
#5941=ORIENTED_EDGE('',*,*,#4698,.T.);
#5943=ORIENTED_EDGE('',*,*,#5942,.F.);
#5944=ORIENTED_EDGE('',*,*,#5741,.T.);
#5945=ORIENTED_EDGE('',*,*,#5847,.T.);
#5946=EDGE_LOOP('',(#5941,#5943,#5944,#5945));
#5947=FACE_OUTER_BOUND('',#5946,.F.);
#5948=ADVANCED_FACE('',(#5947),#5940,.T.);
#5949=CARTESIAN_POINT('',(-2.056890783210E1,1.680767460537E1,
-3.706918645040E0));
#5950=DIRECTION('',(0.E0,-9.986295347546E-1,5.233595624294E-2));
#5951=DIRECTION('',(0.E0,-5.233595624294E-2,-9.986295347546E-1));
#5952=AXIS2_PLACEMENT_3D('',#5949,#5950,#5951);
#5953=PLANE('',#5952);
#5954=ORIENTED_EDGE('',*,*,#4706,.T.);
#5956=ORIENTED_EDGE('',*,*,#5955,.F.);
#5957=ORIENTED_EDGE('',*,*,#5760,.T.);
#5959=ORIENTED_EDGE('',*,*,#5958,.F.);
#5960=EDGE_LOOP('',(#5954,#5956,#5957,#5959));
#5961=FACE_OUTER_BOUND('',#5960,.F.);
#5962=ADVANCED_FACE('',(#5961),#5953,.T.);
#5963=CARTESIAN_POINT('',(-2.056890783210E1,1.680767460537E1,
-3.706918645040E0));
#5964=DIRECTION('',(0.E0,-9.986295347546E-1,5.233595624294E-2));
#5965=DIRECTION('',(0.E0,-5.233595624294E-2,-9.986295347546E-1));
#5966=AXIS2_PLACEMENT_3D('',#5963,#5964,#5965);
#5967=PLANE('',#5966);
#5968=ORIENTED_EDGE('',*,*,#5922,.T.);
#5969=ORIENTED_EDGE('',*,*,#4702,.T.);
#5970=ORIENTED_EDGE('',*,*,#5783,.F.);
#5971=ORIENTED_EDGE('',*,*,#5724,.T.);
#5972=EDGE_LOOP('',(#5968,#5969,#5970,#5971));
#5973=FACE_OUTER_BOUND('',#5972,.F.);
#5974=ADVANCED_FACE('',(#5973),#5967,.T.);
#5975=CARTESIAN_POINT('',(0.E0,0.E0,1.E0));
#5976=DIRECTION('',(0.E0,0.E0,1.E0));
#5977=DIRECTION('',(1.E0,0.E0,0.E0));
#5978=AXIS2_PLACEMENT_3D('',#5975,#5976,#5977);
#5979=CYLINDRICAL_SURFACE('',#5978,1.9125E1);
#5981=ORIENTED_EDGE('',*,*,#5980,.F.);
#5983=ORIENTED_EDGE('',*,*,#5982,.F.);
#5984=ORIENTED_EDGE('',*,*,#5743,.F.);
#5985=ORIENTED_EDGE('',*,*,#5942,.T.);
#5986=EDGE_LOOP('',(#5981,#5983,#5984,#5985));
#5987=FACE_OUTER_BOUND('',#5986,.F.);
#5988=ADVANCED_FACE('',(#5987),#5979,.F.);
#5989=CARTESIAN_POINT('',(0.E0,0.E0,1.E0));
#5990=DIRECTION('',(0.E0,0.E0,1.E0));
#5991=DIRECTION('',(1.E0,0.E0,0.E0));
#5992=AXIS2_PLACEMENT_3D('',#5989,#5990,#5991);
#5993=CYLINDRICAL_SURFACE('',#5992,1.9125E1);
#5995=ORIENTED_EDGE('',*,*,#5994,.F.);
#5997=ORIENTED_EDGE('',*,*,#5996,.F.);
#5999=ORIENTED_EDGE('',*,*,#5998,.T.);
#6000=ORIENTED_EDGE('',*,*,#5958,.T.);
#6001=ORIENTED_EDGE('',*,*,#5758,.F.);
#6002=EDGE_LOOP('',(#5995,#5997,#5999,#6000,#6001));
#6003=FACE_OUTER_BOUND('',#6002,.F.);
#6004=ADVANCED_FACE('',(#6003),#5993,.F.);
#6005=CARTESIAN_POINT('',(-1.187022011422E1,1.671370319349E1,1.E0));
#6006=DIRECTION('',(0.E0,-1.E0,0.E0));
#6007=DIRECTION('',(1.E0,0.E0,0.E0));
#6008=AXIS2_PLACEMENT_3D('',#6005,#6006,#6007);
#6009=PLANE('',#6008);
#6011=ORIENTED_EDGE('',*,*,#6010,.T.);
#6013=ORIENTED_EDGE('',*,*,#6012,.T.);
#6014=ORIENTED_EDGE('',*,*,#5980,.T.);
#6015=ORIENTED_EDGE('',*,*,#4696,.F.);
#6016=EDGE_LOOP('',(#6011,#6013,#6014,#6015));
#6017=FACE_OUTER_BOUND('',#6016,.F.);
#6018=ADVANCED_FACE('',(#6017),#6009,.T.);
#6019=CARTESIAN_POINT('',(-9.984176143891E0,1.575E1,2.288767550702E0));
#6020=DIRECTION('',(9.993908270191E-1,-3.489949670250E-2,0.E0));
#6021=DIRECTION('',(0.E0,0.E0,1.E0));
#6022=AXIS2_PLACEMENT_3D('',#6019,#6020,#6021);
#6023=PLANE('',#6022);
#6025=ORIENTED_EDGE('',*,*,#6024,.F.);
#6027=ORIENTED_EDGE('',*,*,#6026,.F.);
#6029=ORIENTED_EDGE('',*,*,#6028,.T.);
#6031=ORIENTED_EDGE('',*,*,#6030,.F.);
#6033=ORIENTED_EDGE('',*,*,#6032,.T.);
#6034=ORIENTED_EDGE('',*,*,#6010,.F.);
#6035=ORIENTED_EDGE('',*,*,#4694,.F.);
#6036=EDGE_LOOP('',(#6025,#6027,#6029,#6031,#6033,#6034,#6035));
#6037=FACE_OUTER_BOUND('',#6036,.F.);
#6038=ADVANCED_FACE('',(#6037),#6023,.T.);
#6039=CARTESIAN_POINT('',(-1.035340631951E1,1.622401127727E1,
-3.501218345962E0));
#6040=DIRECTION('',(0.E0,-9.786480951442E-1,-2.055429538335E-1));
#6041=DIRECTION('',(0.E0,2.055429538335E-1,-9.786480951442E-1));
#6042=AXIS2_PLACEMENT_3D('',#6039,#6040,#6041);
#6043=PLANE('',#6042);
#6044=ORIENTED_EDGE('',*,*,#6024,.T.);
#6045=ORIENTED_EDGE('',*,*,#4692,.F.);
#6047=ORIENTED_EDGE('',*,*,#6046,.T.);
#6048=ORIENTED_EDGE('',*,*,#4427,.T.);
#6050=ORIENTED_EDGE('',*,*,#6049,.T.);
#6052=ORIENTED_EDGE('',*,*,#6051,.T.);
#6053=EDGE_LOOP('',(#6044,#6045,#6047,#6048,#6050,#6052));
#6054=FACE_OUTER_BOUND('',#6053,.F.);
#6055=ADVANCED_FACE('',(#6054),#6043,.T.);
#6056=CARTESIAN_POINT('',(-1.088417614389E1,1.575E1,-8.E-1));
#6057=DIRECTION('',(-9.998476951564E-1,0.E0,-1.745240643728E-2));
#6058=DIRECTION('',(0.E0,1.E0,0.E0));
#6059=AXIS2_PLACEMENT_3D('',#6056,#6057,#6058);
#6060=PLANE('',#6059);
#6061=ORIENTED_EDGE('',*,*,#6046,.F.);
#6062=ORIENTED_EDGE('',*,*,#4690,.T.);
#6063=ORIENTED_EDGE('',*,*,#4573,.T.);
#6064=ORIENTED_EDGE('',*,*,#4429,.T.);
#6065=EDGE_LOOP('',(#6061,#6062,#6063,#6064));
#6066=FACE_OUTER_BOUND('',#6065,.F.);
#6067=ADVANCED_FACE('',(#6066),#6060,.T.);
#6068=CARTESIAN_POINT('',(-1.07E1,1.031123244930E1,-8.E-1));
#6069=DIRECTION('',(9.993908270191E-1,0.E0,-3.489949670250E-2));
#6070=DIRECTION('',(0.E0,1.E0,0.E0));
#6071=AXIS2_PLACEMENT_3D('',#6068,#6069,#6070);
#6072=PLANE('',#6071);
#6074=ORIENTED_EDGE('',*,*,#6073,.F.);
#6075=ORIENTED_EDGE('',*,*,#6049,.F.);
#6076=ORIENTED_EDGE('',*,*,#4425,.T.);
#6078=ORIENTED_EDGE('',*,*,#6077,.F.);
#6079=ORIENTED_EDGE('',*,*,#4497,.T.);
#6080=EDGE_LOOP('',(#6074,#6075,#6076,#6078,#6079));
#6081=FACE_OUTER_BOUND('',#6080,.F.);
#6082=ADVANCED_FACE('',(#6081),#6072,.T.);
#6083=CARTESIAN_POINT('',(-1.207294369459E1,1.575E1,5.E-2));
#6084=DIRECTION('',(0.E0,9.993908270191E-1,3.489949670250E-2));
#6085=DIRECTION('',(1.E0,0.E0,0.E0));
#6086=AXIS2_PLACEMENT_3D('',#6083,#6084,#6085);
#6087=PLANE('',#6086);
#6089=ORIENTED_EDGE('',*,*,#6088,.F.);
#6090=ORIENTED_EDGE('',*,*,#4523,.F.);
#6091=ORIENTED_EDGE('',*,*,#4542,.F.);
#6093=ORIENTED_EDGE('',*,*,#6092,.T.);
#6095=ORIENTED_EDGE('',*,*,#6094,.T.);
#6096=EDGE_LOOP('',(#6089,#6090,#6091,#6093,#6095));
#6097=FACE_OUTER_BOUND('',#6096,.F.);
#6098=ADVANCED_FACE('',(#6097),#6087,.F.);
#6099=CARTESIAN_POINT('',(-1.207294369459E1,1.575E1,5.E-2));
#6100=DIRECTION('',(0.E0,9.993908270191E-1,3.489949670250E-2));
#6101=DIRECTION('',(1.E0,0.E0,0.E0));
#6102=AXIS2_PLACEMENT_3D('',#6099,#6100,#6101);
#6103=PLANE('',#6102);
#6105=ORIENTED_EDGE('',*,*,#6104,.F.);
#6107=ORIENTED_EDGE('',*,*,#6106,.T.);
#6108=ORIENTED_EDGE('',*,*,#6026,.T.);
#6109=ORIENTED_EDGE('',*,*,#6051,.F.);
#6110=ORIENTED_EDGE('',*,*,#6073,.T.);
#6111=EDGE_LOOP('',(#6105,#6107,#6108,#6109,#6110));
#6112=FACE_OUTER_BOUND('',#6111,.F.);
#6113=ADVANCED_FACE('',(#6112),#6103,.F.);
#6114=CARTESIAN_POINT('',(1.069417614389E1,1.575E1,-8.E-1));
#6115=DIRECTION('',(9.612616959383E-1,0.E0,2.756373558170E-1));
#6116=DIRECTION('',(0.E0,1.E0,0.E0));
#6117=AXIS2_PLACEMENT_3D('',#6114,#6115,#6116);
#6118=PLANE('',#6117);
#6120=ORIENTED_EDGE('',*,*,#6119,.T.);
#6122=ORIENTED_EDGE('',*,*,#6121,.F.);
#6123=ORIENTED_EDGE('',*,*,#4467,.T.);
#6124=ORIENTED_EDGE('',*,*,#6088,.T.);
#6125=EDGE_LOOP('',(#6120,#6122,#6123,#6124));
#6126=FACE_OUTER_BOUND('',#6125,.F.);
#6127=ADVANCED_FACE('',(#6126),#6118,.T.);
#6128=CARTESIAN_POINT('',(1.045E1,1.835872678187E1,5.E-2));
#6129=DIRECTION('',(-9.993908270191E-1,0.E0,-3.489949670250E-2));
#6130=DIRECTION('',(0.E0,1.E0,0.E0));
#6131=AXIS2_PLACEMENT_3D('',#6128,#6129,#6130);
#6132=PLANE('',#6131);
#6134=ORIENTED_EDGE('',*,*,#6133,.T.);
#6135=ORIENTED_EDGE('',*,*,#6119,.F.);
#6137=ORIENTED_EDGE('',*,*,#6136,.T.);
#6139=ORIENTED_EDGE('',*,*,#6138,.F.);
#6140=ORIENTED_EDGE('',*,*,#5032,.F.);
#6141=EDGE_LOOP('',(#6134,#6135,#6137,#6139,#6140));
#6142=FACE_OUTER_BOUND('',#6141,.F.);
#6143=ADVANCED_FACE('',(#6142),#6132,.F.);
#6144=CARTESIAN_POINT('',(0.E0,0.E0,1.E-1));
#6145=DIRECTION('',(0.E0,0.E0,1.E0));
#6146=DIRECTION('',(-1.E0,0.E0,0.E0));
#6147=AXIS2_PLACEMENT_3D('',#6144,#6145,#6146);
#6148=CONICAL_SURFACE('',#6147,2.006857130746E1,2.E0);
#6149=ORIENTED_EDGE('',*,*,#4469,.F.);
#6150=ORIENTED_EDGE('',*,*,#6121,.T.);
#6151=ORIENTED_EDGE('',*,*,#6133,.F.);
#6152=ORIENTED_EDGE('',*,*,#5030,.F.);
#6154=ORIENTED_EDGE('',*,*,#6153,.F.);
#6156=ORIENTED_EDGE('',*,*,#6155,.F.);
#6157=EDGE_LOOP('',(#6149,#6150,#6151,#6152,#6154,#6156));
#6158=FACE_OUTER_BOUND('',#6157,.F.);
#6159=ADVANCED_FACE('',(#6158),#6148,.F.);
#6160=CARTESIAN_POINT('',(1.459010747215E1,1.021610323529E1,1.E0));
#6161=DIRECTION('',(5.713938048433E-1,-8.160349234517E-1,8.715574274766E-2));
#6162=DIRECTION('',(8.191520442890E-1,5.735764363510E-1,0.E0));
#6163=AXIS2_PLACEMENT_3D('',#6160,#6161,#6162);
#6164=PLANE('',#6163);
#6165=ORIENTED_EDGE('',*,*,#4989,.F.);
#6166=ORIENTED_EDGE('',*,*,#4976,.F.);
#6167=ORIENTED_EDGE('',*,*,#4323,.F.);
#6169=ORIENTED_EDGE('',*,*,#6168,.T.);
#6170=ORIENTED_EDGE('',*,*,#6153,.T.);
#6171=ORIENTED_EDGE('',*,*,#5028,.T.);
#6172=EDGE_LOOP('',(#6165,#6166,#6167,#6169,#6170,#6171));
#6173=FACE_OUTER_BOUND('',#6172,.F.);
#6174=ADVANCED_FACE('',(#6173),#6164,.T.);
#6175=CARTESIAN_POINT('',(0.E0,0.E0,-1.9E0));
#6176=DIRECTION('',(8.660254037844E-1,5.E-1,0.E0));
#6177=DIRECTION('',(0.E0,0.E0,-1.E0));
#6178=AXIS2_PLACEMENT_3D('',#6175,#6176,#6177);
#6179=CYLINDRICAL_SURFACE('',#6178,2.6E0);
#6180=ORIENTED_EDGE('',*,*,#4375,.F.);
#6181=ORIENTED_EDGE('',*,*,#4606,.T.);
#6182=ORIENTED_EDGE('',*,*,#4471,.T.);
#6183=ORIENTED_EDGE('',*,*,#6155,.T.);
#6184=ORIENTED_EDGE('',*,*,#6168,.F.);
#6185=ORIENTED_EDGE('',*,*,#4321,.T.);
#6186=EDGE_LOOP('',(#6180,#6181,#6182,#6183,#6184,#6185));
#6187=FACE_OUTER_BOUND('',#6186,.F.);
#6188=ADVANCED_FACE('',(#6187),#6179,.F.);
#6189=CARTESIAN_POINT('',(0.E0,0.E0,5.E-2));
#6190=DIRECTION('',(0.E0,0.E0,-1.E0));
#6191=DIRECTION('',(1.E0,0.E0,0.E0));
#6192=AXIS2_PLACEMENT_3D('',#6189,#6190,#6191);
#6193=PLANE('',#6192);
#6195=ORIENTED_EDGE('',*,*,#6194,.F.);
#6197=ORIENTED_EDGE('',*,*,#6196,.F.);
#6199=ORIENTED_EDGE('',*,*,#6198,.F.);
#6200=ORIENTED_EDGE('',*,*,#6028,.F.);
#6201=ORIENTED_EDGE('',*,*,#6106,.F.);
#6203=ORIENTED_EDGE('',*,*,#6202,.F.);
#6205=ORIENTED_EDGE('',*,*,#6204,.F.);
#6206=EDGE_LOOP('',(#6195,#6197,#6199,#6200,#6201,#6203,#6205));
#6207=FACE_OUTER_BOUND('',#6206,.F.);
#6208=ADVANCED_FACE('',(#6207),#6193,.T.);
#6209=CARTESIAN_POINT('',(0.E0,0.E0,5.E-2));
#6210=DIRECTION('',(0.E0,0.E0,-1.E0));
#6211=DIRECTION('',(1.E0,0.E0,0.E0));
#6212=AXIS2_PLACEMENT_3D('',#6209,#6210,#6211);
#6213=PLANE('',#6212);
#6215=ORIENTED_EDGE('',*,*,#6214,.F.);
#6217=ORIENTED_EDGE('',*,*,#6216,.F.);
#6218=ORIENTED_EDGE('',*,*,#6136,.F.);
#6219=ORIENTED_EDGE('',*,*,#6094,.F.);
#6221=ORIENTED_EDGE('',*,*,#6220,.F.);
#6223=ORIENTED_EDGE('',*,*,#6222,.F.);
#6225=ORIENTED_EDGE('',*,*,#6224,.F.);
#6226=EDGE_LOOP('',(#6215,#6217,#6218,#6219,#6221,#6223,#6225));
#6227=FACE_OUTER_BOUND('',#6226,.F.);
#6228=ADVANCED_FACE('',(#6227),#6213,.T.);
#6229=CARTESIAN_POINT('',(-1.062544150184E1,1.163314197084E1,
-1.145516714398E-2));
#6230=CARTESIAN_POINT('',(-1.062189961723E1,1.163209205558E1,
9.339436496120E-2));
#6231=CARTESIAN_POINT('',(-1.061350473403E1,1.162960728376E1,
3.418732531695E-1));
#6232=CARTESIAN_POINT('',(-1.060145837100E1,1.162605423521E1,
6.983217501859E-1));
#6233=CARTESIAN_POINT('',(-1.059295284007E1,1.162355439116E1,
9.499207254646E-1));
#6234=CARTESIAN_POINT('',(-1.058930235497E1,1.162248309928E1,1.057890324847E0));
#6235=CARTESIAN_POINT('',(-1.073677890010E1,1.150811047046E1,
-8.659274219857E-3));
#6236=CARTESIAN_POINT('',(-1.073319210724E1,1.150702054130E1,
9.618917402500E-2));
#6237=CARTESIAN_POINT('',(-1.072469109791E1,1.150444131249E1,
3.446655024592E-1));
#6238=CARTESIAN_POINT('',(-1.071249350562E1,1.150075400717E1,
7.011103570825E-1));
#6239=CARTESIAN_POINT('',(-1.070388194310E1,1.149816027242E1,
9.527067822507E-1));
#6240=CARTESIAN_POINT('',(-1.070018608643E1,1.149704884792E1,1.060675291094E0));
#6241=CARTESIAN_POINT('',(-1.077742523101E1,1.134567714526E1,
-8.658656113131E-3));
#6242=CARTESIAN_POINT('',(-1.077378008471E1,1.134457261408E1,
9.618871016028E-2));
#6243=CARTESIAN_POINT('',(-1.076514122362E1,1.134195896928E1,
3.446624832813E-1));
#6244=CARTESIAN_POINT('',(-1.075274735292E1,1.133822292606E1,
7.011037018592E-1));
#6245=CARTESIAN_POINT('',(-1.074399828531E1,1.133559523304E1,
9.526975813613E-1));
#6246=CARTESIAN_POINT('',(-1.074024360970E1,1.133446931637E1,1.060665001565E0));
#6247=CARTESIAN_POINT('',(-1.073809636135E1,1.118294380979E1,
-1.145345400716E-2));
#6248=CARTESIAN_POINT('',(-1.073439274506E1,1.118185342376E1,
9.339307931958E-2));
#6249=CARTESIAN_POINT('',(-1.072561579368E1,1.117927326503E1,
3.418648852542E-1));
#6250=CARTESIAN_POINT('',(-1.071302542789E1,1.117558513511E1,
6.983033046529E-1));
#6251=CARTESIAN_POINT('',(-1.070413878956E1,1.117299117276E1,
9.498952243951E-1));
#6252=CARTESIAN_POINT('',(-1.070032528260E1,1.117187971457E1,1.057861806520E0));
#6253=(BOUNDED_SURFACE()B_SPLINE_SURFACE(3,3,((#6229,#6230,#6231,#6232,#6233,
#6234),(#6235,#6236,#6237,#6238,#6239,#6240),(#6241,#6242,#6243,#6244,#6245,
#6246),(#6247,#6248,#6249,#6250,#6251,#6252)),.UNSPECIFIED.,.F.,.F.,.F.)B_SPLINE_SURFACE_WITH_KNOTS((4,4),(4,1,1,4),(0.E0,1.E0),(5.898532019213E-1,
6.031302585296E-1,6.213179882469E-1,6.349901338723E-1),.UNSPECIFIED.)GEOMETRIC_REPRESENTATION_ITEM()RATIONAL_B_SPLINE_SURFACE(((1.060561390333E0,
1.060561390333E0,1.060561390333E0,1.060561390333E0,1.060561390333E0,
1.060561390333E0),(9.798128698890E-1,9.798128698890E-1,9.798128698890E-1,
9.798128698890E-1,9.798128698890E-1,9.798128698890E-1),(9.798128698890E-1,
9.798128698890E-1,9.798128698890E-1,9.798128698890E-1,9.798128698890E-1,
9.798128698890E-1),(1.060561390333E0,1.060561390333E0,1.060561390333E0,
1.060561390333E0,1.060561390333E0,1.060561390333E0)))REPRESENTATION_ITEM('')SURFACE());
#6254=ORIENTED_EDGE('',*,*,#5018,.T.);
#6256=ORIENTED_EDGE('',*,*,#6255,.F.);
#6257=ORIENTED_EDGE('',*,*,#6194,.T.);
#6259=ORIENTED_EDGE('',*,*,#6258,.T.);
#6260=EDGE_LOOP('',(#6254,#6256,#6257,#6259));
#6261=FACE_OUTER_BOUND('',#6260,.F.);
#6262=ADVANCED_FACE('',(#6261),#6253,.T.);
#6263=CARTESIAN_POINT('',(-1.075E1,6.561232449298E0,5.E-2));
#6264=DIRECTION('',(9.993908270191E-1,0.E0,-3.489949670250E-2));
#6265=DIRECTION('',(0.E0,-1.E0,0.E0));
#6266=AXIS2_PLACEMENT_3D('',#6263,#6264,#6265);
#6267=PLANE('',#6266);
#6268=ORIENTED_EDGE('',*,*,#6255,.T.);
#6269=ORIENTED_EDGE('',*,*,#5046,.F.);
#6271=ORIENTED_EDGE('',*,*,#6270,.F.);
#6272=ORIENTED_EDGE('',*,*,#6196,.T.);
#6273=EDGE_LOOP('',(#6268,#6269,#6271,#6272));
#6274=FACE_OUTER_BOUND('',#6273,.F.);
#6275=ADVANCED_FACE('',(#6274),#6267,.F.);
#6276=CARTESIAN_POINT('',(-1.074038540228E1,7.759614597718E0,
-1.400152811847E1));
#6277=DIRECTION('',(3.487826274237E-2,3.487826274237E-2,9.987827659587E-1));
#6278=DIRECTION('',(-9.993908270191E-1,0.E0,3.489949670250E-2));
#6279=AXIS2_PLACEMENT_3D('',#6276,#6277,#6278);
#6280=CYLINDRICAL_SURFACE('',#6279,5.E-1);
#6281=ORIENTED_EDGE('',*,*,#5044,.T.);
#6283=ORIENTED_EDGE('',*,*,#6282,.F.);
#6285=ORIENTED_EDGE('',*,*,#6284,.T.);
#6286=ORIENTED_EDGE('',*,*,#6030,.T.);
#6287=ORIENTED_EDGE('',*,*,#6198,.T.);
#6288=ORIENTED_EDGE('',*,*,#6270,.T.);
#6289=EDGE_LOOP('',(#6281,#6283,#6285,#6286,#6287,#6288));
#6290=FACE_OUTER_BOUND('',#6289,.F.);
#6291=ADVANCED_FACE('',(#6290),#6280,.T.);
#6292=CARTESIAN_POINT('',(-1.225691460295E1,7.75E0,5.E-2));
#6293=DIRECTION('',(0.E0,-9.993908270191E-1,3.489949670250E-2));
#6294=DIRECTION('',(-1.E0,0.E0,0.E0));
#6295=AXIS2_PLACEMENT_3D('',#6292,#6293,#6294);
#6296=PLANE('',#6295);
#6297=ORIENTED_EDGE('',*,*,#6282,.T.);
#6298=ORIENTED_EDGE('',*,*,#5042,.T.);
#6300=ORIENTED_EDGE('',*,*,#6299,.T.);
#6302=ORIENTED_EDGE('',*,*,#6301,.T.);
#6303=EDGE_LOOP('',(#6297,#6298,#6300,#6302));
#6304=FACE_OUTER_BOUND('',#6303,.F.);
#6305=ADVANCED_FACE('',(#6304),#6296,.T.);
#6306=CARTESIAN_POINT('',(9.920066871333E0,8.579933128667E0,9.489321106476E0));
#6307=DIRECTION('',(3.487826274237E-2,-3.487826274237E-2,-9.987827659587E-1));
#6308=DIRECTION('',(9.993908270191E-1,0.E0,3.489949670250E-2));
#6309=AXIS2_PLACEMENT_3D('',#6306,#6307,#6308);
#6310=CYLINDRICAL_SURFACE('',#6309,5.E-1);
#6311=ORIENTED_EDGE('',*,*,#6222,.T.);
#6313=ORIENTED_EDGE('',*,*,#6312,.T.);
#6315=ORIENTED_EDGE('',*,*,#6314,.T.);
#6316=ORIENTED_EDGE('',*,*,#6299,.F.);
#6317=ORIENTED_EDGE('',*,*,#5040,.T.);
#6319=ORIENTED_EDGE('',*,*,#6318,.T.);
#6320=EDGE_LOOP('',(#6311,#6313,#6315,#6316,#6317,#6319));
#6321=FACE_OUTER_BOUND('',#6320,.F.);
#6322=ADVANCED_FACE('',(#6321),#6310,.T.);
#6323=CARTESIAN_POINT('',(9.984176143891E0,1.575E1,-7.688767550702E0));
#6324=DIRECTION('',(-9.993908270191E-1,-3.489949670250E-2,0.E0));
#6325=DIRECTION('',(0.E0,0.E0,-1.E0));
#6326=AXIS2_PLACEMENT_3D('',#6323,#6324,#6325);
#6327=PLANE('',#6326);
#6328=ORIENTED_EDGE('',*,*,#4540,.F.);
#6329=ORIENTED_EDGE('',*,*,#4710,.T.);
#6331=ORIENTED_EDGE('',*,*,#6330,.T.);
#6333=ORIENTED_EDGE('',*,*,#6332,.T.);
#6334=ORIENTED_EDGE('',*,*,#6312,.F.);
#6335=ORIENTED_EDGE('',*,*,#6220,.T.);
#6336=ORIENTED_EDGE('',*,*,#6092,.F.);
#6337=EDGE_LOOP('',(#6328,#6329,#6331,#6333,#6334,#6335,#6336));
#6338=FACE_OUTER_BOUND('',#6337,.F.);
#6339=ADVANCED_FACE('',(#6338),#6327,.T.);
#6340=CARTESIAN_POINT('',(9.296114809963E0,1.671370319349E1,1.E0));
#6341=DIRECTION('',(0.E0,-1.E0,0.E0));
#6342=DIRECTION('',(1.E0,0.E0,0.E0));
#6343=AXIS2_PLACEMENT_3D('',#6340,#6341,#6342);
#6344=PLANE('',#6343);
#6345=ORIENTED_EDGE('',*,*,#6330,.F.);
#6346=ORIENTED_EDGE('',*,*,#4708,.F.);
#6347=ORIENTED_EDGE('',*,*,#5998,.F.);
#6349=ORIENTED_EDGE('',*,*,#6348,.T.);
#6350=EDGE_LOOP('',(#6345,#6346,#6347,#6349));
#6351=FACE_OUTER_BOUND('',#6350,.F.);
#6352=ADVANCED_FACE('',(#6351),#6344,.T.);
#6353=CARTESIAN_POINT('',(0.E0,0.E0,1.E-1));
#6354=DIRECTION('',(0.E0,0.E0,1.E0));
#6355=DIRECTION('',(-1.E0,0.E0,0.E0));
#6356=AXIS2_PLACEMENT_3D('',#6353,#6354,#6355);
#6357=PLANE('',#6356);
#6358=ORIENTED_EDGE('',*,*,#6284,.F.);
#6359=ORIENTED_EDGE('',*,*,#6301,.F.);
#6360=ORIENTED_EDGE('',*,*,#6314,.F.);
#6361=ORIENTED_EDGE('',*,*,#6332,.F.);
#6362=ORIENTED_EDGE('',*,*,#6348,.F.);
#6363=ORIENTED_EDGE('',*,*,#5996,.T.);
#6365=ORIENTED_EDGE('',*,*,#6364,.F.);
#6366=ORIENTED_EDGE('',*,*,#5348,.T.);
#6367=ORIENTED_EDGE('',*,*,#5371,.F.);
#6368=ORIENTED_EDGE('',*,*,#5384,.F.);
#6369=ORIENTED_EDGE('',*,*,#5402,.F.);
#6370=ORIENTED_EDGE('',*,*,#5745,.F.);
#6371=ORIENTED_EDGE('',*,*,#5982,.T.);
#6372=ORIENTED_EDGE('',*,*,#6012,.F.);
#6373=ORIENTED_EDGE('',*,*,#6032,.F.);
#6374=EDGE_LOOP('',(#6358,#6359,#6360,#6361,#6362,#6363,#6365,#6366,#6367,#6368,
#6369,#6370,#6371,#6372,#6373));
#6375=FACE_OUTER_BOUND('',#6374,.F.);
#6376=ADVANCED_FACE('',(#6375),#6357,.F.);
#6377=CARTESIAN_POINT('',(6.808869701081E0,1.787527565874E1,1.588431729757E-1));
#6378=CARTESIAN_POINT('',(6.805913381539E0,1.787527701273E1,1.392306153177E-1));
#6379=CARTESIAN_POINT('',(6.765631553532E0,1.787529544831E1,
-1.280061891024E-1));
#6380=CARTESIAN_POINT('',(6.722350789340E0,1.787531506042E1,
-4.151766154795E-1));
#6381=CARTESIAN_POINT('',(6.681984912400E0,1.787533316936E1,
-6.830420839127E-1));
#6382=CARTESIAN_POINT('',(6.679028331661E0,1.787533449476E1,
-7.026619614100E-1));
#6384=DIRECTION('',(3.451974874472E-2,9.993908270191E-1,-5.134375978588E-3));
#6385=VECTOR('',#6384,1.E0);
#6386=SURFACE_OF_LINEAR_EXTRUSION('',#6383,#6385);
#6388=ORIENTED_EDGE('',*,*,#6387,.T.);
#6389=ORIENTED_EDGE('',*,*,#5350,.F.);
#6390=ORIENTED_EDGE('',*,*,#6364,.T.);
#6391=ORIENTED_EDGE('',*,*,#5994,.T.);
#6392=EDGE_LOOP('',(#6388,#6389,#6390,#6391));
#6393=FACE_OUTER_BOUND('',#6392,.F.);
#6394=ADVANCED_FACE('',(#6393),#6386,.T.);
#6395=CARTESIAN_POINT('',(6.697128374840E0,1.791704539204E1,
-5.801761820016E-1));
#6396=CARTESIAN_POINT('',(6.694553452170E0,1.791702558755E1,
-6.013429429399E-1));
#6397=CARTESIAN_POINT('',(6.646671808334E0,1.791666391805E1,
-9.936616002173E-1));
#6398=CARTESIAN_POINT('',(6.588447386770E0,1.791635057518E1,-1.446110817493E0));
#6399=CARTESIAN_POINT('',(6.527507092060E0,1.791612573072E1,-1.899593609526E0));
#6400=CARTESIAN_POINT('',(6.524430945843E0,1.791611461728E1,-1.922438540069E0));
#6402=DIRECTION('',(3.451974874472E-2,9.993908270191E-1,-5.134375978588E-3));
#6403=VECTOR('',#6402,1.E0);
#6404=SURFACE_OF_LINEAR_EXTRUSION('',#6401,#6403);
#6405=ORIENTED_EDGE('',*,*,#5660,.T.);
#6407=ORIENTED_EDGE('',*,*,#6406,.F.);
#6408=ORIENTED_EDGE('',*,*,#5352,.F.);
#6409=ORIENTED_EDGE('',*,*,#6387,.F.);
#6410=ORIENTED_EDGE('',*,*,#5756,.T.);
#6411=EDGE_LOOP('',(#6405,#6407,#6408,#6409,#6410));
#6412=FACE_OUTER_BOUND('',#6411,.F.);
#6413=ADVANCED_FACE('',(#6412),#6404,.T.);
#6414=CARTESIAN_POINT('',(0.E0,0.E0,-8.499999999999E-1));
#6415=DIRECTION('',(0.E0,0.E0,1.E0));
#6416=DIRECTION('',(4.318345438354E-2,9.990671595381E-1,0.E0));
#6417=AXIS2_PLACEMENT_3D('',#6414,#6415,#6416);
#6418=TOROIDAL_SURFACE('',#6417,1.753298844706E1,1.E0);
#6419=ORIENTED_EDGE('',*,*,#5593,.F.);
#6420=ORIENTED_EDGE('',*,*,#5576,.T.);
#6421=ORIENTED_EDGE('',*,*,#5354,.T.);
#6422=ORIENTED_EDGE('',*,*,#6406,.T.);
#6423=ORIENTED_EDGE('',*,*,#5658,.T.);
#6424=EDGE_LOOP('',(#6419,#6420,#6421,#6422,#6423));
#6425=FACE_OUTER_BOUND('',#6424,.F.);
#6426=ADVANCED_FACE('',(#6425),#6418,.F.);
#6427=CARTESIAN_POINT('',(1.075E1,1.262105972550E1,5.E-2));
#6428=DIRECTION('',(-9.993908270191E-1,0.E0,-3.489949670250E-2));
#6429=DIRECTION('',(0.E0,1.E0,0.E0));
#6430=AXIS2_PLACEMENT_3D('',#6427,#6428,#6429);
#6431=PLANE('',#6430);
#6433=ORIENTED_EDGE('',*,*,#6432,.F.);
#6434=ORIENTED_EDGE('',*,*,#6224,.T.);
#6435=ORIENTED_EDGE('',*,*,#6318,.F.);
#6436=ORIENTED_EDGE('',*,*,#5038,.T.);
#6437=EDGE_LOOP('',(#6433,#6434,#6435,#6436));
#6438=FACE_OUTER_BOUND('',#6437,.F.);
#6439=ADVANCED_FACE('',(#6438),#6431,.F.);
#6440=CARTESIAN_POINT('',(1.075032835601E1,1.129528444505E1,3.991484876365E-2));
#6441=CARTESIAN_POINT('',(1.074711464874E1,1.129432387219E1,1.318993634207E-1));
#6442=CARTESIAN_POINT('',(1.073888795010E1,1.129186820876E1,3.673633775185E-1));
#6443=CARTESIAN_POINT('',(1.072759607825E1,1.128850905209E1,6.905408892760E-1));
#6444=CARTESIAN_POINT('',(1.071951773652E1,1.128611382654E1,9.217339120782E-1));
#6445=CARTESIAN_POINT('',(1.071645279471E1,1.128520620947E1,1.009447377968E0));
#6446=CARTESIAN_POINT('',(1.075113913394E1,1.138108572149E1,4.069232567833E-2));
#6447=CARTESIAN_POINT('',(1.074795244279E1,1.138012488936E1,1.326772800085E-1));
#6448=CARTESIAN_POINT('',(1.073979470014E1,1.137766853149E1,3.681424162010E-1));
#6449=CARTESIAN_POINT('',(1.072859677369E1,1.137430831558E1,6.913214562571E-1));
#6450=CARTESIAN_POINT('',(1.072058515527E1,1.137191225978E1,9.225155642109E-1));
#6451=CARTESIAN_POINT('',(1.071754545907E1,1.137100431746E1,1.010229440639E0));
#6452=CARTESIAN_POINT('',(1.073032338046E1,1.146433129361E1,4.069227263756E-2));
#6453=CARTESIAN_POINT('',(1.072716289863E1,1.146337701519E1,1.326777128914E-1));
#6454=CARTESIAN_POINT('',(1.071907206097E1,1.146093735339E1,3.681440892157E-1));
#6455=CARTESIAN_POINT('',(1.070796531415E1,1.145759977466E1,6.913248183372E-1));
#6456=CARTESIAN_POINT('',(1.070001847435E1,1.145521972117E1,9.225201255933E-1));
#6457=CARTESIAN_POINT('',(1.069700329075E1,1.145431782276E1,1.010234455746E0));
#6458=CARTESIAN_POINT('',(1.068922349042E1,1.153965270676E1,3.991469306191E-2));
#6459=CARTESIAN_POINT('',(1.068608672092E1,1.153871137238E1,1.319006341533E-1));
#6460=CARTESIAN_POINT('',(1.067805642258E1,1.153630472046E1,3.673682886709E-1));
#6461=CARTESIAN_POINT('',(1.066703220950E1,1.153301201548E1,6.905507586979E-1));
#6462=CARTESIAN_POINT('',(1.065914402607E1,1.153066376487E1,9.217473020649E-1));
#6463=CARTESIAN_POINT('',(1.065615104128E1,1.152977388978E1,1.009462099867E0));
#6464=(BOUNDED_SURFACE()B_SPLINE_SURFACE(3,3,((#6440,#6441,#6442,#6443,#6444,
#6445),(#6446,#6447,#6448,#6449,#6450,#6451),(#6452,#6453,#6454,#6455,#6456,
#6457),(#6458,#6459,#6460,#6461,#6462,#6463)),.UNSPECIFIED.,.F.,.F.,.F.)B_SPLINE_SURFACE_WITH_KNOTS((4,4),(4,1,1,4),(0.E0,1.E0),(5.919592894371E-1,
6.036075176422E-1,6.217766808832E-1,6.328840474186E-1),.UNSPECIFIED.)GEOMETRIC_REPRESENTATION_ITEM()RATIONAL_B_SPLINE_SURFACE(((1.016386532216E0,
1.016386532216E0,1.016386532216E0,1.016386532216E0,1.016386532216E0,
1.016386532216E0),(9.945378225946E-1,9.945378225946E-1,9.945378225946E-1,
9.945378225946E-1,9.945378225946E-1,9.945378225946E-1),(9.945378225946E-1,
9.945378225946E-1,9.945378225946E-1,9.945378225946E-1,9.945378225946E-1,
9.945378225946E-1),(1.016386532216E0,1.016386532216E0,1.016386532216E0,
1.016386532216E0,1.016386532216E0,1.016386532216E0)))REPRESENTATION_ITEM('')SURFACE());
#6465=ORIENTED_EDGE('',*,*,#5036,.T.);
#6467=ORIENTED_EDGE('',*,*,#6466,.F.);
#6468=ORIENTED_EDGE('',*,*,#6214,.T.);
#6469=ORIENTED_EDGE('',*,*,#6432,.T.);
#6470=EDGE_LOOP('',(#6465,#6467,#6468,#6469));
#6471=FACE_OUTER_BOUND('',#6470,.F.);
#6472=ADVANCED_FACE('',(#6471),#6464,.T.);
#6473=CARTESIAN_POINT('',(1.25E1,1.25E1,5.25E-1));
#6474=DIRECTION('',(0.E0,0.E0,1.E0));
#6475=DIRECTION('',(-1.E0,0.E0,0.E0));
#6476=AXIS2_PLACEMENT_3D('',#6473,#6474,#6475);
#6477=CONICAL_SURFACE('',#6476,2.066587365509E0,2.E0);
#6478=ORIENTED_EDGE('',*,*,#6466,.T.);
#6479=ORIENTED_EDGE('',*,*,#5034,.F.);
#6480=ORIENTED_EDGE('',*,*,#6138,.T.);
#6481=ORIENTED_EDGE('',*,*,#6216,.T.);
#6482=EDGE_LOOP('',(#6478,#6479,#6480,#6481));
#6483=FACE_OUTER_BOUND('',#6482,.F.);
#6484=ADVANCED_FACE('',(#6483),#6477,.F.);
#6485=CARTESIAN_POINT('',(-1.25E1,1.25E1,5.25E-1));
#6486=DIRECTION('',(0.E0,0.E0,1.E0));
#6487=DIRECTION('',(-1.E0,0.E0,0.E0));
#6488=AXIS2_PLACEMENT_3D('',#6485,#6486,#6487);
#6489=CONICAL_SURFACE('',#6488,2.066587365509E0,2.E0);
#6490=ORIENTED_EDGE('',*,*,#6258,.F.);
#6491=ORIENTED_EDGE('',*,*,#6204,.T.);
#6493=ORIENTED_EDGE('',*,*,#6492,.F.);
#6494=ORIENTED_EDGE('',*,*,#5020,.F.);
#6495=EDGE_LOOP('',(#6490,#6491,#6493,#6494));
#6496=FACE_OUTER_BOUND('',#6495,.F.);
#6497=ADVANCED_FACE('',(#6496),#6489,.F.);
#6498=CARTESIAN_POINT('',(-1.045E1,1.131123244930E1,5.E-2));
#6499=DIRECTION('',(9.993908270191E-1,0.E0,-3.489949670250E-2));
#6500=DIRECTION('',(0.E0,-1.E0,0.E0));
#6501=AXIS2_PLACEMENT_3D('',#6498,#6499,#6500);
#6502=PLANE('',#6501);
#6503=ORIENTED_EDGE('',*,*,#6202,.T.);
#6505=ORIENTED_EDGE('',*,*,#6504,.F.);
#6507=ORIENTED_EDGE('',*,*,#6506,.T.);
#6508=ORIENTED_EDGE('',*,*,#5022,.F.);
#6509=ORIENTED_EDGE('',*,*,#6492,.T.);
#6510=EDGE_LOOP('',(#6503,#6505,#6507,#6508,#6509));
#6511=FACE_OUTER_BOUND('',#6510,.F.);
#6512=ADVANCED_FACE('',(#6511),#6502,.F.);
#6513=CARTESIAN_POINT('',(-1.069417614389E1,1.575E1,-8.E-1));
#6514=DIRECTION('',(-9.612616959383E-1,0.E0,2.756373558170E-1));
#6515=DIRECTION('',(0.E0,1.E0,0.E0));
#6516=AXIS2_PLACEMENT_3D('',#6513,#6514,#6515);
#6517=PLANE('',#6516);
#6518=ORIENTED_EDGE('',*,*,#4495,.T.);
#6520=ORIENTED_EDGE('',*,*,#6519,.F.);
#6521=ORIENTED_EDGE('',*,*,#6504,.T.);
#6522=ORIENTED_EDGE('',*,*,#6104,.T.);
#6523=EDGE_LOOP('',(#6518,#6520,#6521,#6522));
#6524=FACE_OUTER_BOUND('',#6523,.F.);
#6525=ADVANCED_FACE('',(#6524),#6517,.T.);
#6526=CARTESIAN_POINT('',(0.E0,-1.612490865883E-14,1.E-1));
#6527=DIRECTION('',(0.E0,0.E0,1.E0));
#6528=DIRECTION('',(-1.E0,0.E0,0.E0));
#6529=AXIS2_PLACEMENT_3D('',#6526,#6527,#6528);
#6530=CONICAL_SURFACE('',#6529,2.006857130746E1,2.E0);
#6531=ORIENTED_EDGE('',*,*,#6506,.F.);
#6532=ORIENTED_EDGE('',*,*,#6519,.T.);
#6533=ORIENTED_EDGE('',*,*,#4493,.F.);
#6535=ORIENTED_EDGE('',*,*,#6534,.F.);
#6536=ORIENTED_EDGE('',*,*,#5004,.T.);
#6537=ORIENTED_EDGE('',*,*,#5024,.F.);
#6538=EDGE_LOOP('',(#6531,#6532,#6533,#6535,#6536,#6537));
#6539=FACE_OUTER_BOUND('',#6538,.F.);
#6540=ADVANCED_FACE('',(#6539),#6530,.F.);
#6541=CARTESIAN_POINT('',(0.E0,0.E0,-1.9E0));
#6542=DIRECTION('',(8.660254037844E-1,-5.E-1,0.E0));
#6543=DIRECTION('',(0.E0,0.E0,-1.E0));
#6544=AXIS2_PLACEMENT_3D('',#6541,#6542,#6543);
#6545=CYLINDRICAL_SURFACE('',#6544,2.6E0);
#6547=ORIENTED_EDGE('',*,*,#6546,.F.);
#6548=ORIENTED_EDGE('',*,*,#4360,.T.);
#6549=ORIENTED_EDGE('',*,*,#5006,.T.);
#6550=ORIENTED_EDGE('',*,*,#6534,.T.);
#6551=ORIENTED_EDGE('',*,*,#4505,.T.);
#6552=ORIENTED_EDGE('',*,*,#4618,.T.);
#6553=EDGE_LOOP('',(#6547,#6548,#6549,#6550,#6551,#6552));
#6554=FACE_OUTER_BOUND('',#6553,.F.);
#6555=ADVANCED_FACE('',(#6554),#6545,.F.);
#6556=CARTESIAN_POINT('',(-6.211000205972E1,3.931754970170E1,-1.1E0));
#6557=DIRECTION('',(8.660254037844E-1,-5.E-1,0.E0));
#6558=DIRECTION('',(-4.830638429636E-1,-8.366911193124E-1,-2.580645161290E-1));
#6559=AXIS2_PLACEMENT_3D('',#6556,#6557,#6558);
#6560=CYLINDRICAL_SURFACE('',#6559,5.E-1);
#6561=ORIENTED_EDGE('',*,*,#4616,.T.);
#6562=ORIENTED_EDGE('',*,*,#4417,.F.);
#6563=ORIENTED_EDGE('',*,*,#4344,.T.);
#6564=ORIENTED_EDGE('',*,*,#6546,.T.);
#6565=EDGE_LOOP('',(#6561,#6562,#6563,#6564));
#6566=FACE_OUTER_BOUND('',#6565,.F.);
#6567=ADVANCED_FACE('',(#6566),#6560,.T.);
#6568=CARTESIAN_POINT('',(-1.25E1,1.25E1,-1.199999999998E0));
#6569=DIRECTION('',(0.E0,0.E0,1.E0));
#6570=DIRECTION('',(-1.E0,0.E0,0.E0));
#6571=AXIS2_PLACEMENT_3D('',#6568,#6569,#6570);
#6572=CONICAL_SURFACE('',#6571,1.786031692203E0,2.E0);
#6574=ORIENTED_EDGE('',*,*,#6573,.F.);
#6575=ORIENTED_EDGE('',*,*,#4499,.T.);
#6576=ORIENTED_EDGE('',*,*,#6077,.T.);
#6577=ORIENTED_EDGE('',*,*,#4423,.F.);
#6578=EDGE_LOOP('',(#6574,#6575,#6576,#6577));
#6579=FACE_OUTER_BOUND('',#6578,.F.);
#6580=ADVANCED_FACE('',(#6579),#6572,.T.);
#6581=CARTESIAN_POINT('',(-1.423939247398E1,1.210207779393E1,
-1.630394887928E0));
#6582=CARTESIAN_POINT('',(-1.424224396349E1,1.209728139927E1,
-1.519924255768E0));
#6583=CARTESIAN_POINT('',(-1.424817567363E1,1.208726998317E1,
-1.289085295579E0));
#6584=CARTESIAN_POINT('',(-1.425578064099E1,1.207434365182E1,
-9.903724325040E-1));
#6585=CARTESIAN_POINT('',(-1.426053749626E1,1.206621187920E1,
-8.021305175738E-1));
#6586=CARTESIAN_POINT('',(-1.426224801470E1,1.206328173933E1,
-7.342595280721E-1));
#6587=CARTESIAN_POINT('',(-1.424114134941E1,1.305551408151E1,
-1.573471265507E0));
#6588=CARTESIAN_POINT('',(-1.424628318156E1,1.305072315575E1,
-1.463162595804E0));
#6589=CARTESIAN_POINT('',(-1.425696739928E1,1.304070561696E1,
-1.232657343766E0));
#6590=CARTESIAN_POINT('',(-1.427063412748E1,1.302772586541E1,
-9.343640969721E-1));
#6591=CARTESIAN_POINT('',(-1.427916682046E1,1.301953808711E1,
-7.463806373975E-1));
#6592=CARTESIAN_POINT('',(-1.428223306677E1,1.301658492211E1,
-6.786020780163E-1));
#6593=CARTESIAN_POINT('',(-1.516394930862E1,1.330173901055E1,
-1.582574373308E0));
#6594=CARTESIAN_POINT('',(-1.516968197547E1,1.329473126818E1,
-1.472332584675E0));
#6595=CARTESIAN_POINT('',(-1.518157547514E1,1.328010940866E1,
-1.241965134686E0));
#6596=CARTESIAN_POINT('',(-1.519674098291E1,1.326124545779E1,
-9.438451649998E-1));
#6597=CARTESIAN_POINT('',(-1.520618550036E1,1.324938673257E1,
-7.559684324481E-1));
#6598=CARTESIAN_POINT('',(-1.520957634878E1,1.324511476803E1,
-6.882280413283E-1));
#6599=CARTESIAN_POINT('',(-1.563935290830E1,1.247561722341E1,
-1.644204901836E0));
#6600=CARTESIAN_POINT('',(-1.564310073295E1,1.246745777199E1,
-1.533835732663E0));
#6601=CARTESIAN_POINT('',(-1.565086700343E1,1.245046129819E1,
-1.303205827255E0));
#6602=CARTESIAN_POINT('',(-1.566074571808E1,1.242860824903E1,
-1.004755836962E0));
#6603=CARTESIAN_POINT('',(-1.566688587110E1,1.241490740823E1,
-8.166758339523E-1));
#6604=CARTESIAN_POINT('',(-1.566908883233E1,1.240997656263E1,
-7.488627482163E-1));
#6605=(BOUNDED_SURFACE()B_SPLINE_SURFACE(3,3,((#6581,#6582,#6583,#6584,#6585,
#6586),(#6587,#6588,#6589,#6590,#6591,#6592),(#6593,#6594,#6595,#6596,#6597,
#6598),(#6599,#6600,#6601,#6602,#6603,#6604)),.UNSPECIFIED.,.F.,.F.,.F.)B_SPLINE_SURFACE_WITH_KNOTS((4,4),(4,1,1,4),(0.E0,1.E0),(2.086486385260E-1,
2.125334209431E-1,2.167661894005E-1,2.191528113389E-1),.UNSPECIFIED.)GEOMETRIC_REPRESENTATION_ITEM()RATIONAL_B_SPLINE_SURFACE(((1.589151913347E0,
1.589151913347E0,1.589151913347E0,1.589151913347E0,1.589151913347E0,
1.589151913347E0),(8.036160288843E-1,8.036160288843E-1,8.036160288843E-1,
8.036160288843E-1,8.036160288843E-1,8.036160288843E-1),(8.036160288843E-1,
8.036160288843E-1,8.036160288843E-1,8.036160288843E-1,8.036160288843E-1,
8.036160288843E-1),(1.589151913347E0,1.589151913347E0,1.589151913347E0,
1.589151913347E0,1.589151913347E0,1.589151913347E0)))REPRESENTATION_ITEM('')SURFACE());
#6606=ORIENTED_EDGE('',*,*,#4621,.F.);
#6607=ORIENTED_EDGE('',*,*,#4501,.T.);
#6608=ORIENTED_EDGE('',*,*,#6573,.T.);
#6609=ORIENTED_EDGE('',*,*,#4421,.T.);
#6610=EDGE_LOOP('',(#6606,#6607,#6608,#6609));
#6611=FACE_OUTER_BOUND('',#6610,.F.);
#6612=ADVANCED_FACE('',(#6611),#6605,.F.);
#6613=CARTESIAN_POINT('',(5.7E0,1.425E1,-7.688767550702E0));
#6614=DIRECTION('',(9.993908270191E-1,-3.489949670250E-2,0.E0));
#6615=DIRECTION('',(0.E0,0.E0,1.E0));
#6616=AXIS2_PLACEMENT_3D('',#6613,#6614,#6615);
#6617=PLANE('',#6616);
#6618=ORIENTED_EDGE('',*,*,#5909,.F.);
#6620=ORIENTED_EDGE('',*,*,#6619,.F.);
#6622=ORIENTED_EDGE('',*,*,#6621,.F.);
#6624=ORIENTED_EDGE('',*,*,#6623,.T.);
#6626=ORIENTED_EDGE('',*,*,#6625,.T.);
#6627=ORIENTED_EDGE('',*,*,#5762,.T.);
#6628=ORIENTED_EDGE('',*,*,#5955,.T.);
#6629=ORIENTED_EDGE('',*,*,#5876,.T.);
#6630=EDGE_LOOP('',(#6618,#6620,#6622,#6624,#6626,#6627,#6628,#6629));
#6631=FACE_OUTER_BOUND('',#6630,.F.);
#6632=ADVANCED_FACE('',(#6631),#6617,.T.);
#6633=CARTESIAN_POINT('',(5.2E0,1.492312853364E1,-4.752370984793E0));
#6634=DIRECTION('',(0.E0,-7.205511116803E-1,-6.934018282758E-1));
#6635=DIRECTION('',(0.E0,-6.934018282758E-1,7.205511116803E-1));
#6636=AXIS2_PLACEMENT_3D('',#6633,#6634,#6635);
#6637=PLANE('',#6636);
#6638=ORIENTED_EDGE('',*,*,#5907,.T.);
#6639=ORIENTED_EDGE('',*,*,#5931,.T.);
#6641=ORIENTED_EDGE('',*,*,#6640,.T.);
#6642=ORIENTED_EDGE('',*,*,#6619,.T.);
#6643=EDGE_LOOP('',(#6638,#6639,#6641,#6642));
#6644=FACE_OUTER_BOUND('',#6643,.F.);
#6645=ADVANCED_FACE('',(#6644),#6637,.T.);
#6646=CARTESIAN_POINT('',(-4.429787392182E1,1.575E1,-3.448369742187E0));
#6647=DIRECTION('',(1.E0,0.E0,0.E0));
#6648=DIRECTION('',(0.E0,-1.E0,0.E0));
#6649=AXIS2_PLACEMENT_3D('',#6646,#6647,#6648);
#6650=CYLINDRICAL_SURFACE('',#6649,1.5E0);
#6651=ORIENTED_EDGE('',*,*,#6621,.T.);
#6652=ORIENTED_EDGE('',*,*,#6640,.F.);
#6653=ORIENTED_EDGE('',*,*,#5929,.T.);
#6655=ORIENTED_EDGE('',*,*,#6654,.T.);
#6656=EDGE_LOOP('',(#6651,#6652,#6653,#6655));
#6657=FACE_OUTER_BOUND('',#6656,.F.);
#6658=ADVANCED_FACE('',(#6657),#6650,.T.);
#6659=CARTESIAN_POINT('',(0.E0,1.425E1,-5.5E0));
#6660=DIRECTION('',(0.E0,-1.E0,0.E0));
#6661=DIRECTION('',(-1.E0,0.E0,0.E0));
#6662=AXIS2_PLACEMENT_3D('',#6659,#6660,#6661);
#6663=PLANE('',#6662);
#6664=ORIENTED_EDGE('',*,*,#5608,.F.);
#6665=ORIENTED_EDGE('',*,*,#5633,.F.);
#6667=ORIENTED_EDGE('',*,*,#6666,.T.);
#6668=ORIENTED_EDGE('',*,*,#6623,.F.);
#6669=ORIENTED_EDGE('',*,*,#6654,.F.);
#6670=ORIENTED_EDGE('',*,*,#5927,.T.);
#6672=ORIENTED_EDGE('',*,*,#6671,.F.);
#6673=ORIENTED_EDGE('',*,*,#5778,.F.);
#6674=ORIENTED_EDGE('',*,*,#5804,.F.);
#6675=ORIENTED_EDGE('',*,*,#5852,.F.);
#6677=ORIENTED_EDGE('',*,*,#6676,.F.);
#6679=ORIENTED_EDGE('',*,*,#6678,.F.);
#6681=ORIENTED_EDGE('',*,*,#6680,.F.);
#6683=ORIENTED_EDGE('',*,*,#6682,.F.);
#6685=ORIENTED_EDGE('',*,*,#6684,.F.);
#6687=ORIENTED_EDGE('',*,*,#6686,.F.);
#6688=EDGE_LOOP('',(#6664,#6665,#6667,#6668,#6669,#6670,#6672,#6673,#6674,#6675,
#6677,#6679,#6681,#6683,#6685,#6687));
#6689=FACE_OUTER_BOUND('',#6688,.F.);
#6690=ADVANCED_FACE('',(#6689),#6663,.T.);
#6691=CARTESIAN_POINT('',(3.511232449298E0,1.425E1,-3.05E0));
#6692=DIRECTION('',(0.E0,-3.489949670250E-2,-9.993908270191E-1));
#6693=DIRECTION('',(1.E0,0.E0,0.E0));
#6694=AXIS2_PLACEMENT_3D('',#6691,#6692,#6693);
#6695=PLANE('',#6694);
#6696=ORIENTED_EDGE('',*,*,#5764,.F.);
#6697=ORIENTED_EDGE('',*,*,#6625,.F.);
#6698=ORIENTED_EDGE('',*,*,#6666,.F.);
#6699=ORIENTED_EDGE('',*,*,#5631,.T.);
#6700=EDGE_LOOP('',(#6696,#6697,#6698,#6699));
#6701=FACE_OUTER_BOUND('',#6700,.F.);
#6702=ADVANCED_FACE('',(#6701),#6695,.T.);
#6703=CARTESIAN_POINT('',(5.112324492980E-1,1.425E1,-3.05E0));
#6704=DIRECTION('',(0.E0,-3.489949670250E-2,-9.993908270191E-1));
#6705=DIRECTION('',(1.E0,0.E0,0.E0));
#6706=AXIS2_PLACEMENT_3D('',#6703,#6704,#6705);
#6707=PLANE('',#6706);
#6708=ORIENTED_EDGE('',*,*,#5720,.F.);
#6709=ORIENTED_EDGE('',*,*,#5780,.F.);
#6710=ORIENTED_EDGE('',*,*,#6671,.T.);
#6711=ORIENTED_EDGE('',*,*,#5925,.T.);
#6712=EDGE_LOOP('',(#6708,#6709,#6710,#6711));
#6713=FACE_OUTER_BOUND('',#6712,.F.);
#6714=ADVANCED_FACE('',(#6713),#6707,.T.);
#6715=CARTESIAN_POINT('',(-1.288767550702E0,1.425E1,-3.05E0));
#6716=DIRECTION('',(0.E0,-3.489949670250E-2,-9.993908270191E-1));
#6717=DIRECTION('',(1.E0,0.E0,0.E0));
#6718=AXIS2_PLACEMENT_3D('',#6715,#6716,#6717);
#6719=PLANE('',#6718);
#6721=ORIENTED_EDGE('',*,*,#6720,.F.);
#6722=ORIENTED_EDGE('',*,*,#6676,.T.);
#6723=ORIENTED_EDGE('',*,*,#5850,.T.);
#6724=ORIENTED_EDGE('',*,*,#5737,.F.);
#6726=ORIENTED_EDGE('',*,*,#6725,.F.);
#6727=ORIENTED_EDGE('',*,*,#6684,.T.);
#6729=ORIENTED_EDGE('',*,*,#6728,.T.);
#6731=ORIENTED_EDGE('',*,*,#6730,.T.);
#6732=EDGE_LOOP('',(#6721,#6722,#6723,#6724,#6726,#6727,#6729,#6731));
#6733=FACE_OUTER_BOUND('',#6732,.F.);
#6734=ADVANCED_FACE('',(#6733),#6719,.T.);
#6735=CARTESIAN_POINT('',(-3.E-1,1.425E1,-1.861232449298E0));
#6736=DIRECTION('',(9.993908270191E-1,-3.489949670250E-2,0.E0));
#6737=DIRECTION('',(0.E0,0.E0,1.E0));
#6738=AXIS2_PLACEMENT_3D('',#6735,#6736,#6737);
#6739=PLANE('',#6738);
#6741=ORIENTED_EDGE('',*,*,#6740,.F.);
#6743=ORIENTED_EDGE('',*,*,#6742,.F.);
#6745=ORIENTED_EDGE('',*,*,#6744,.F.);
#6746=ORIENTED_EDGE('',*,*,#6678,.T.);
#6747=ORIENTED_EDGE('',*,*,#6720,.T.);
#6749=ORIENTED_EDGE('',*,*,#6748,.F.);
#6750=ORIENTED_EDGE('',*,*,#5891,.T.);
#6751=EDGE_LOOP('',(#6741,#6743,#6745,#6746,#6747,#6749,#6750));
#6752=FACE_OUTER_BOUND('',#6751,.F.);
#6753=ADVANCED_FACE('',(#6752),#6739,.T.);
#6754=CARTESIAN_POINT('',(4.151423038457E1,1.625791040232E1,-3.976166742571E0));
#6755=DIRECTION('',(-1.E0,0.E0,0.E0));
#6756=DIRECTION('',(0.E0,-3.838780908752E-2,-9.992629164106E-1));
#6757=AXIS2_PLACEMENT_3D('',#6754,#6755,#6756);
#6758=CYLINDRICAL_SURFACE('',#6757,1.5E0);
#6760=ORIENTED_EDGE('',*,*,#6759,.T.);
#6762=ORIENTED_EDGE('',*,*,#6761,.F.);
#6763=ORIENTED_EDGE('',*,*,#6740,.T.);
#6764=ORIENTED_EDGE('',*,*,#5889,.T.);
#6765=EDGE_LOOP('',(#6760,#6762,#6763,#6764));
#6766=FACE_OUTER_BOUND('',#6765,.F.);
#6767=ADVANCED_FACE('',(#6766),#6758,.T.);
#6768=CARTESIAN_POINT('',(-1.3E0,1.425E1,-1.861232449298E0));
#6769=DIRECTION('',(-9.993908270191E-1,-3.489949670250E-2,0.E0));
#6770=DIRECTION('',(0.E0,0.E0,-1.E0));
#6771=AXIS2_PLACEMENT_3D('',#6768,#6769,#6770);
#6772=PLANE('',#6771);
#6773=ORIENTED_EDGE('',*,*,#6759,.F.);
#6774=ORIENTED_EDGE('',*,*,#5895,.T.);
#6776=ORIENTED_EDGE('',*,*,#6775,.T.);
#6777=ORIENTED_EDGE('',*,*,#6728,.F.);
#6778=ORIENTED_EDGE('',*,*,#6682,.T.);
#6780=ORIENTED_EDGE('',*,*,#6779,.F.);
#6782=ORIENTED_EDGE('',*,*,#6781,.F.);
#6783=EDGE_LOOP('',(#6773,#6774,#6776,#6777,#6778,#6780,#6782));
#6784=FACE_OUTER_BOUND('',#6783,.F.);
#6785=ADVANCED_FACE('',(#6784),#6772,.T.);
#6786=CARTESIAN_POINT('',(-1.3E0,1.671370319349E1,-5.5E0));
#6787=DIRECTION('',(0.E0,1.E0,0.E0));
#6788=DIRECTION('',(1.E0,0.E0,0.E0));
#6789=AXIS2_PLACEMENT_3D('',#6786,#6787,#6788);
#6790=PLANE('',#6789);
#6791=ORIENTED_EDGE('',*,*,#6748,.T.);
#6792=ORIENTED_EDGE('',*,*,#6730,.F.);
#6793=ORIENTED_EDGE('',*,*,#6775,.F.);
#6794=ORIENTED_EDGE('',*,*,#5893,.T.);
#6795=EDGE_LOOP('',(#6791,#6792,#6793,#6794));
#6796=FACE_OUTER_BOUND('',#6795,.F.);
#6797=ADVANCED_FACE('',(#6796),#6790,.T.);
#6798=CARTESIAN_POINT('',(-4.317780712452E1,1.575E1,-3.448369742187E0));
#6799=DIRECTION('',(1.E0,0.E0,0.E0));
#6800=DIRECTION('',(0.E0,-1.E0,0.E0));
#6801=AXIS2_PLACEMENT_3D('',#6798,#6799,#6800);
#6802=CYLINDRICAL_SURFACE('',#6801,1.5E0);
#6803=ORIENTED_EDGE('',*,*,#6744,.T.);
#6805=ORIENTED_EDGE('',*,*,#6804,.F.);
#6806=ORIENTED_EDGE('',*,*,#6779,.T.);
#6807=ORIENTED_EDGE('',*,*,#6680,.T.);
#6808=EDGE_LOOP('',(#6803,#6805,#6806,#6807));
#6809=FACE_OUTER_BOUND('',#6808,.F.);
#6810=ADVANCED_FACE('',(#6809),#6802,.T.);
#6811=CARTESIAN_POINT('',(-8.E-1,1.492312853364E1,-4.752370984793E0));
#6812=DIRECTION('',(0.E0,-7.205511116803E-1,-6.934018282758E-1));
#6813=DIRECTION('',(0.E0,-6.934018282758E-1,7.205511116803E-1));
#6814=AXIS2_PLACEMENT_3D('',#6811,#6812,#6813);
#6815=PLANE('',#6814);
#6816=ORIENTED_EDGE('',*,*,#6761,.T.);
#6817=ORIENTED_EDGE('',*,*,#6781,.T.);
#6818=ORIENTED_EDGE('',*,*,#6804,.T.);
#6819=ORIENTED_EDGE('',*,*,#6742,.T.);
#6820=EDGE_LOOP('',(#6816,#6817,#6818,#6819));
#6821=FACE_OUTER_BOUND('',#6820,.F.);
#6822=ADVANCED_FACE('',(#6821),#6815,.T.);
#6823=CARTESIAN_POINT('',(-2.099058304005E0,1.722920123017E1,
-1.786186789734E0));
#6824=CARTESIAN_POINT('',(-2.099376812860E0,1.722919010760E1,
-1.807401690923E0));
#6825=CARTESIAN_POINT('',(-2.105362847642E0,1.722898107065E1,
-2.213043524066E0));
#6826=CARTESIAN_POINT('',(-2.110181114266E0,1.722881281308E1,
-2.689407188990E0));
#6827=CARTESIAN_POINT('',(-2.112733068808E0,1.722872369686E1,
-3.153542830478E0));
#6828=CARTESIAN_POINT('',(-2.112992418104E0,1.722871464018E1,
-3.205483190571E0));
#6830=DIRECTION('',(3.489949670250E-2,-9.993908270191E-1,0.E0));
#6831=VECTOR('',#6830,1.E0);
#6832=SURFACE_OF_LINEAR_EXTRUSION('',#6829,#6831);
#6833=ORIENTED_EDGE('',*,*,#5610,.F.);
#6834=ORIENTED_EDGE('',*,*,#6686,.T.);
#6835=ORIENTED_EDGE('',*,*,#6725,.T.);
#6836=ORIENTED_EDGE('',*,*,#5735,.F.);
#6837=ORIENTED_EDGE('',*,*,#5645,.F.);
#6838=ORIENTED_EDGE('',*,*,#5588,.F.);
#6839=EDGE_LOOP('',(#6833,#6834,#6835,#6836,#6837,#6838));
#6840=FACE_OUTER_BOUND('',#6839,.F.);
#6841=ADVANCED_FACE('',(#6840),#6832,.T.);
#6842=CARTESIAN_POINT('',(-1.773996850909E0,9.929764150234E0,-1.5E0));
#6843=CARTESIAN_POINT('',(-1.767783553747E0,9.931336545871E0,-1.5E0));
#6844=CARTESIAN_POINT('',(-1.748336118271E0,9.935328751269E0,-1.5E0));
#6845=CARTESIAN_POINT('',(-1.727957910672E0,9.936849454892E0,-1.5E0));
#6846=CARTESIAN_POINT('',(-1.700280414831E0,9.936902696283E0,-1.5E0));
#6847=CARTESIAN_POINT('',(-1.673214076861E0,9.934968660223E0,-1.5E0));
#6848=CARTESIAN_POINT('',(-1.635371424787E0,9.925321059686E0,-1.5E0));
#6849=CARTESIAN_POINT('',(-1.601292398625E0,9.908946191810E0,-1.5E0));
#6850=CARTESIAN_POINT('',(-1.571776270965E0,9.886323454778E0,-1.5E0));
#6851=CARTESIAN_POINT('',(-1.547385529610E0,9.859050860544E0,-1.5E0));
#6852=CARTESIAN_POINT('',(-1.529586098711E0,9.827662008515E0,-1.5E0));
#6853=CARTESIAN_POINT('',(-1.519087500819E0,9.792862035576E0,-1.5E0));
#6854=CARTESIAN_POINT('',(-1.515902070220E0,9.756281919477E0,-1.5E0));
#6855=CARTESIAN_POINT('',(-1.519093894993E0,9.719892245577E0,-1.5E0));
#6856=CARTESIAN_POINT('',(-1.529642421379E0,9.685709746158E0,-1.5E0));
#6857=CARTESIAN_POINT('',(-1.547458856244E0,9.654722546881E0,-1.5E0));
#6858=CARTESIAN_POINT('',(-1.571810583705E0,9.627610925124E0,-1.5E0));
#6859=CARTESIAN_POINT('',(-1.601289946979E0,9.604993213911E0,-1.5E0));
#6860=CARTESIAN_POINT('',(-1.635367234435E0,9.588619896020E0,-1.5E0));
#6861=CARTESIAN_POINT('',(-1.673213168201E0,9.578987003909E0,-1.5E0));
#6862=CARTESIAN_POINT('',(-1.713683180532E0,9.576085668408E0,-1.5E0));
#6863=CARTESIAN_POINT('',(-1.747224993825E0,9.578431743525E0,-1.5E0));
#6864=CARTESIAN_POINT('',(-1.766674151860E0,9.582333212263E0,-1.5E0));
#6865=CARTESIAN_POINT('',(-1.772367417926E0,9.583727793608E0,-1.5E0));
#6867=DIRECTION('',(0.E0,0.E0,1.E0));
#6868=VECTOR('',#6867,1.E0);
#6869=SURFACE_OF_LINEAR_EXTRUSION('',#6866,#6868);
#6870=ORIENTED_EDGE('',*,*,#5062,.T.);
#6872=ORIENTED_EDGE('',*,*,#6871,.F.);
#6874=ORIENTED_EDGE('',*,*,#6873,.F.);
#6876=ORIENTED_EDGE('',*,*,#6875,.T.);
#6877=EDGE_LOOP('',(#6870,#6872,#6874,#6876));
#6878=FACE_OUTER_BOUND('',#6877,.F.);
#6879=ADVANCED_FACE('',(#6878),#6869,.T.);
#6880=CARTESIAN_POINT('',(-1.654508612038E0,9.584054420751E0,-1.5E0));
#6881=CARTESIAN_POINT('',(-1.660449853106E0,9.582542968636E0,-1.5E0));
#6882=CARTESIAN_POINT('',(-1.679887723344E0,9.578508498401E0,-1.5E0));
#6883=CARTESIAN_POINT('',(-1.713683180532E0,9.576085668408E0,-1.5E0));
#6884=CARTESIAN_POINT('',(-1.754384530358E0,9.578932515810E0,-1.5E0));
#6885=CARTESIAN_POINT('',(-1.804813322317E0,9.591491430036E0,-1.5E0));
#6886=CARTESIAN_POINT('',(-1.848784767183E0,9.618307505059E0,-1.5E0));
#6887=CARTESIAN_POINT('',(-1.881301971044E0,9.654730999451E0,-1.5E0));
#6888=CARTESIAN_POINT('',(-1.899146541251E0,9.685707528962E0,-1.5E0));
#6889=CARTESIAN_POINT('',(-1.909687550269E0,9.719892857822E0,-1.5E0));
#6890=CARTESIAN_POINT('',(-1.912881549709E0,9.756281797037E0,-1.5E0));
#6891=CARTESIAN_POINT('',(-1.909695299001E0,9.792861881751E0,-1.5E0));
#6892=CARTESIAN_POINT('',(-1.899197701153E0,9.827662693829E0,-1.5E0));
#6893=CARTESIAN_POINT('',(-1.881395074794E0,9.859048239835E0,-1.5E0));
#6894=CARTESIAN_POINT('',(-1.856994985075E0,9.886357954934E0,-1.5E0));
#6895=CARTESIAN_POINT('',(-1.827312248800E0,9.909011256654E0,-1.5E0));
#6896=CARTESIAN_POINT('',(-1.792839954983E0,9.925364290121E0,-1.5E0));
#6897=CARTESIAN_POINT('',(-1.754929371896E0,9.934836736227E0,-1.5E0));
#6898=CARTESIAN_POINT('',(-1.727957910672E0,9.936849454892E0,-1.5E0));
#6899=CARTESIAN_POINT('',(-1.700280414831E0,9.936902696283E0,-1.5E0));
#6900=CARTESIAN_POINT('',(-1.680448566865E0,9.935485603615E0,-1.5E0));
#6901=CARTESIAN_POINT('',(-1.661548045915E0,9.931632246981E0,-1.5E0));
#6902=CARTESIAN_POINT('',(-1.656133830435E0,9.930299769764E0,-1.5E0));
#6904=DIRECTION('',(0.E0,0.E0,1.E0));
#6905=VECTOR('',#6904,1.E0);
#6906=SURFACE_OF_LINEAR_EXTRUSION('',#6903,#6905);
#6907=ORIENTED_EDGE('',*,*,#5064,.T.);
#6908=ORIENTED_EDGE('',*,*,#6875,.F.);
#6910=ORIENTED_EDGE('',*,*,#6909,.F.);
#6911=ORIENTED_EDGE('',*,*,#6871,.T.);
#6912=EDGE_LOOP('',(#6907,#6908,#6910,#6911));
#6913=FACE_OUTER_BOUND('',#6912,.F.);
#6914=ADVANCED_FACE('',(#6913),#6906,.T.);
#6915=CARTESIAN_POINT('',(0.E0,0.E0,9.E-1));
#6916=DIRECTION('',(0.E0,0.E0,1.E0));
#6917=DIRECTION('',(1.E0,0.E0,0.E0));
#6918=AXIS2_PLACEMENT_3D('',#6915,#6916,#6917);
#6919=PLANE('',#6918);
#6920=ORIENTED_EDGE('',*,*,#6873,.T.);
#6921=ORIENTED_EDGE('',*,*,#6909,.T.);
#6922=EDGE_LOOP('',(#6920,#6921));
#6923=FACE_OUTER_BOUND('',#6922,.F.);
#6924=ADVANCED_FACE('',(#6923),#6919,.T.);
#6925=CARTESIAN_POINT('',(0.E0,0.E0,9.E-1));
#6926=DIRECTION('',(0.E0,0.E0,1.E0));
#6927=DIRECTION('',(1.E0,0.E0,0.E0));
#6928=AXIS2_PLACEMENT_3D('',#6925,#6926,#6927);
#6929=PLANE('',#6928);
#6931=ORIENTED_EDGE('',*,*,#6930,.F.);
#6933=ORIENTED_EDGE('',*,*,#6932,.T.);
#6935=ORIENTED_EDGE('',*,*,#6934,.T.);
#6937=ORIENTED_EDGE('',*,*,#6936,.F.);
#6939=ORIENTED_EDGE('',*,*,#6938,.T.);
#6941=ORIENTED_EDGE('',*,*,#6940,.F.);
#6943=ORIENTED_EDGE('',*,*,#6942,.T.);
#6945=ORIENTED_EDGE('',*,*,#6944,.F.);
#6947=ORIENTED_EDGE('',*,*,#6946,.T.);
#6949=ORIENTED_EDGE('',*,*,#6948,.F.);
#6951=ORIENTED_EDGE('',*,*,#6950,.T.);
#6953=ORIENTED_EDGE('',*,*,#6952,.F.);
#6955=ORIENTED_EDGE('',*,*,#6954,.T.);
#6957=ORIENTED_EDGE('',*,*,#6956,.F.);
#6959=ORIENTED_EDGE('',*,*,#6958,.T.);
#6961=ORIENTED_EDGE('',*,*,#6960,.F.);
#6963=ORIENTED_EDGE('',*,*,#6962,.T.);
#6964=EDGE_LOOP('',(#6931,#6933,#6935,#6937,#6939,#6941,#6943,#6945,#6947,#6949,
#6951,#6953,#6955,#6957,#6959,#6961,#6963));
#6965=FACE_OUTER_BOUND('',#6964,.F.);
#6966=ADVANCED_FACE('',(#6965),#6929,.T.);
#6967=CARTESIAN_POINT('',(0.E0,0.E0,9.E-1));
#6968=DIRECTION('',(0.E0,0.E0,1.E0));
#6969=DIRECTION('',(1.E0,0.E0,0.E0));
#6970=AXIS2_PLACEMENT_3D('',#6967,#6968,#6969);
#6971=PLANE('',#6970);
#6973=ORIENTED_EDGE('',*,*,#6972,.F.);
#6975=ORIENTED_EDGE('',*,*,#6974,.T.);
#6977=ORIENTED_EDGE('',*,*,#6976,.F.);
#6979=ORIENTED_EDGE('',*,*,#6978,.T.);
#6981=ORIENTED_EDGE('',*,*,#6980,.F.);
#6983=ORIENTED_EDGE('',*,*,#6982,.T.);
#6985=ORIENTED_EDGE('',*,*,#6984,.F.);
#6987=ORIENTED_EDGE('',*,*,#6986,.T.);
#6989=ORIENTED_EDGE('',*,*,#6988,.F.);
#6991=ORIENTED_EDGE('',*,*,#6990,.T.);
#6993=ORIENTED_EDGE('',*,*,#6992,.F.);
#6995=ORIENTED_EDGE('',*,*,#6994,.T.);
#6997=ORIENTED_EDGE('',*,*,#6996,.F.);
#6999=ORIENTED_EDGE('',*,*,#6998,.T.);
#7001=ORIENTED_EDGE('',*,*,#7000,.F.);
#7003=ORIENTED_EDGE('',*,*,#7002,.T.);
#7005=ORIENTED_EDGE('',*,*,#7004,.F.);
#7007=ORIENTED_EDGE('',*,*,#7006,.T.);
#7009=ORIENTED_EDGE('',*,*,#7008,.F.);
#7011=ORIENTED_EDGE('',*,*,#7010,.T.);
#7012=EDGE_LOOP('',(#6973,#6975,#6977,#6979,#6981,#6983,#6985,#6987,#6989,#6991,
#6993,#6995,#6997,#6999,#7001,#7003,#7005,#7007,#7009,#7011));
#7013=FACE_OUTER_BOUND('',#7012,.F.);
#7014=ADVANCED_FACE('',(#7013),#6971,.T.);
#7015=CARTESIAN_POINT('',(0.E0,0.E0,9.E-1));
#7016=DIRECTION('',(0.E0,0.E0,1.E0));
#7017=DIRECTION('',(1.E0,0.E0,0.E0));
#7018=AXIS2_PLACEMENT_3D('',#7015,#7016,#7017);
#7019=PLANE('',#7018);
#7021=ORIENTED_EDGE('',*,*,#7020,.F.);
#7023=ORIENTED_EDGE('',*,*,#7022,.T.);
#7025=ORIENTED_EDGE('',*,*,#7024,.F.);
#7027=ORIENTED_EDGE('',*,*,#7026,.T.);
#7029=ORIENTED_EDGE('',*,*,#7028,.F.);
#7031=ORIENTED_EDGE('',*,*,#7030,.T.);
#7032=EDGE_LOOP('',(#7021,#7023,#7025,#7027,#7029,#7031));
#7033=FACE_OUTER_BOUND('',#7032,.F.);
#7034=ADVANCED_FACE('',(#7033),#7019,.T.);
#7035=CARTESIAN_POINT('',(0.E0,0.E0,9.E-1));
#7036=DIRECTION('',(0.E0,0.E0,1.E0));
#7037=DIRECTION('',(1.E0,0.E0,0.E0));
#7038=AXIS2_PLACEMENT_3D('',#7035,#7036,#7037);
#7039=PLANE('',#7038);
#7041=ORIENTED_EDGE('',*,*,#7040,.F.);
#7043=ORIENTED_EDGE('',*,*,#7042,.T.);
#7045=ORIENTED_EDGE('',*,*,#7044,.F.);
#7047=ORIENTED_EDGE('',*,*,#7046,.T.);
#7049=ORIENTED_EDGE('',*,*,#7048,.F.);
#7051=ORIENTED_EDGE('',*,*,#7050,.T.);
#7053=ORIENTED_EDGE('',*,*,#7052,.F.);
#7055=ORIENTED_EDGE('',*,*,#7054,.T.);
#7057=ORIENTED_EDGE('',*,*,#7056,.F.);
#7059=ORIENTED_EDGE('',*,*,#7058,.T.);
#7061=ORIENTED_EDGE('',*,*,#7060,.F.);
#7063=ORIENTED_EDGE('',*,*,#7062,.T.);
#7065=ORIENTED_EDGE('',*,*,#7064,.F.);
#7067=ORIENTED_EDGE('',*,*,#7066,.T.);
#7069=ORIENTED_EDGE('',*,*,#7068,.F.);
#7071=ORIENTED_EDGE('',*,*,#7070,.T.);
#7072=EDGE_LOOP('',(#7041,#7043,#7045,#7047,#7049,#7051,#7053,#7055,#7057,#7059,
#7061,#7063,#7065,#7067,#7069,#7071));
#7073=FACE_OUTER_BOUND('',#7072,.F.);
#7075=ORIENTED_EDGE('',*,*,#7074,.F.);
#7077=ORIENTED_EDGE('',*,*,#7076,.T.);
#7079=ORIENTED_EDGE('',*,*,#7078,.F.);
#7081=ORIENTED_EDGE('',*,*,#7080,.T.);
#7083=ORIENTED_EDGE('',*,*,#7082,.F.);
#7085=ORIENTED_EDGE('',*,*,#7084,.T.);
#7086=EDGE_LOOP('',(#7075,#7077,#7079,#7081,#7083,#7085));
#7087=FACE_BOUND('',#7086,.F.);
#7088=ADVANCED_FACE('',(#7073,#7087),#7039,.T.);
#7089=CARTESIAN_POINT('',(0.E0,0.E0,9.E-1));
#7090=DIRECTION('',(0.E0,0.E0,1.E0));
#7091=DIRECTION('',(1.E0,0.E0,0.E0));
#7092=AXIS2_PLACEMENT_3D('',#7089,#7090,#7091);
#7093=PLANE('',#7092);
#7095=ORIENTED_EDGE('',*,*,#7094,.F.);
#7097=ORIENTED_EDGE('',*,*,#7096,.F.);
#7099=ORIENTED_EDGE('',*,*,#7098,.F.);
#7101=ORIENTED_EDGE('',*,*,#7100,.F.);
#7102=EDGE_LOOP('',(#7095,#7097,#7099,#7101));
#7103=FACE_OUTER_BOUND('',#7102,.F.);
#7104=ADVANCED_FACE('',(#7103),#7093,.T.);
#7105=CARTESIAN_POINT('',(0.E0,0.E0,9.E-1));
#7106=DIRECTION('',(0.E0,0.E0,1.E0));
#7107=DIRECTION('',(1.E0,0.E0,0.E0));
#7108=AXIS2_PLACEMENT_3D('',#7105,#7106,#7107);
#7109=PLANE('',#7108);
#7111=ORIENTED_EDGE('',*,*,#7110,.F.);
#7113=ORIENTED_EDGE('',*,*,#7112,.F.);
#7115=ORIENTED_EDGE('',*,*,#7114,.F.);
#7117=ORIENTED_EDGE('',*,*,#7116,.F.);
#7118=EDGE_LOOP('',(#7111,#7113,#7115,#7117));
#7119=FACE_OUTER_BOUND('',#7118,.F.);
#7120=ADVANCED_FACE('',(#7119),#7109,.T.);
#7121=CARTESIAN_POINT('',(0.E0,0.E0,9.E-1));
#7122=DIRECTION('',(0.E0,0.E0,1.E0));
#7123=DIRECTION('',(1.E0,0.E0,0.E0));
#7124=AXIS2_PLACEMENT_3D('',#7121,#7122,#7123);
#7125=PLANE('',#7124);
#7127=ORIENTED_EDGE('',*,*,#7126,.T.);
#7129=ORIENTED_EDGE('',*,*,#7128,.T.);
#7131=ORIENTED_EDGE('',*,*,#7130,.F.);
#7133=ORIENTED_EDGE('',*,*,#7132,.F.);
#7135=ORIENTED_EDGE('',*,*,#7134,.F.);
#7137=ORIENTED_EDGE('',*,*,#7136,.T.);
#7139=ORIENTED_EDGE('',*,*,#7138,.F.);
#7141=ORIENTED_EDGE('',*,*,#7140,.F.);
#7143=ORIENTED_EDGE('',*,*,#7142,.F.);
#7145=ORIENTED_EDGE('',*,*,#7144,.F.);
#7147=ORIENTED_EDGE('',*,*,#7146,.F.);
#7148=EDGE_LOOP('',(#7127,#7129,#7131,#7133,#7135,#7137,#7139,#7141,#7143,#7145,
#7147));
#7149=FACE_OUTER_BOUND('',#7148,.F.);
#7150=ADVANCED_FACE('',(#7149),#7125,.T.);
#7151=CARTESIAN_POINT('',(0.E0,0.E0,9.E-1));
#7152=DIRECTION('',(0.E0,0.E0,1.E0));
#7153=DIRECTION('',(1.E0,0.E0,0.E0));
#7154=AXIS2_PLACEMENT_3D('',#7151,#7152,#7153);
#7155=PLANE('',#7154);
#7157=ORIENTED_EDGE('',*,*,#7156,.F.);
#7159=ORIENTED_EDGE('',*,*,#7158,.F.);
#7161=ORIENTED_EDGE('',*,*,#7160,.F.);
#7163=ORIENTED_EDGE('',*,*,#7162,.F.);
#7165=ORIENTED_EDGE('',*,*,#7164,.F.);
#7167=ORIENTED_EDGE('',*,*,#7166,.F.);
#7169=ORIENTED_EDGE('',*,*,#7168,.F.);
#7171=ORIENTED_EDGE('',*,*,#7170,.F.);
#7173=ORIENTED_EDGE('',*,*,#7172,.F.);
#7175=ORIENTED_EDGE('',*,*,#7174,.F.);
#7177=ORIENTED_EDGE('',*,*,#7176,.F.);
#7178=EDGE_LOOP('',(#7157,#7159,#7161,#7163,#7165,#7167,#7169,#7171,#7173,#7175,
#7177));
#7179=FACE_OUTER_BOUND('',#7178,.F.);
#7180=ADVANCED_FACE('',(#7179),#7155,.T.);
#7181=CARTESIAN_POINT('',(-8.813428431600E0,8.379322836131E0,-1.5E0));
#7182=DIRECTION('',(0.E0,-1.E0,0.E0));
#7183=DIRECTION('',(1.E0,0.E0,0.E0));
#7184=AXIS2_PLACEMENT_3D('',#7181,#7182,#7183);
#7185=PLANE('',#7184);
#7186=ORIENTED_EDGE('',*,*,#5068,.F.);
#7188=ORIENTED_EDGE('',*,*,#7187,.F.);
#7189=ORIENTED_EDGE('',*,*,#6930,.T.);
#7191=ORIENTED_EDGE('',*,*,#7190,.T.);
#7192=EDGE_LOOP('',(#7186,#7188,#7189,#7191));
#7193=FACE_OUTER_BOUND('',#7192,.F.);
#7194=ADVANCED_FACE('',(#7193),#7185,.F.);
#7195=CARTESIAN_POINT('',(-8.753922217857E0,8.380567148058E0,-1.5E0));
#7196=CARTESIAN_POINT('',(-8.773706878066E0,8.379746294304E0,-1.5E0));
#7197=CARTESIAN_POINT('',(-8.881312351135E0,8.377450411289E0,-1.5E0));
#7198=CARTESIAN_POINT('',(-9.031596499997E0,8.391522822353E0,-1.5E0));
#7199=CARTESIAN_POINT('',(-9.195879605065E0,8.437642948559E0,-1.5E0));
#7200=CARTESIAN_POINT('',(-9.309206435824E0,8.484945024626E0,-1.5E0));
#7201=CARTESIAN_POINT('',(-9.413506487047E0,8.545973292780E0,-1.5E0));
#7202=CARTESIAN_POINT('',(-9.538429581979E0,8.647491889580E0,-1.5E0));
#7203=CARTESIAN_POINT('',(-9.625604141438E0,8.760570455735E0,-1.5E0));
#7204=CARTESIAN_POINT('',(-9.673150012069E0,8.849098944943E0,-1.5E0));
#7205=CARTESIAN_POINT('',(-9.681901978276E0,8.866725926155E0,-1.5E0));
#7207=DIRECTION('',(0.E0,0.E0,1.E0));
#7208=VECTOR('',#7207,1.E0);
#7209=SURFACE_OF_LINEAR_EXTRUSION('',#7206,#7208);
#7210=ORIENTED_EDGE('',*,*,#5100,.T.);
#7212=ORIENTED_EDGE('',*,*,#7211,.F.);
#7213=ORIENTED_EDGE('',*,*,#6932,.F.);
#7214=ORIENTED_EDGE('',*,*,#7187,.T.);
#7215=EDGE_LOOP('',(#7210,#7212,#7213,#7214));
#7216=FACE_OUTER_BOUND('',#7215,.F.);
#7217=ADVANCED_FACE('',(#7216),#7209,.T.);
#7218=CARTESIAN_POINT('',(-9.621970392746E0,8.764079772096E0,-1.5E0));
#7219=CARTESIAN_POINT('',(-9.633234885097E0,8.780493345956E0,-1.5E0));
#7220=CARTESIAN_POINT('',(-9.666612394109E0,8.833375613719E0,-1.5E0));
#7221=CARTESIAN_POINT('',(-9.754922549807E0,9.017545358908E0,-1.5E0));
#7222=CARTESIAN_POINT('',(-9.783369993793E0,9.225871678994E0,-1.5E0));
#7223=CARTESIAN_POINT('',(-9.780204832899E0,9.386111380737E0,-1.5E0));
#7224=CARTESIAN_POINT('',(-9.779457614784E0,9.405768196212E0,-1.5E0));
#7226=DIRECTION('',(0.E0,0.E0,1.E0));
#7227=VECTOR('',#7226,1.E0);
#7228=SURFACE_OF_LINEAR_EXTRUSION('',#7225,#7227);
#7229=ORIENTED_EDGE('',*,*,#5098,.T.);
#7231=ORIENTED_EDGE('',*,*,#7230,.F.);
#7232=ORIENTED_EDGE('',*,*,#6934,.F.);
#7233=ORIENTED_EDGE('',*,*,#7211,.T.);
#7234=EDGE_LOOP('',(#7229,#7231,#7232,#7233));
#7235=FACE_OUTER_BOUND('',#7234,.F.);
#7236=ADVANCED_FACE('',(#7235),#7228,.T.);
#7237=CARTESIAN_POINT('',(-9.780595344211E0,1.069718636304E1,-1.5E0));
#7238=DIRECTION('',(-1.E0,0.E0,0.E0));
#7239=DIRECTION('',(0.E0,-1.E0,0.E0));
#7240=AXIS2_PLACEMENT_3D('',#7237,#7238,#7239);
#7241=PLANE('',#7240);
#7242=ORIENTED_EDGE('',*,*,#5096,.F.);
#7244=ORIENTED_EDGE('',*,*,#7243,.F.);
#7245=ORIENTED_EDGE('',*,*,#6936,.T.);
#7246=ORIENTED_EDGE('',*,*,#7230,.T.);
#7247=EDGE_LOOP('',(#7242,#7244,#7245,#7246));
#7248=FACE_OUTER_BOUND('',#7247,.F.);
#7249=ADVANCED_FACE('',(#7248),#7241,.F.);
#7250=CARTESIAN_POINT('',(-9.780571354091E0,1.069575948887E1,-1.5E0));
#7251=CARTESIAN_POINT('',(-9.780587374528E0,1.069623413878E1,-1.5E0));
#7252=CARTESIAN_POINT('',(-9.780794586291E0,1.070860271742E1,-1.5E0));
#7253=CARTESIAN_POINT('',(-9.770633240215E0,1.073391850285E1,-1.5E0));
#7254=CARTESIAN_POINT('',(-9.745317454783E0,1.074407984893E1,-1.5E0));
#7255=CARTESIAN_POINT('',(-9.732948876149E0,1.074387263717E1,-1.5E0));
#7256=CARTESIAN_POINT('',(-9.732474226238E0,1.074385661673E1,-1.5E0));
#7258=DIRECTION('',(0.E0,0.E0,1.E0));
#7259=VECTOR('',#7258,1.E0);
#7260=SURFACE_OF_LINEAR_EXTRUSION('',#7257,#7259);
#7261=ORIENTED_EDGE('',*,*,#5094,.T.);
#7263=ORIENTED_EDGE('',*,*,#7262,.F.);
#7264=ORIENTED_EDGE('',*,*,#6938,.F.);
#7265=ORIENTED_EDGE('',*,*,#7243,.T.);
#7266=EDGE_LOOP('',(#7261,#7263,#7264,#7265));
#7267=FACE_OUTER_BOUND('',#7266,.F.);
#7268=ADVANCED_FACE('',(#7267),#7260,.T.);
#7269=CARTESIAN_POINT('',(-9.256998645262E0,1.074388060685E1,-1.5E0));
#7270=DIRECTION('',(0.E0,1.E0,0.E0));
#7271=DIRECTION('',(-1.E0,0.E0,0.E0));
#7272=AXIS2_PLACEMENT_3D('',#7269,#7270,#7271);
#7273=PLANE('',#7272);
#7274=ORIENTED_EDGE('',*,*,#5092,.F.);
#7276=ORIENTED_EDGE('',*,*,#7275,.F.);
#7277=ORIENTED_EDGE('',*,*,#6940,.T.);
#7278=ORIENTED_EDGE('',*,*,#7262,.T.);
#7279=EDGE_LOOP('',(#7274,#7276,#7277,#7278));
#7280=FACE_OUTER_BOUND('',#7279,.F.);
#7281=ADVANCED_FACE('',(#7280),#7273,.F.);
#7282=CARTESIAN_POINT('',(-9.258425519429E0,1.074385661673E1,-1.5E0));
#7283=CARTESIAN_POINT('',(-9.257950869518E0,1.074387263717E1,-1.5E0));
#7284=CARTESIAN_POINT('',(-9.245582290884E0,1.074407984893E1,-1.5E0));
#7285=CARTESIAN_POINT('',(-9.220266505452E0,1.073391850285E1,-1.5E0));
#7286=CARTESIAN_POINT('',(-9.210105159375E0,1.070860271742E1,-1.5E0));
#7287=CARTESIAN_POINT('',(-9.210312371138E0,1.069623413878E1,-1.5E0));
#7288=CARTESIAN_POINT('',(-9.210328391575E0,1.069575948887E1,-1.5E0));
#7290=DIRECTION('',(0.E0,0.E0,1.E0));
#7291=VECTOR('',#7290,1.E0);
#7292=SURFACE_OF_LINEAR_EXTRUSION('',#7289,#7291);
#7293=ORIENTED_EDGE('',*,*,#5090,.T.);
#7295=ORIENTED_EDGE('',*,*,#7294,.F.);
#7296=ORIENTED_EDGE('',*,*,#6942,.F.);
#7297=ORIENTED_EDGE('',*,*,#7275,.T.);
#7298=EDGE_LOOP('',(#7293,#7295,#7296,#7297));
#7299=FACE_OUTER_BOUND('',#7298,.F.);
#7300=ADVANCED_FACE('',(#7299),#7292,.T.);
#7301=CARTESIAN_POINT('',(-9.210304401455E0,9.343155638620E0,-1.5E0));
#7302=DIRECTION('',(1.E0,0.E0,0.E0));
#7303=DIRECTION('',(0.E0,1.E0,0.E0));
#7304=AXIS2_PLACEMENT_3D('',#7301,#7302,#7303);
#7305=PLANE('',#7304);
#7306=ORIENTED_EDGE('',*,*,#5088,.F.);
#7308=ORIENTED_EDGE('',*,*,#7307,.F.);
#7309=ORIENTED_EDGE('',*,*,#6944,.T.);
#7310=ORIENTED_EDGE('',*,*,#7294,.T.);
#7311=EDGE_LOOP('',(#7306,#7308,#7309,#7310));
#7312=FACE_OUTER_BOUND('',#7311,.F.);
#7313=ADVANCED_FACE('',(#7312),#7305,.F.);
#7314=CARTESIAN_POINT('',(-9.208526225734E0,9.402843765055E0,-1.5E0));
#7315=CARTESIAN_POINT('',(-9.209641709488E0,9.383112144570E0,-1.5E0));
#7316=CARTESIAN_POINT('',(-9.212376049446E0,9.300837474473E0,-1.5E0));
#7317=CARTESIAN_POINT('',(-9.198380529181E0,9.163995804950E0,-1.5E0));
#7318=CARTESIAN_POINT('',(-9.118094767010E0,9.011756414932E0,-1.5E0));
#7319=CARTESIAN_POINT('',(-8.975592101181E0,8.919294291174E0,-1.5E0));
#7320=CARTESIAN_POINT('',(-8.842624612489E0,8.903928013386E0,-1.5E0));
#7321=CARTESIAN_POINT('',(-8.763956900612E0,8.907042159210E0,-1.5E0));
#7322=CARTESIAN_POINT('',(-8.744639583053E0,8.908327950479E0,-1.5E0));
#7324=DIRECTION('',(0.E0,0.E0,1.E0));
#7325=VECTOR('',#7324,1.E0);
#7326=SURFACE_OF_LINEAR_EXTRUSION('',#7323,#7325);
#7327=ORIENTED_EDGE('',*,*,#5086,.T.);
#7329=ORIENTED_EDGE('',*,*,#7328,.F.);
#7330=ORIENTED_EDGE('',*,*,#6946,.F.);
#7331=ORIENTED_EDGE('',*,*,#7307,.T.);
#7332=EDGE_LOOP('',(#7327,#7329,#7330,#7331));
#7333=FACE_OUTER_BOUND('',#7332,.F.);
#7334=ADVANCED_FACE('',(#7333),#7326,.T.);
#7335=CARTESIAN_POINT('',(-8.440791434131E0,8.907463707822E0,-1.5E0));
#7336=DIRECTION('',(-3.309682487313E-3,9.999945229859E-1,0.E0));
#7337=DIRECTION('',(-9.999945229859E-1,-3.309682487313E-3,0.E0));
#7338=AXIS2_PLACEMENT_3D('',#7335,#7336,#7337);
#7339=PLANE('',#7338);
#7340=ORIENTED_EDGE('',*,*,#5084,.F.);
#7342=ORIENTED_EDGE('',*,*,#7341,.F.);
#7343=ORIENTED_EDGE('',*,*,#6948,.T.);
#7344=ORIENTED_EDGE('',*,*,#7328,.T.);
#7345=EDGE_LOOP('',(#7340,#7342,#7343,#7344));
#7346=FACE_OUTER_BOUND('',#7345,.F.);
#7347=ADVANCED_FACE('',(#7346),#7339,.F.);
#7348=CARTESIAN_POINT('',(-8.442215540175E0,8.907482878754E0,-1.5E0));
#7349=CARTESIAN_POINT('',(-8.441741780402E0,8.907468497107E0,-1.5E0));
#7350=CARTESIAN_POINT('',(-8.429397208969E0,8.907303053120E0,-1.5E0));
#7351=CARTESIAN_POINT('',(-8.404169987899E0,8.917503222621E0,-1.5E0));
#7352=CARTESIAN_POINT('',(-8.394053368357E0,8.942764064844E0,-1.5E0));
#7353=CARTESIAN_POINT('',(-8.394259668050E0,8.955108021098E0,-1.5E0));
#7354=CARTESIAN_POINT('',(-8.394275617612E0,8.955581730677E0,-1.5E0));
#7356=DIRECTION('',(0.E0,0.E0,1.E0));
#7357=VECTOR('',#7356,1.E0);
#7358=SURFACE_OF_LINEAR_EXTRUSION('',#7355,#7357);
#7359=ORIENTED_EDGE('',*,*,#5082,.T.);
#7361=ORIENTED_EDGE('',*,*,#7360,.F.);
#7362=ORIENTED_EDGE('',*,*,#6950,.F.);
#7363=ORIENTED_EDGE('',*,*,#7341,.T.);
#7364=EDGE_LOOP('',(#7359,#7361,#7362,#7363));
#7365=FACE_OUTER_BOUND('',#7364,.F.);
#7366=ADVANCED_FACE('',(#7365),#7358,.T.);
#7367=CARTESIAN_POINT('',(-8.394251733446E0,1.069718636304E1,-1.5E0));
#7368=DIRECTION('',(-1.E0,0.E0,0.E0));
#7369=DIRECTION('',(0.E0,-1.E0,0.E0));
#7370=AXIS2_PLACEMENT_3D('',#7367,#7368,#7369);
#7371=PLANE('',#7370);
#7372=ORIENTED_EDGE('',*,*,#5080,.F.);
#7374=ORIENTED_EDGE('',*,*,#7373,.F.);
#7375=ORIENTED_EDGE('',*,*,#6952,.T.);
#7376=ORIENTED_EDGE('',*,*,#7360,.T.);
#7377=EDGE_LOOP('',(#7372,#7374,#7375,#7376));
#7378=FACE_OUTER_BOUND('',#7377,.F.);
#7379=ADVANCED_FACE('',(#7378),#7371,.F.);
#7380=CARTESIAN_POINT('',(-8.394227743326E0,1.069575948887E1,-1.5E0));
#7381=CARTESIAN_POINT('',(-8.394243763763E0,1.069623413878E1,-1.5E0));
#7382=CARTESIAN_POINT('',(-8.394450975526E0,1.070860271742E1,-1.5E0));
#7383=CARTESIAN_POINT('',(-8.384289629449E0,1.073391850285E1,-1.5E0));
#7384=CARTESIAN_POINT('',(-8.358973844017E0,1.074407984893E1,-1.5E0));
#7385=CARTESIAN_POINT('',(-8.346605265383E0,1.074387263717E1,-1.5E0));
#7386=CARTESIAN_POINT('',(-8.346130615472E0,1.074385661673E1,-1.5E0));
#7388=DIRECTION('',(0.E0,0.E0,1.E0));
#7389=VECTOR('',#7388,1.E0);
#7390=SURFACE_OF_LINEAR_EXTRUSION('',#7387,#7389);
#7391=ORIENTED_EDGE('',*,*,#5078,.T.);
#7393=ORIENTED_EDGE('',*,*,#7392,.F.);
#7394=ORIENTED_EDGE('',*,*,#6954,.F.);
#7395=ORIENTED_EDGE('',*,*,#7373,.T.);
#7396=EDGE_LOOP('',(#7391,#7393,#7394,#7395));
#7397=FACE_OUTER_BOUND('',#7396,.F.);
#7398=ADVANCED_FACE('',(#7397),#7390,.T.);
#7399=CARTESIAN_POINT('',(-7.866276007391E0,1.074388060685E1,-1.5E0));
#7400=DIRECTION('',(0.E0,1.E0,0.E0));
#7401=DIRECTION('',(-1.E0,0.E0,0.E0));
#7402=AXIS2_PLACEMENT_3D('',#7399,#7400,#7401);
#7403=PLANE('',#7402);
#7404=ORIENTED_EDGE('',*,*,#5076,.F.);
#7406=ORIENTED_EDGE('',*,*,#7405,.F.);
#7407=ORIENTED_EDGE('',*,*,#6956,.T.);
#7408=ORIENTED_EDGE('',*,*,#7392,.T.);
#7409=EDGE_LOOP('',(#7404,#7406,#7407,#7408));
#7410=FACE_OUTER_BOUND('',#7409,.F.);
#7411=ADVANCED_FACE('',(#7410),#7403,.F.);
#7412=CARTESIAN_POINT('',(-7.867702881558E0,1.074385661673E1,-1.5E0));
#7413=CARTESIAN_POINT('',(-7.867228231647E0,1.074387263717E1,-1.5E0));
#7414=CARTESIAN_POINT('',(-7.854859653013E0,1.074407984893E1,-1.5E0));
#7415=CARTESIAN_POINT('',(-7.829543867582E0,1.073391850285E1,-1.5E0));
#7416=CARTESIAN_POINT('',(-7.819382521505E0,1.070860271742E1,-1.5E0));
#7417=CARTESIAN_POINT('',(-7.819589733268E0,1.069623413878E1,-1.5E0));
#7418=CARTESIAN_POINT('',(-7.819605753705E0,1.069575948887E1,-1.5E0));
#7420=DIRECTION('',(0.E0,0.E0,1.E0));
#7421=VECTOR('',#7420,1.E0);
#7422=SURFACE_OF_LINEAR_EXTRUSION('',#7419,#7421);
#7423=ORIENTED_EDGE('',*,*,#5074,.T.);
#7425=ORIENTED_EDGE('',*,*,#7424,.F.);
#7426=ORIENTED_EDGE('',*,*,#6958,.F.);
#7427=ORIENTED_EDGE('',*,*,#7405,.T.);
#7428=EDGE_LOOP('',(#7423,#7425,#7426,#7427));
#7429=FACE_OUTER_BOUND('',#7428,.F.);
#7430=ADVANCED_FACE('',(#7429),#7422,.T.);
#7431=CARTESIAN_POINT('',(-7.819581763585E0,8.426017079937E0,-1.5E0));
#7432=DIRECTION('',(1.E0,0.E0,0.E0));
#7433=DIRECTION('',(0.E0,1.E0,0.E0));
#7434=AXIS2_PLACEMENT_3D('',#7431,#7432,#7433);
#7435=PLANE('',#7434);
#7436=ORIENTED_EDGE('',*,*,#5072,.F.);
#7438=ORIENTED_EDGE('',*,*,#7437,.F.);
#7439=ORIENTED_EDGE('',*,*,#6960,.T.);
#7440=ORIENTED_EDGE('',*,*,#7424,.T.);
#7441=EDGE_LOOP('',(#7436,#7438,#7439,#7440));
#7442=FACE_OUTER_BOUND('',#7441,.F.);
#7443=ADVANCED_FACE('',(#7442),#7435,.F.);
#7444=CARTESIAN_POINT('',(-7.819605753705E0,8.427443954104E0,-1.5E0));
#7445=CARTESIAN_POINT('',(-7.819589733268E0,8.426969304193E0,-1.5E0));
#7446=CARTESIAN_POINT('',(-7.819382521505E0,8.414600725559E0,-1.5E0));
#7447=CARTESIAN_POINT('',(-7.829543867582E0,8.389284940128E0,-1.5E0));
#7448=CARTESIAN_POINT('',(-7.854859653013E0,8.379123594051E0,-1.5E0));
#7449=CARTESIAN_POINT('',(-7.867228231647E0,8.379330805814E0,-1.5E0));
#7450=CARTESIAN_POINT('',(-7.867702881558E0,8.379346826251E0,-1.5E0));
#7452=DIRECTION('',(0.E0,0.E0,1.E0));
#7453=VECTOR('',#7452,1.E0);
#7454=SURFACE_OF_LINEAR_EXTRUSION('',#7451,#7453);
#7455=ORIENTED_EDGE('',*,*,#5070,.T.);
#7456=ORIENTED_EDGE('',*,*,#7190,.F.);
#7457=ORIENTED_EDGE('',*,*,#6962,.F.);
#7458=ORIENTED_EDGE('',*,*,#7437,.T.);
#7459=EDGE_LOOP('',(#7455,#7456,#7457,#7458));
#7460=FACE_OUTER_BOUND('',#7459,.F.);
#7461=ADVANCED_FACE('',(#7460),#7454,.T.);
#7462=CARTESIAN_POINT('',(-7.537116726546E0,1.069718719989E1,-1.5E0));
#7463=DIRECTION('',(-1.E0,0.E0,0.E0));
#7464=DIRECTION('',(0.E0,-1.E0,0.E0));
#7465=AXIS2_PLACEMENT_3D('',#7462,#7463,#7464);
#7466=PLANE('',#7465);
#7467=ORIENTED_EDGE('',*,*,#5104,.F.);
#7469=ORIENTED_EDGE('',*,*,#7468,.F.);
#7470=ORIENTED_EDGE('',*,*,#6972,.T.);
#7472=ORIENTED_EDGE('',*,*,#7471,.T.);
#7473=EDGE_LOOP('',(#7467,#7469,#7470,#7472));
#7474=FACE_OUTER_BOUND('',#7473,.F.);
#7475=ADVANCED_FACE('',(#7474),#7466,.F.);
#7476=CARTESIAN_POINT('',(-7.537092736426E0,1.069576032572E1,-1.5E0));
#7477=CARTESIAN_POINT('',(-7.537108756863E0,1.069623497563E1,-1.5E0));
#7478=CARTESIAN_POINT('',(-7.537315968626E0,1.070860355427E1,-1.5E0));
#7479=CARTESIAN_POINT('',(-7.527154622549E0,1.073391933970E1,-1.5E0));
#7480=CARTESIAN_POINT('',(-7.501838837117E0,1.074408068578E1,-1.5E0));
#7481=CARTESIAN_POINT('',(-7.489470258483E0,1.074387347402E1,-1.5E0));
#7482=CARTESIAN_POINT('',(-7.488995608572E0,1.074385745358E1,-1.5E0));
#7484=DIRECTION('',(0.E0,0.E0,1.E0));
#7485=VECTOR('',#7484,1.E0);
#7486=SURFACE_OF_LINEAR_EXTRUSION('',#7483,#7485);
#7487=ORIENTED_EDGE('',*,*,#5142,.T.);
#7489=ORIENTED_EDGE('',*,*,#7488,.F.);
#7490=ORIENTED_EDGE('',*,*,#6974,.F.);
#7491=ORIENTED_EDGE('',*,*,#7468,.T.);
#7492=EDGE_LOOP('',(#7487,#7489,#7490,#7491));
#7493=FACE_OUTER_BOUND('',#7492,.F.);
#7494=ADVANCED_FACE('',(#7493),#7486,.T.);
#7495=CARTESIAN_POINT('',(-7.004928072705E0,1.074388144370E1,-1.5E0));
#7496=DIRECTION('',(0.E0,1.E0,0.E0));
#7497=DIRECTION('',(-1.E0,0.E0,0.E0));
#7498=AXIS2_PLACEMENT_3D('',#7495,#7496,#7497);
#7499=PLANE('',#7498);
#7500=ORIENTED_EDGE('',*,*,#5140,.F.);
#7502=ORIENTED_EDGE('',*,*,#7501,.F.);
#7503=ORIENTED_EDGE('',*,*,#6976,.T.);
#7504=ORIENTED_EDGE('',*,*,#7488,.T.);
#7505=EDGE_LOOP('',(#7500,#7502,#7503,#7504));
#7506=FACE_OUTER_BOUND('',#7505,.F.);
#7507=ADVANCED_FACE('',(#7506),#7499,.F.);
#7508=CARTESIAN_POINT('',(-7.006264374086E0,1.074386547311E1,-1.5E0));
#7509=CARTESIAN_POINT('',(-7.005819837880E0,1.074387614091E1,-1.5E0));
#7510=CARTESIAN_POINT('',(-6.983100769747E0,1.074414658302E1,-1.5E0));
#7511=CARTESIAN_POINT('',(-6.957758071559E0,1.073035933839E1,-1.5E0));
#7512=CARTESIAN_POINT('',(-6.945643123003E0,1.071113806847E1,-1.5E0));
#7513=CARTESIAN_POINT('',(-6.945410587650E0,1.071075905192E1,-1.5E0));
#7515=DIRECTION('',(0.E0,0.E0,1.E0));
#7516=VECTOR('',#7515,1.E0);
#7517=SURFACE_OF_LINEAR_EXTRUSION('',#7514,#7516);
#7518=ORIENTED_EDGE('',*,*,#5138,.T.);
#7520=ORIENTED_EDGE('',*,*,#7519,.F.);
#7521=ORIENTED_EDGE('',*,*,#6978,.F.);
#7522=ORIENTED_EDGE('',*,*,#7501,.T.);
#7523=EDGE_LOOP('',(#7518,#7520,#7521,#7522));
#7524=FACE_OUTER_BOUND('',#7523,.F.);
#7525=ADVANCED_FACE('',(#7524),#7517,.T.);
#7526=CARTESIAN_POINT('',(-6.034488324027E0,9.302973944730E0,-1.5E0));
#7527=DIRECTION('',(8.395746544547E-1,5.432443277176E-1,0.E0));
#7528=DIRECTION('',(-5.432443277176E-1,8.395746544547E-1,0.E0));
#7529=AXIS2_PLACEMENT_3D('',#7526,#7527,#7528);
#7530=PLANE('',#7529);
#7531=ORIENTED_EDGE('',*,*,#5136,.F.);
#7533=ORIENTED_EDGE('',*,*,#7532,.F.);
#7534=ORIENTED_EDGE('',*,*,#6980,.T.);
#7535=ORIENTED_EDGE('',*,*,#7519,.T.);
#7536=EDGE_LOOP('',(#7531,#7533,#7534,#7535));
#7537=FACE_OUTER_BOUND('',#7536,.F.);
#7538=ADVANCED_FACE('',(#7537),#7530,.F.);
#7539=CARTESIAN_POINT('',(-6.034775872846E0,9.303450731709E0,-1.5E0));
#7540=CARTESIAN_POINT('',(-6.034685506290E0,9.303289382335E0,-1.5E0));
#7541=CARTESIAN_POINT('',(-6.032190968478E0,9.299156025460E0,-1.5E0));
#7542=CARTESIAN_POINT('',(-6.020277011969E0,9.294380421748E0,-1.5E0));
#7543=CARTESIAN_POINT('',(-6.012868675677E0,9.304862086878E0,-1.5E0));
#7544=CARTESIAN_POINT('',(-6.013019747633E0,9.309687492066E0,-1.5E0));
#7545=CARTESIAN_POINT('',(-6.013031530295E0,9.309872048030E0,-1.5E0));
#7547=DIRECTION('',(0.E0,0.E0,1.E0));
#7548=VECTOR('',#7547,1.E0);
#7549=SURFACE_OF_LINEAR_EXTRUSION('',#7546,#7548);
#7550=ORIENTED_EDGE('',*,*,#5134,.T.);
#7552=ORIENTED_EDGE('',*,*,#7551,.F.);
#7553=ORIENTED_EDGE('',*,*,#6982,.F.);
#7554=ORIENTED_EDGE('',*,*,#7532,.T.);
#7555=EDGE_LOOP('',(#7550,#7552,#7553,#7554));
#7556=FACE_OUTER_BOUND('',#7555,.F.);
#7557=ADVANCED_FACE('',(#7556),#7549,.T.);
#7558=CARTESIAN_POINT('',(-6.013013937173E0,1.069718719989E1,-1.5E0));
#7559=DIRECTION('',(-1.E0,0.E0,0.E0));
#7560=DIRECTION('',(0.E0,-1.E0,0.E0));
#7561=AXIS2_PLACEMENT_3D('',#7558,#7559,#7560);
#7562=PLANE('',#7561);
#7563=ORIENTED_EDGE('',*,*,#5132,.F.);
#7565=ORIENTED_EDGE('',*,*,#7564,.F.);
#7566=ORIENTED_EDGE('',*,*,#6984,.T.);
#7567=ORIENTED_EDGE('',*,*,#7551,.T.);
#7568=EDGE_LOOP('',(#7563,#7565,#7566,#7567));
#7569=FACE_OUTER_BOUND('',#7568,.F.);
#7570=ADVANCED_FACE('',(#7569),#7562,.F.);
#7571=CARTESIAN_POINT('',(-6.012989947053E0,1.069576032572E1,-1.5E0));
#7572=CARTESIAN_POINT('',(-6.013005967490E0,1.069623497563E1,-1.5E0));
#7573=CARTESIAN_POINT('',(-6.013213179253E0,1.070860355427E1,-1.5E0));
#7574=CARTESIAN_POINT('',(-6.003051833176E0,1.073391933970E1,-1.5E0));
#7575=CARTESIAN_POINT('',(-5.977736047745E0,1.074408068578E1,-1.5E0));
#7576=CARTESIAN_POINT('',(-5.965367469111E0,1.074387347402E1,-1.5E0));
#7577=CARTESIAN_POINT('',(-5.964892819200E0,1.074385745358E1,-1.5E0));
#7579=DIRECTION('',(0.E0,0.E0,1.E0));
#7580=VECTOR('',#7579,1.E0);
#7581=SURFACE_OF_LINEAR_EXTRUSION('',#7578,#7580);
#7582=ORIENTED_EDGE('',*,*,#5130,.T.);
#7584=ORIENTED_EDGE('',*,*,#7583,.F.);
#7585=ORIENTED_EDGE('',*,*,#6986,.F.);
#7586=ORIENTED_EDGE('',*,*,#7564,.T.);
#7587=EDGE_LOOP('',(#7582,#7584,#7585,#7586));
#7588=FACE_OUTER_BOUND('',#7587,.F.);
#7589=ADVANCED_FACE('',(#7588),#7581,.T.);
#7590=CARTESIAN_POINT('',(-5.489414766696E0,1.074388144370E1,-1.5E0));
#7591=DIRECTION('',(0.E0,1.E0,0.E0));
#7592=DIRECTION('',(-1.E0,0.E0,0.E0));
#7593=AXIS2_PLACEMENT_3D('',#7590,#7591,#7592);
#7594=PLANE('',#7593);
#7595=ORIENTED_EDGE('',*,*,#5128,.F.);
#7597=ORIENTED_EDGE('',*,*,#7596,.F.);
#7598=ORIENTED_EDGE('',*,*,#6988,.T.);
#7599=ORIENTED_EDGE('',*,*,#7583,.T.);
#7600=EDGE_LOOP('',(#7595,#7597,#7598,#7599));
#7601=FACE_OUTER_BOUND('',#7600,.F.);
#7602=ADVANCED_FACE('',(#7601),#7594,.F.);
#7603=CARTESIAN_POINT('',(-5.490841640863E0,1.074385745358E1,-1.5E0));
#7604=CARTESIAN_POINT('',(-5.490366990952E0,1.074387347402E1,-1.5E0));
#7605=CARTESIAN_POINT('',(-5.477998412318E0,1.074408068578E1,-1.5E0));
#7606=CARTESIAN_POINT('',(-5.452682626886E0,1.073391933970E1,-1.5E0));
#7607=CARTESIAN_POINT('',(-5.442521280809E0,1.070860355427E1,-1.5E0));
#7608=CARTESIAN_POINT('',(-5.442728492572E0,1.069623497563E1,-1.5E0));
#7609=CARTESIAN_POINT('',(-5.442744513009E0,1.069576032572E1,-1.5E0));
#7611=DIRECTION('',(0.E0,0.E0,1.E0));
#7612=VECTOR('',#7611,1.E0);
#7613=SURFACE_OF_LINEAR_EXTRUSION('',#7610,#7612);
#7614=ORIENTED_EDGE('',*,*,#5126,.T.);
#7616=ORIENTED_EDGE('',*,*,#7615,.F.);
#7617=ORIENTED_EDGE('',*,*,#6990,.F.);
#7618=ORIENTED_EDGE('',*,*,#7596,.T.);
#7619=EDGE_LOOP('',(#7614,#7616,#7617,#7618));
#7620=FACE_OUTER_BOUND('',#7619,.F.);
#7621=ADVANCED_FACE('',(#7620),#7613,.T.);
#7622=CARTESIAN_POINT('',(-5.442720522889E0,8.426017079937E0,-1.5E0));
#7623=DIRECTION('',(1.E0,0.E0,0.E0));
#7624=DIRECTION('',(0.E0,1.E0,0.E0));
#7625=AXIS2_PLACEMENT_3D('',#7622,#7623,#7624);
#7626=PLANE('',#7625);
#7627=ORIENTED_EDGE('',*,*,#5124,.F.);
#7629=ORIENTED_EDGE('',*,*,#7628,.F.);
#7630=ORIENTED_EDGE('',*,*,#6992,.T.);
#7631=ORIENTED_EDGE('',*,*,#7615,.T.);
#7632=EDGE_LOOP('',(#7627,#7629,#7630,#7631));
#7633=FACE_OUTER_BOUND('',#7632,.F.);
#7634=ADVANCED_FACE('',(#7633),#7626,.F.);
#7635=CARTESIAN_POINT('',(-5.442744513009E0,8.427443954104E0,-1.5E0));
#7636=CARTESIAN_POINT('',(-5.442728492572E0,8.426969304193E0,-1.5E0));
#7637=CARTESIAN_POINT('',(-5.442521280809E0,8.414600725559E0,-1.5E0));
#7638=CARTESIAN_POINT('',(-5.452682626887E0,8.389284940128E0,-1.5E0));
#7639=CARTESIAN_POINT('',(-5.477998412318E0,8.379123594051E0,-1.5E0));
#7640=CARTESIAN_POINT('',(-5.490366990952E0,8.379330805814E0,-1.5E0));
#7641=CARTESIAN_POINT('',(-5.490841640863E0,8.379346826251E0,-1.5E0));
#7643=DIRECTION('',(0.E0,0.E0,1.E0));
#7644=VECTOR('',#7643,1.E0);
#7645=SURFACE_OF_LINEAR_EXTRUSION('',#7642,#7644);
#7646=ORIENTED_EDGE('',*,*,#5122,.T.);
#7648=ORIENTED_EDGE('',*,*,#7647,.F.);
#7649=ORIENTED_EDGE('',*,*,#6994,.F.);
#7650=ORIENTED_EDGE('',*,*,#7628,.T.);
#7651=EDGE_LOOP('',(#7646,#7648,#7649,#7650));
#7652=FACE_OUTER_BOUND('',#7651,.F.);
#7653=ADVANCED_FACE('',(#7652),#7645,.T.);
#7654=CARTESIAN_POINT('',(-5.987673352681E0,8.379322836131E0,-1.5E0));
#7655=DIRECTION('',(0.E0,-1.E0,0.E0));
#7656=DIRECTION('',(1.E0,0.E0,0.E0));
#7657=AXIS2_PLACEMENT_3D('',#7654,#7655,#7656);
#7658=PLANE('',#7657);
#7659=ORIENTED_EDGE('',*,*,#5120,.F.);
#7661=ORIENTED_EDGE('',*,*,#7660,.F.);
#7662=ORIENTED_EDGE('',*,*,#6996,.T.);
#7663=ORIENTED_EDGE('',*,*,#7647,.T.);
#7664=EDGE_LOOP('',(#7659,#7661,#7662,#7663));
#7665=FACE_OUTER_BOUND('',#7664,.F.);
#7666=ADVANCED_FACE('',(#7665),#7658,.F.);
#7667=CARTESIAN_POINT('',(-5.986784175396E0,8.379333434147E0,-1.5E0));
#7668=CARTESIAN_POINT('',(-5.987079972259E0,8.379326355082E0,-1.5E0));
#7669=CARTESIAN_POINT('',(-6.002197275542E0,8.379146888572E0,-1.5E0));
#7670=CARTESIAN_POINT('',(-6.019056333689E0,8.388296161643E0,-1.5E0));
#7671=CARTESIAN_POINT('',(-6.027144501199E0,8.401069047500E0,-1.5E0));
#7672=CARTESIAN_POINT('',(-6.027299769397E0,8.401320915887E0,-1.5E0));
#7674=DIRECTION('',(0.E0,0.E0,1.E0));
#7675=VECTOR('',#7674,1.E0);
#7676=SURFACE_OF_LINEAR_EXTRUSION('',#7673,#7675);
#7677=ORIENTED_EDGE('',*,*,#5118,.T.);
#7679=ORIENTED_EDGE('',*,*,#7678,.F.);
#7680=ORIENTED_EDGE('',*,*,#6998,.F.);
#7681=ORIENTED_EDGE('',*,*,#7660,.T.);
#7682=EDGE_LOOP('',(#7677,#7679,#7680,#7681));
#7683=FACE_OUTER_BOUND('',#7682,.F.);
#7684=ADVANCED_FACE('',(#7683),#7676,.T.);
#7685=CARTESIAN_POINT('',(-6.945362071809E0,9.813732628960E0,-1.5E0));
#7686=DIRECTION('',(-8.384484855798E-1,-5.449808593235E-1,0.E0));
#7687=DIRECTION('',(5.449808593235E-1,-8.384484855798E-1,0.E0));
#7688=AXIS2_PLACEMENT_3D('',#7685,#7686,#7687);
#7689=PLANE('',#7688);
#7690=ORIENTED_EDGE('',*,*,#5116,.F.);
#7692=ORIENTED_EDGE('',*,*,#7691,.F.);
#7693=ORIENTED_EDGE('',*,*,#7000,.T.);
#7694=ORIENTED_EDGE('',*,*,#7678,.T.);
#7695=EDGE_LOOP('',(#7690,#7692,#7693,#7694));
#7696=FACE_OUTER_BOUND('',#7695,.F.);
#7697=ADVANCED_FACE('',(#7696),#7689,.F.);
#7698=CARTESIAN_POINT('',(-6.945073717720E0,9.813256776664E0,-1.5E0));
#7699=CARTESIAN_POINT('',(-6.945164367991E0,9.813417821238E0,-1.5E0));
#7700=CARTESIAN_POINT('',(-6.947665880615E0,9.817543070892E0,-1.5E0));
#7701=CARTESIAN_POINT('',(-6.959573666488E0,9.822294478760E0,-1.5E0));
#7702=CARTESIAN_POINT('',(-6.966968305178E0,9.811821152651E0,-1.5E0));
#7703=CARTESIAN_POINT('',(-6.966817512545E0,9.806999066828E0,-1.5E0));
#7704=CARTESIAN_POINT('',(-6.966805751918E0,9.806814636588E0,-1.5E0));
#7706=DIRECTION('',(0.E0,0.E0,1.E0));
#7707=VECTOR('',#7706,1.E0);
#7708=SURFACE_OF_LINEAR_EXTRUSION('',#7705,#7707);
#7709=ORIENTED_EDGE('',*,*,#5114,.T.);
#7711=ORIENTED_EDGE('',*,*,#7710,.F.);
#7712=ORIENTED_EDGE('',*,*,#7002,.F.);
#7713=ORIENTED_EDGE('',*,*,#7691,.T.);
#7714=EDGE_LOOP('',(#7709,#7711,#7712,#7713));
#7715=FACE_OUTER_BOUND('',#7714,.F.);
#7716=ADVANCED_FACE('',(#7715),#7708,.T.);
#7717=CARTESIAN_POINT('',(-6.966823312262E0,8.402669958034E0,-1.5E0));
#7718=DIRECTION('',(1.E0,0.E0,0.E0));
#7719=DIRECTION('',(0.E0,1.E0,0.E0));
#7720=AXIS2_PLACEMENT_3D('',#7717,#7718,#7719);
#7721=PLANE('',#7720);
#7722=ORIENTED_EDGE('',*,*,#5112,.F.);
#7724=ORIENTED_EDGE('',*,*,#7723,.F.);
#7725=ORIENTED_EDGE('',*,*,#7004,.T.);
#7726=ORIENTED_EDGE('',*,*,#7710,.T.);
#7727=EDGE_LOOP('',(#7722,#7724,#7725,#7726));
#7728=FACE_OUTER_BOUND('',#7727,.F.);
#7729=ADVANCED_FACE('',(#7728),#7721,.F.);
#7730=CARTESIAN_POINT('',(-6.966835307322E0,8.403383395117E0,-1.5E0));
#7731=CARTESIAN_POINT('',(-6.966827297104E0,8.403146070162E0,-1.5E0));
#7732=CARTESIAN_POINT('',(-6.966723691222E0,8.396961780845E0,-1.5E0));
#7733=CARTESIAN_POINT('',(-6.971804364261E0,8.384303888129E0,-1.5E0));
#7734=CARTESIAN_POINT('',(-6.984462256976E0,8.379223215091E0,-1.5E0));
#7735=CARTESIAN_POINT('',(-6.990646546293E0,8.379326820973E0,-1.5E0));
#7736=CARTESIAN_POINT('',(-6.990883871248E0,8.379334831191E0,-1.5E0));
#7738=DIRECTION('',(0.E0,0.E0,1.E0));
#7739=VECTOR('',#7738,1.E0);
#7740=SURFACE_OF_LINEAR_EXTRUSION('',#7737,#7739);
#7741=ORIENTED_EDGE('',*,*,#5110,.T.);
#7743=ORIENTED_EDGE('',*,*,#7742,.F.);
#7744=ORIENTED_EDGE('',*,*,#7006,.F.);
#7745=ORIENTED_EDGE('',*,*,#7723,.T.);
#7746=EDGE_LOOP('',(#7741,#7743,#7744,#7745));
#7747=FACE_OUTER_BOUND('',#7746,.F.);
#7748=ADVANCED_FACE('',(#7747),#7740,.T.);
#7749=CARTESIAN_POINT('',(-7.490422482739E0,8.379322836131E0,-1.5E0));
#7750=DIRECTION('',(0.E0,-1.E0,0.E0));
#7751=DIRECTION('',(1.E0,0.E0,0.E0));
#7752=AXIS2_PLACEMENT_3D('',#7749,#7750,#7751);
#7753=PLANE('',#7752);
#7754=ORIENTED_EDGE('',*,*,#5108,.F.);
#7756=ORIENTED_EDGE('',*,*,#7755,.F.);
#7757=ORIENTED_EDGE('',*,*,#7008,.T.);
#7758=ORIENTED_EDGE('',*,*,#7742,.T.);
#7759=EDGE_LOOP('',(#7754,#7756,#7757,#7758));
#7760=FACE_OUTER_BOUND('',#7759,.F.);
#7761=ADVANCED_FACE('',(#7760),#7753,.F.);
#7762=CARTESIAN_POINT('',(-7.488995608572E0,8.379346826251E0,-1.5E0));
#7763=CARTESIAN_POINT('',(-7.489470258483E0,8.379330805814E0,-1.5E0));
#7764=CARTESIAN_POINT('',(-7.501838837117E0,8.379123594051E0,-1.5E0));
#7765=CARTESIAN_POINT('',(-7.527154622548E0,8.389284940128E0,-1.5E0));
#7766=CARTESIAN_POINT('',(-7.537315968626E0,8.414600725559E0,-1.5E0));
#7767=CARTESIAN_POINT('',(-7.537108756863E0,8.426969304193E0,-1.5E0));
#7768=CARTESIAN_POINT('',(-7.537092736426E0,8.427443954104E0,-1.5E0));
#7770=DIRECTION('',(0.E0,0.E0,1.E0));
#7771=VECTOR('',#7770,1.E0);
#7772=SURFACE_OF_LINEAR_EXTRUSION('',#7769,#7771);
#7773=ORIENTED_EDGE('',*,*,#5106,.T.);
#7774=ORIENTED_EDGE('',*,*,#7471,.F.);
#7775=ORIENTED_EDGE('',*,*,#7010,.F.);
#7776=ORIENTED_EDGE('',*,*,#7755,.T.);
#7777=EDGE_LOOP('',(#7773,#7774,#7775,#7776));
#7778=FACE_OUTER_BOUND('',#7777,.F.);
#7779=ADVANCED_FACE('',(#7778),#7772,.T.);
#7780=CARTESIAN_POINT('',(-6.781829306263E0,9.183373100731E0,-1.5E0));
#7781=DIRECTION('',(-1.E0,0.E0,0.E0));
#7782=DIRECTION('',(0.E0,-1.E0,0.E0));
#7783=AXIS2_PLACEMENT_3D('',#7780,#7781,#7782);
#7784=PLANE('',#7783);
#7785=ORIENTED_EDGE('',*,*,#5146,.F.);
#7787=ORIENTED_EDGE('',*,*,#7786,.F.);
#7788=ORIENTED_EDGE('',*,*,#7020,.T.);
#7790=ORIENTED_EDGE('',*,*,#7789,.T.);
#7791=EDGE_LOOP('',(#7785,#7787,#7788,#7790));
#7792=FACE_OUTER_BOUND('',#7791,.F.);
#7793=ADVANCED_FACE('',(#7792),#7784,.F.);
#7794=CARTESIAN_POINT('',(-6.781811745895E0,9.182816975358E0,-1.5E0));
#7795=CARTESIAN_POINT('',(-6.781823506538E0,9.183001405690E0,-1.5E0));
#7796=CARTESIAN_POINT('',(-6.781974299376E0,9.187823493955E0,-1.5E0));
#7797=CARTESIAN_POINT('',(-6.774579650620E0,9.198296826202E0,-1.5E0));
#7798=CARTESIAN_POINT('',(-6.762671860194E0,9.193545400549E0,-1.5E0));
#7799=CARTESIAN_POINT('',(-6.760170352693E0,9.189420144928E0,-1.5E0));
#7800=CARTESIAN_POINT('',(-6.760079702631E0,9.189259100131E0,-1.5E0));
#7802=DIRECTION('',(0.E0,0.E0,1.E0));
#7803=VECTOR('',#7802,1.E0);
#7804=SURFACE_OF_LINEAR_EXTRUSION('',#7801,#7803);
#7805=ORIENTED_EDGE('',*,*,#5156,.T.);
#7807=ORIENTED_EDGE('',*,*,#7806,.F.);
#7808=ORIENTED_EDGE('',*,*,#7022,.F.);
#7809=ORIENTED_EDGE('',*,*,#7786,.T.);
#7810=EDGE_LOOP('',(#7805,#7807,#7808,#7809));
#7811=FACE_OUTER_BOUND('',#7810,.F.);
#7812=ADVANCED_FACE('',(#7811),#7804,.T.);
#7813=CARTESIAN_POINT('',(-6.245334985221E0,8.397358249462E0,-1.5E0));
#7814=DIRECTION('',(8.384493151391E-1,5.449795830514E-1,0.E0));
#7815=DIRECTION('',(-5.449795830514E-1,8.384493151391E-1,0.E0));
#7816=AXIS2_PLACEMENT_3D('',#7813,#7814,#7815);
#7817=PLANE('',#7816);
#7818=ORIENTED_EDGE('',*,*,#5154,.F.);
#7820=ORIENTED_EDGE('',*,*,#7819,.F.);
#7821=ORIENTED_EDGE('',*,*,#7024,.T.);
#7822=ORIENTED_EDGE('',*,*,#7806,.T.);
#7823=EDGE_LOOP('',(#7818,#7820,#7821,#7822));
#7824=FACE_OUTER_BOUND('',#7823,.F.);
#7825=ADVANCED_FACE('',(#7824),#7817,.F.);
#7826=CARTESIAN_POINT('',(-6.245604206137E0,8.397750895400E0,-1.5E0));
#7827=CARTESIAN_POINT('',(-6.245511489867E0,8.397622664565E0,-1.5E0));
#7828=CARTESIAN_POINT('',(-6.243178008587E0,8.394218165938E0,-1.5E0));
#7829=CARTESIAN_POINT('',(-6.242570725651E0,8.384184544710E0,-1.5E0));
#7830=CARTESIAN_POINT('',(-6.251314365299E0,8.379225601959E0,-1.5E0));
#7831=CARTESIAN_POINT('',(-6.255440564496E0,8.379326725498E0,-1.5E0));
#7832=CARTESIAN_POINT('',(-6.255598608026E0,8.379334580203E0,-1.5E0));
#7834=DIRECTION('',(0.E0,0.E0,1.E0));
#7835=VECTOR('',#7834,1.E0);
#7836=SURFACE_OF_LINEAR_EXTRUSION('',#7833,#7835);
#7837=ORIENTED_EDGE('',*,*,#5152,.T.);
#7839=ORIENTED_EDGE('',*,*,#7838,.F.);
#7840=ORIENTED_EDGE('',*,*,#7026,.F.);
#7841=ORIENTED_EDGE('',*,*,#7819,.T.);
#7842=EDGE_LOOP('',(#7837,#7839,#7840,#7841));
#7843=FACE_OUTER_BOUND('',#7842,.F.);
#7844=ADVANCED_FACE('',(#7843),#7836,.T.);
#7845=CARTESIAN_POINT('',(-6.758482184359E0,8.379322836131E0,-1.5E0));
#7846=DIRECTION('',(0.E0,-1.E0,0.E0));
#7847=DIRECTION('',(1.E0,0.E0,0.E0));
#7848=AXIS2_PLACEMENT_3D('',#7845,#7846,#7847);
#7849=PLANE('',#7848);
#7850=ORIENTED_EDGE('',*,*,#5150,.F.);
#7852=ORIENTED_EDGE('',*,*,#7851,.F.);
#7853=ORIENTED_EDGE('',*,*,#7028,.T.);
#7854=ORIENTED_EDGE('',*,*,#7838,.T.);
#7855=EDGE_LOOP('',(#7850,#7852,#7853,#7854));
#7856=FACE_OUTER_BOUND('',#7855,.F.);
#7857=ADVANCED_FACE('',(#7856),#7849,.F.);
#7858=CARTESIAN_POINT('',(-6.757768747276E0,8.379334831191E0,-1.5E0));
#7859=CARTESIAN_POINT('',(-6.758006072231E0,8.379326820973E0,-1.5E0));
#7860=CARTESIAN_POINT('',(-6.764190361548E0,8.379223215091E0,-1.5E0));
#7861=CARTESIAN_POINT('',(-6.776848254264E0,8.384303888129E0,-1.5E0));
#7862=CARTESIAN_POINT('',(-6.781928927303E0,8.396961780845E0,-1.5E0));
#7863=CARTESIAN_POINT('',(-6.781825321421E0,8.403146070162E0,-1.5E0));
#7864=CARTESIAN_POINT('',(-6.781817311203E0,8.403383395117E0,-1.5E0));
#7866=DIRECTION('',(0.E0,0.E0,1.E0));
#7867=VECTOR('',#7866,1.E0);
#7868=SURFACE_OF_LINEAR_EXTRUSION('',#7865,#7867);
#7869=ORIENTED_EDGE('',*,*,#5148,.T.);
#7870=ORIENTED_EDGE('',*,*,#7789,.F.);
#7871=ORIENTED_EDGE('',*,*,#7030,.F.);
#7872=ORIENTED_EDGE('',*,*,#7851,.T.);
#7873=EDGE_LOOP('',(#7869,#7870,#7871,#7872));
#7874=FACE_OUTER_BOUND('',#7873,.F.);
#7875=ADVANCED_FACE('',(#7874),#7868,.T.);
#7876=CARTESIAN_POINT('',(-5.160255485850E0,1.069718719989E1,-1.5E0));
#7877=DIRECTION('',(-1.E0,0.E0,0.E0));
#7878=DIRECTION('',(0.E0,-1.E0,0.E0));
#7879=AXIS2_PLACEMENT_3D('',#7876,#7877,#7878);
#7880=PLANE('',#7879);
#7881=ORIENTED_EDGE('',*,*,#5160,.F.);
#7883=ORIENTED_EDGE('',*,*,#7882,.F.);
#7884=ORIENTED_EDGE('',*,*,#7040,.T.);
#7886=ORIENTED_EDGE('',*,*,#7885,.T.);
#7887=EDGE_LOOP('',(#7881,#7883,#7884,#7886));
#7888=FACE_OUTER_BOUND('',#7887,.F.);
#7889=ADVANCED_FACE('',(#7888),#7880,.F.);
#7890=CARTESIAN_POINT('',(-5.160231495730E0,1.069576032572E1,-1.5E0));
#7891=CARTESIAN_POINT('',(-5.160247516167E0,1.069623497563E1,-1.5E0));
#7892=CARTESIAN_POINT('',(-5.160454727930E0,1.070860355427E1,-1.5E0));
#7893=CARTESIAN_POINT('',(-5.150293381853E0,1.073391933970E1,-1.5E0));
#7894=CARTESIAN_POINT('',(-5.124977596421E0,1.074408068578E1,-1.5E0));
#7895=CARTESIAN_POINT('',(-5.112609017787E0,1.074387347402E1,-1.5E0));
#7896=CARTESIAN_POINT('',(-5.112134367876E0,1.074385745358E1,-1.5E0));
#7898=DIRECTION('',(0.E0,0.E0,1.E0));
#7899=VECTOR('',#7898,1.E0);
#7900=SURFACE_OF_LINEAR_EXTRUSION('',#7897,#7899);
#7901=ORIENTED_EDGE('',*,*,#5190,.T.);
#7903=ORIENTED_EDGE('',*,*,#7902,.F.);
#7904=ORIENTED_EDGE('',*,*,#7042,.F.);
#7905=ORIENTED_EDGE('',*,*,#7882,.T.);
#7906=EDGE_LOOP('',(#7901,#7903,#7904,#7905));
#7907=FACE_OUTER_BOUND('',#7906,.F.);
#7908=ADVANCED_FACE('',(#7907),#7900,.T.);
#7909=CARTESIAN_POINT('',(-4.593414769694E0,1.074388144370E1,-1.5E0));
#7910=DIRECTION('',(0.E0,1.E0,0.E0));
#7911=DIRECTION('',(-1.E0,0.E0,0.E0));
#7912=AXIS2_PLACEMENT_3D('',#7909,#7910,#7911);
#7913=PLANE('',#7912);
#7914=ORIENTED_EDGE('',*,*,#5188,.F.);
#7916=ORIENTED_EDGE('',*,*,#7915,.F.);
#7917=ORIENTED_EDGE('',*,*,#7044,.T.);
#7918=ORIENTED_EDGE('',*,*,#7902,.T.);
#7919=EDGE_LOOP('',(#7914,#7916,#7917,#7918));
#7920=FACE_OUTER_BOUND('',#7919,.F.);
#7921=ADVANCED_FACE('',(#7920),#7913,.F.);
#7922=CARTESIAN_POINT('',(-4.595046955997E0,1.074386418764E1,-1.5E0));
#7923=CARTESIAN_POINT('',(-4.594503850582E0,1.074387571093E1,-1.5E0));
#7924=CARTESIAN_POINT('',(-4.566754666897E0,1.074416808229E1,-1.5E0));
#7925=CARTESIAN_POINT('',(-4.536133969187E0,1.072926287574E1,-1.5E0));
#7926=CARTESIAN_POINT('',(-4.519245942215E0,1.070724249379E1,-1.5E0));
#7927=CARTESIAN_POINT('',(-4.518919976417E0,1.070680793358E1,-1.5E0));
#7929=DIRECTION('',(0.E0,0.E0,1.E0));
#7930=VECTOR('',#7929,1.E0);
#7931=SURFACE_OF_LINEAR_EXTRUSION('',#7928,#7930);
#7932=ORIENTED_EDGE('',*,*,#5186,.T.);
#7934=ORIENTED_EDGE('',*,*,#7933,.F.);
#7935=ORIENTED_EDGE('',*,*,#7046,.F.);
#7936=ORIENTED_EDGE('',*,*,#7915,.T.);
#7937=EDGE_LOOP('',(#7932,#7934,#7935,#7936));
#7938=FACE_OUTER_BOUND('',#7937,.F.);
#7939=ADVANCED_FACE('',(#7938),#7931,.T.);
#7940=CARTESIAN_POINT('',(-2.724210852955E0,8.417072517119E0,-1.5E0));
#7941=DIRECTION('',(7.870509568956E-1,6.168879892247E-1,0.E0));
#7942=DIRECTION('',(-6.168879892247E-1,7.870509568956E-1,0.E0));
#7943=AXIS2_PLACEMENT_3D('',#7940,#7941,#7942);
#7944=PLANE('',#7943);
#7945=ORIENTED_EDGE('',*,*,#5184,.F.);
#7947=ORIENTED_EDGE('',*,*,#7946,.F.);
#7948=ORIENTED_EDGE('',*,*,#7048,.T.);
#7949=ORIENTED_EDGE('',*,*,#7933,.T.);
#7950=EDGE_LOOP('',(#7945,#7947,#7948,#7949));
#7951=FACE_OUTER_BOUND('',#7950,.F.);
#7952=ADVANCED_FACE('',(#7951),#7944,.F.);
#7953=CARTESIAN_POINT('',(-2.724839780617E0,8.417833278515E0,-1.5E0));
#7954=CARTESIAN_POINT('',(-2.724624176694E0,8.417586066466E0,-1.5E0));
#7955=CARTESIAN_POINT('',(-2.719172710445E0,8.410989298706E0,-1.5E0));
#7956=CARTESIAN_POINT('',(-2.716461728359E0,8.389953361550E0,-1.5E0));
#7957=CARTESIAN_POINT('',(-2.734690455115E0,8.379110225623E0,-1.5E0));
#7958=CARTESIAN_POINT('',(-2.743245391545E0,8.379331340551E0,-1.5E0));
#7959=CARTESIAN_POINT('',(-2.743572963496E0,8.379348529682E0,-1.5E0));
#7961=DIRECTION('',(0.E0,0.E0,1.E0));
#7962=VECTOR('',#7961,1.E0);
#7963=SURFACE_OF_LINEAR_EXTRUSION('',#7960,#7962);
#7964=ORIENTED_EDGE('',*,*,#5182,.T.);
#7966=ORIENTED_EDGE('',*,*,#7965,.F.);
#7967=ORIENTED_EDGE('',*,*,#7050,.F.);
#7968=ORIENTED_EDGE('',*,*,#7946,.T.);
#7969=EDGE_LOOP('',(#7964,#7966,#7967,#7968));
#7970=FACE_OUTER_BOUND('',#7969,.F.);
#7971=ADVANCED_FACE('',(#7970),#7963,.T.);
#7972=CARTESIAN_POINT('',(-3.261463535872E0,8.379322836131E0,-1.5E0));
#7973=DIRECTION('',(0.E0,-1.E0,0.E0));
#7974=DIRECTION('',(1.E0,0.E0,0.E0));
#7975=AXIS2_PLACEMENT_3D('',#7972,#7973,#7974);
#7976=PLANE('',#7975);
#7977=ORIENTED_EDGE('',*,*,#5180,.F.);
#7979=ORIENTED_EDGE('',*,*,#7978,.F.);
#7980=ORIENTED_EDGE('',*,*,#7052,.T.);
#7981=ORIENTED_EDGE('',*,*,#7965,.T.);
#7982=EDGE_LOOP('',(#7977,#7979,#7980,#7981));
#7983=FACE_OUTER_BOUND('',#7982,.F.);
#7984=ADVANCED_FACE('',(#7983),#7976,.F.);
#7985=CARTESIAN_POINT('',(-3.259831349569E0,8.379340092186E0,-1.5E0));
#7986=CARTESIAN_POINT('',(-3.260374454984E0,8.379328568903E0,-1.5E0));
#7987=CARTESIAN_POINT('',(-3.288123638669E0,8.379036197544E0,-1.5E0));
#7988=CARTESIAN_POINT('',(-3.318744336378E0,8.393941404083E0,-1.5E0));
#7989=CARTESIAN_POINT('',(-3.335632363346E0,8.415961786036E0,-1.5E0));
#7990=CARTESIAN_POINT('',(-3.335958329142E0,8.416396346248E0,-1.5E0));
#7992=DIRECTION('',(0.E0,0.E0,1.E0));
#7993=VECTOR('',#7992,1.E0);
#7994=SURFACE_OF_LINEAR_EXTRUSION('',#7991,#7993);
#7995=ORIENTED_EDGE('',*,*,#5178,.T.);
#7997=ORIENTED_EDGE('',*,*,#7996,.F.);
#7998=ORIENTED_EDGE('',*,*,#7054,.F.);
#7999=ORIENTED_EDGE('',*,*,#7978,.T.);
#8000=EDGE_LOOP('',(#7995,#7997,#7998,#7999));
#8001=FACE_OUTER_BOUND('',#8000,.F.);
#8002=ADVANCED_FACE('',(#8001),#7994,.T.);
#8003=CARTESIAN_POINT('',(-3.628326607406E0,8.789383794759E0,-1.5E0));
#8004=DIRECTION('',(-7.870509568960E-1,-6.168879892242E-1,0.E0));
#8005=DIRECTION('',(6.168879892242E-1,-7.870509568960E-1,0.E0));
#8006=AXIS2_PLACEMENT_3D('',#8003,#8004,#8005);
#8007=PLANE('',#8006);
#8008=ORIENTED_EDGE('',*,*,#5176,.F.);
#8010=ORIENTED_EDGE('',*,*,#8009,.F.);
#8011=ORIENTED_EDGE('',*,*,#7056,.T.);
#8012=ORIENTED_EDGE('',*,*,#7996,.T.);
#8013=EDGE_LOOP('',(#8008,#8010,#8011,#8012));
#8014=FACE_OUTER_BOUND('',#8013,.F.);
#8015=ADVANCED_FACE('',(#8014),#8007,.F.);
#8016=CARTESIAN_POINT('',(-3.627581636356E0,8.788412350623E0,-1.5E0));
#8017=CARTESIAN_POINT('',(-3.627826110703E0,8.788738270783E0,-1.5E0));
#8018=CARTESIAN_POINT('',(-3.640492130931E0,8.805253557248E0,-1.5E0));
#8019=CARTESIAN_POINT('',(-3.663457654213E0,8.816432462154E0,-1.5E0));
#8020=CARTESIAN_POINT('',(-3.684269541977E0,8.816213183635E0,-1.5E0));
#8021=CARTESIAN_POINT('',(-3.684676871038E0,8.816204541172E0,-1.5E0));
#8023=DIRECTION('',(0.E0,0.E0,1.E0));
#8024=VECTOR('',#8023,1.E0);
#8025=SURFACE_OF_LINEAR_EXTRUSION('',#8022,#8024);
#8026=ORIENTED_EDGE('',*,*,#5174,.T.);
#8028=ORIENTED_EDGE('',*,*,#8027,.F.);
#8029=ORIENTED_EDGE('',*,*,#7058,.F.);
#8030=ORIENTED_EDGE('',*,*,#8009,.T.);
#8031=EDGE_LOOP('',(#8026,#8028,#8029,#8030));
#8032=FACE_OUTER_BOUND('',#8031,.F.);
#8033=ADVANCED_FACE('',(#8032),#8025,.T.);
#8034=CARTESIAN_POINT('',(-4.605722154885E0,8.816217483214E0,-1.5E0));
#8035=DIRECTION('',(0.E0,-1.E0,0.E0));
#8036=DIRECTION('',(1.E0,0.E0,0.E0));
#8037=AXIS2_PLACEMENT_3D('',#8034,#8035,#8036);
#8038=PLANE('',#8037);
#8039=ORIENTED_EDGE('',*,*,#5172,.F.);
#8041=ORIENTED_EDGE('',*,*,#8040,.F.);
#8042=ORIENTED_EDGE('',*,*,#7060,.T.);
#8043=ORIENTED_EDGE('',*,*,#8027,.T.);
#8044=EDGE_LOOP('',(#8039,#8041,#8042,#8043));
#8045=FACE_OUTER_BOUND('',#8044,.F.);
#8046=ADVANCED_FACE('',(#8045),#8038,.F.);
#8047=CARTESIAN_POINT('',(-4.604651999260E0,8.816199490624E0,-1.5E0));
#8048=CARTESIAN_POINT('',(-4.605007986693E0,8.816211505952E0,-1.5E0));
#8049=CARTESIAN_POINT('',(-4.614284420669E0,8.816366914774E0,-1.5E0));
#8050=CARTESIAN_POINT('',(-4.633271259742E0,8.808745905215E0,-1.5E0));
#8051=CARTESIAN_POINT('',(-4.640892269300E0,8.789759066142E0,-1.5E0));
#8052=CARTESIAN_POINT('',(-4.640736860478E0,8.780482632166E0,-1.5E0));
#8053=CARTESIAN_POINT('',(-4.640724845150E0,8.780126644733E0,-1.5E0));
#8055=DIRECTION('',(0.E0,0.E0,1.E0));
#8056=VECTOR('',#8055,1.E0);
#8057=SURFACE_OF_LINEAR_EXTRUSION('',#8054,#8056);
#8058=ORIENTED_EDGE('',*,*,#5170,.T.);
#8060=ORIENTED_EDGE('',*,*,#8059,.F.);
#8061=ORIENTED_EDGE('',*,*,#7062,.F.);
#8062=ORIENTED_EDGE('',*,*,#8040,.T.);
#8063=EDGE_LOOP('',(#8058,#8060,#8061,#8062));
#8064=FACE_OUTER_BOUND('',#8063,.F.);
#8065=ADVANCED_FACE('',(#8064),#8057,.T.);
#8066=CARTESIAN_POINT('',(-4.640742837740E0,8.426017079937E0,-1.5E0));
#8067=DIRECTION('',(1.E0,0.E0,0.E0));
#8068=DIRECTION('',(0.E0,1.E0,0.E0));
#8069=AXIS2_PLACEMENT_3D('',#8066,#8067,#8068);
#8070=PLANE('',#8069);
#8071=ORIENTED_EDGE('',*,*,#5168,.F.);
#8073=ORIENTED_EDGE('',*,*,#8072,.F.);
#8074=ORIENTED_EDGE('',*,*,#7064,.T.);
#8075=ORIENTED_EDGE('',*,*,#8059,.T.);
#8076=EDGE_LOOP('',(#8071,#8073,#8074,#8075));
#8077=FACE_OUTER_BOUND('',#8076,.F.);
#8078=ADVANCED_FACE('',(#8077),#8070,.F.);
#8079=CARTESIAN_POINT('',(-4.640766827860E0,8.427443954104E0,-1.5E0));
#8080=CARTESIAN_POINT('',(-4.640750807423E0,8.426969304193E0,-1.5E0));
#8081=CARTESIAN_POINT('',(-4.640543595660E0,8.414600725559E0,-1.5E0));
#8082=CARTESIAN_POINT('',(-4.650704941738E0,8.389284940129E0,-1.5E0));
#8083=CARTESIAN_POINT('',(-4.676020727168E0,8.379123594051E0,-1.5E0));
#8084=CARTESIAN_POINT('',(-4.688389305802E0,8.379330805814E0,-1.5E0));
#8085=CARTESIAN_POINT('',(-4.688863955713E0,8.379346826251E0,-1.5E0));
#8087=DIRECTION('',(0.E0,0.E0,1.E0));
#8088=VECTOR('',#8087,1.E0);
#8089=SURFACE_OF_LINEAR_EXTRUSION('',#8086,#8088);
#8090=ORIENTED_EDGE('',*,*,#5166,.T.);
#8092=ORIENTED_EDGE('',*,*,#8091,.F.);
#8093=ORIENTED_EDGE('',*,*,#7066,.F.);
#8094=ORIENTED_EDGE('',*,*,#8072,.T.);
#8095=EDGE_LOOP('',(#8090,#8092,#8093,#8094));
#8096=FACE_OUTER_BOUND('',#8095,.F.);
#8097=ADVANCED_FACE('',(#8096),#8089,.T.);
#8098=CARTESIAN_POINT('',(-5.113561242043E0,8.379322836131E0,-1.5E0));
#8099=DIRECTION('',(0.E0,-1.E0,0.E0));
#8100=DIRECTION('',(1.E0,0.E0,0.E0));
#8101=AXIS2_PLACEMENT_3D('',#8098,#8099,#8100);
#8102=PLANE('',#8101);
#8103=ORIENTED_EDGE('',*,*,#5164,.F.);
#8105=ORIENTED_EDGE('',*,*,#8104,.F.);
#8106=ORIENTED_EDGE('',*,*,#7068,.T.);
#8107=ORIENTED_EDGE('',*,*,#8091,.T.);
#8108=EDGE_LOOP('',(#8103,#8105,#8106,#8107));
#8109=FACE_OUTER_BOUND('',#8108,.F.);
#8110=ADVANCED_FACE('',(#8109),#8102,.F.);
#8111=CARTESIAN_POINT('',(-5.112134367876E0,8.379346826251E0,-1.5E0));
#8112=CARTESIAN_POINT('',(-5.112609017787E0,8.379330805814E0,-1.5E0));
#8113=CARTESIAN_POINT('',(-5.124977596421E0,8.379123594051E0,-1.5E0));
#8114=CARTESIAN_POINT('',(-5.150293381853E0,8.389284940128E0,-1.5E0));
#8115=CARTESIAN_POINT('',(-5.160454727930E0,8.414600725559E0,-1.5E0));
#8116=CARTESIAN_POINT('',(-5.160247516167E0,8.426969304193E0,-1.5E0));
#8117=CARTESIAN_POINT('',(-5.160231495730E0,8.427443954104E0,-1.5E0));
#8119=DIRECTION('',(0.E0,0.E0,1.E0));
#8120=VECTOR('',#8119,1.E0);
#8121=SURFACE_OF_LINEAR_EXTRUSION('',#8118,#8120);
#8122=ORIENTED_EDGE('',*,*,#5162,.T.);
#8123=ORIENTED_EDGE('',*,*,#7885,.F.);
#8124=ORIENTED_EDGE('',*,*,#7070,.F.);
#8125=ORIENTED_EDGE('',*,*,#8104,.T.);
#8126=EDGE_LOOP('',(#8122,#8123,#8124,#8125));
#8127=FACE_OUTER_BOUND('',#8126,.F.);
#8128=ADVANCED_FACE('',(#8127),#8121,.T.);
#8129=CARTESIAN_POINT('',(-4.018396990460E0,9.256452977180E0,-1.5E0));
#8130=DIRECTION('',(0.E0,1.E0,0.E0));
#8131=DIRECTION('',(-1.E0,0.E0,0.E0));
#8132=AXIS2_PLACEMENT_3D('',#8129,#8130,#8131);
#8133=PLANE('',#8132);
#8134=ORIENTED_EDGE('',*,*,#5286,.F.);
#8136=ORIENTED_EDGE('',*,*,#8135,.F.);
#8137=ORIENTED_EDGE('',*,*,#7074,.T.);
#8139=ORIENTED_EDGE('',*,*,#8138,.T.);
#8140=EDGE_LOOP('',(#8134,#8136,#8137,#8139));
#8141=FACE_OUTER_BOUND('',#8140,.F.);
#8142=ADVANCED_FACE('',(#8141),#8133,.F.);
#8143=CARTESIAN_POINT('',(-4.018890367124E0,9.256465824527E0,-1.5E0));
#8144=CARTESIAN_POINT('',(-4.018726578280E0,9.256457229578E0,-1.5E0));
#8145=CARTESIAN_POINT('',(-4.014449034488E0,9.256346667229E0,-1.5E0));
#8146=CARTESIAN_POINT('',(-4.005334484935E0,9.261768474729E0,-1.5E0));
#8147=CARTESIAN_POINT('',(-4.006690370241E0,9.272286677291E0,-1.5E0));
#8148=CARTESIAN_POINT('',(-4.009416300570E0,9.275584996375E0,-1.5E0));
#8149=CARTESIAN_POINT('',(-4.009524110103E0,9.275708599625E0,-1.5E0));
#8151=DIRECTION('',(0.E0,0.E0,1.E0));
#8152=VECTOR('',#8151,1.E0);
#8153=SURFACE_OF_LINEAR_EXTRUSION('',#8150,#8152);
#8154=ORIENTED_EDGE('',*,*,#5296,.T.);
#8156=ORIENTED_EDGE('',*,*,#8155,.F.);
#8157=ORIENTED_EDGE('',*,*,#7076,.F.);
#8158=ORIENTED_EDGE('',*,*,#8135,.T.);
#8159=EDGE_LOOP('',(#8154,#8156,#8157,#8158));
#8160=FACE_OUTER_BOUND('',#8159,.F.);
#8161=ADVANCED_FACE('',(#8160),#8153,.T.);
#8162=CARTESIAN_POINT('',(-4.621485454833E0,1.005642322978E1,-1.5E0));
#8163=DIRECTION('',(-7.870235119949E-1,-6.169230029487E-1,0.E0));
#8164=DIRECTION('',(6.169230029487E-1,-7.870235119949E-1,0.E0));
#8165=AXIS2_PLACEMENT_3D('',#8162,#8163,#8164);
#8166=PLANE('',#8165);
#8167=ORIENTED_EDGE('',*,*,#5294,.F.);
#8169=ORIENTED_EDGE('',*,*,#8168,.F.);
#8170=ORIENTED_EDGE('',*,*,#7078,.T.);
#8171=ORIENTED_EDGE('',*,*,#8155,.T.);
#8172=EDGE_LOOP('',(#8167,#8169,#8170,#8171));
#8173=FACE_OUTER_BOUND('',#8172,.F.);
#8174=ADVANCED_FACE('',(#8173),#8166,.F.);
#8175=CARTESIAN_POINT('',(-4.621165074867E0,1.005598820847E1,-1.5E0));
#8176=CARTESIAN_POINT('',(-4.621267036714E0,1.005613589563E1,-1.5E0));
#8177=CARTESIAN_POINT('',(-4.624045931301E0,1.005990701389E1,-1.5E0));
#8178=CARTESIAN_POINT('',(-4.635672020074E0,1.006365523747E1,-1.5E0));
#8179=CARTESIAN_POINT('',(-4.642489171085E0,1.005351908572E1,-1.5E0));
#8180=CARTESIAN_POINT('',(-4.642340266018E0,1.004883705460E1,-1.5E0));
#8181=CARTESIAN_POINT('',(-4.642329038465E0,1.004865794108E1,-1.5E0));
#8183=DIRECTION('',(0.E0,0.E0,1.E0));
#8184=VECTOR('',#8183,1.E0);
#8185=SURFACE_OF_LINEAR_EXTRUSION('',#8182,#8184);
#8186=ORIENTED_EDGE('',*,*,#5292,.T.);
#8188=ORIENTED_EDGE('',*,*,#8187,.F.);
#8189=ORIENTED_EDGE('',*,*,#7080,.F.);
#8190=ORIENTED_EDGE('',*,*,#8168,.T.);
#8191=EDGE_LOOP('',(#8186,#8188,#8189,#8190));
#8192=FACE_OUTER_BOUND('',#8191,.F.);
#8193=ADVANCED_FACE('',(#8192),#8185,.T.);
#8194=CARTESIAN_POINT('',(-4.640789967496E0,9.279752873900E0,-1.5E0));
#8195=DIRECTION('',(9.999979542571E-1,2.022741131244E-3,0.E0));
#8196=DIRECTION('',(-2.022741131244E-3,9.999979542571E-1,0.E0));
#8197=AXIS2_PLACEMENT_3D('',#8194,#8195,#8196);
#8198=PLANE('',#8197);
#8199=ORIENTED_EDGE('',*,*,#5290,.F.);
#8201=ORIENTED_EDGE('',*,*,#8200,.F.);
#8202=ORIENTED_EDGE('',*,*,#7082,.T.);
#8203=ORIENTED_EDGE('',*,*,#8187,.T.);
#8204=EDGE_LOOP('',(#8199,#8201,#8202,#8203));
#8205=FACE_OUTER_BOUND('',#8204,.F.);
#8206=ADVANCED_FACE('',(#8205),#8198,.F.);
#8207=CARTESIAN_POINT('',(-4.640779446198E0,9.280465466134E0,-1.5E0));
#8208=CARTESIAN_POINT('',(-4.640786955265E0,9.280228412828E0,-1.5E0));
#8209=CARTESIAN_POINT('',(-4.640877788090E0,9.274051450690E0,-1.5E0));
#8210=CARTESIAN_POINT('',(-4.635785229981E0,9.261420623059E0,-1.5E0));
#8211=CARTESIAN_POINT('',(-4.623144127263E0,9.256353624262E0,-1.5E0));
#8212=CARTESIAN_POINT('',(-4.616967361494E0,9.256456951297E0,-1.5E0));
#8213=CARTESIAN_POINT('',(-4.616730323862E0,9.256464939846E0,-1.5E0));
#8215=DIRECTION('',(0.E0,0.E0,1.E0));
#8216=VECTOR('',#8215,1.E0);
#8217=SURFACE_OF_LINEAR_EXTRUSION('',#8214,#8216);
#8218=ORIENTED_EDGE('',*,*,#5288,.T.);
#8219=ORIENTED_EDGE('',*,*,#8138,.F.);
#8220=ORIENTED_EDGE('',*,*,#7084,.F.);
#8221=ORIENTED_EDGE('',*,*,#8200,.T.);
#8222=EDGE_LOOP('',(#8218,#8219,#8220,#8221));
#8223=FACE_OUTER_BOUND('',#8222,.F.);
#8224=ADVANCED_FACE('',(#8223),#8217,.T.);
#8225=CARTESIAN_POINT('',(-2.121852092452E0,8.378995665125E0,-1.5E0));
#8226=DIRECTION('',(1.E0,0.E0,0.E0));
#8227=DIRECTION('',(0.E0,1.E0,0.E0));
#8228=AXIS2_PLACEMENT_3D('',#8225,#8226,#8227);
#8229=PLANE('',#8228);
#8230=ORIENTED_EDGE('',*,*,#5194,.F.);
#8232=ORIENTED_EDGE('',*,*,#8231,.F.);
#8233=ORIENTED_EDGE('',*,*,#7094,.T.);
#8235=ORIENTED_EDGE('',*,*,#8234,.T.);
#8236=EDGE_LOOP('',(#8230,#8232,#8233,#8235));
#8237=FACE_OUTER_BOUND('',#8236,.F.);
#8238=ADVANCED_FACE('',(#8237),#8229,.F.);
#8239=CARTESIAN_POINT('',(-2.454433248427E0,8.378995665125E0,-1.5E0));
#8240=DIRECTION('',(0.E0,-1.E0,0.E0));
#8241=DIRECTION('',(1.E0,0.E0,0.E0));
#8242=AXIS2_PLACEMENT_3D('',#8239,#8240,#8241);
#8243=PLANE('',#8242);
#8244=ORIENTED_EDGE('',*,*,#5200,.F.);
#8246=ORIENTED_EDGE('',*,*,#8245,.F.);
#8247=ORIENTED_EDGE('',*,*,#7096,.T.);
#8248=ORIENTED_EDGE('',*,*,#8231,.T.);
#8249=EDGE_LOOP('',(#8244,#8246,#8247,#8248));
#8250=FACE_OUTER_BOUND('',#8249,.F.);
#8251=ADVANCED_FACE('',(#8250),#8243,.F.);
#8252=CARTESIAN_POINT('',(-2.454433248427E0,9.818235755309E0,-1.5E0));
#8253=DIRECTION('',(-1.E0,0.E0,0.E0));
#8254=DIRECTION('',(0.E0,-1.E0,0.E0));
#8255=AXIS2_PLACEMENT_3D('',#8252,#8253,#8254);
#8256=PLANE('',#8255);
#8257=ORIENTED_EDGE('',*,*,#5198,.F.);
#8259=ORIENTED_EDGE('',*,*,#8258,.F.);
#8260=ORIENTED_EDGE('',*,*,#7098,.T.);
#8261=ORIENTED_EDGE('',*,*,#8245,.T.);
#8262=EDGE_LOOP('',(#8257,#8259,#8260,#8261));
#8263=FACE_OUTER_BOUND('',#8262,.F.);
#8264=ADVANCED_FACE('',(#8263),#8256,.F.);
#8265=CARTESIAN_POINT('',(-2.121852092452E0,9.818235755309E0,-1.5E0));
#8266=DIRECTION('',(0.E0,1.E0,0.E0));
#8267=DIRECTION('',(-1.E0,0.E0,0.E0));
#8268=AXIS2_PLACEMENT_3D('',#8265,#8266,#8267);
#8269=PLANE('',#8268);
#8270=ORIENTED_EDGE('',*,*,#5196,.F.);
#8271=ORIENTED_EDGE('',*,*,#8234,.F.);
#8272=ORIENTED_EDGE('',*,*,#7100,.T.);
#8273=ORIENTED_EDGE('',*,*,#8258,.T.);
#8274=EDGE_LOOP('',(#8270,#8271,#8272,#8273));
#8275=FACE_OUTER_BOUND('',#8274,.F.);
#8276=ADVANCED_FACE('',(#8275),#8269,.F.);
#8277=CARTESIAN_POINT('',(-1.880682131395E0,9.464260489886E0,-1.5E0));
#8278=DIRECTION('',(-1.E0,0.E0,0.E0));
#8279=DIRECTION('',(0.E0,-1.E0,0.E0));
#8280=AXIS2_PLACEMENT_3D('',#8277,#8278,#8279);
#8281=PLANE('',#8280);
#8282=ORIENTED_EDGE('',*,*,#5204,.F.);
#8284=ORIENTED_EDGE('',*,*,#8283,.F.);
#8285=ORIENTED_EDGE('',*,*,#7110,.T.);
#8287=ORIENTED_EDGE('',*,*,#8286,.T.);
#8288=EDGE_LOOP('',(#8282,#8284,#8285,#8287));
#8289=FACE_OUTER_BOUND('',#8288,.F.);
#8290=ADVANCED_FACE('',(#8289),#8281,.F.);
#8291=CARTESIAN_POINT('',(-1.548100975420E0,9.464260489886E0,-1.5E0));
#8292=DIRECTION('',(0.E0,1.E0,0.E0));
#8293=DIRECTION('',(-1.E0,0.E0,0.E0));
#8294=AXIS2_PLACEMENT_3D('',#8291,#8292,#8293);
#8295=PLANE('',#8294);
#8296=ORIENTED_EDGE('',*,*,#5210,.F.);
#8298=ORIENTED_EDGE('',*,*,#8297,.F.);
#8299=ORIENTED_EDGE('',*,*,#7112,.T.);
#8300=ORIENTED_EDGE('',*,*,#8283,.T.);
#8301=EDGE_LOOP('',(#8296,#8298,#8299,#8300));
#8302=FACE_OUTER_BOUND('',#8301,.F.);
#8303=ADVANCED_FACE('',(#8302),#8295,.F.);
#8304=CARTESIAN_POINT('',(-1.548100975420E0,8.378995665125E0,-1.5E0));
#8305=DIRECTION('',(1.E0,0.E0,0.E0));
#8306=DIRECTION('',(0.E0,1.E0,0.E0));
#8307=AXIS2_PLACEMENT_3D('',#8304,#8305,#8306);
#8308=PLANE('',#8307);
#8309=ORIENTED_EDGE('',*,*,#5208,.F.);
#8311=ORIENTED_EDGE('',*,*,#8310,.F.);
#8312=ORIENTED_EDGE('',*,*,#7114,.T.);
#8313=ORIENTED_EDGE('',*,*,#8297,.T.);
#8314=EDGE_LOOP('',(#8309,#8311,#8312,#8313));
#8315=FACE_OUTER_BOUND('',#8314,.F.);
#8316=ADVANCED_FACE('',(#8315),#8308,.F.);
#8317=CARTESIAN_POINT('',(-1.880682131395E0,8.378995665125E0,-1.5E0));
#8318=DIRECTION('',(0.E0,-1.E0,0.E0));
#8319=DIRECTION('',(1.E0,0.E0,0.E0));
#8320=AXIS2_PLACEMENT_3D('',#8317,#8318,#8319);
#8321=PLANE('',#8320);
#8322=ORIENTED_EDGE('',*,*,#5206,.F.);
#8323=ORIENTED_EDGE('',*,*,#8286,.F.);
#8324=ORIENTED_EDGE('',*,*,#7116,.T.);
#8325=ORIENTED_EDGE('',*,*,#8310,.T.);
#8326=EDGE_LOOP('',(#8322,#8323,#8324,#8325));
#8327=FACE_OUTER_BOUND('',#8326,.F.);
#8328=ADVANCED_FACE('',(#8327),#8321,.F.);
#8329=CARTESIAN_POINT('',(-1.003787943497E0,9.268658715181E0,-1.5E0));
#8330=CARTESIAN_POINT('',(-9.957193784205E-1,9.286728148818E0,-1.5E0));
#8331=CARTESIAN_POINT('',(-9.712797074587E-1,9.329390851466E0,-1.5E0));
#8332=CARTESIAN_POINT('',(-9.165245643006E-1,9.388604307311E0,-1.5E0));
#8333=CARTESIAN_POINT('',(-8.383287193187E-1,9.438144418338E0,-1.5E0));
#8334=CARTESIAN_POINT('',(-7.461654112997E-1,9.469774499635E0,-1.5E0));
#8335=CARTESIAN_POINT('',(-6.598085544693E-1,9.477773554730E0,-1.5E0));
#8336=CARTESIAN_POINT('',(-6.061164987132E-1,9.474858033134E0,-1.5E0));
#8337=CARTESIAN_POINT('',(-5.866434541349E-1,9.472899377865E0,-1.5E0));
#8339=DIRECTION('',(0.E0,0.E0,1.E0));
#8340=VECTOR('',#8339,1.E0);
#8341=SURFACE_OF_LINEAR_EXTRUSION('',#8338,#8340);
#8342=ORIENTED_EDGE('',*,*,#5214,.T.);
#8344=ORIENTED_EDGE('',*,*,#8343,.F.);
#8345=ORIENTED_EDGE('',*,*,#7126,.F.);
#8347=ORIENTED_EDGE('',*,*,#8346,.T.);
#8348=EDGE_LOOP('',(#8342,#8344,#8345,#8347));
#8349=FACE_OUTER_BOUND('',#8348,.F.);
#8350=ADVANCED_FACE('',(#8349),#8341,.T.);
#8351=CARTESIAN_POINT('',(-7.050386437294E-1,9.472861509221E0,-1.5E0));
#8352=CARTESIAN_POINT('',(-6.855866267214E-1,9.474854824124E0,-1.5E0));
#8353=CARTESIAN_POINT('',(-6.081047261896E-1,9.479044163998E0,-1.5E0));
#8354=CARTESIAN_POINT('',(-5.006001090831E-1,9.462711342738E0,-1.5E0));
#8355=CARTESIAN_POINT('',(-4.009479007874E-1,9.408819964334E0,-1.5E0));
#8356=CARTESIAN_POINT('',(-3.386570962450E-1,9.353973081899E0,-1.5E0));
#8357=CARTESIAN_POINT('',(-2.883233871026E-1,9.285641462802E0,-1.5E0));
#8358=CARTESIAN_POINT('',(-2.386886146563E-1,9.173496951887E0,-1.5E0));
#8359=CARTESIAN_POINT('',(-2.251432056987E-1,9.057872503799E0,-1.5E0));
#8360=CARTESIAN_POINT('',(-2.282188863256E-1,8.973584029061E0,-1.5E0));
#8361=CARTESIAN_POINT('',(-2.295075042425E-1,8.954169312079E0,-1.5E0));
#8363=DIRECTION('',(0.E0,0.E0,1.E0));
#8364=VECTOR('',#8363,1.E0);
#8365=SURFACE_OF_LINEAR_EXTRUSION('',#8362,#8364);
#8366=ORIENTED_EDGE('',*,*,#5234,.T.);
#8368=ORIENTED_EDGE('',*,*,#8367,.F.);
#8369=ORIENTED_EDGE('',*,*,#7128,.F.);
#8370=ORIENTED_EDGE('',*,*,#8343,.T.);
#8371=EDGE_LOOP('',(#8366,#8368,#8369,#8370));
#8372=FACE_OUTER_BOUND('',#8371,.F.);
#8373=ADVANCED_FACE('',(#8372),#8365,.T.);
#8374=CARTESIAN_POINT('',(-2.275009467238E-1,8.378995665125E0,-1.5E0));
#8375=DIRECTION('',(1.E0,0.E0,0.E0));
#8376=DIRECTION('',(0.E0,1.E0,0.E0));
#8377=AXIS2_PLACEMENT_3D('',#8374,#8375,#8376);
#8378=PLANE('',#8377);
#8379=ORIENTED_EDGE('',*,*,#5232,.F.);
#8381=ORIENTED_EDGE('',*,*,#8380,.F.);
#8382=ORIENTED_EDGE('',*,*,#7130,.T.);
#8383=ORIENTED_EDGE('',*,*,#8367,.T.);
#8384=EDGE_LOOP('',(#8379,#8381,#8382,#8383));
#8385=FACE_OUTER_BOUND('',#8384,.F.);
#8386=ADVANCED_FACE('',(#8385),#8378,.F.);
#8387=CARTESIAN_POINT('',(-5.581371836579E-1,8.378995665125E0,-1.5E0));
#8388=DIRECTION('',(0.E0,-1.E0,0.E0));
#8389=DIRECTION('',(1.E0,0.E0,0.E0));
#8390=AXIS2_PLACEMENT_3D('',#8387,#8388,#8389);
#8391=PLANE('',#8390);
#8392=ORIENTED_EDGE('',*,*,#5230,.F.);
#8394=ORIENTED_EDGE('',*,*,#8393,.F.);
#8395=ORIENTED_EDGE('',*,*,#7132,.T.);
#8396=ORIENTED_EDGE('',*,*,#8380,.T.);
#8397=EDGE_LOOP('',(#8392,#8394,#8395,#8396));
#8398=FACE_OUTER_BOUND('',#8397,.F.);
#8399=ADVANCED_FACE('',(#8398),#8391,.F.);
#8400=CARTESIAN_POINT('',(-5.581371836579E-1,8.968306134484E0,-1.5E0));
#8401=DIRECTION('',(-1.E0,0.E0,0.E0));
#8402=DIRECTION('',(0.E0,-1.E0,0.E0));
#8403=AXIS2_PLACEMENT_3D('',#8400,#8401,#8402);
#8404=PLANE('',#8403);
#8405=ORIENTED_EDGE('',*,*,#5228,.F.);
#8407=ORIENTED_EDGE('',*,*,#8406,.F.);
#8408=ORIENTED_EDGE('',*,*,#7134,.T.);
#8409=ORIENTED_EDGE('',*,*,#8393,.T.);
#8410=EDGE_LOOP('',(#8405,#8407,#8408,#8409));
#8411=FACE_OUTER_BOUND('',#8410,.F.);
#8412=ADVANCED_FACE('',(#8411),#8404,.F.);
#8413=CARTESIAN_POINT('',(-5.613709411666E-1,8.909220809797E0,-1.5E0));
#8414=CARTESIAN_POINT('',(-5.594839189693E-1,8.928340801996E0,-1.5E0));
#8415=CARTESIAN_POINT('',(-5.559507055234E-1,8.980521676275E0,-1.5E0));
#8416=CARTESIAN_POINT('',(-5.647326755384E-1,9.062371251187E0,-1.5E0));
#8417=CARTESIAN_POINT('',(-6.023411561123E-1,9.129061420336E0,-1.5E0));
#8418=CARTESIAN_POINT('',(-6.442544535153E-1,9.165091156965E0,-1.5E0));
#8419=CARTESIAN_POINT('',(-6.806502054166E-1,9.184362160939E0,-1.5E0));
#8420=CARTESIAN_POINT('',(-7.219469086296E-1,9.195615679041E0,-1.5E0));
#8421=CARTESIAN_POINT('',(-7.662435210224E-1,9.198945525573E0,-1.5E0));
#8422=CARTESIAN_POINT('',(-8.105401334152E-1,9.195615679041E0,-1.5E0));
#8423=CARTESIAN_POINT('',(-8.518368366282E-1,9.184362160939E0,-1.5E0));
#8424=CARTESIAN_POINT('',(-8.882325885295E-1,9.165091156965E0,-1.5E0));
#8425=CARTESIAN_POINT('',(-9.301458859325E-1,9.129061420336E0,-1.5E0));
#8426=CARTESIAN_POINT('',(-9.677543665064E-1,9.062371251187E0,-1.5E0));
#8427=CARTESIAN_POINT('',(-9.764964795822E-1,8.980893150275E0,-1.5E0));
#8428=CARTESIAN_POINT('',(-9.730517743878E-1,8.929065988328E0,-1.5E0));
#8429=CARTESIAN_POINT('',(-9.712187520202E-1,8.910267178646E0,-1.5E0));
#8431=DIRECTION('',(0.E0,0.E0,1.E0));
#8432=VECTOR('',#8431,1.E0);
#8433=SURFACE_OF_LINEAR_EXTRUSION('',#8430,#8432);
#8434=ORIENTED_EDGE('',*,*,#5226,.T.);
#8436=ORIENTED_EDGE('',*,*,#8435,.F.);
#8437=ORIENTED_EDGE('',*,*,#7136,.F.);
#8438=ORIENTED_EDGE('',*,*,#8406,.T.);
#8439=EDGE_LOOP('',(#8434,#8436,#8437,#8438));
#8440=FACE_OUTER_BOUND('',#8439,.F.);
#8441=ADVANCED_FACE('',(#8440),#8433,.T.);
#8442=CARTESIAN_POINT('',(-9.743498583868E-1,8.378995665125E0,-1.5E0));
#8443=DIRECTION('',(1.E0,0.E0,0.E0));
#8444=DIRECTION('',(0.E0,1.E0,0.E0));
#8445=AXIS2_PLACEMENT_3D('',#8442,#8443,#8444);
#8446=PLANE('',#8445);
#8447=ORIENTED_EDGE('',*,*,#5224,.F.);
#8449=ORIENTED_EDGE('',*,*,#8448,.F.);
#8450=ORIENTED_EDGE('',*,*,#7138,.T.);
#8451=ORIENTED_EDGE('',*,*,#8435,.T.);
#8452=EDGE_LOOP('',(#8447,#8449,#8450,#8451));
#8453=FACE_OUTER_BOUND('',#8452,.F.);
#8454=ADVANCED_FACE('',(#8453),#8446,.F.);
#8455=CARTESIAN_POINT('',(-1.306931014362E0,8.378995665125E0,-1.5E0));
#8456=DIRECTION('',(0.E0,-1.E0,0.E0));
#8457=DIRECTION('',(1.E0,0.E0,0.E0));
#8458=AXIS2_PLACEMENT_3D('',#8455,#8456,#8457);
#8459=PLANE('',#8458);
#8460=ORIENTED_EDGE('',*,*,#5222,.F.);
#8462=ORIENTED_EDGE('',*,*,#8461,.F.);
#8463=ORIENTED_EDGE('',*,*,#7140,.T.);
#8464=ORIENTED_EDGE('',*,*,#8448,.T.);
#8465=EDGE_LOOP('',(#8460,#8462,#8463,#8464));
#8466=FACE_OUTER_BOUND('',#8465,.F.);
#8467=ADVANCED_FACE('',(#8466),#8459,.F.);
#8468=CARTESIAN_POINT('',(-1.306931014362E0,9.464260489886E0,-1.5E0));
#8469=DIRECTION('',(-1.E0,0.E0,0.E0));
#8470=DIRECTION('',(0.E0,-1.E0,0.E0));
#8471=AXIS2_PLACEMENT_3D('',#8468,#8469,#8470);
#8472=PLANE('',#8471);
#8473=ORIENTED_EDGE('',*,*,#5220,.F.);
#8475=ORIENTED_EDGE('',*,*,#8474,.F.);
#8476=ORIENTED_EDGE('',*,*,#7142,.T.);
#8477=ORIENTED_EDGE('',*,*,#8461,.T.);
#8478=EDGE_LOOP('',(#8473,#8475,#8476,#8477));
#8479=FACE_OUTER_BOUND('',#8478,.F.);
#8480=ADVANCED_FACE('',(#8479),#8472,.F.);
#8481=CARTESIAN_POINT('',(-9.743498583868E-1,9.464260489886E0,-1.5E0));
#8482=DIRECTION('',(0.E0,1.E0,0.E0));
#8483=DIRECTION('',(-1.E0,0.E0,0.E0));
#8484=AXIS2_PLACEMENT_3D('',#8481,#8482,#8483);
#8485=PLANE('',#8484);
#8486=ORIENTED_EDGE('',*,*,#5218,.F.);
#8488=ORIENTED_EDGE('',*,*,#8487,.F.);
#8489=ORIENTED_EDGE('',*,*,#7144,.T.);
#8490=ORIENTED_EDGE('',*,*,#8474,.T.);
#8491=EDGE_LOOP('',(#8486,#8488,#8489,#8490));
#8492=FACE_OUTER_BOUND('',#8491,.F.);
#8493=ADVANCED_FACE('',(#8492),#8485,.F.);
#8494=CARTESIAN_POINT('',(-9.743498583868E-1,9.320336480867E0,-1.5E0));
#8495=DIRECTION('',(1.E0,0.E0,0.E0));
#8496=DIRECTION('',(0.E0,1.E0,0.E0));
#8497=AXIS2_PLACEMENT_3D('',#8494,#8495,#8496);
#8498=PLANE('',#8497);
#8499=ORIENTED_EDGE('',*,*,#5216,.F.);
#8500=ORIENTED_EDGE('',*,*,#8346,.F.);
#8501=ORIENTED_EDGE('',*,*,#7146,.T.);
#8502=ORIENTED_EDGE('',*,*,#8487,.T.);
#8503=EDGE_LOOP('',(#8499,#8500,#8501,#8502));
#8504=FACE_OUTER_BOUND('',#8503,.F.);
#8505=ADVANCED_FACE('',(#8504),#8498,.F.);
#8506=CARTESIAN_POINT('',(6.652168929984E-1,9.464260489886E0,-1.5E0));
#8507=DIRECTION('',(-8.021151337098E-1,5.971694167267E-1,0.E0));
#8508=DIRECTION('',(-5.971694167267E-1,-8.021151337098E-1,0.E0));
#8509=AXIS2_PLACEMENT_3D('',#8506,#8507,#8508);
#8510=PLANE('',#8509);
#8511=ORIENTED_EDGE('',*,*,#5238,.F.);
#8513=ORIENTED_EDGE('',*,*,#8512,.F.);
#8514=ORIENTED_EDGE('',*,*,#7156,.T.);
#8516=ORIENTED_EDGE('',*,*,#8515,.T.);
#8517=EDGE_LOOP('',(#8511,#8513,#8514,#8516));
#8518=FACE_OUTER_BOUND('',#8517,.F.);
#8519=ADVANCED_FACE('',(#8518),#8510,.F.);
#8520=CARTESIAN_POINT('',(1.075594810605E0,9.464260489886E0,-1.5E0));
#8521=DIRECTION('',(0.E0,1.E0,0.E0));
#8522=DIRECTION('',(-1.E0,0.E0,0.E0));
#8523=AXIS2_PLACEMENT_3D('',#8520,#8521,#8522);
#8524=PLANE('',#8523);
#8525=ORIENTED_EDGE('',*,*,#5258,.F.);
#8527=ORIENTED_EDGE('',*,*,#8526,.F.);
#8528=ORIENTED_EDGE('',*,*,#7158,.T.);
#8529=ORIENTED_EDGE('',*,*,#8512,.T.);
#8530=EDGE_LOOP('',(#8525,#8527,#8528,#8529));
#8531=FACE_OUTER_BOUND('',#8530,.F.);
#8532=ADVANCED_FACE('',(#8531),#8524,.F.);
#8533=CARTESIAN_POINT('',(6.243735931419E-1,8.919683158465E0,-1.5E0));
#8534=DIRECTION('',(7.700215609056E-1,-6.380178647503E-1,0.E0));
#8535=DIRECTION('',(6.380178647503E-1,7.700215609056E-1,0.E0));
#8536=AXIS2_PLACEMENT_3D('',#8533,#8534,#8535);
#8537=PLANE('',#8536);
#8538=ORIENTED_EDGE('',*,*,#5256,.F.);
#8540=ORIENTED_EDGE('',*,*,#8539,.F.);
#8541=ORIENTED_EDGE('',*,*,#7160,.T.);
#8542=ORIENTED_EDGE('',*,*,#8526,.T.);
#8543=EDGE_LOOP('',(#8538,#8540,#8541,#8542));
#8544=FACE_OUTER_BOUND('',#8543,.F.);
#8545=ADVANCED_FACE('',(#8544),#8537,.F.);
#8546=CARTESIAN_POINT('',(1.079484648687E0,8.378995665125E0,-1.5E0));
#8547=DIRECTION('',(7.650539082843E-1,6.439662393472E-1,0.E0));
#8548=DIRECTION('',(-6.439662393472E-1,7.650539082843E-1,0.E0));
#8549=AXIS2_PLACEMENT_3D('',#8546,#8547,#8548);
#8550=PLANE('',#8549);
#8551=ORIENTED_EDGE('',*,*,#5254,.F.);
#8553=ORIENTED_EDGE('',*,*,#8552,.F.);
#8554=ORIENTED_EDGE('',*,*,#7162,.T.);
#8555=ORIENTED_EDGE('',*,*,#8539,.T.);
#8556=EDGE_LOOP('',(#8551,#8553,#8554,#8555));
#8557=FACE_OUTER_BOUND('',#8556,.F.);
#8558=ADVANCED_FACE('',(#8557),#8550,.F.);
#8559=CARTESIAN_POINT('',(6.671618120392E-1,8.378995665125E0,-1.5E0));
#8560=DIRECTION('',(0.E0,-1.E0,0.E0));
#8561=DIRECTION('',(1.E0,0.E0,0.E0));
#8562=AXIS2_PLACEMENT_3D('',#8559,#8560,#8561);
#8563=PLANE('',#8562);
#8564=ORIENTED_EDGE('',*,*,#5252,.F.);
#8566=ORIENTED_EDGE('',*,*,#8565,.F.);
#8567=ORIENTED_EDGE('',*,*,#7164,.T.);
#8568=ORIENTED_EDGE('',*,*,#8552,.T.);
#8569=EDGE_LOOP('',(#8564,#8566,#8567,#8568));
#8570=FACE_OUTER_BOUND('',#8569,.F.);
#8571=ADVANCED_FACE('',(#8570),#8563,.F.);
#8572=CARTESIAN_POINT('',(3.365255751051E-1,8.834106720670E0,-1.5E0));
#8573=DIRECTION('',(-8.090349994255E-1,-5.877604696681E-1,0.E0));
#8574=DIRECTION('',(5.877604696681E-1,-8.090349994255E-1,0.E0));
#8575=AXIS2_PLACEMENT_3D('',#8572,#8573,#8574);
#8576=PLANE('',#8575);
#8577=ORIENTED_EDGE('',*,*,#5250,.F.);
#8579=ORIENTED_EDGE('',*,*,#8578,.F.);
#8580=ORIENTED_EDGE('',*,*,#7166,.T.);
#8581=ORIENTED_EDGE('',*,*,#8565,.T.);
#8582=EDGE_LOOP('',(#8577,#8579,#8580,#8581));
#8583=FACE_OUTER_BOUND('',#8582,.F.);
#8584=ADVANCED_FACE('',(#8583),#8576,.F.);
#8585=CARTESIAN_POINT('',(3.365255751051E-1,8.378995665125E0,-1.5E0));
#8586=DIRECTION('',(1.E0,0.E0,0.E0));
#8587=DIRECTION('',(0.E0,1.E0,0.E0));
#8588=AXIS2_PLACEMENT_3D('',#8585,#8586,#8587);
#8589=PLANE('',#8588);
#8590=ORIENTED_EDGE('',*,*,#5248,.F.);
#8592=ORIENTED_EDGE('',*,*,#8591,.F.);
#8593=ORIENTED_EDGE('',*,*,#7168,.T.);
#8594=ORIENTED_EDGE('',*,*,#8578,.T.);
#8595=EDGE_LOOP('',(#8590,#8592,#8593,#8594));
#8596=FACE_OUTER_BOUND('',#8595,.F.);
#8597=ADVANCED_FACE('',(#8596),#8589,.F.);
#8598=CARTESIAN_POINT('',(3.944419130125E-3,8.378995665125E0,-1.5E0));
#8599=DIRECTION('',(0.E0,-1.E0,0.E0));
#8600=DIRECTION('',(1.E0,0.E0,0.E0));
#8601=AXIS2_PLACEMENT_3D('',#8598,#8599,#8600);
#8602=PLANE('',#8601);
#8603=ORIENTED_EDGE('',*,*,#5246,.F.);
#8605=ORIENTED_EDGE('',*,*,#8604,.F.);
#8606=ORIENTED_EDGE('',*,*,#7170,.T.);
#8607=ORIENTED_EDGE('',*,*,#8591,.T.);
#8608=EDGE_LOOP('',(#8603,#8605,#8606,#8607));
#8609=FACE_OUTER_BOUND('',#8608,.F.);
#8610=ADVANCED_FACE('',(#8609),#8602,.F.);
#8611=CARTESIAN_POINT('',(3.944419130125E-3,9.818235755309E0,-1.5E0));
#8612=DIRECTION('',(-1.E0,0.E0,0.E0));
#8613=DIRECTION('',(0.E0,-1.E0,0.E0));
#8614=AXIS2_PLACEMENT_3D('',#8611,#8612,#8613);
#8615=PLANE('',#8614);
#8616=ORIENTED_EDGE('',*,*,#5244,.F.);
#8618=ORIENTED_EDGE('',*,*,#8617,.F.);
#8619=ORIENTED_EDGE('',*,*,#7172,.T.);
#8620=ORIENTED_EDGE('',*,*,#8604,.T.);
#8621=EDGE_LOOP('',(#8616,#8618,#8619,#8620));
#8622=FACE_OUTER_BOUND('',#8621,.F.);
#8623=ADVANCED_FACE('',(#8622),#8615,.F.);
#8624=CARTESIAN_POINT('',(3.365255751051E-1,9.818235755309E0,-1.5E0));
#8625=DIRECTION('',(0.E0,1.E0,0.E0));
#8626=DIRECTION('',(-1.E0,0.E0,0.E0));
#8627=AXIS2_PLACEMENT_3D('',#8624,#8625,#8626);
#8628=PLANE('',#8627);
#8629=ORIENTED_EDGE('',*,*,#5242,.F.);
#8631=ORIENTED_EDGE('',*,*,#8630,.F.);
#8632=ORIENTED_EDGE('',*,*,#7174,.T.);
#8633=ORIENTED_EDGE('',*,*,#8617,.T.);
#8634=EDGE_LOOP('',(#8629,#8631,#8632,#8633));
#8635=FACE_OUTER_BOUND('',#8634,.F.);
#8636=ADVANCED_FACE('',(#8635),#8628,.F.);
#8637=CARTESIAN_POINT('',(3.365255751051E-1,9.022763867626E0,-1.5E0));
#8638=DIRECTION('',(1.E0,0.E0,0.E0));
#8639=DIRECTION('',(0.E0,1.E0,0.E0));
#8640=AXIS2_PLACEMENT_3D('',#8637,#8638,#8639);
#8641=PLANE('',#8640);
#8642=ORIENTED_EDGE('',*,*,#5240,.F.);
#8643=ORIENTED_EDGE('',*,*,#8515,.F.);
#8644=ORIENTED_EDGE('',*,*,#7176,.T.);
#8645=ORIENTED_EDGE('',*,*,#8630,.T.);
#8646=EDGE_LOOP('',(#8642,#8643,#8644,#8645));
#8647=FACE_OUTER_BOUND('',#8646,.F.);
#8648=ADVANCED_FACE('',(#8647),#8641,.F.);
#8649=CARTESIAN_POINT('',(9.883491935650E0,9.883161796469E0,-1.5E0));
#8650=DIRECTION('',(2.051831551054E-12,1.E0,0.E0));
#8651=DIRECTION('',(-1.E0,2.051831551054E-12,0.E0));
#8652=AXIS2_PLACEMENT_3D('',#8649,#8650,#8651);
#8653=PLANE('',#8652);
#8654=ORIENTED_EDGE('',*,*,#5262,.F.);
#8656=ORIENTED_EDGE('',*,*,#8655,.F.);
#8658=ORIENTED_EDGE('',*,*,#8657,.T.);
#8660=ORIENTED_EDGE('',*,*,#8659,.T.);
#8661=EDGE_LOOP('',(#8654,#8656,#8658,#8660));
#8662=FACE_OUTER_BOUND('',#8661,.F.);
#8663=ADVANCED_FACE('',(#8662),#8653,.F.);
#8664=CARTESIAN_POINT('',(9.824199962658E0,9.876559938240E0,-1.5E0));
#8665=CARTESIAN_POINT('',(9.843500672669E0,9.880987289341E0,-1.5E0));
#8666=CARTESIAN_POINT('',(9.898637685116E0,9.886999977384E0,-1.5E0));
#8667=CARTESIAN_POINT('',(9.993297453911E0,9.869054214710E0,-1.5E0));
#8668=CARTESIAN_POINT('',(1.008946877624E1,9.805805303724E0,-1.5E0));
#8669=CARTESIAN_POINT('',(1.015271768722E1,9.709633981397E0,-1.5E0));
#8670=CARTESIAN_POINT('',(1.017062167059E1,9.615194588817E0,-1.5E0));
#8671=CARTESIAN_POINT('',(1.016469784402E1,9.560271324584E0,-1.5E0));
#8672=CARTESIAN_POINT('',(1.016036718764E1,9.541166992187E0,-1.5E0));
#8674=DIRECTION('',(0.E0,0.E0,1.E0));
#8675=VECTOR('',#8674,1.E0);
#8676=SURFACE_OF_LINEAR_EXTRUSION('',#8673,#8675);
#8677=ORIENTED_EDGE('',*,*,#5276,.T.);
#8679=ORIENTED_EDGE('',*,*,#8678,.F.);
#8681=ORIENTED_EDGE('',*,*,#8680,.F.);
#8682=ORIENTED_EDGE('',*,*,#8655,.T.);
#8683=EDGE_LOOP('',(#8677,#8679,#8681,#8682));
#8684=FACE_OUTER_BOUND('',#8683,.F.);
#8685=ADVANCED_FACE('',(#8684),#8676,.T.);
#8686=CARTESIAN_POINT('',(1.016682526898E1,8.597402957248E0,-1.5E0));
#8687=DIRECTION('',(1.E0,0.E0,0.E0));
#8688=DIRECTION('',(0.E0,1.E0,0.E0));
#8689=AXIS2_PLACEMENT_3D('',#8686,#8687,#8688);
#8690=PLANE('',#8689);
#8691=ORIENTED_EDGE('',*,*,#5274,.F.);
#8693=ORIENTED_EDGE('',*,*,#8692,.F.);
#8695=ORIENTED_EDGE('',*,*,#8694,.T.);
#8696=ORIENTED_EDGE('',*,*,#8678,.T.);
#8697=EDGE_LOOP('',(#8691,#8693,#8695,#8696));
#8698=FACE_OUTER_BOUND('',#8697,.F.);
#8699=ADVANCED_FACE('',(#8698),#8690,.F.);
#8700=CARTESIAN_POINT('',(1.016022341075E1,8.656694930241E0,-1.5E0));
#8701=CARTESIAN_POINT('',(1.016465076185E1,8.637394220230E0,-1.5E0));
#8702=CARTESIAN_POINT('',(1.017066344990E1,8.582257207782E0,-1.5E0));
#8703=CARTESIAN_POINT('',(1.015271768722E1,8.487597438988E0,-1.5E0));
#8704=CARTESIAN_POINT('',(1.008946877624E1,8.391426116660E0,-1.5E0));
#8705=CARTESIAN_POINT('',(9.993297453910E0,8.328177205674E0,-1.5E0));
#8706=CARTESIAN_POINT('',(9.898858061331E0,8.310273222304E0,-1.5E0));
#8707=CARTESIAN_POINT('',(9.843934797097E0,8.316197048876E0,-1.5E0));
#8708=CARTESIAN_POINT('',(9.824830464700E0,8.320527705254E0,-1.5E0));
#8710=DIRECTION('',(0.E0,0.E0,1.E0));
#8711=VECTOR('',#8710,1.E0);
#8712=SURFACE_OF_LINEAR_EXTRUSION('',#8709,#8711);
#8713=ORIENTED_EDGE('',*,*,#5272,.T.);
#8715=ORIENTED_EDGE('',*,*,#8714,.F.);
#8717=ORIENTED_EDGE('',*,*,#8716,.F.);
#8718=ORIENTED_EDGE('',*,*,#8692,.T.);
#8719=EDGE_LOOP('',(#8713,#8715,#8717,#8718));
#8720=FACE_OUTER_BOUND('',#8719,.F.);
#8721=ADVANCED_FACE('',(#8720),#8712,.T.);
#8722=CARTESIAN_POINT('',(1.962817982020E0,8.314069623931E0,-1.5E0));
#8723=DIRECTION('',(-2.051831551054E-12,-1.E0,0.E0));
#8724=DIRECTION('',(1.E0,-2.051831551054E-12,0.E0));
#8725=AXIS2_PLACEMENT_3D('',#8722,#8723,#8724);
#8726=PLANE('',#8725);
#8727=ORIENTED_EDGE('',*,*,#5270,.F.);
#8729=ORIENTED_EDGE('',*,*,#8728,.F.);
#8731=ORIENTED_EDGE('',*,*,#8730,.T.);
#8732=ORIENTED_EDGE('',*,*,#8714,.T.);
#8733=EDGE_LOOP('',(#8727,#8729,#8731,#8732));
#8734=FACE_OUTER_BOUND('',#8733,.F.);
#8735=ADVANCED_FACE('',(#8734),#8726,.F.);
#8736=CARTESIAN_POINT('',(2.022109955023E0,8.320671482160E0,-1.5E0));
#8737=CARTESIAN_POINT('',(2.002809245009E0,8.316244131059E0,-1.5E0));
#8738=CARTESIAN_POINT('',(1.947672232557E0,8.310231443017E0,-1.5E0));
#8739=CARTESIAN_POINT('',(1.853012463759E0,8.328177205695E0,-1.5E0));
#8740=CARTESIAN_POINT('',(1.756841141432E0,8.391426116685E0,-1.5E0));
#8741=CARTESIAN_POINT('',(1.693592230446E0,8.487597439014E0,-1.5E0));
#8742=CARTESIAN_POINT('',(1.675688247076E0,8.582036831595E0,-1.5E0));
#8743=CARTESIAN_POINT('',(1.681612073648E0,8.636960095828E0,-1.5E0));
#8744=CARTESIAN_POINT('',(1.685942730026E0,8.656064428225E0,-1.5E0));
#8746=DIRECTION('',(0.E0,0.E0,1.E0));
#8747=VECTOR('',#8746,1.E0);
#8748=SURFACE_OF_LINEAR_EXTRUSION('',#8745,#8747);
#8749=ORIENTED_EDGE('',*,*,#5268,.T.);
#8751=ORIENTED_EDGE('',*,*,#8750,.F.);
#8753=ORIENTED_EDGE('',*,*,#8752,.F.);
#8754=ORIENTED_EDGE('',*,*,#8728,.T.);
#8755=EDGE_LOOP('',(#8749,#8751,#8753,#8754));
#8756=FACE_OUTER_BOUND('',#8755,.F.);
#8757=ADVANCED_FACE('',(#8756),#8748,.T.);
#8758=CARTESIAN_POINT('',(1.679484648687E0,9.599828463164E0,-1.5E0));
#8759=DIRECTION('',(-1.E0,0.E0,0.E0));
#8760=DIRECTION('',(0.E0,-1.E0,0.E0));
#8761=AXIS2_PLACEMENT_3D('',#8758,#8759,#8760);
#8762=PLANE('',#8761);
#8763=ORIENTED_EDGE('',*,*,#5266,.F.);
#8765=ORIENTED_EDGE('',*,*,#8764,.F.);
#8767=ORIENTED_EDGE('',*,*,#8766,.T.);
#8768=ORIENTED_EDGE('',*,*,#8750,.T.);
#8769=EDGE_LOOP('',(#8763,#8765,#8767,#8768));
#8770=FACE_OUTER_BOUND('',#8769,.F.);
#8771=ADVANCED_FACE('',(#8770),#8762,.F.);
#8772=CARTESIAN_POINT('',(1.686086506916E0,9.540536490171E0,-1.5E0));
#8773=CARTESIAN_POINT('',(1.681659155815E0,9.559837200182E0,-1.5E0));
#8774=CARTESIAN_POINT('',(1.675646467772E0,9.614974212629E0,-1.5E0));
#8775=CARTESIAN_POINT('',(1.693592230445E0,9.709633981423E0,-1.5E0));
#8776=CARTESIAN_POINT('',(1.756841141432E0,9.805805303749E0,-1.5E0));
#8777=CARTESIAN_POINT('',(1.853012463760E0,9.869054214731E0,-1.5E0));
#8778=CARTESIAN_POINT('',(1.947451856336E0,9.886958198096E0,-1.5E0));
#8779=CARTESIAN_POINT('',(2.002375120565E0,9.881034371524E0,-1.5E0));
#8780=CARTESIAN_POINT('',(2.021479452959E0,9.876703715146E0,-1.5E0));
#8782=DIRECTION('',(0.E0,0.E0,1.E0));
#8783=VECTOR('',#8782,1.E0);
#8784=SURFACE_OF_LINEAR_EXTRUSION('',#8781,#8783);
#8785=ORIENTED_EDGE('',*,*,#5264,.T.);
#8786=ORIENTED_EDGE('',*,*,#8659,.F.);
#8788=ORIENTED_EDGE('',*,*,#8787,.F.);
#8789=ORIENTED_EDGE('',*,*,#8764,.T.);
#8790=EDGE_LOOP('',(#8785,#8786,#8788,#8789));
#8791=FACE_OUTER_BOUND('',#8790,.F.);
#8792=ADVANCED_FACE('',(#8791),#8784,.T.);
#8793=CARTESIAN_POINT('',(0.E0,0.E0,9.E-1));
#8794=DIRECTION('',(0.E0,0.E0,1.E0));
#8795=DIRECTION('',(1.E0,0.E0,0.E0));
#8796=AXIS2_PLACEMENT_3D('',#8793,#8794,#8795);
#8797=PLANE('',#8796);
#8798=ORIENTED_EDGE('',*,*,#8657,.F.);
#8799=ORIENTED_EDGE('',*,*,#8680,.T.);
#8800=ORIENTED_EDGE('',*,*,#8694,.F.);
#8801=ORIENTED_EDGE('',*,*,#8716,.T.);
#8802=ORIENTED_EDGE('',*,*,#8730,.F.);
#8803=ORIENTED_EDGE('',*,*,#8752,.T.);
#8804=ORIENTED_EDGE('',*,*,#8766,.F.);
#8805=ORIENTED_EDGE('',*,*,#8787,.T.);
#8806=EDGE_LOOP('',(#8798,#8799,#8800,#8801,#8802,#8803,#8804,#8805));
#8807=FACE_OUTER_BOUND('',#8806,.F.);
#8809=ORIENTED_EDGE('',*,*,#8808,.F.);
#8811=ORIENTED_EDGE('',*,*,#8810,.F.);
#8813=ORIENTED_EDGE('',*,*,#8812,.F.);
#8815=ORIENTED_EDGE('',*,*,#8814,.F.);
#8817=ORIENTED_EDGE('',*,*,#8816,.F.);
#8819=ORIENTED_EDGE('',*,*,#8818,.F.);
#8821=ORIENTED_EDGE('',*,*,#8820,.F.);
#8823=ORIENTED_EDGE('',*,*,#8822,.F.);
#8824=EDGE_LOOP('',(#8809,#8811,#8813,#8815,#8817,#8819,#8821,#8823));
#8825=FACE_BOUND('',#8824,.F.);
#8826=ADVANCED_FACE('',(#8807,#8825),#8797,.T.);
#8827=CARTESIAN_POINT('',(9.829998982296E0,9.654418141656E0,-1.5E0));
#8828=CARTESIAN_POINT('',(9.841984384221E0,9.674327173182E0,-1.5E0));
#8829=CARTESIAN_POINT('',(9.882673481039E0,9.692023806949E0,-1.5E0));
#8830=CARTESIAN_POINT('',(9.949046303837E0,9.665382831324E0,-1.5E0));
#8831=CARTESIAN_POINT('',(9.975004764652E0,9.600710413016E0,-1.5E0));
#8832=CARTESIAN_POINT('',(9.959299054847E0,9.561454993391E0,-1.5E0));
#8833=CARTESIAN_POINT('',(9.942485505862E0,9.549249489026E0,-1.5E0));
#8835=DIRECTION('',(0.E0,0.E0,1.E0));
#8836=VECTOR('',#8835,1.E0);
#8837=SURFACE_OF_LINEAR_EXTRUSION('',#8834,#8836);
#8838=ORIENTED_EDGE('',*,*,#5306,.F.);
#8840=ORIENTED_EDGE('',*,*,#8839,.F.);
#8841=ORIENTED_EDGE('',*,*,#8808,.T.);
#8843=ORIENTED_EDGE('',*,*,#8842,.T.);
#8844=EDGE_LOOP('',(#8838,#8840,#8841,#8843));
#8845=FACE_OUTER_BOUND('',#8844,.F.);
#8846=ADVANCED_FACE('',(#8845),#8837,.F.);
#8847=CARTESIAN_POINT('',(1.962817982020E0,9.683161796486E0,-1.5E0));
#8848=DIRECTION('',(-2.051354980714E-12,-1.E0,0.E0));
#8849=DIRECTION('',(1.E0,-2.051354980714E-12,0.E0));
#8850=AXIS2_PLACEMENT_3D('',#8847,#8848,#8849);
#8851=PLANE('',#8850);
#8852=ORIENTED_EDGE('',*,*,#5320,.F.);
#8854=ORIENTED_EDGE('',*,*,#8853,.F.);
#8855=ORIENTED_EDGE('',*,*,#8810,.T.);
#8856=ORIENTED_EDGE('',*,*,#8839,.T.);
#8857=EDGE_LOOP('',(#8852,#8854,#8855,#8856));
#8858=FACE_OUTER_BOUND('',#8857,.F.);
#8859=ADVANCED_FACE('',(#8858),#8851,.F.);
#8860=CARTESIAN_POINT('',(1.908228303506E0,9.546335509814E0,-1.5E0));
#8861=CARTESIAN_POINT('',(1.888319271976E0,9.558320911735E0,-1.5E0));
#8862=CARTESIAN_POINT('',(1.870622638205E0,9.599010008551E0,-1.5E0));
#8863=CARTESIAN_POINT('',(1.897263613832E0,9.665382831349E0,-1.5E0));
#8864=CARTESIAN_POINT('',(1.961936032138E0,9.691341292154E0,-1.5E0));
#8865=CARTESIAN_POINT('',(2.001191451755E0,9.675635582345E0,-1.5E0));
#8866=CARTESIAN_POINT('',(2.013396956115E0,9.658822033362E0,-1.5E0));
#8868=DIRECTION('',(0.E0,0.E0,1.E0));
#8869=VECTOR('',#8868,1.E0);
#8870=SURFACE_OF_LINEAR_EXTRUSION('',#8867,#8869);
#8871=ORIENTED_EDGE('',*,*,#5318,.F.);
#8873=ORIENTED_EDGE('',*,*,#8872,.F.);
#8874=ORIENTED_EDGE('',*,*,#8812,.T.);
#8875=ORIENTED_EDGE('',*,*,#8853,.T.);
#8876=EDGE_LOOP('',(#8871,#8873,#8874,#8875));
#8877=FACE_OUTER_BOUND('',#8876,.F.);
#8878=ADVANCED_FACE('',(#8877),#8870,.F.);
#8879=CARTESIAN_POINT('',(1.879484648687E0,8.597402957276E0,-1.5E0));
#8880=DIRECTION('',(1.E0,0.E0,0.E0));
#8881=DIRECTION('',(0.E0,1.E0,0.E0));
#8882=AXIS2_PLACEMENT_3D('',#8879,#8880,#8881);
#8883=PLANE('',#8882);
#8884=ORIENTED_EDGE('',*,*,#5316,.F.);
#8886=ORIENTED_EDGE('',*,*,#8885,.F.);
#8887=ORIENTED_EDGE('',*,*,#8814,.T.);
#8888=ORIENTED_EDGE('',*,*,#8872,.T.);
#8889=EDGE_LOOP('',(#8884,#8886,#8887,#8888));
#8890=FACE_OUTER_BOUND('',#8889,.F.);
#8891=ADVANCED_FACE('',(#8890),#8883,.F.);
#8892=CARTESIAN_POINT('',(2.016310935385E0,8.542813278741E0,-1.5E0));
#8893=CARTESIAN_POINT('',(2.004325533457E0,8.522904247216E0,-1.5E0));
#8894=CARTESIAN_POINT('',(1.963636436634E0,8.505207613451E0,-1.5E0));
#8895=CARTESIAN_POINT('',(1.897263613832E0,8.531848589082E0,-1.5E0));
#8896=CARTESIAN_POINT('',(1.871305153018E0,8.596521007394E0,-1.5E0));
#8897=CARTESIAN_POINT('',(1.887010862822E0,8.635776427021E0,-1.5E0));
#8898=CARTESIAN_POINT('',(1.903824411805E0,8.647981931387E0,-1.5E0));
#8900=DIRECTION('',(0.E0,0.E0,1.E0));
#8901=VECTOR('',#8900,1.E0);
#8902=SURFACE_OF_LINEAR_EXTRUSION('',#8899,#8901);
#8903=ORIENTED_EDGE('',*,*,#5314,.F.);
#8905=ORIENTED_EDGE('',*,*,#8904,.F.);
#8906=ORIENTED_EDGE('',*,*,#8816,.T.);
#8907=ORIENTED_EDGE('',*,*,#8885,.T.);
#8908=EDGE_LOOP('',(#8903,#8905,#8906,#8907));
#8909=FACE_OUTER_BOUND('',#8908,.F.);
#8910=ADVANCED_FACE('',(#8909),#8902,.F.);
#8911=CARTESIAN_POINT('',(9.883491935650E0,8.514069623915E0,-1.5E0));
#8912=DIRECTION('',(2.051607282660E-12,1.E0,0.E0));
#8913=DIRECTION('',(-1.E0,2.051607282660E-12,0.E0));
#8914=AXIS2_PLACEMENT_3D('',#8911,#8912,#8913);
#8915=PLANE('',#8914);
#8916=ORIENTED_EDGE('',*,*,#5312,.F.);
#8918=ORIENTED_EDGE('',*,*,#8917,.F.);
#8919=ORIENTED_EDGE('',*,*,#8818,.T.);
#8920=ORIENTED_EDGE('',*,*,#8904,.T.);
#8921=EDGE_LOOP('',(#8916,#8918,#8919,#8920));
#8922=FACE_OUTER_BOUND('',#8921,.F.);
#8923=ADVANCED_FACE('',(#8922),#8915,.F.);
#8924=CARTESIAN_POINT('',(9.938081614170E0,8.650895910602E0,-1.5E0));
#8925=CARTESIAN_POINT('',(9.957990645696E0,8.638910508677E0,-1.5E0));
#8926=CARTESIAN_POINT('',(9.975687279463E0,8.598221411860E0,-1.5E0));
#8927=CARTESIAN_POINT('',(9.949046303838E0,8.531848589061E0,-1.5E0));
#8928=CARTESIAN_POINT('',(9.884373885530E0,8.505890128246E0,-1.5E0));
#8929=CARTESIAN_POINT('',(9.845118465904E0,8.521595838051E0,-1.5E0));
#8930=CARTESIAN_POINT('',(9.832912961540E0,8.538409387036E0,-1.5E0));
#8932=DIRECTION('',(0.E0,0.E0,1.E0));
#8933=VECTOR('',#8932,1.E0);
#8934=SURFACE_OF_LINEAR_EXTRUSION('',#8931,#8933);
#8935=ORIENTED_EDGE('',*,*,#5310,.F.);
#8937=ORIENTED_EDGE('',*,*,#8936,.F.);
#8938=ORIENTED_EDGE('',*,*,#8820,.T.);
#8939=ORIENTED_EDGE('',*,*,#8917,.T.);
#8940=EDGE_LOOP('',(#8935,#8937,#8938,#8939));
#8941=FACE_OUTER_BOUND('',#8940,.F.);
#8942=ADVANCED_FACE('',(#8941),#8934,.F.);
#8943=CARTESIAN_POINT('',(9.966825268983E0,9.599828463136E0,-1.5E0));
#8944=DIRECTION('',(-1.E0,0.E0,0.E0));
#8945=DIRECTION('',(0.E0,-1.E0,0.E0));
#8946=AXIS2_PLACEMENT_3D('',#8943,#8944,#8945);
#8947=PLANE('',#8946);
#8948=ORIENTED_EDGE('',*,*,#5308,.F.);
#8949=ORIENTED_EDGE('',*,*,#8842,.F.);
#8950=ORIENTED_EDGE('',*,*,#8822,.T.);
#8951=ORIENTED_EDGE('',*,*,#8936,.T.);
#8952=EDGE_LOOP('',(#8948,#8949,#8950,#8951));
#8953=FACE_OUTER_BOUND('',#8952,.F.);
#8954=ADVANCED_FACE('',(#8953),#8947,.F.);
#8955=CARTESIAN_POINT('',(1.458591368706E-1,2.091233969819E1,
5.910926114068E-1));
#8956=CARTESIAN_POINT('',(-1.368696083714E-1,2.091436398065E1,
5.917566308433E-1));
#8957=CARTESIAN_POINT('',(-8.966490893977E-1,2.090398863403E1,
5.883558072741E-1));
#8958=CARTESIAN_POINT('',(-2.106995844601E0,2.081961486038E1,
5.606688984327E-1));
#8959=CARTESIAN_POINT('',(-3.423226453681E0,2.063626778317E1,
4.938683296613E-1));
#8960=CARTESIAN_POINT('',(-4.599930935503E0,2.039532930487E1,
3.922492729923E-1));
#8961=CARTESIAN_POINT('',(-5.622336907635E0,2.012505530834E1,
2.587693650599E-1));
#8962=CARTESIAN_POINT('',(-6.510946014864E0,1.984154039449E1,
9.466852772895E-2));
#8963=CARTESIAN_POINT('',(-7.284930720763E0,1.955543133536E1,
-9.902078405024E-2));
#8964=CARTESIAN_POINT('',(-7.958054182371E0,1.927504902477E1,
-3.204353587673E-1));
#8965=CARTESIAN_POINT('',(-8.542054512341E0,1.900639129042E1,
-5.675749628661E-1));
#8966=CARTESIAN_POINT('',(-9.045918906697E0,1.875429874544E1,
-8.378966121057E-1));
#8967=CARTESIAN_POINT('',(-9.476231539207E0,1.852302161559E1,
-1.127845119605E0));
#8968=CARTESIAN_POINT('',(-9.837428632004E0,1.831661530738E1,
-1.432024039648E0));
#8969=CARTESIAN_POINT('',(-1.013237846618E1,1.813900253334E1,
-1.742001907533E0));
#8970=CARTESIAN_POINT('',(-1.037126495305E1,1.798862362688E1,
-2.055292194175E0));
#8971=CARTESIAN_POINT('',(-1.057091185962E1,1.785788591918E1,
-2.385451551132E0));
#8972=CARTESIAN_POINT('',(-1.074302773271E1,1.774046495812E1,
-2.762313602952E0));
#8973=CARTESIAN_POINT('',(-1.087981948346E1,1.764202383387E1,
-3.213018866822E0));
#8974=CARTESIAN_POINT('',(-1.093324668055E1,1.759873642480E1,
-3.597724359328E0));
#8975=CARTESIAN_POINT('',(-1.094028627111E1,1.758943015396E1,
-3.824897236558E0));
#8976=CARTESIAN_POINT('',(-1.094066560378E1,1.758819860452E1,
-3.872554261445E0));
#8977=CARTESIAN_POINT('',(1.456655067086E-1,2.098046857074E1,
3.551734778865E-1));
#8978=CARTESIAN_POINT('',(-1.366878801223E-1,2.098238802951E1,
3.558066577495E-1));
#8979=CARTESIAN_POINT('',(-8.954593841126E-1,2.097254994786E1,
3.525637642733E-1));
#8980=CARTESIAN_POINT('',(-2.104185073628E0,2.089254525503E1,
3.261629518387E-1));
#8981=CARTESIAN_POINT('',(-3.418584347546E0,2.071870441157E1,
2.625009523380E-1));
#8982=CARTESIAN_POINT('',(-4.593542258121E0,2.049028354250E1,
1.657243690390E-1));
#8983=CARTESIAN_POINT('',(-5.614292327424E0,2.023408718696E1,
3.869019243604E-2));
#8984=CARTESIAN_POINT('',(-6.501300023759E0,1.996538397873E1,
-1.173929020439E-1));
#8985=CARTESIAN_POINT('',(-7.273706932517E0,1.969427333890E1,
-3.015207338014E-1));
#8986=CARTESIAN_POINT('',(-7.945258650738E0,1.942864533520E1,
-5.119040119683E-1));
#8987=CARTESIAN_POINT('',(-8.527683326675E0,1.917418422266E1,
-7.466263362631E-1));
#8988=CARTESIAN_POINT('',(-9.029969316494E0,1.893547349462E1,
-1.003258057623E0));
#8989=CARTESIAN_POINT('',(-9.458715945749E0,1.871653262233E1,
-1.278411473962E0));
#8990=CARTESIAN_POINT('',(-9.818392258653E0,1.852119119183E1,
-1.566956555333E0));
#8991=CARTESIAN_POINT('',(-1.011191897393E1,1.835314733962E1,
-1.860893124455E0));
#8992=CARTESIAN_POINT('',(-1.034950511509E1,1.821090805400E1,
-2.157869030736E0));
#8993=CARTESIAN_POINT('',(-1.054794445765E1,1.808727702368E1,
-2.470738424577E0));
#8994=CARTESIAN_POINT('',(-1.071891202866E1,1.797626451734E1,
-2.827758468137E0));
#8995=CARTESIAN_POINT('',(-1.085470385228E1,1.788321460919E1,
-3.254611520297E0));
#8996=CARTESIAN_POINT('',(-1.090771216604E1,1.784229851097E1,
-3.618875924680E0));
#8997=CARTESIAN_POINT('',(-1.091469766601E1,1.783349633780E1,
-3.833969055780E0));
#8998=CARTESIAN_POINT('',(-1.091507489219E1,1.783233090925E1,
-3.879091835854E0));
#8999=CARTESIAN_POINT('',(1.440947500999E-1,2.083740823292E1,
1.555970172173E-1));
#9000=CARTESIAN_POINT('',(-1.352136735971E-1,2.083921962860E1,
1.562833079794E-1));
#9001=CARTESIAN_POINT('',(-8.858083182866E-1,2.082993534201E1,
1.527679782249E-1));
#9002=CARTESIAN_POINT('',(-2.081383682374E0,2.075443335612E1,
1.241579443460E-1));
#9003=CARTESIAN_POINT('',(-3.380926893681E0,2.059067860089E1,
5.605463924586E-2));
#9004=CARTESIAN_POINT('',(-4.541716359107E0,2.037614540634E1,
-4.578001932780E-2));
#9005=CARTESIAN_POINT('',(-5.549033498932E0,2.013642552302E1,
-1.773353371172E-1));
#9006=CARTESIAN_POINT('',(-6.423050312439E0,1.988611478384E1,
-3.366455345717E-1));
#9007=CARTESIAN_POINT('',(-7.182657896645E0,1.963484347084E1,
-5.221323619914E-1));
#9008=CARTESIAN_POINT('',(-7.841459399265E0,1.939005885061E1,
-7.315424283325E-1));
#9009=CARTESIAN_POINT('',(-8.411102135862E0,1.915705040126E1,
-9.625729163299E-1));
#9010=CARTESIAN_POINT('',(-8.900583873843E0,1.893998190712E1,
-1.212471617535E0));
#9011=CARTESIAN_POINT('',(-9.316626852296E0,1.874237956984E1,
-1.477625632021E0));
#9012=CARTESIAN_POINT('',(-9.663966373018E0,1.856746135993E1,
-1.752867566668E0));
#9013=CARTESIAN_POINT('',(-9.945948536618E0,1.841818033247E1,
-2.030514453162E0));
#9014=CARTESIAN_POINT('',(-1.017298608036E1,1.829277430577E1,
-2.308487212820E0));
#9015=CARTESIAN_POINT('',(-1.036162948451E1,1.818453185407E1,
-2.598903927485E0));
#9016=CARTESIAN_POINT('',(-1.052328185864E1,1.808798122934E1,
-2.927640238124E0));
#9017=CARTESIAN_POINT('',(-1.065096212491E1,1.800752066943E1,
-3.317612374842E0));
#9018=CARTESIAN_POINT('',(-1.070057239494E1,1.797215638809E1,
-3.648355503453E0));
#9019=CARTESIAN_POINT('',(-1.070711910403E1,1.796440527453E1,
-3.843427746443E0));
#9020=CARTESIAN_POINT('',(-1.070747924216E1,1.796336422380E1,
-3.884347522721E0));
#9021=CARTESIAN_POINT('',(1.423431416257E-1,2.059211219462E1,
1.443589272575E-1));
#9022=CARTESIAN_POINT('',(-1.335697316725E-1,2.059389458775E1,
1.451418305924E-1));
#9023=CARTESIAN_POINT('',(-8.750460597721E-1,2.058475886078E1,
1.411311832897E-1));
#9024=CARTESIAN_POINT('',(-2.055957012243E0,2.051046398549E1,
1.084991339665E-1));
#9025=CARTESIAN_POINT('',(-3.338933681657E0,2.034969369583E1,
3.175710814050E-2));
#9026=CARTESIAN_POINT('',(-4.483923392715E0,2.013984150886E1,
-8.118398818489E-2));
#9027=CARTESIAN_POINT('',(-5.476260978751E0,1.990644859097E1,
-2.247840578438E-1));
#9028=CARTESIAN_POINT('',(-6.335791180952E0,1.966410353969E1,
-3.961084705210E-1));
#9029=CARTESIAN_POINT('',(-7.081125767530E0,1.942240300217E1,
-5.928397700019E-1));
#9030=CARTESIAN_POINT('',(-7.725709035719E0,1.918867670230E1,
-8.120758989096E-1));
#9031=CARTESIAN_POINT('',(-8.281098161578E0,1.896803879566E1,
-1.050951664553E0));
#9032=CARTESIAN_POINT('',(-8.756301407333E0,1.876439041519E1,
-1.306202062959E0));
#9033=CARTESIAN_POINT('',(-9.158178077477E0,1.858087764754E1,
-1.573767822444E0));
#9034=CARTESIAN_POINT('',(-9.491760387431E0,1.842018685379E1,
-1.848168863236E0));
#9035=CARTESIAN_POINT('',(-9.760868796788E0,1.828457294976E1,
-2.121683763948E0));
#9036=CARTESIAN_POINT('',(-9.976143211531E0,1.817187375638E1,
-2.392437242028E0));
#9037=CARTESIAN_POINT('',(-1.015386280441E1,1.807558197680E1,
-2.672338326772E0));
#9038=CARTESIAN_POINT('',(-1.030512745986E1,1.799053261723E1,
-2.985889824997E0));
#9039=CARTESIAN_POINT('',(-1.042376223015E1,1.792027159949E1,
-3.354040527198E0));
#9040=CARTESIAN_POINT('',(-1.046958321661E1,1.788941142560E1,
-3.663711704672E0));
#9041=CARTESIAN_POINT('',(-1.047564061385E1,1.788245785571E1,
-3.846069651949E0));
#9042=CARTESIAN_POINT('',(-1.047598169645E1,1.788150471466E1,
-3.884318636606E0));
#9043=(BOUNDED_SURFACE()B_SPLINE_SURFACE(3,3,((#8955,#8956,#8957,#8958,#8959,
#8960,#8961,#8962,#8963,#8964,#8965,#8966,#8967,#8968,#8969,#8970,#8971,#8972,
#8973,#8974,#8975,#8976),(#8977,#8978,#8979,#8980,#8981,#8982,#8983,#8984,#8985,
#8986,#8987,#8988,#8989,#8990,#8991,#8992,#8993,#8994,#8995,#8996,#8997,#8998),(
#8999,#9000,#9001,#9002,#9003,#9004,#9005,#9006,#9007,#9008,#9009,#9010,#9011,
#9012,#9013,#9014,#9015,#9016,#9017,#9018,#9019,#9020),(#9021,#9022,#9023,#9024,
#9025,#9026,#9027,#9028,#9029,#9030,#9031,#9032,#9033,#9034,#9035,#9036,#9037,
#9038,#9039,#9040,#9041,#9042)),.UNSPECIFIED.,.F.,.F.,.F.)B_SPLINE_SURFACE_WITH_KNOTS((4,4),(4,1,1,1,1,1,1,1,1,1,1,1,1,1,1,1,1,1,1,4),(0.E0,1.E0),(
4.988331920406E-1,5.311416832944E-1,5.856432452970E-1,6.373777955099E-1,
6.828917284408E-1,7.228813305865E-1,7.584316385952E-1,7.900861211729E-1,
8.184034628547E-1,8.438519147981E-1,8.667784187944E-1,8.874481723252E-1,
9.060503081819E-1,9.226273821830E-1,9.371040819143E-1,9.507560548851E-1,
9.653441220761E-1,9.817233580931E-1,1.E0,1.004851745597E0),.UNSPECIFIED.)GEOMETRIC_REPRESENTATION_ITEM()RATIONAL_B_SPLINE_SURFACE(((1.235174550604E0,
1.235174550604E0,1.235174550604E0,1.235174550604E0,1.235174550604E0,
1.235174550604E0,1.235174550604E0,1.235174550604E0,1.235174550604E0,
1.235174550604E0,1.235174550604E0,1.235174550604E0,1.235174550604E0,
1.235174550604E0,1.235174550604E0,1.235174550604E0,1.235174550604E0,
1.235174550604E0,1.235174550604E0,1.235174550604E0,1.235174550604E0,
1.235174550604E0),(9.216084831320E-1,9.216084831320E-1,9.216084831320E-1,
9.216084831320E-1,9.216084831320E-1,9.216084831320E-1,9.216084831320E-1,
9.216084831320E-1,9.216084831320E-1,9.216084831320E-1,9.216084831320E-1,
9.216084831320E-1,9.216084831320E-1,9.216084831320E-1,9.216084831320E-1,
9.216084831320E-1,9.216084831320E-1,9.216084831320E-1,9.216084831320E-1,
9.216084831320E-1,9.216084831320E-1,9.216084831320E-1),(9.216084831320E-1,
9.216084831320E-1,9.216084831320E-1,9.216084831320E-1,9.216084831320E-1,
9.216084831320E-1,9.216084831320E-1,9.216084831320E-1,9.216084831320E-1,
9.216084831320E-1,9.216084831320E-1,9.216084831320E-1,9.216084831320E-1,
9.216084831320E-1,9.216084831320E-1,9.216084831320E-1,9.216084831320E-1,
9.216084831320E-1,9.216084831320E-1,9.216084831320E-1,9.216084831320E-1,
9.216084831320E-1),(1.235174550604E0,1.235174550604E0,1.235174550604E0,
1.235174550604E0,1.235174550604E0,1.235174550604E0,1.235174550604E0,
1.235174550604E0,1.235174550604E0,1.235174550604E0,1.235174550604E0,
1.235174550604E0,1.235174550604E0,1.235174550604E0,1.235174550604E0,
1.235174550604E0,1.235174550604E0,1.235174550604E0,1.235174550604E0,
1.235174550604E0,1.235174550604E0,1.235174550604E0)))REPRESENTATION_ITEM('')SURFACE());
#9044=ORIENTED_EDGE('',*,*,#4972,.F.);
#9045=ORIENTED_EDGE('',*,*,#4354,.T.);
#9047=ORIENTED_EDGE('',*,*,#9046,.T.);
#9048=ORIENTED_EDGE('',*,*,#4865,.F.);
#9049=ORIENTED_EDGE('',*,*,#4954,.F.);
#9050=EDGE_LOOP('',(#9044,#9045,#9047,#9048,#9049));
#9051=FACE_OUTER_BOUND('',#9050,.F.);
#9052=ADVANCED_FACE('',(#9051),#9043,.T.);
#9053=CARTESIAN_POINT('',(-1.085333529303E1,1.778436811902E1,
-3.624828334316E0));
#9054=CARTESIAN_POINT('',(-1.085543608504E1,1.778229691413E1,
-3.664349277901E0));
#9055=CARTESIAN_POINT('',(-1.086911495294E1,1.776880320731E1,
-3.921824542194E0));
#9056=CARTESIAN_POINT('',(-1.089373799777E1,1.774442542587E1,
-4.386980321982E0));
#9057=CARTESIAN_POINT('',(-1.091613563128E1,1.772211852846E1,
-4.812621280572E0));
#9058=CARTESIAN_POINT('',(-1.092703256256E1,1.771123433342E1,
-5.020304093773E0));
#9059=CARTESIAN_POINT('',(-1.075689592440E1,1.790248569956E1,
-3.636144986473E0));
#9060=CARTESIAN_POINT('',(-1.075899661614E1,1.790041459353E1,
-3.675664043665E0));
#9061=CARTESIAN_POINT('',(-1.077267483171E1,1.788692153021E1,
-3.933127029202E0));
#9062=CARTESIAN_POINT('',(-1.079729670908E1,1.786254490462E1,
-4.398260754198E0));
#9063=CARTESIAN_POINT('',(-1.081969329065E1,1.784023905490E1,
-4.823881721593E0));
#9064=CARTESIAN_POINT('',(-1.083058971246E1,1.782935536874E1,
-5.031554824937E0));
#9065=CARTESIAN_POINT('',(-1.060989088073E1,1.794336072699E1,
-3.646101418469E0));
#9066=CARTESIAN_POINT('',(-1.061199141962E1,1.794128977166E1,
-3.685617600183E0));
#9067=CARTESIAN_POINT('',(-1.062566864082E1,1.792779768925E1,
-3.943061868891E0));
#9068=CARTESIAN_POINT('',(-1.065028873862E1,1.790342282553E1,
-4.408161975193E0));
#9069=CARTESIAN_POINT('',(-1.067268371668E1,1.788111857284E1,
-4.833752469489E0));
#9070=CARTESIAN_POINT('',(-1.068357936189E1,1.787023566237E1,
-5.041410771845E0));
#9071=CARTESIAN_POINT('',(-1.046592236763E1,1.789208900775E1,
-3.651067232993E0));
#9072=CARTESIAN_POINT('',(-1.046802275683E1,1.789001820001E1,
-3.690580598626E0));
#9073=CARTESIAN_POINT('',(-1.048169900420E1,1.787652707824E1,
-3.948006537120E0));
#9074=CARTESIAN_POINT('',(-1.050631735918E1,1.785215394001E1,
-4.413073719154E0));
#9075=CARTESIAN_POINT('',(-1.052871076686E1,1.782985125136E1,
-4.838634369801E0));
#9076=CARTESIAN_POINT('',(-1.053960565152E1,1.781896910055E1,
-5.046278176898E0));
#9077=(BOUNDED_SURFACE()B_SPLINE_SURFACE(3,3,((#9053,#9054,#9055,#9056,#9057,
#9058),(#9059,#9060,#9061,#9062,#9063,#9064),(#9065,#9066,#9067,#9068,#9069,
#9070),(#9071,#9072,#9073,#9074,#9075,#9076)),.UNSPECIFIED.,.F.,.F.,.F.)B_SPLINE_SURFACE_WITH_KNOTS((4,4),(4,1,1,4),(0.E0,1.E0),(-1.159279279583E-2,0.E0,
6.393306176511E-2,1.248512076666E-1),.UNSPECIFIED.)GEOMETRIC_REPRESENTATION_ITEM()RATIONAL_B_SPLINE_SURFACE(((1.100300155911E0,1.100300155911E0,1.100300155911E0,
1.100300155911E0,1.100300155911E0,1.100300155911E0),(9.665666146962E-1,
9.665666146962E-1,9.665666146962E-1,9.665666146962E-1,9.665666146962E-1,
9.665666146962E-1),(9.665666146962E-1,9.665666146962E-1,9.665666146962E-1,
9.665666146962E-1,9.665666146962E-1,9.665666146962E-1),(1.100300155911E0,
1.100300155911E0,1.100300155911E0,1.100300155911E0,1.100300155911E0,
1.100300155911E0)))REPRESENTATION_ITEM('')SURFACE());
#9078=ORIENTED_EDGE('',*,*,#4853,.F.);
#9079=ORIENTED_EDGE('',*,*,#9046,.F.);
#9080=ORIENTED_EDGE('',*,*,#4352,.T.);
#9082=ORIENTED_EDGE('',*,*,#9081,.T.);
#9083=EDGE_LOOP('',(#9078,#9079,#9080,#9082));
#9084=FACE_OUTER_BOUND('',#9083,.F.);
#9085=ADVANCED_FACE('',(#9084),#9077,.T.);
#9086=CARTESIAN_POINT('',(-1.083500819638E1,1.779289421488E1,
-4.909753770100E0));
#9087=CARTESIAN_POINT('',(-1.083539645310E1,1.779251872265E1,
-4.916918588730E0));
#9088=CARTESIAN_POINT('',(-1.083555264442E1,1.779211554916E1,
-4.924611597274E0));
#9089=CARTESIAN_POINT('',(-1.083542152801E1,1.779171250339E1,
-4.932302168732E0));
#9090=CARTESIAN_POINT('',(-1.083541179136E1,1.779168631320E1,
-4.932801907326E0));
#9091=CARTESIAN_POINT('',(-1.077797758850E1,1.782837200184E1,
-4.914688818069E0));
#9092=CARTESIAN_POINT('',(-1.077829559159E1,1.782806430714E1,
-4.920559982662E0));
#9093=CARTESIAN_POINT('',(-1.077842310284E1,1.782773411487E1,
-4.926860426496E0));
#9094=CARTESIAN_POINT('',(-1.077831580546E1,1.782740407507E1,
-4.933157961005E0));
#9095=CARTESIAN_POINT('',(-1.077830783918E1,1.782738262902E1,
-4.933567176085E0));
#9096=CARTESIAN_POINT('',(-1.071323362900E1,1.784637260775E1,
-4.919123917023E0));
#9097=CARTESIAN_POINT('',(-1.071347187670E1,1.784614188016E1,
-4.923526461734E0));
#9098=CARTESIAN_POINT('',(-1.071356682893E1,1.784589453977E1,
-4.928245997412E0));
#9099=CARTESIAN_POINT('',(-1.071348657210E1,1.784564737996E1,
-4.932962087655E0));
#9100=CARTESIAN_POINT('',(-1.071348061561E1,1.784563131968E1,
-4.933268535976E0));
#9101=CARTESIAN_POINT('',(-1.064598932641E1,1.784544667251E1,
-4.922701964787E0));
#9102=CARTESIAN_POINT('',(-1.064614473866E1,1.784529588441E1,
-4.925579173074E0));
#9103=CARTESIAN_POINT('',(-1.064620587446E1,1.784513459557E1,
-4.928656747599E0));
#9104=CARTESIAN_POINT('',(-1.064615370245E1,1.784497351647E1,
-4.931730319875E0));
#9105=CARTESIAN_POINT('',(-1.064614983339E1,1.784496304996E1,
-4.931930032694E0));
#9106=(BOUNDED_SURFACE()B_SPLINE_SURFACE(3,3,((#9086,#9087,#9088,#9089,#9090),(
#9091,#9092,#9093,#9094,#9095),(#9096,#9097,#9098,#9099,#9100),(#9101,#9102,
#9103,#9104,#9105)),.UNSPECIFIED.,.F.,.F.,.F.)B_SPLINE_SURFACE_WITH_KNOTS((4,4),
(4,1,4),(0.E0,1.E0),(8.804789303700E-1,1.E0,1.008306674971E0),.UNSPECIFIED.)GEOMETRIC_REPRESENTATION_ITEM()RATIONAL_B_SPLINE_SURFACE(((1.020542837314E0,
1.020542837314E0,1.020542837314E0,1.020542837314E0,1.020542837314E0),(
9.931523875620E-1,9.931523875620E-1,9.931523875620E-1,9.931523875620E-1,
9.931523875620E-1),(9.931523875620E-1,9.931523875620E-1,9.931523875620E-1,
9.931523875620E-1,9.931523875620E-1),(1.020542837314E0,1.020542837314E0,
1.020542837314E0,1.020542837314E0,1.020542837314E0)))REPRESENTATION_ITEM('')SURFACE());
#9107=ORIENTED_EDGE('',*,*,#9081,.F.);
#9108=ORIENTED_EDGE('',*,*,#4655,.F.);
#9110=ORIENTED_EDGE('',*,*,#9109,.T.);
#9111=EDGE_LOOP('',(#9107,#9108,#9110));
#9112=FACE_OUTER_BOUND('',#9111,.F.);
#9113=ADVANCED_FACE('',(#9112),#9106,.T.);
#9114=CARTESIAN_POINT('',(-1.092093570886E1,1.771633295048E1,
-4.869900519125E0));
#9115=CARTESIAN_POINT('',(-1.092115081580E1,1.771757947867E1,
-4.889426540598E0));
#9116=CARTESIAN_POINT('',(-1.092116467284E1,1.771765638667E1,
-4.934406590295E0));
#9117=CARTESIAN_POINT('',(-1.091974715795E1,1.770799768040E1,
-5.003601328129E0));
#9118=CARTESIAN_POINT('',(-1.091658903108E1,1.768645867373E1,
-5.074544360877E0));
#9119=CARTESIAN_POINT('',(-1.091200889231E1,1.765523126930E1,
-5.139717541639E0));
#9120=CARTESIAN_POINT('',(-1.090619122769E1,1.761558149950E1,
-5.198210967679E0));
#9121=CARTESIAN_POINT('',(-1.089929773393E1,1.756863413268E1,
-5.249421066414E0));
#9122=CARTESIAN_POINT('',(-1.089144906338E1,1.751524349863E1,
-5.292955428468E0));
#9123=CARTESIAN_POINT('',(-1.088271980205E1,1.745596496159E1,
-5.328434523678E0));
#9124=CARTESIAN_POINT('',(-1.087315845132E1,1.739118553377E1,
-5.355272336068E0));
#9125=CARTESIAN_POINT('',(-1.086281958691E1,1.732137329755E1,
-5.372562459564E0));
#9126=CARTESIAN_POINT('',(-1.085179174275E1,1.724714576082E1,
-5.379078636898E0));
#9127=CARTESIAN_POINT('',(-1.084176397409E1,1.718020005980E1,
-5.374107323162E0));
#9128=CARTESIAN_POINT('',(-1.083557870077E1,1.713866931759E1,
-5.365307644449E0));
#9129=CARTESIAN_POINT('',(-1.083317430923E1,1.712226174086E1,
-5.360920768527E0));
#9130=CARTESIAN_POINT('',(-1.082433594824E1,1.783447630692E1,
-4.864885710151E0));
#9131=CARTESIAN_POINT('',(-1.082452462200E1,1.783585430560E1,
-4.887669577841E0));
#9132=CARTESIAN_POINT('',(-1.082453660753E1,1.783593896735E1,
-4.940123173992E0));
#9133=CARTESIAN_POINT('',(-1.082323720507E1,1.782528740195E1,
-5.020920553830E0));
#9134=CARTESIAN_POINT('',(-1.082033494203E1,1.780146183114E1,
-5.104204575643E0));
#9135=CARTESIAN_POINT('',(-1.081611059970E1,1.776674395348E1,
-5.181421444992E0));
#9136=CARTESIAN_POINT('',(-1.081071829266E1,1.772235827986E1,
-5.251651799270E0));
#9137=CARTESIAN_POINT('',(-1.080428984061E1,1.766935176015E1,
-5.314263227082E0));
#9138=CARTESIAN_POINT('',(-1.079691809274E1,1.760845419552E1,
-5.368818931746E0));
#9139=CARTESIAN_POINT('',(-1.078865164325E1,1.754003666837E1,
-5.414861952622E0));
#9140=CARTESIAN_POINT('',(-1.077951182881E1,1.746424337860E1,
-5.451653226686E0));
#9141=CARTESIAN_POINT('',(-1.076952366188E1,1.738126940294E1,
-5.478005449336E0));
#9142=CARTESIAN_POINT('',(-1.075873638662E1,1.729143465050E1,
-5.492249479087E0));
#9143=CARTESIAN_POINT('',(-1.074880038872E1,1.720869416606E1,
-5.492218740379E0));
#9144=CARTESIAN_POINT('',(-1.074256975021E1,1.715636741521E1,
-5.485213258455E0));
#9145=CARTESIAN_POINT('',(-1.074011881208E1,1.713553187397E1,
-5.481308281292E0));
#9146=CARTESIAN_POINT('',(-1.067732384548E1,1.787570756292E1,
-4.864885766125E0));
#9147=CARTESIAN_POINT('',(-1.067747229144E1,1.787700651586E1,
-4.887674428932E0));
#9148=CARTESIAN_POINT('',(-1.067748142876E1,1.787708592969E1,
-4.940106698494E0));
#9149=CARTESIAN_POINT('',(-1.067636177786E1,1.786707364753E1,
-5.020980967001E0));
#9150=CARTESIAN_POINT('',(-1.067384890583E1,1.784459851175E1,
-5.104805558031E0));
#9151=CARTESIAN_POINT('',(-1.067016603880E1,1.781165658894E1,
-5.183251688570E0));
#9152=CARTESIAN_POINT('',(-1.066542106991E1,1.776921055232E1,
-5.255547417617E0));
#9153=CARTESIAN_POINT('',(-1.065970035006E1,1.771803227858E1,
-5.321134721688E0));
#9154=CARTESIAN_POINT('',(-1.065305441563E1,1.765857478197E1,
-5.379598576183E0));
#9155=CARTESIAN_POINT('',(-1.064549230477E1,1.759092204566E1,
-5.430467295693E0));
#9156=CARTESIAN_POINT('',(-1.063699401300E1,1.751489955604E1,
-5.472944346550E0));
#9157=CARTESIAN_POINT('',(-1.062753956141E1,1.743033835162E1,
-5.505707714194E0));
#9158=CARTESIAN_POINT('',(-1.061711840029E1,1.733714297514E1,
-5.526840811842E0));
#9159=CARTESIAN_POINT('',(-1.060732206540E1,1.724958901129E1,
-5.532793329909E0));
#9160=CARTESIAN_POINT('',(-1.060102238705E1,1.719324159002E1,
-5.529169333118E0));
#9161=CARTESIAN_POINT('',(-1.059850061115E1,1.717064877140E1,
-5.526522226875E0));
#9162=CARTESIAN_POINT('',(-1.053338283890E1,1.782502666544E1,
-4.869900666682E0));
#9163=CARTESIAN_POINT('',(-1.053349189741E1,1.782606481349E1,
-4.889439329032E0));
#9164=CARTESIAN_POINT('',(-1.053349824604E1,1.782612788694E1,
-4.934363157636E0));
#9165=CARTESIAN_POINT('',(-1.053255459167E1,1.781815445726E1,
-5.003760589152E0));
#9166=CARTESIAN_POINT('',(-1.053042297623E1,1.780017546340E1,
-5.076128668868E0));
#9167=CARTESIAN_POINT('',(-1.052727027303E1,1.777362982593E1,
-5.144542424341E0));
#9168=CARTESIAN_POINT('',(-1.052315911934E1,1.773909332141E1,
-5.208480585230E0));
#9169=CARTESIAN_POINT('',(-1.051813134710E1,1.769696557122E1,
-5.267535680146E0));
#9170=CARTESIAN_POINT('',(-1.051219606380E1,1.764737124022E1,
-5.321372695214E0));
#9171=CARTESIAN_POINT('',(-1.050532357788E1,1.759010884252E1,
-5.369573282871E0));
#9172=CARTESIAN_POINT('',(-1.049745340731E1,1.752472519872E1,
-5.411399923207E0));
#9173=CARTESIAN_POINT('',(-1.048852152170E1,1.745072871475E1,
-5.445591088149E0));
#9174=CARTESIAN_POINT('',(-1.047845882657E1,1.736764191089E1,
-5.470268205874E0));
#9175=CARTESIAN_POINT('',(-1.046879923710E1,1.728800692972E1,
-5.481069935931E0));
#9176=CARTESIAN_POINT('',(-1.046243196116E1,1.723587690804E1,
-5.481184518311E0));
#9177=CARTESIAN_POINT('',(-1.045984082731E1,1.721483680188E1,
-5.480113637984E0));
#9178=(BOUNDED_SURFACE()B_SPLINE_SURFACE(3,3,((#9114,#9115,#9116,#9117,#9118,
#9119,#9120,#9121,#9122,#9123,#9124,#9125,#9126,#9127,#9128,#9129),(#9130,#9131,
#9132,#9133,#9134,#9135,#9136,#9137,#9138,#9139,#9140,#9141,#9142,#9143,#9144,
#9145),(#9146,#9147,#9148,#9149,#9150,#9151,#9152,#9153,#9154,#9155,#9156,#9157,
#9158,#9159,#9160,#9161),(#9162,#9163,#9164,#9165,#9166,#9167,#9168,#9169,#9170,
#9171,#9172,#9173,#9174,#9175,#9176,#9177)),.UNSPECIFIED.,.F.,.F.,.F.)B_SPLINE_SURFACE_WITH_KNOTS((4,4),(4,1,1,1,1,1,1,1,1,1,1,1,1,4),(0.E0,1.E0),(
-7.048874291445E-2,0.E0,9.092569728760E-2,1.797260837438E-1,2.668936340571E-1,
3.529380531726E-1,4.383966592249E-1,5.241336795454E-1,6.113756711960E-1,
7.013536751292E-1,7.952916360489E-1,8.944202714933E-1,1.E0,1.070732009982E0),
.UNSPECIFIED.)GEOMETRIC_REPRESENTATION_ITEM()RATIONAL_B_SPLINE_SURFACE(((
1.100050398077E0,1.100050398077E0,1.100050398077E0,1.100050398077E0,
1.100050398077E0,1.100050398077E0,1.100050398077E0,1.100050398077E0,
1.100050398077E0,1.100050398077E0,1.100050398077E0,1.100050398077E0,
1.100050398077E0,1.100050398077E0,1.100050398077E0,1.100050398077E0),(
9.666498673078E-1,9.666498673078E-1,9.666498673078E-1,9.666498673078E-1,
9.666498673078E-1,9.666498673078E-1,9.666498673078E-1,9.666498673078E-1,
9.666498673078E-1,9.666498673078E-1,9.666498673078E-1,9.666498673078E-1,
9.666498673078E-1,9.666498673078E-1,9.666498673078E-1,9.666498673078E-1),(
9.666498673078E-1,9.666498673078E-1,9.666498673078E-1,9.666498673078E-1,
9.666498673078E-1,9.666498673078E-1,9.666498673078E-1,9.666498673078E-1,
9.666498673078E-1,9.666498673078E-1,9.666498673078E-1,9.666498673078E-1,
9.666498673078E-1,9.666498673078E-1,9.666498673078E-1,9.666498673078E-1),(
1.100050398077E0,1.100050398077E0,1.100050398077E0,1.100050398077E0,
1.100050398077E0,1.100050398077E0,1.100050398077E0,1.100050398077E0,
1.100050398077E0,1.100050398077E0,1.100050398077E0,1.100050398077E0,
1.100050398077E0,1.100050398077E0,1.100050398077E0,1.100050398077E0)))REPRESENTATION_ITEM('')SURFACE());
#9179=ORIENTED_EDGE('',*,*,#9109,.F.);
#9180=ORIENTED_EDGE('',*,*,#4653,.F.);
#9181=ORIENTED_EDGE('',*,*,#4839,.F.);
#9182=EDGE_LOOP('',(#9179,#9180,#9181));
#9183=FACE_OUTER_BOUND('',#9182,.F.);
#9184=ADVANCED_FACE('',(#9183),#9178,.T.);
#9185=CARTESIAN_POINT('',(1.426224803927E1,1.206328169722E1,
-7.342585528077E-1));
#9186=CARTESIAN_POINT('',(1.426021547210E1,1.206676351077E1,
-8.149079922767E-1));
#9187=CARTESIAN_POINT('',(1.425517392959E1,1.207537861434E1,-1.014315637829E0));
#9188=CARTESIAN_POINT('',(1.424756099607E1,1.208830903362E1,-1.313055385793E0));
#9189=CARTESIAN_POINT('',(1.424195437265E1,1.209776851745E1,-1.531143624138E0));
#9190=CARTESIAN_POINT('',(1.423939037397E1,1.210208132628E1,-1.630476246085E0));
#9191=CARTESIAN_POINT('',(1.428223311078E1,1.301658487965E1,
-6.786011040768E-1));
#9192=CARTESIAN_POINT('',(1.427858956545E1,1.302009405354E1,
-7.591407111190E-1));
#9193=CARTESIAN_POINT('',(1.426954508904E1,1.302876691873E1,
-9.582741525394E-1));
#9194=CARTESIAN_POINT('',(1.425586080507E1,1.304174613288E1,-1.256593005510E0));
#9195=CARTESIAN_POINT('',(1.424576099119E1,1.305120972226E1,-1.474365516317E0));
#9196=CARTESIAN_POINT('',(1.424113756263E1,1.305551760987E1,-1.573552504390E0));
#9197=CARTESIAN_POINT('',(1.520957639744E1,1.324511470666E1,
-6.882270679348E-1));
#9198=CARTESIAN_POINT('',(1.520554713551E1,1.325019097772E1,
-7.687213205757E-1));
#9199=CARTESIAN_POINT('',(1.519553444961E1,1.326275517201E1,
-9.677415316448E-1));
#9200=CARTESIAN_POINT('',(1.518034450771E1,1.328162671148E1,-1.265886579474E0));
#9201=CARTESIAN_POINT('',(1.516909978548E1,1.329544296811E1,-1.483528713179E0));
#9202=CARTESIAN_POINT('',(1.516394508674E1,1.330174417153E1,-1.582655562936E0));
#9203=CARTESIAN_POINT('',(1.566908886394E1,1.240997649181E1,
-7.488617737801E-1));
#9204=CARTESIAN_POINT('',(1.566647113930E1,1.241583569496E1,
-8.294424076360E-1));
#9205=CARTESIAN_POINT('',(1.565996075923E1,1.243035420099E1,-1.028678275290E0));
#9206=CARTESIAN_POINT('',(1.565006364350E1,1.245222366573E1,-1.327154349411E0));
#9207=CARTESIAN_POINT('',(1.564272011874E1,1.246828643238E1,-1.545044797109E0));
#9208=CARTESIAN_POINT('',(1.563935014822E1,1.247562323255E1,-1.644286185271E0));
#9209=(BOUNDED_SURFACE()B_SPLINE_SURFACE(3,3,((#9185,#9186,#9187,#9188,#9189,
#9190),(#9191,#9192,#9193,#9194,#9195,#9196),(#9197,#9198,#9199,#9200,#9201,
#9202),(#9203,#9204,#9205,#9206,#9207,#9208)),.UNSPECIFIED.,.F.,.F.,.F.)B_SPLINE_SURFACE_WITH_KNOTS((4,4),(4,1,1,4),(0.E0,1.E0),(7.756463125503E-1,
7.785523804433E-1,7.828316776746E-1,7.864111311135E-1),.UNSPECIFIED.)GEOMETRIC_REPRESENTATION_ITEM()RATIONAL_B_SPLINE_SURFACE(((1.589151913349E0,
1.589151913349E0,1.589151913349E0,1.589151913349E0,1.589151913349E0,
1.589151913349E0),(8.036160288836E-1,8.036160288836E-1,8.036160288836E-1,
8.036160288836E-1,8.036160288836E-1,8.036160288836E-1),(8.036160288836E-1,
8.036160288836E-1,8.036160288836E-1,8.036160288836E-1,8.036160288836E-1,
8.036160288836E-1),(1.589151913349E0,1.589151913349E0,1.589151913349E0,
1.589151913349E0,1.589151913349E0,1.589151913349E0)))REPRESENTATION_ITEM('')SURFACE());
#9210=ORIENTED_EDGE('',*,*,#4603,.F.);
#9211=ORIENTED_EDGE('',*,*,#4399,.T.);
#9213=ORIENTED_EDGE('',*,*,#9212,.T.);
#9214=ORIENTED_EDGE('',*,*,#4475,.T.);
#9215=EDGE_LOOP('',(#9210,#9211,#9213,#9214));
#9216=FACE_OUTER_BOUND('',#9215,.F.);
#9217=ADVANCED_FACE('',(#9216),#9209,.F.);
#9218=CARTESIAN_POINT('',(1.25E1,1.25E1,-1.199999999997E0));
#9219=DIRECTION('',(0.E0,0.E0,1.E0));
#9220=DIRECTION('',(-1.E0,0.E0,0.E0));
#9221=AXIS2_PLACEMENT_3D('',#9218,#9219,#9220);
#9222=CONICAL_SURFACE('',#9221,1.786031692203E0,2.E0);
#9223=ORIENTED_EDGE('',*,*,#9212,.F.);
#9224=ORIENTED_EDGE('',*,*,#4397,.F.);
#9225=ORIENTED_EDGE('',*,*,#4526,.F.);
#9226=ORIENTED_EDGE('',*,*,#4477,.T.);
#9227=EDGE_LOOP('',(#9223,#9224,#9225,#9226));
#9228=FACE_OUTER_BOUND('',#9227,.F.);
#9229=ADVANCED_FACE('',(#9228),#9222,.T.);
#9230=CARTESIAN_POINT('',(-1.25E1,1.25E1,-1.2E0));
#9231=DIRECTION('',(0.E0,0.E0,-1.E0));
#9232=DIRECTION('',(1.E0,0.E0,0.E0));
#9233=AXIS2_PLACEMENT_3D('',#9230,#9231,#9232);
#9234=CONICAL_SURFACE('',#9233,9.139683077967E-1,2.E0);
#9235=ORIENTED_EDGE('',*,*,#4510,.F.);
#9236=ORIENTED_EDGE('',*,*,#4455,.F.);
#9237=ORIENTED_EDGE('',*,*,#4440,.T.);
#9238=ORIENTED_EDGE('',*,*,#4452,.T.);
#9239=EDGE_LOOP('',(#9235,#9236,#9237,#9238));
#9240=FACE_OUTER_BOUND('',#9239,.F.);
#9241=ADVANCED_FACE('',(#9240),#9234,.F.);
#9242=CARTESIAN_POINT('',(1.25E1,1.25E1,-1.2E0));
#9243=DIRECTION('',(0.E0,0.E0,-1.E0));
#9244=DIRECTION('',(1.E0,0.E0,0.E0));
#9245=AXIS2_PLACEMENT_3D('',#9242,#9243,#9244);
#9246=CONICAL_SURFACE('',#9245,9.139683077967E-1,2.E0);
#9247=ORIENTED_EDGE('',*,*,#4481,.F.);
#9249=ORIENTED_EDGE('',*,*,#9248,.F.);
#9250=ORIENTED_EDGE('',*,*,#4405,.T.);
#9252=ORIENTED_EDGE('',*,*,#9251,.T.);
#9253=EDGE_LOOP('',(#9247,#9249,#9250,#9252));
#9254=FACE_OUTER_BOUND('',#9253,.F.);
#9255=ADVANCED_FACE('',(#9254),#9246,.F.);
#9256=CARTESIAN_POINT('',(1.25E1,1.25E1,-1.2E0));
#9257=DIRECTION('',(0.E0,0.E0,-1.E0));
#9258=DIRECTION('',(1.E0,0.E0,0.E0));
#9259=AXIS2_PLACEMENT_3D('',#9256,#9257,#9258);
#9260=CONICAL_SURFACE('',#9259,9.139683077967E-1,2.E0);
#9261=ORIENTED_EDGE('',*,*,#4483,.F.);
#9262=ORIENTED_EDGE('',*,*,#9251,.F.);
#9263=ORIENTED_EDGE('',*,*,#4407,.T.);
#9264=ORIENTED_EDGE('',*,*,#9248,.T.);
#9265=EDGE_LOOP('',(#9261,#9262,#9263,#9264));
#9266=FACE_OUTER_BOUND('',#9265,.F.);
#9267=ADVANCED_FACE('',(#9266),#9260,.F.);
#9271=DIMENSIONAL_EXPONENTS(0.E0,0.E0,0.E0,0.E0,0.E0,0.E0,0.E0);
#9273=PLANE_ANGLE_MEASURE_WITH_UNIT(PLANE_ANGLE_MEASURE(1.745329251994E-2),
#9272);
#9274=(CONVERSION_BASED_UNIT('DEGREE',#9273)NAMED_UNIT(*)PLANE_ANGLE_UNIT());
#9276=UNCERTAINTY_MEASURE_WITH_UNIT(LENGTH_MEASURE(9.906E-3),#9270,'closure',
'Maximum model space distance between geometric entities at asserted connectivities');
#9277=(GEOMETRIC_REPRESENTATION_CONTEXT(3)GLOBAL_UNCERTAINTY_ASSIGNED_CONTEXT((
#9276))GLOBAL_UNIT_ASSIGNED_CONTEXT((#9270,#9274,#9275))REPRESENTATION_CONTEXT(
'ID1','3'));
#9279=APPLICATION_CONTEXT(
'CONFIGURATION CONTROLLED 3D DESIGNS OF MECHANICAL PARTS AND ASSEMBLIES');
#9280=APPLICATION_PROTOCOL_DEFINITION('international standard',
'config_control_design',1994,#9279);
#9281=DESIGN_CONTEXT('',#9279,'design');
#9282=MECHANICAL_CONTEXT('',#9279,'mechanical');
#9283=PRODUCT('501-0017','501-0017','NOT SPECIFIED',(#9282));
#9284=PRODUCT_DEFINITION_FORMATION_WITH_SPECIFIED_SOURCE('7','LAST_VERSION',
#9283,.MADE.);
#9288=PRODUCT_CATEGORY('part','');
#9289=PRODUCT_RELATED_PRODUCT_CATEGORY('detail','',(#9283));
#9290=PRODUCT_CATEGORY_RELATIONSHIP('','',#9288,#9289);
#9291=SECURITY_CLASSIFICATION_LEVEL('unclassified');
#9292=SECURITY_CLASSIFICATION('','',#9291);
#9293=CC_DESIGN_SECURITY_CLASSIFICATION(#9292,(#9284));
#9294=APPROVAL_STATUS('approved');
#9295=APPROVAL(#9294,'');
#9296=CC_DESIGN_APPROVAL(#9295,(#9292,#9284,#9285));
#9297=CALENDAR_DATE(125,13,5);
#9298=COORDINATED_UNIVERSAL_TIME_OFFSET(1,0,.AHEAD.);
#9299=LOCAL_TIME(13,5,3.5E1,#9298);
#9300=DATE_AND_TIME(#9297,#9299);
#9301=APPROVAL_DATE_TIME(#9300,#9295);
#9302=DATE_TIME_ROLE('creation_date');
#9303=CC_DESIGN_DATE_AND_TIME_ASSIGNMENT(#9300,#9302,(#9285));
#9304=DATE_TIME_ROLE('classification_date');
#9305=CC_DESIGN_DATE_AND_TIME_ASSIGNMENT(#9300,#9304,(#9292));
#9306=PERSON('UNSPECIFIED','UNSPECIFIED',$,$,$,$);
#9307=ORGANIZATION('UNSPECIFIED','UNSPECIFIED','UNSPECIFIED');
#9308=PERSON_AND_ORGANIZATION(#9306,#9307);
#9309=APPROVAL_ROLE('approver');
#9310=APPROVAL_PERSON_ORGANIZATION(#9308,#9295,#9309);
#9311=PERSON_AND_ORGANIZATION_ROLE('creator');
#9312=CC_DESIGN_PERSON_AND_ORGANIZATION_ASSIGNMENT(#9308,#9311,(#9284,#9285));
#9313=PERSON_AND_ORGANIZATION_ROLE('design_supplier');
#9314=CC_DESIGN_PERSON_AND_ORGANIZATION_ASSIGNMENT(#9308,#9313,(#9284));
#9315=PERSON_AND_ORGANIZATION_ROLE('classification_officer');
#9316=CC_DESIGN_PERSON_AND_ORGANIZATION_ASSIGNMENT(#9308,#9315,(#9292));
#9317=PERSON_AND_ORGANIZATION_ROLE('design_owner');
#9318=CC_DESIGN_PERSON_AND_ORGANIZATION_ASSIGNMENT(#9308,#9317,(#9283));
#7=B_SPLINE_CURVE_WITH_KNOTS('',3,(#2,#3,#4,#5,#6),.UNSPECIFIED.,.F.,.F.,(4,1,
4),(0.E0,5.E-1,1.E0),.UNSPECIFIED.);
#12=CIRCLE('',#11,3.5E-1);
#19=B_SPLINE_CURVE_WITH_KNOTS('',3,(#13,#14,#15,#16,#17,#18),.UNSPECIFIED.,.F.,
.F.,(4,1,1,4),(0.E0,3.333333333333E-1,6.666666666667E-1,1.E0),.UNSPECIFIED.);
#26=B_SPLINE_CURVE_WITH_KNOTS('',3,(#20,#21,#22,#23,#24,#25),.UNSPECIFIED.,.F.,
.F.,(4,1,1,4),(0.E0,3.333333333333E-1,6.666666666667E-1,1.E0),.UNSPECIFIED.);
#31=B_SPLINE_CURVE_WITH_KNOTS('',3,(#27,#28,#29,#30),.UNSPECIFIED.,.F.,.F.,(4,
4),(0.E0,1.E0),.UNSPECIFIED.);
#36=CIRCLE('',#35,2.0925E1);
#54=B_SPLINE_CURVE_WITH_KNOTS('',3,(#37,#38,#39,#40,#41,#42,#43,#44,#45,#46,#47,
#48,#49,#50,#51,#52,#53),.UNSPECIFIED.,.F.,.F.,(4,1,1,1,1,1,1,1,1,1,1,1,1,1,4),(
0.E0,7.142857142857E-2,1.428571428571E-1,2.142857142857E-1,2.857142857143E-1,
3.571428571429E-1,4.285714285714E-1,5.E-1,5.714285714286E-1,6.428571428571E-1,
7.142857142857E-1,7.857142857143E-1,8.571428571429E-1,9.285714285714E-1,1.E0),
.UNSPECIFIED.);
#60=B_SPLINE_CURVE_WITH_KNOTS('',3,(#55,#56,#57,#58,#59),.UNSPECIFIED.,.F.,.F.,(
4,1,4),(0.E0,5.E-1,1.E0),.UNSPECIFIED.);
#65=CIRCLE('',#64,2.083230537615E1);
#70=B_SPLINE_CURVE_WITH_KNOTS('',3,(#66,#67,#68,#69),.UNSPECIFIED.,.F.,.F.,(4,
4),(0.E0,1.E0),.UNSPECIFIED.);
#77=B_SPLINE_CURVE_WITH_KNOTS('',3,(#71,#72,#73,#74,#75,#76),.UNSPECIFIED.,.F.,
.F.,(4,1,1,4),(0.E0,3.333333333333E-1,6.666666666667E-1,1.E0),.UNSPECIFIED.);
#82=B_SPLINE_CURVE_WITH_KNOTS('',3,(#78,#79,#80,#81),.UNSPECIFIED.,.F.,.F.,(4,
4),(0.E0,1.E0),.UNSPECIFIED.);
#87=CIRCLE('',#86,2.083230537615E1);
#94=B_SPLINE_CURVE_WITH_KNOTS('',3,(#88,#89,#90,#91,#92,#93),.UNSPECIFIED.,.F.,
.F.,(4,1,1,4),(0.E0,3.333333333333E-1,6.666666666667E-1,1.E0),.UNSPECIFIED.);
#114=B_SPLINE_CURVE_WITH_KNOTS('',3,(#95,#96,#97,#98,#99,#100,#101,#102,#103,
#104,#105,#106,#107,#108,#109,#110,#111,#112,#113),.UNSPECIFIED.,.F.,.F.,(4,1,1,
1,1,1,1,1,1,1,1,1,1,1,1,1,4),(0.E0,6.25E-2,1.25E-1,1.875E-1,2.5E-1,3.125E-1,
3.75E-1,4.375E-1,5.E-1,5.625E-1,6.25E-1,6.875E-1,7.5E-1,8.125E-1,8.75E-1,
9.375E-1,1.E0),.UNSPECIFIED.);
#119=CIRCLE('',#118,2.0925E1);
#126=B_SPLINE_CURVE_WITH_KNOTS('',3,(#120,#121,#122,#123,#124,#125),
.UNSPECIFIED.,.F.,.F.,(4,1,1,4),(0.E0,3.333333333333E-1,6.666666666667E-1,1.E0),
.UNSPECIFIED.);
#131=CIRCLE('',#130,9.279366155934E-1);
#136=CIRCLE('',#135,9.279366155934E-1);
#141=CIRCLE('',#140,9.279366155934E-1);
#146=CIRCLE('',#145,9.279366155934E-1);
#155=CIRCLE('',#154,2.089008987014E1);
#172=CIRCLE('',#171,1.772063384407E0);
#181=CIRCLE('',#180,1.772063384407E0);
#194=CIRCLE('',#193,2.089008987014E1);
#207=CIRCLE('',#206,2.003714261491E1);
#216=CIRCLE('',#215,1.8E0);
#221=CIRCLE('',#220,9.E-1);
#226=CIRCLE('',#225,9.E-1);
#231=CIRCLE('',#230,9.E-1);
#236=CIRCLE('',#235,9.E-1);
#241=CIRCLE('',#240,2.003714261491E1);
#250=CIRCLE('',#249,1.8E0);
#275=B_SPLINE_CURVE_WITH_KNOTS('',3,(#271,#272,#273,#274),.UNSPECIFIED.,.F.,.F.,
(4,4),(0.E0,1.E0),.UNSPECIFIED.);
#280=B_SPLINE_CURVE_WITH_KNOTS('',3,(#276,#277,#278,#279),.UNSPECIFIED.,.F.,.F.,
(4,4),(0.E0,1.E0),.UNSPECIFIED.);
#285=CIRCLE('',#284,2.001396405194E1);
#290=B_SPLINE_CURVE_WITH_KNOTS('',3,(#286,#287,#288,#289),.UNSPECIFIED.,.F.,.F.,
(4,4),(0.E0,1.E0),.UNSPECIFIED.);
#295=B_SPLINE_CURVE_WITH_KNOTS('',3,(#291,#292,#293,#294),.UNSPECIFIED.,.F.,.F.,
(4,4),(0.E0,1.E0),.UNSPECIFIED.);
#300=B_SPLINE_CURVE_WITH_KNOTS('',3,(#296,#297,#298,#299),.UNSPECIFIED.,.F.,.F.,
(4,4),(0.E0,1.E0),.UNSPECIFIED.);
#305=CIRCLE('',#304,2.001396405194E1);
#310=B_SPLINE_CURVE_WITH_KNOTS('',3,(#306,#307,#308,#309),.UNSPECIFIED.,.F.,.F.,
(4,4),(0.E0,1.E0),.UNSPECIFIED.);
#317=B_SPLINE_CURVE_WITH_KNOTS('',3,(#311,#312,#313,#314,#315,#316),
.UNSPECIFIED.,.F.,.F.,(4,1,1,4),(0.E0,3.333333333333E-1,6.666666666667E-1,1.E0),
.UNSPECIFIED.);
#322=CIRCLE('',#321,2.001396405194E1);
#329=B_SPLINE_CURVE_WITH_KNOTS('',3,(#323,#324,#325,#326,#327,#328),
.UNSPECIFIED.,.F.,.F.,(4,1,1,4),(0.E0,3.333333333333E-1,6.666666666667E-1,1.E0),
.UNSPECIFIED.);
#334=CIRCLE('',#333,2.E1);
#340=B_SPLINE_CURVE_WITH_KNOTS('',3,(#335,#336,#337,#338,#339),.UNSPECIFIED.,
.F.,.F.,(4,1,4),(0.E0,5.E-1,1.E0),.UNSPECIFIED.);
#347=B_SPLINE_CURVE_WITH_KNOTS('',3,(#341,#342,#343,#344,#345,#346),
.UNSPECIFIED.,.F.,.F.,(4,1,1,4),(0.E0,3.333333333333E-1,6.666666666667E-1,1.E0),
.UNSPECIFIED.);
#353=B_SPLINE_CURVE_WITH_KNOTS('',3,(#348,#349,#350,#351,#352),.UNSPECIFIED.,
.F.,.F.,(4,1,4),(0.E0,5.E-1,1.E0),.UNSPECIFIED.);
#358=CIRCLE('',#357,2.E1);
#365=B_SPLINE_CURVE_WITH_KNOTS('',3,(#359,#360,#361,#362,#363,#364),
.UNSPECIFIED.,.F.,.F.,(4,1,1,4),(0.E0,3.333333333333E-1,6.666666666667E-1,1.E0),
.UNSPECIFIED.);
#370=CIRCLE('',#369,2.001396405194E1);
#378=B_SPLINE_CURVE_WITH_KNOTS('',3,(#371,#372,#373,#374,#375,#376,#377),
.UNSPECIFIED.,.F.,.F.,(4,1,1,1,4),(0.E0,2.5E-1,5.E-1,7.5E-1,1.E0),
.UNSPECIFIED.);
#384=B_SPLINE_CURVE_WITH_KNOTS('',3,(#379,#380,#381,#382,#383),.UNSPECIFIED.,
.F.,.F.,(4,1,4),(0.E0,5.E-1,1.E0),.UNSPECIFIED.);
#401=CIRCLE('',#400,2.008203880516E1);
#410=CIRCLE('',#409,2.023239675905E1);
#419=CIRCLE('',#418,2.023239675905E1);
#428=CIRCLE('',#427,2.008203880516E1);
#452=B_SPLINE_CURVE_WITH_KNOTS('',3,(#445,#446,#447,#448,#449,#450,#451),
.UNSPECIFIED.,.F.,.F.,(4,1,1,1,4),(0.E0,2.5E-1,5.E-1,7.5E-1,1.E0),
.UNSPECIFIED.);
#458=B_SPLINE_CURVE_WITH_KNOTS('',3,(#453,#454,#455,#456,#457),.UNSPECIFIED.,
.F.,.F.,(4,1,4),(0.E0,5.E-1,1.E0),.UNSPECIFIED.);
#467=CIRCLE('',#466,3.499999999996E-1);
#482=B_SPLINE_CURVE_WITH_KNOTS('',3,(#468,#469,#470,#471,#472,#473,#474,#475,
#476,#477,#478,#479,#480,#481),.UNSPECIFIED.,.F.,.F.,(4,1,1,1,1,1,1,1,1,1,1,4),(
0.E0,9.090909090909E-2,1.818181818182E-1,2.727272727273E-1,3.636363636364E-1,
4.545454545455E-1,5.454545454545E-1,6.363636363636E-1,7.272727272727E-1,
8.181818181818E-1,9.090909090909E-1,1.E0),.UNSPECIFIED.);
#497=B_SPLINE_CURVE_WITH_KNOTS('',3,(#483,#484,#485,#486,#487,#488,#489,#490,
#491,#492,#493,#494,#495,#496),.UNSPECIFIED.,.F.,.F.,(4,1,1,1,1,1,1,1,1,1,1,4),(
0.E0,9.090909090909E-2,1.818181818182E-1,2.727272727273E-1,3.636363636364E-1,
4.545454545455E-1,5.454545454545E-1,6.363636363636E-1,7.272727272727E-1,
8.181818181818E-1,9.090909090909E-1,1.E0),.UNSPECIFIED.);
#507=B_SPLINE_CURVE_WITH_KNOTS('',3,(#502,#503,#504,#505,#506),.UNSPECIFIED.,
.F.,.F.,(4,1,4),(0.E0,5.E-1,1.E0),.UNSPECIFIED.);
#518=B_SPLINE_CURVE_WITH_KNOTS('',3,(#512,#513,#514,#515,#516,#517),
.UNSPECIFIED.,.F.,.F.,(4,1,1,4),(0.E0,3.333333333333E-1,6.666666666667E-1,1.E0),
.UNSPECIFIED.);
#538=B_SPLINE_CURVE_WITH_KNOTS('',3,(#519,#520,#521,#522,#523,#524,#525,#526,
#527,#528,#529,#530,#531,#532,#533,#534,#535,#536,#537),.UNSPECIFIED.,.F.,.F.,
(4,1,1,1,1,1,1,1,1,1,1,1,1,1,1,1,4),(0.E0,6.25E-2,1.25E-1,1.875E-1,2.5E-1,
3.125E-1,3.75E-1,4.375E-1,5.E-1,5.625E-1,6.25E-1,6.875E-1,7.5E-1,8.125E-1,
8.75E-1,9.375E-1,1.E0),.UNSPECIFIED.);
#560=B_SPLINE_CURVE_WITH_KNOTS('',3,(#539,#540,#541,#542,#543,#544,#545,#546,
#547,#548,#549,#550,#551,#552,#553,#554,#555,#556,#557,#558,#559),.UNSPECIFIED.,
.F.,.F.,(4,1,1,1,1,1,1,1,1,1,1,1,1,1,1,1,1,1,4),(0.E0,5.555555555556E-2,
1.111111111111E-1,1.666666666667E-1,2.222222222222E-1,2.777777777778E-1,
3.333333333333E-1,3.888888888889E-1,4.444444444444E-1,5.E-1,5.555555555556E-1,
6.111111111111E-1,6.666666666667E-1,7.222222222222E-1,7.777777777778E-1,
8.333333333333E-1,8.888888888889E-1,9.444444444444E-1,1.E0),.UNSPECIFIED.);
#565=CIRCLE('',#564,3.500000000002E-1);
#570=CIRCLE('',#569,2.091838781645E1);
#595=B_SPLINE_CURVE_WITH_KNOTS('',3,(#571,#572,#573,#574,#575,#576,#577,#578,
#579,#580,#581,#582,#583,#584,#585,#586,#587,#588,#589,#590,#591,#592,#593,
#594),.UNSPECIFIED.,.F.,.F.,(4,1,1,1,1,1,1,1,1,1,1,1,1,1,1,1,1,1,1,1,1,4),(0.E0,
4.761904761905E-2,9.523809523810E-2,1.428571428571E-1,1.904761904762E-1,
2.380952380952E-1,2.857142857143E-1,3.333333333333E-1,3.809523809524E-1,
4.285714285714E-1,4.761904761905E-1,5.238095238095E-1,5.714285714286E-1,
6.190476190476E-1,6.666666666667E-1,7.142857142857E-1,7.619047619048E-1,
8.095238095238E-1,8.571428571429E-1,9.047619047619E-1,9.523809523810E-1,1.E0),
.UNSPECIFIED.);
#664=B_SPLINE_CURVE_WITH_KNOTS('',3,(#596,#597,#598,#599,#600,#601,#602,#603,
#604,#605,#606,#607,#608,#609,#610,#611,#612,#613,#614,#615,#616,#617,#618,#619,
#620,#621,#622,#623,#624,#625,#626,#627,#628,#629,#630,#631,#632,#633,#634,#635,
#636,#637,#638,#639,#640,#641,#642,#643,#644,#645,#646,#647,#648,#649,#650,#651,
#652,#653,#654,#655,#656,#657,#658,#659,#660,#661,#662,#663),.UNSPECIFIED.,.F.,
.F.,(4,1,1,1,1,1,1,1,1,1,1,1,1,1,1,1,1,1,1,1,1,1,1,1,1,1,1,1,1,1,1,1,1,1,1,1,1,
1,1,1,1,1,1,1,1,1,1,1,1,1,1,1,1,1,1,1,1,1,1,1,1,1,1,1,1,4),(0.E0,
1.538461538462E-2,3.076923076923E-2,4.615384615385E-2,6.153846153846E-2,
7.692307692308E-2,9.230769230769E-2,1.076923076923E-1,1.230769230769E-1,
1.384615384615E-1,1.538461538462E-1,1.692307692308E-1,1.846153846154E-1,2.E-1,
2.153846153846E-1,2.307692307692E-1,2.461538461538E-1,2.615384615385E-1,
2.769230769231E-1,2.923076923077E-1,3.076923076923E-1,3.230769230769E-1,
3.384615384615E-1,3.538461538462E-1,3.692307692308E-1,3.846153846154E-1,4.E-1,
4.153846153846E-1,4.307692307692E-1,4.461538461538E-1,4.615384615385E-1,
4.769230769231E-1,4.923076923077E-1,5.076923076923E-1,5.230769230769E-1,
5.384615384615E-1,5.538461538462E-1,5.692307692308E-1,5.846153846154E-1,6.E-1,
6.153846153846E-1,6.307692307692E-1,6.461538461538E-1,6.615384615385E-1,
6.769230769231E-1,6.923076923077E-1,7.076923076923E-1,7.230769230769E-1,
7.384615384615E-1,7.538461538462E-1,7.692307692308E-1,7.846153846154E-1,8.E-1,
8.153846153846E-1,8.307692307692E-1,8.461538461538E-1,8.615384615385E-1,
8.769230769231E-1,8.923076923077E-1,9.076923076923E-1,9.230769230769E-1,
9.384615384615E-1,9.538461538462E-1,9.692307692308E-1,9.846153846154E-1,1.E0),
.UNSPECIFIED.);
#669=B_SPLINE_CURVE_WITH_KNOTS('',3,(#665,#666,#667,#668),.UNSPECIFIED.,.F.,.F.,
(4,4),(0.E0,1.E0),.UNSPECIFIED.);
#677=B_SPLINE_CURVE_WITH_KNOTS('',3,(#670,#671,#672,#673,#674,#675,#676),
.UNSPECIFIED.,.F.,.F.,(4,1,1,1,4),(0.E0,2.5E-1,5.E-1,7.5E-1,1.E0),
.UNSPECIFIED.);
#686=B_SPLINE_CURVE_WITH_KNOTS('',3,(#682,#683,#684,#685),.UNSPECIFIED.,.F.,.F.,
(4,4),(0.E0,1.E0),.UNSPECIFIED.);
#691=B_SPLINE_CURVE_WITH_KNOTS('',3,(#687,#688,#689,#690),.UNSPECIFIED.,.F.,.F.,
(4,4),(0.E0,1.E0),.UNSPECIFIED.);
#696=B_SPLINE_CURVE_WITH_KNOTS('',3,(#692,#693,#694,#695),.UNSPECIFIED.,.F.,.F.,
(4,4),(0.E0,1.E0),.UNSPECIFIED.);
#701=B_SPLINE_CURVE_WITH_KNOTS('',3,(#697,#698,#699,#700),.UNSPECIFIED.,.F.,.F.,
(4,4),(0.E0,1.E0),.UNSPECIFIED.);
#706=CIRCLE('',#705,1.915505100301E1);
#714=B_SPLINE_CURVE_WITH_KNOTS('',3,(#707,#708,#709,#710,#711,#712,#713),
.UNSPECIFIED.,.F.,.F.,(4,1,1,1,4),(0.E0,2.5E-1,5.E-1,7.5E-1,1.E0),
.UNSPECIFIED.);
#724=B_SPLINE_CURVE_WITH_KNOTS('',3,(#719,#720,#721,#722,#723),.UNSPECIFIED.,
.F.,.F.,(4,1,4),(0.E0,5.E-1,1.E0),.UNSPECIFIED.);
#729=CIRCLE('',#728,2.083174731017E0);
#738=CIRCLE('',#737,2.01E1);
#743=CIRCLE('',#742,2.041907304907E1);
#748=CIRCLE('',#747,2.01E1);
#757=CIRCLE('',#756,2.083174731017E0);
#763=B_SPLINE_CURVE_WITH_KNOTS('',3,(#758,#759,#760,#761,#762),.UNSPECIFIED.,
.F.,.F.,(4,1,4),(0.E0,5.E-1,1.E0),.UNSPECIFIED.);
#773=B_SPLINE_CURVE_WITH_KNOTS('',3,(#768,#769,#770,#771,#772),.UNSPECIFIED.,
.F.,.F.,(4,1,4),(0.E0,5.E-1,1.E0),.UNSPECIFIED.);
#783=B_SPLINE_CURVE_WITH_KNOTS('',3,(#778,#779,#780,#781,#782),.UNSPECIFIED.,
.F.,.F.,(4,1,4),(0.E0,5.E-1,1.E0),.UNSPECIFIED.);
#808=B_SPLINE_CURVE_WITH_KNOTS('',3,(#788,#789,#790,#791,#792,#793,#794,#795,
#796,#797,#798,#799,#800,#801,#802,#803,#804,#805,#806,#807),.UNSPECIFIED.,.F.,
.F.,(4,1,1,1,1,1,1,1,1,1,1,1,1,1,1,1,1,4),(0.E0,2.803437925127E-3,
7.156104959315E-2,1.358642958938E-1,1.979535163474E-1,2.603081520815E-1,
3.216388997890E-1,3.806990175097E-1,4.402377564072E-1,5.029414435976E-1,
5.642254906980E-1,6.227910333114E-1,6.813197219652E-1,7.424980536753E-1,
8.048526894094E-1,8.669419098631E-1,9.312235674467E-1,1.E0),.UNSPECIFIED.);
#827=B_SPLINE_CURVE_WITH_KNOTS('',3,(#809,#810,#811,#812,#813,#814,#815,#816,
#817,#818,#819,#820,#821,#822,#823,#824,#825,#826),.UNSPECIFIED.,.F.,.F.,(4,1,1,
1,1,1,1,1,1,1,1,1,1,1,1,4),(0.E0,7.011553759011E-2,1.354788376379E-1,
2.599879798158E-1,3.211663115259E-1,3.796950001797E-1,4.382605427930E-1,
4.995445898934E-1,5.622482770839E-1,6.217870159813E-1,6.808471337021E-1,
7.421778814095E-1,8.046946768866E-1,8.673348039675E-1,9.326242311566E-1,1.E0),
.UNSPECIFIED.);
#837=B_SPLINE_CURVE_WITH_KNOTS('',3,(#832,#833,#834,#835,#836),.UNSPECIFIED.,
.F.,.F.,(4,1,4),(0.E0,5.000000000005E-1,1.E0),.UNSPECIFIED.);
#847=B_SPLINE_CURVE_WITH_KNOTS('',3,(#842,#843,#844,#845,#846),.UNSPECIFIED.,
.F.,.F.,(4,1,4),(0.E0,4.999999999902E-1,1.E0),.UNSPECIFIED.);
#857=B_SPLINE_CURVE_WITH_KNOTS('',3,(#852,#853,#854,#855,#856),.UNSPECIFIED.,
.F.,.F.,(4,1,4),(0.E0,5.000000000079E-1,1.E0),.UNSPECIFIED.);
#867=B_SPLINE_CURVE_WITH_KNOTS('',3,(#862,#863,#864,#865,#866),.UNSPECIFIED.,
.F.,.F.,(4,1,4),(0.E0,5.000000000005E-1,1.E0),.UNSPECIFIED.);
#879=B_SPLINE_CURVE_WITH_KNOTS('',3,(#872,#873,#874,#875,#876,#877,#878),
.UNSPECIFIED.,.F.,.F.,(4,1,1,1,4),(0.E0,2.772248790337E-1,5.104218975035E-1,
7.368323924380E-1,1.E0),.UNSPECIFIED.);
#889=B_SPLINE_CURVE_WITH_KNOTS('',3,(#884,#885,#886,#887,#888),.UNSPECIFIED.,
.F.,.F.,(4,1,4),(0.E0,4.999999999919E-1,1.E0),.UNSPECIFIED.);
#899=B_SPLINE_CURVE_WITH_KNOTS('',3,(#894,#895,#896,#897,#898),.UNSPECIFIED.,
.F.,.F.,(4,1,4),(0.E0,5.000000000081E-1,1.E0),.UNSPECIFIED.);
#909=B_SPLINE_CURVE_WITH_KNOTS('',3,(#904,#905,#906,#907,#908),.UNSPECIFIED.,
.F.,.F.,(4,1,4),(0.E0,2.320914131864E-1,1.E0),.UNSPECIFIED.);
#919=B_SPLINE_CURVE_WITH_KNOTS('',3,(#910,#911,#912,#913,#914,#915,#916,#917,
#918),.UNSPECIFIED.,.F.,.F.,(4,1,1,1,1,1,4),(0.E0,2.656899391104E-1,
3.915039794964E-1,5.148692381436E-1,6.359690382762E-1,7.555025454293E-1,1.E0),
.UNSPECIFIED.);
#929=B_SPLINE_CURVE_WITH_KNOTS('',3,(#924,#925,#926,#927,#928),.UNSPECIFIED.,
.F.,.F.,(4,1,4),(0.E0,5.000000000007E-1,1.E0),.UNSPECIFIED.);
#939=B_SPLINE_CURVE_WITH_KNOTS('',3,(#934,#935,#936,#937,#938),.UNSPECIFIED.,
.F.,.F.,(4,1,4),(0.E0,5.000000000104E-1,1.E0),.UNSPECIFIED.);
#949=B_SPLINE_CURVE_WITH_KNOTS('',3,(#944,#945,#946,#947,#948),.UNSPECIFIED.,
.F.,.F.,(4,1,4),(0.E0,5.000000000077E-1,1.E0),.UNSPECIFIED.);
#958=B_SPLINE_CURVE_WITH_KNOTS('',3,(#954,#955,#956,#957),.UNSPECIFIED.,.F.,.F.,
(4,4),(0.E0,1.E0),.UNSPECIFIED.);
#968=B_SPLINE_CURVE_WITH_KNOTS('',3,(#963,#964,#965,#966,#967),.UNSPECIFIED.,
.F.,.F.,(4,1,4),(0.E0,4.999999999981E-1,1.E0),.UNSPECIFIED.);
#978=B_SPLINE_CURVE_WITH_KNOTS('',3,(#973,#974,#975,#976,#977),.UNSPECIFIED.,
.F.,.F.,(4,1,4),(0.E0,4.999999999926E-1,1.E0),.UNSPECIFIED.);
#988=B_SPLINE_CURVE_WITH_KNOTS('',3,(#983,#984,#985,#986,#987),.UNSPECIFIED.,
.F.,.F.,(4,1,4),(0.E0,5.000000000099E-1,1.E0),.UNSPECIFIED.);
#998=B_SPLINE_CURVE_WITH_KNOTS('',3,(#993,#994,#995,#996,#997),.UNSPECIFIED.,
.F.,.F.,(4,1,4),(0.E0,5.000000000102E-1,1.E0),.UNSPECIFIED.);
#1007=B_SPLINE_CURVE_WITH_KNOTS('',3,(#1003,#1004,#1005,#1006),.UNSPECIFIED.,
.F.,.F.,(4,4),(0.E0,1.E0),.UNSPECIFIED.);
#1017=B_SPLINE_CURVE_WITH_KNOTS('',3,(#1012,#1013,#1014,#1015,#1016),
.UNSPECIFIED.,.F.,.F.,(4,1,4),(0.E0,5.000000000082E-1,1.E0),.UNSPECIFIED.);
#1027=B_SPLINE_CURVE_WITH_KNOTS('',3,(#1022,#1023,#1024,#1025,#1026),
.UNSPECIFIED.,.F.,.F.,(4,1,4),(0.E0,4.999999999994E-1,1.E0),.UNSPECIFIED.);
#1037=B_SPLINE_CURVE_WITH_KNOTS('',3,(#1032,#1033,#1034,#1035,#1036),
.UNSPECIFIED.,.F.,.F.,(4,1,4),(0.E0,4.999999999990E-1,1.E0),.UNSPECIFIED.);
#1047=B_SPLINE_CURVE_WITH_KNOTS('',3,(#1042,#1043,#1044,#1045,#1046),
.UNSPECIFIED.,.F.,.F.,(4,1,4),(0.E0,4.999999999973E-1,1.E0),.UNSPECIFIED.);
#1057=B_SPLINE_CURVE_WITH_KNOTS('',3,(#1052,#1053,#1054,#1055,#1056),
.UNSPECIFIED.,.F.,.F.,(4,1,4),(0.E0,5.000000000061E-1,1.E0),.UNSPECIFIED.);
#1067=B_SPLINE_CURVE_WITH_KNOTS('',3,(#1062,#1063,#1064,#1065,#1066),
.UNSPECIFIED.,.F.,.F.,(4,1,4),(0.E0,5.000000000054E-1,1.E0),.UNSPECIFIED.);
#1077=B_SPLINE_CURVE_WITH_KNOTS('',3,(#1072,#1073,#1074,#1075,#1076),
.UNSPECIFIED.,.F.,.F.,(4,1,4),(0.E0,5.000000000005E-1,1.E0),.UNSPECIFIED.);
#1086=B_SPLINE_CURVE_WITH_KNOTS('',3,(#1082,#1083,#1084,#1085),.UNSPECIFIED.,
.F.,.F.,(4,4),(0.E0,1.E0),.UNSPECIFIED.);
#1095=B_SPLINE_CURVE_WITH_KNOTS('',3,(#1091,#1092,#1093,#1094),.UNSPECIFIED.,
.F.,.F.,(4,4),(0.E0,1.E0),.UNSPECIFIED.);
#1105=B_SPLINE_CURVE_WITH_KNOTS('',3,(#1100,#1101,#1102,#1103,#1104),
.UNSPECIFIED.,.F.,.F.,(4,1,4),(0.E0,5.000000000061E-1,1.E0),.UNSPECIFIED.);
#1114=B_SPLINE_CURVE_WITH_KNOTS('',3,(#1110,#1111,#1112,#1113),.UNSPECIFIED.,
.F.,.F.,(4,4),(0.E0,1.E0),.UNSPECIFIED.);
#1124=B_SPLINE_CURVE_WITH_KNOTS('',3,(#1119,#1120,#1121,#1122,#1123),
.UNSPECIFIED.,.F.,.F.,(4,1,4),(0.E0,5.000000000074E-1,1.E0),.UNSPECIFIED.);
#1134=B_SPLINE_CURVE_WITH_KNOTS('',3,(#1129,#1130,#1131,#1132,#1133),
.UNSPECIFIED.,.F.,.F.,(4,1,4),(0.E0,5.000000000193E-1,1.E0),.UNSPECIFIED.);
#1144=B_SPLINE_CURVE_WITH_KNOTS('',3,(#1139,#1140,#1141,#1142,#1143),
.UNSPECIFIED.,.F.,.F.,(4,1,4),(0.E0,5.000000000835E-1,1.E0),.UNSPECIFIED.);
#1154=B_SPLINE_CURVE_WITH_KNOTS('',3,(#1149,#1150,#1151,#1152,#1153),
.UNSPECIFIED.,.F.,.F.,(4,1,4),(0.E0,4.999999999963E-1,1.E0),.UNSPECIFIED.);
#1194=B_SPLINE_CURVE_WITH_KNOTS('',3,(#1187,#1188,#1189,#1190,#1191,#1192,
#1193),.UNSPECIFIED.,.F.,.F.,(4,1,1,1,4),(0.E0,2.321569554737E-1,
4.742148461527E-1,7.291855984836E-1,1.E0),.UNSPECIFIED.);
#1230=B_SPLINE_CURVE_WITH_KNOTS('',3,(#1215,#1216,#1217,#1218,#1219,#1220,#1221,
#1222,#1223,#1224,#1225,#1226,#1227,#1228,#1229),.UNSPECIFIED.,.F.,.F.,(4,1,1,1,
1,1,1,1,1,1,1,1,4),(0.E0,1.398590519432E-1,2.598541997111E-1,3.176742008356E-1,
3.751523138954E-1,4.350977173907E-1,5.E-1,5.649022826093E-1,6.248476861046E-1,
6.823257991644E-1,7.401458002889E-1,8.601409480568E-1,1.E0),.UNSPECIFIED.);
#1252=B_SPLINE_CURVE_WITH_KNOTS('',3,(#1243,#1244,#1245,#1246,#1247,#1248,#1249,
#1250,#1251),.UNSPECIFIED.,.F.,.F.,(4,1,1,1,1,1,4),(0.E0,2.478373984389E-1,
3.632065667157E-1,4.799100501783E-1,5.992923188873E-1,7.226728484990E-1,1.E0),
.UNSPECIFIED.);
#1308=B_SPLINE_CURVE_WITH_KNOTS('',3,(#1301,#1302,#1303,#1304,#1305,#1306,
#1307),.UNSPECIFIED.,.F.,.F.,(4,1,1,1,4),(0.E0,2.401084675272E-1,5.E-1,
7.598915324728E-1,1.E0),.UNSPECIFIED.);
#1320=B_SPLINE_CURVE_WITH_KNOTS('',3,(#1313,#1314,#1315,#1316,#1317,#1318,
#1319),.UNSPECIFIED.,.F.,.F.,(4,1,1,1,4),(0.E0,2.401084675245E-1,5.E-1,
7.598915324755E-1,1.E0),.UNSPECIFIED.);
#1332=B_SPLINE_CURVE_WITH_KNOTS('',3,(#1325,#1326,#1327,#1328,#1329,#1330,
#1331),.UNSPECIFIED.,.F.,.F.,(4,1,1,1,4),(0.E0,2.401084675259E-1,5.E-1,
7.598915324741E-1,1.E0),.UNSPECIFIED.);
#1344=B_SPLINE_CURVE_WITH_KNOTS('',3,(#1337,#1338,#1339,#1340,#1341,#1342,
#1343),.UNSPECIFIED.,.F.,.F.,(4,1,1,1,4),(0.E0,2.401084675259E-1,5.E-1,
7.598915324741E-1,1.E0),.UNSPECIFIED.);
#1350=B_SPLINE_CURVE_WITH_KNOTS('',3,(#1345,#1346,#1347,#1348,#1349),
.UNSPECIFIED.,.F.,.F.,(4,1,4),(0.E0,5.E-1,1.E0),.UNSPECIFIED.);
#1360=B_SPLINE_CURVE_WITH_KNOTS('',3,(#1355,#1356,#1357,#1358,#1359),
.UNSPECIFIED.,.F.,.F.,(4,1,4),(0.E0,5.E-1,1.E0),.UNSPECIFIED.);
#1370=B_SPLINE_CURVE_WITH_KNOTS('',3,(#1365,#1366,#1367,#1368,#1369),
.UNSPECIFIED.,.F.,.F.,(4,1,4),(0.E0,5.E-1,1.E0),.UNSPECIFIED.);
#1380=B_SPLINE_CURVE_WITH_KNOTS('',3,(#1375,#1376,#1377,#1378,#1379),
.UNSPECIFIED.,.F.,.F.,(4,1,4),(0.E0,5.E-1,1.E0),.UNSPECIFIED.);
#1389=CIRCLE('',#1388,6.E-1);
#1397=B_SPLINE_CURVE_WITH_KNOTS('',3,(#1390,#1391,#1392,#1393,#1394,#1395,
#1396),.UNSPECIFIED.,.F.,.F.,(4,1,1,1,4),(0.E0,2.5E-1,5.E-1,7.5E-1,1.E0),
.UNSPECIFIED.);
#1402=CIRCLE('',#1401,1.855514238691E1);
#1407=CIRCLE('',#1406,1.853283614313E1);
#1415=B_SPLINE_CURVE_WITH_KNOTS('',3,(#1408,#1409,#1410,#1411,#1412,#1413,
#1414),.UNSPECIFIED.,.F.,.F.,(4,1,1,1,4),(0.E0,2.5E-1,5.E-1,7.5E-1,1.E0),
.UNSPECIFIED.);
#1420=B_SPLINE_CURVE_WITH_KNOTS('',3,(#1416,#1417,#1418,#1419),.UNSPECIFIED.,
.F.,.F.,(4,4),(0.E0,1.E0),.UNSPECIFIED.);
#1443=B_SPLINE_CURVE_WITH_KNOTS('',3,(#1437,#1438,#1439,#1440,#1441,#1442),
.UNSPECIFIED.,.F.,.F.,(4,1,1,4),(0.E0,3.333333333333E-1,6.666666666667E-1,1.E0),
.UNSPECIFIED.);
#1451=B_SPLINE_CURVE_WITH_KNOTS('',3,(#1444,#1445,#1446,#1447,#1448,#1449,
#1450),.UNSPECIFIED.,.F.,.F.,(4,1,1,1,4),(0.E0,2.5E-1,5.E-1,7.5E-1,1.E0),
.UNSPECIFIED.);
#1459=B_SPLINE_CURVE_WITH_KNOTS('',3,(#1452,#1453,#1454,#1455,#1456,#1457,
#1458),.UNSPECIFIED.,.F.,.F.,(4,1,1,1,4),(0.E0,2.5E-1,5.E-1,7.5E-1,1.E0),
.UNSPECIFIED.);
#1466=B_SPLINE_CURVE_WITH_KNOTS('',3,(#1460,#1461,#1462,#1463,#1464,#1465),
.UNSPECIFIED.,.F.,.F.,(4,1,1,4),(0.E0,3.333333333333E-1,6.666666666667E-1,1.E0),
.UNSPECIFIED.);
#1473=B_SPLINE_CURVE_WITH_KNOTS('',3,(#1467,#1468,#1469,#1470,#1471,#1472),
.UNSPECIFIED.,.F.,.F.,(4,1,1,4),(0.E0,3.333333333333E-1,6.666666666667E-1,1.E0),
.UNSPECIFIED.);
#1478=CIRCLE('',#1477,9.999999965658E-1);
#1493=B_SPLINE_CURVE_WITH_KNOTS('',3,(#1487,#1488,#1489,#1490,#1491,#1492),
.UNSPECIFIED.,.F.,.F.,(4,1,1,4),(0.E0,3.333333333333E-1,6.666666666667E-1,1.E0),
.UNSPECIFIED.);
#1498=CIRCLE('',#1497,1.753298844706E1);
#1510=B_SPLINE_CURVE_WITH_KNOTS('',3,(#1503,#1504,#1505,#1506,#1507,#1508,
#1509),.UNSPECIFIED.,.F.,.F.,(4,1,1,1,4),(0.E0,2.5E-1,5.E-1,7.5E-1,1.E0),
.UNSPECIFIED.);
#1515=B_SPLINE_CURVE_WITH_KNOTS('',3,(#1511,#1512,#1513,#1514),.UNSPECIFIED.,
.F.,.F.,(4,4),(0.E0,1.E0),.UNSPECIFIED.);
#1530=B_SPLINE_CURVE_WITH_KNOTS('',3,(#1524,#1525,#1526,#1527,#1528,#1529),
.UNSPECIFIED.,.F.,.F.,(4,1,1,4),(0.E0,3.333333333333E-1,6.666666666667E-1,1.E0),
.UNSPECIFIED.);
#1535=B_SPLINE_CURVE_WITH_KNOTS('',3,(#1531,#1532,#1533,#1534),.UNSPECIFIED.,
.F.,.F.,(4,4),(0.E0,1.E0),.UNSPECIFIED.);
#1542=B_SPLINE_CURVE_WITH_KNOTS('',3,(#1536,#1537,#1538,#1539,#1540,#1541),
.UNSPECIFIED.,.F.,.F.,(4,1,1,4),(0.E0,3.333333333333E-1,6.666666666667E-1,1.E0),
.UNSPECIFIED.);
#1554=B_SPLINE_CURVE_WITH_KNOTS('',3,(#1547,#1548,#1549,#1550,#1551,#1552,
#1553),.UNSPECIFIED.,.F.,.F.,(4,1,1,1,4),(0.E0,2.5E-1,5.E-1,7.5E-1,1.E0),
.UNSPECIFIED.);
#1561=B_SPLINE_CURVE_WITH_KNOTS('',3,(#1555,#1556,#1557,#1558,#1559,#1560),
.UNSPECIFIED.,.F.,.F.,(4,1,1,4),(0.E0,3.333333333333E-1,6.666666666667E-1,1.E0),
.UNSPECIFIED.);
#1566=B_SPLINE_CURVE_WITH_KNOTS('',3,(#1562,#1563,#1564,#1565),.UNSPECIFIED.,
.F.,.F.,(4,4),(0.E0,1.E0),.UNSPECIFIED.);
#1575=B_SPLINE_CURVE_WITH_KNOTS('',3,(#1571,#1572,#1573,#1574),.UNSPECIFIED.,
.F.,.F.,(4,4),(0.E0,1.E0),.UNSPECIFIED.);
#1586=B_SPLINE_CURVE_WITH_KNOTS('',3,(#1580,#1581,#1582,#1583,#1584,#1585),
.UNSPECIFIED.,.F.,.F.,(4,1,1,4),(0.E0,3.333333333333E-1,6.666666666667E-1,1.E0),
.UNSPECIFIED.);
#1595=B_SPLINE_CURVE_WITH_KNOTS('',3,(#1591,#1592,#1593,#1594),.UNSPECIFIED.,
.F.,.F.,(4,4),(0.E0,1.E0),.UNSPECIFIED.);
#1605=B_SPLINE_CURVE_WITH_KNOTS('',3,(#1596,#1597,#1598,#1599,#1600,#1601,#1602,
#1603,#1604),.UNSPECIFIED.,.F.,.F.,(4,1,1,1,1,1,4),(0.E0,1.666666666667E-1,
3.333333333333E-1,5.E-1,6.666666666667E-1,8.333333333333E-1,1.E0),
.UNSPECIFIED.);
#1616=B_SPLINE_CURVE_WITH_KNOTS('',3,(#1610,#1611,#1612,#1613,#1614,#1615),
.UNSPECIFIED.,.F.,.F.,(4,1,1,4),(0.E0,3.333333333333E-1,6.666666666667E-1,1.E0),
.UNSPECIFIED.);
#1623=B_SPLINE_CURVE_WITH_KNOTS('',3,(#1617,#1618,#1619,#1620,#1621,#1622),
.UNSPECIFIED.,.F.,.F.,(4,1,1,4),(0.E0,3.333333333333E-1,6.666666666667E-1,1.E0),
.UNSPECIFIED.);
#1631=B_SPLINE_CURVE_WITH_KNOTS('',3,(#1624,#1625,#1626,#1627,#1628,#1629,
#1630),.UNSPECIFIED.,.F.,.F.,(4,1,1,1,4),(0.E0,2.5E-1,5.E-1,7.5E-1,1.E0),
.UNSPECIFIED.);
#1636=B_SPLINE_CURVE_WITH_KNOTS('',3,(#1632,#1633,#1634,#1635),.UNSPECIFIED.,
.F.,.F.,(4,4),(0.E0,1.E0),.UNSPECIFIED.);
#1647=B_SPLINE_CURVE_WITH_KNOTS('',3,(#1641,#1642,#1643,#1644,#1645,#1646),
.UNSPECIFIED.,.F.,.F.,(4,1,1,4),(0.E0,3.333333333333E-1,6.666666666667E-1,1.E0),
.UNSPECIFIED.);
#1656=B_SPLINE_CURVE_WITH_KNOTS('',3,(#1652,#1653,#1654,#1655),.UNSPECIFIED.,
.F.,.F.,(4,4),(0.E0,1.E0),.UNSPECIFIED.);
#1669=B_SPLINE_CURVE_WITH_KNOTS('',3,(#1665,#1666,#1667,#1668),.UNSPECIFIED.,
.F.,.F.,(4,4),(0.E0,1.E0),.UNSPECIFIED.);
#1686=B_SPLINE_CURVE_WITH_KNOTS('',3,(#1682,#1683,#1684,#1685),.UNSPECIFIED.,
.F.,.F.,(4,4),(0.E0,1.E0),.UNSPECIFIED.);
#1695=B_SPLINE_CURVE_WITH_KNOTS('',3,(#1691,#1692,#1693,#1694),.UNSPECIFIED.,
.F.,.F.,(4,4),(0.E0,1.E0),.UNSPECIFIED.);
#1732=B_SPLINE_CURVE_WITH_KNOTS('',3,(#1728,#1729,#1730,#1731),.UNSPECIFIED.,
.F.,.F.,(4,4),(0.E0,1.E0),.UNSPECIFIED.);
#1745=B_SPLINE_CURVE_WITH_KNOTS('',3,(#1741,#1742,#1743,#1744),.UNSPECIFIED.,
.F.,.F.,(4,4),(0.E0,1.E0),.UNSPECIFIED.);
#1758=B_SPLINE_CURVE_WITH_KNOTS('',3,(#1754,#1755,#1756,#1757),.UNSPECIFIED.,
.F.,.F.,(4,4),(0.E0,1.E0),.UNSPECIFIED.);
#1783=B_SPLINE_CURVE_WITH_KNOTS('',3,(#1779,#1780,#1781,#1782),.UNSPECIFIED.,
.F.,.F.,(4,4),(0.E0,1.E0),.UNSPECIFIED.);
#1808=CIRCLE('',#1807,1.9125E1);
#1813=CIRCLE('',#1812,1.9125E1);
#1830=B_SPLINE_CURVE_WITH_KNOTS('',3,(#1826,#1827,#1828,#1829),.UNSPECIFIED.,
.F.,.F.,(4,4),(0.E0,1.E0),.UNSPECIFIED.);
#1905=B_SPLINE_CURVE_WITH_KNOTS('',3,(#1899,#1900,#1901,#1902,#1903,#1904),
.UNSPECIFIED.,.F.,.F.,(4,1,1,4),(0.E0,3.333333333333E-1,6.666666666667E-1,1.E0),
.UNSPECIFIED.);
#1910=B_SPLINE_CURVE_WITH_KNOTS('',3,(#1906,#1907,#1908,#1909),.UNSPECIFIED.,
.F.,.F.,(4,4),(0.E0,1.E0),.UNSPECIFIED.);
#1917=B_SPLINE_CURVE_WITH_KNOTS('',3,(#1911,#1912,#1913,#1914,#1915,#1916),
.UNSPECIFIED.,.F.,.F.,(4,1,1,4),(0.E0,3.333333333333E-1,6.666666666667E-1,1.E0),
.UNSPECIFIED.);
#1925=B_SPLINE_CURVE_WITH_KNOTS('',3,(#1918,#1919,#1920,#1921,#1922,#1923,
#1924),.UNSPECIFIED.,.F.,.F.,(4,1,1,1,4),(0.E0,2.5E-1,5.E-1,7.5E-1,1.E0),
.UNSPECIFIED.);
#1930=B_SPLINE_CURVE_WITH_KNOTS('',3,(#1926,#1927,#1928,#1929),.UNSPECIFIED.,
.F.,.F.,(4,4),(0.E0,1.E0),.UNSPECIFIED.);
#1935=B_SPLINE_CURVE_WITH_KNOTS('',3,(#1931,#1932,#1933,#1934),.UNSPECIFIED.,
.F.,.F.,(4,4),(0.E0,1.E0),.UNSPECIFIED.);
#1949=B_SPLINE_CURVE_WITH_KNOTS('',3,(#1944,#1945,#1946,#1947,#1948),
.UNSPECIFIED.,.F.,.F.,(4,1,4),(0.E0,5.E-1,1.E0),.UNSPECIFIED.);
#1959=B_SPLINE_CURVE_WITH_KNOTS('',3,(#1954,#1955,#1956,#1957,#1958),
.UNSPECIFIED.,.F.,.F.,(4,1,4),(0.E0,5.E-1,1.E0),.UNSPECIFIED.);
#1972=CIRCLE('',#1971,2.05E0);
#1978=B_SPLINE_CURVE_WITH_KNOTS('',3,(#1973,#1974,#1975,#1976,#1977),
.UNSPECIFIED.,.F.,.F.,(4,1,4),(0.E0,5.E-1,1.E0),.UNSPECIFIED.);
#1983=CIRCLE('',#1982,2.05E0);
#1997=B_SPLINE_CURVE_WITH_KNOTS('',3,(#1992,#1993,#1994,#1995,#1996),
.UNSPECIFIED.,.F.,.F.,(4,1,4),(0.E0,5.E-1,1.E0),.UNSPECIFIED.);
#2008=B_SPLINE_CURVE_WITH_KNOTS('',3,(#2002,#2003,#2004,#2005,#2006,#2007),
.UNSPECIFIED.,.F.,.F.,(4,1,1,4),(0.E0,3.333333333333E-1,6.666666666667E-1,1.E0),
.UNSPECIFIED.);
#2037=B_SPLINE_CURVE_WITH_KNOTS('',3,(#2033,#2034,#2035,#2036),.UNSPECIFIED.,
.F.,.F.,(4,4),(0.E0,1.E0),.UNSPECIFIED.);
#2054=B_SPLINE_CURVE_WITH_KNOTS('',3,(#2050,#2051,#2052,#2053),.UNSPECIFIED.,
.F.,.F.,(4,4),(0.E0,1.E0),.UNSPECIFIED.);
#2063=B_SPLINE_CURVE_WITH_KNOTS('',3,(#2059,#2060,#2061,#2062),.UNSPECIFIED.,
.F.,.F.,(4,4),(0.E0,1.E0),.UNSPECIFIED.);
#2068=B_SPLINE_CURVE_WITH_KNOTS('',3,(#2064,#2065,#2066,#2067),.UNSPECIFIED.,
.F.,.F.,(4,4),(0.E0,1.E0),.UNSPECIFIED.);
#2073=CIRCLE('',#2072,1.854972308770E1);
#2092=B_SPLINE_CURVE_WITH_KNOTS('',3,(#2086,#2087,#2088,#2089,#2090,#2091),
.UNSPECIFIED.,.F.,.F.,(4,1,1,4),(0.E0,3.333333333333E-1,6.666666666667E-1,1.E0),
.UNSPECIFIED.);
#2099=B_SPLINE_CURVE_WITH_KNOTS('',3,(#2093,#2094,#2095,#2096,#2097,#2098),
.UNSPECIFIED.,.F.,.F.,(4,1,1,4),(0.E0,3.333333333333E-1,6.666666666667E-1,1.E0),
.UNSPECIFIED.);
#2104=B_SPLINE_CURVE_WITH_KNOTS('',3,(#2100,#2101,#2102,#2103),.UNSPECIFIED.,
.F.,.F.,(4,4),(0.E0,1.E0),.UNSPECIFIED.);
#2110=B_SPLINE_CURVE_WITH_KNOTS('',3,(#2105,#2106,#2107,#2108,#2109),
.UNSPECIFIED.,.F.,.F.,(4,1,4),(0.E0,5.E-1,1.E0),.UNSPECIFIED.);
#2119=CIRCLE('',#2118,1.E0);
#2128=B_SPLINE_CURVE_WITH_KNOTS('',3,(#2120,#2121,#2122,#2123,#2124,#2125,#2126,
#2127),.UNSPECIFIED.,.F.,.F.,(4,1,1,1,1,4),(0.E0,2.E-1,4.E-1,6.E-1,8.E-1,1.E0),
.UNSPECIFIED.);
#2133=CIRCLE('',#2132,1.753298844706E1);
#2140=B_SPLINE_CURVE_WITH_KNOTS('',3,(#2134,#2135,#2136,#2137,#2138,#2139),
.UNSPECIFIED.,.F.,.F.,(4,1,1,4),(0.E0,3.333333333333E-1,6.666666666667E-1,1.E0),
.UNSPECIFIED.);
#2163=B_SPLINE_CURVE_WITH_KNOTS('',3,(#2157,#2158,#2159,#2160,#2161,#2162),
.UNSPECIFIED.,.F.,.F.,(4,1,1,4),(0.E0,3.333333333333E-1,6.666666666667E-1,1.E0),
.UNSPECIFIED.);
#2184=B_SPLINE_CURVE_WITH_KNOTS('',3,(#2180,#2181,#2182,#2183),.UNSPECIFIED.,
.F.,.F.,(4,4),(0.E0,1.E0),.UNSPECIFIED.);
#2191=B_SPLINE_CURVE_WITH_KNOTS('',3,(#2185,#2186,#2187,#2188,#2189,#2190),
.UNSPECIFIED.,.F.,.F.,(4,1,1,4),(0.E0,3.333333333333E-1,6.666666666667E-1,1.E0),
.UNSPECIFIED.);
#2202=B_SPLINE_CURVE_WITH_KNOTS('',3,(#2196,#2197,#2198,#2199,#2200,#2201),
.UNSPECIFIED.,.F.,.F.,(4,1,1,4),(0.E0,3.333333333333E-1,6.666666666667E-1,1.E0),
.UNSPECIFIED.);
#2212=B_SPLINE_CURVE_WITH_KNOTS('',3,(#2203,#2204,#2205,#2206,#2207,#2208,#2209,
#2210,#2211),.UNSPECIFIED.,.F.,.F.,(4,1,1,1,1,1,4),(0.E0,1.666666666667E-1,
3.333333333333E-1,5.E-1,6.666666666667E-1,8.333333333333E-1,1.E0),
.UNSPECIFIED.);
#2222=B_SPLINE_CURVE_WITH_KNOTS('',3,(#2213,#2214,#2215,#2216,#2217,#2218,#2219,
#2220,#2221),.UNSPECIFIED.,.F.,.F.,(4,1,1,1,1,1,4),(0.E0,1.666666666667E-1,
3.333333333333E-1,5.E-1,6.666666666667E-1,8.333333333333E-1,1.E0),
.UNSPECIFIED.);
#2227=B_SPLINE_CURVE_WITH_KNOTS('',3,(#2223,#2224,#2225,#2226),.UNSPECIFIED.,
.F.,.F.,(4,4),(0.E0,1.E0),.UNSPECIFIED.);
#2236=B_SPLINE_CURVE_WITH_KNOTS('',3,(#2232,#2233,#2234,#2235),.UNSPECIFIED.,
.F.,.F.,(4,4),(0.E0,1.E0),.UNSPECIFIED.);
#2262=B_SPLINE_CURVE_WITH_KNOTS('',3,(#2257,#2258,#2259,#2260,#2261),
.UNSPECIFIED.,.F.,.F.,(4,1,4),(0.E0,5.E-1,1.E0),.UNSPECIFIED.);
#2300=B_SPLINE_CURVE_WITH_KNOTS('',3,(#2295,#2296,#2297,#2298,#2299),
.UNSPECIFIED.,.F.,.F.,(4,1,4),(0.E0,5.E-1,1.E0),.UNSPECIFIED.);
#2317=B_SPLINE_CURVE_WITH_KNOTS('',3,(#2313,#2314,#2315,#2316),.UNSPECIFIED.,
.F.,.F.,(4,4),(0.E0,1.E0),.UNSPECIFIED.);
#2330=B_SPLINE_CURVE_WITH_KNOTS('',3,(#2326,#2327,#2328,#2329),.UNSPECIFIED.,
.F.,.F.,(4,4),(0.E0,1.E0),.UNSPECIFIED.);
#2339=B_SPLINE_CURVE_WITH_KNOTS('',3,(#2335,#2336,#2337,#2338),.UNSPECIFIED.,
.F.,.F.,(4,4),(0.E0,1.E0),.UNSPECIFIED.);
#2356=B_SPLINE_CURVE_WITH_KNOTS('',3,(#2352,#2353,#2354,#2355),.UNSPECIFIED.,
.F.,.F.,(4,4),(0.E0,1.E0),.UNSPECIFIED.);
#2369=B_SPLINE_CURVE_WITH_KNOTS('',3,(#2365,#2366,#2367,#2368),.UNSPECIFIED.,
.F.,.F.,(4,4),(0.E0,1.E0),.UNSPECIFIED.);
#2397=B_SPLINE_CURVE_WITH_KNOTS('',3,(#2390,#2391,#2392,#2393,#2394,#2395,
#2396),.UNSPECIFIED.,.F.,.F.,(4,1,1,1,4),(0.E0,2.5E-1,5.E-1,7.5E-1,1.E0),
.UNSPECIFIED.);
#2430=B_SPLINE_CURVE_WITH_KNOTS('',3,(#2410,#2411,#2412,#2413,#2414,#2415,#2416,
#2417,#2418,#2419,#2420,#2421,#2422,#2423,#2424,#2425,#2426,#2427,#2428,#2429),
.UNSPECIFIED.,.F.,.F.,(4,1,1,1,1,1,1,1,1,1,1,1,1,1,1,1,1,4),(0.E0,
2.803437925127E-3,7.156104959315E-2,1.358642958938E-1,1.979535163474E-1,
2.603081520815E-1,3.216388997890E-1,3.806990175097E-1,4.402377564072E-1,
5.029414435976E-1,5.642254906980E-1,6.227910333114E-1,6.813197219652E-1,
7.424980536753E-1,8.048526894094E-1,8.669419098631E-1,9.312235674467E-1,1.E0),
.UNSPECIFIED.);
#2449=B_SPLINE_CURVE_WITH_KNOTS('',3,(#2431,#2432,#2433,#2434,#2435,#2436,#2437,
#2438,#2439,#2440,#2441,#2442,#2443,#2444,#2445,#2446,#2447,#2448),
.UNSPECIFIED.,.F.,.F.,(4,1,1,1,1,1,1,1,1,1,1,1,1,1,1,4),(0.E0,7.011553759011E-2,
1.354788376379E-1,2.599879798158E-1,3.211663115259E-1,3.796950001797E-1,
4.382605427930E-1,4.995445898934E-1,5.622482770839E-1,6.217870159813E-1,
6.808471337021E-1,7.421778814095E-1,8.046946768866E-1,8.673348039675E-1,
9.326242311566E-1,1.E0),.UNSPECIFIED.);
#2463=B_SPLINE_CURVE_WITH_KNOTS('',3,(#2454,#2455,#2456,#2457,#2458,#2459,#2460,
#2461,#2462),.UNSPECIFIED.,.F.,.F.,(4,1,1,1,1,1,4),(0.E0,2.656899391104E-1,
3.915039794964E-1,5.148692381436E-1,6.359690382762E-1,7.555025454293E-1,1.E0),
.UNSPECIFIED.);
#2469=B_SPLINE_CURVE_WITH_KNOTS('',3,(#2464,#2465,#2466,#2467,#2468),
.UNSPECIFIED.,.F.,.F.,(4,1,4),(0.E0,2.320914131864E-1,1.E0),.UNSPECIFIED.);
#2479=B_SPLINE_CURVE_WITH_KNOTS('',3,(#2474,#2475,#2476,#2477,#2478),
.UNSPECIFIED.,.F.,.F.,(4,1,4),(0.E0,5.000000000081E-1,1.E0),.UNSPECIFIED.);
#2489=B_SPLINE_CURVE_WITH_KNOTS('',3,(#2484,#2485,#2486,#2487,#2488),
.UNSPECIFIED.,.F.,.F.,(4,1,4),(0.E0,4.999999999919E-1,1.E0),.UNSPECIFIED.);
#2501=B_SPLINE_CURVE_WITH_KNOTS('',3,(#2494,#2495,#2496,#2497,#2498,#2499,
#2500),.UNSPECIFIED.,.F.,.F.,(4,1,1,1,4),(0.E0,2.772248790337E-1,
5.104218975035E-1,7.368323924380E-1,1.E0),.UNSPECIFIED.);
#2511=B_SPLINE_CURVE_WITH_KNOTS('',3,(#2506,#2507,#2508,#2509,#2510),
.UNSPECIFIED.,.F.,.F.,(4,1,4),(0.E0,5.000000000005E-1,1.E0),.UNSPECIFIED.);
#2521=B_SPLINE_CURVE_WITH_KNOTS('',3,(#2516,#2517,#2518,#2519,#2520),
.UNSPECIFIED.,.F.,.F.,(4,1,4),(0.E0,5.000000000079E-1,1.E0),.UNSPECIFIED.);
#2531=B_SPLINE_CURVE_WITH_KNOTS('',3,(#2526,#2527,#2528,#2529,#2530),
.UNSPECIFIED.,.F.,.F.,(4,1,4),(0.E0,4.999999999902E-1,1.E0),.UNSPECIFIED.);
#2541=B_SPLINE_CURVE_WITH_KNOTS('',3,(#2536,#2537,#2538,#2539,#2540),
.UNSPECIFIED.,.F.,.F.,(4,1,4),(0.E0,5.000000000005E-1,1.E0),.UNSPECIFIED.);
#2551=B_SPLINE_CURVE_WITH_KNOTS('',3,(#2546,#2547,#2548,#2549,#2550),
.UNSPECIFIED.,.F.,.F.,(4,1,4),(0.E0,5.000000000082E-1,1.E0),.UNSPECIFIED.);
#2560=B_SPLINE_CURVE_WITH_KNOTS('',3,(#2556,#2557,#2558,#2559),.UNSPECIFIED.,
.F.,.F.,(4,4),(0.E0,1.E0),.UNSPECIFIED.);
#2570=B_SPLINE_CURVE_WITH_KNOTS('',3,(#2565,#2566,#2567,#2568,#2569),
.UNSPECIFIED.,.F.,.F.,(4,1,4),(0.E0,5.000000000102E-1,1.E0),.UNSPECIFIED.);
#2580=B_SPLINE_CURVE_WITH_KNOTS('',3,(#2575,#2576,#2577,#2578,#2579),
.UNSPECIFIED.,.F.,.F.,(4,1,4),(0.E0,5.000000000099E-1,1.E0),.UNSPECIFIED.);
#2590=B_SPLINE_CURVE_WITH_KNOTS('',3,(#2585,#2586,#2587,#2588,#2589),
.UNSPECIFIED.,.F.,.F.,(4,1,4),(0.E0,4.999999999926E-1,1.E0),.UNSPECIFIED.);
#2600=B_SPLINE_CURVE_WITH_KNOTS('',3,(#2595,#2596,#2597,#2598,#2599),
.UNSPECIFIED.,.F.,.F.,(4,1,4),(0.E0,4.999999999981E-1,1.E0),.UNSPECIFIED.);
#2609=B_SPLINE_CURVE_WITH_KNOTS('',3,(#2605,#2606,#2607,#2608),.UNSPECIFIED.,
.F.,.F.,(4,4),(0.E0,1.E0),.UNSPECIFIED.);
#2619=B_SPLINE_CURVE_WITH_KNOTS('',3,(#2614,#2615,#2616,#2617,#2618),
.UNSPECIFIED.,.F.,.F.,(4,1,4),(0.E0,5.000000000077E-1,1.E0),.UNSPECIFIED.);
#2629=B_SPLINE_CURVE_WITH_KNOTS('',3,(#2624,#2625,#2626,#2627,#2628),
.UNSPECIFIED.,.F.,.F.,(4,1,4),(0.E0,5.000000000104E-1,1.E0),.UNSPECIFIED.);
#2639=B_SPLINE_CURVE_WITH_KNOTS('',3,(#2634,#2635,#2636,#2637,#2638),
.UNSPECIFIED.,.F.,.F.,(4,1,4),(0.E0,5.000000000007E-1,1.E0),.UNSPECIFIED.);
#2649=B_SPLINE_CURVE_WITH_KNOTS('',3,(#2644,#2645,#2646,#2647,#2648),
.UNSPECIFIED.,.F.,.F.,(4,1,4),(0.E0,4.999999999973E-1,1.E0),.UNSPECIFIED.);
#2659=B_SPLINE_CURVE_WITH_KNOTS('',3,(#2654,#2655,#2656,#2657,#2658),
.UNSPECIFIED.,.F.,.F.,(4,1,4),(0.E0,4.999999999990E-1,1.E0),.UNSPECIFIED.);
#2669=B_SPLINE_CURVE_WITH_KNOTS('',3,(#2664,#2665,#2666,#2667,#2668),
.UNSPECIFIED.,.F.,.F.,(4,1,4),(0.E0,4.999999999994E-1,1.E0),.UNSPECIFIED.);
#2679=B_SPLINE_CURVE_WITH_KNOTS('',3,(#2674,#2675,#2676,#2677,#2678),
.UNSPECIFIED.,.F.,.F.,(4,1,4),(0.E0,5.000000000074E-1,1.E0),.UNSPECIFIED.);
#2688=B_SPLINE_CURVE_WITH_KNOTS('',3,(#2684,#2685,#2686,#2687),.UNSPECIFIED.,
.F.,.F.,(4,4),(0.E0,1.E0),.UNSPECIFIED.);
#2698=B_SPLINE_CURVE_WITH_KNOTS('',3,(#2693,#2694,#2695,#2696,#2697),
.UNSPECIFIED.,.F.,.F.,(4,1,4),(0.E0,5.000000000061E-1,1.E0),.UNSPECIFIED.);
#2707=B_SPLINE_CURVE_WITH_KNOTS('',3,(#2703,#2704,#2705,#2706),.UNSPECIFIED.,
.F.,.F.,(4,4),(0.E0,1.E0),.UNSPECIFIED.);
#2716=B_SPLINE_CURVE_WITH_KNOTS('',3,(#2712,#2713,#2714,#2715),.UNSPECIFIED.,
.F.,.F.,(4,4),(0.E0,1.E0),.UNSPECIFIED.);
#2726=B_SPLINE_CURVE_WITH_KNOTS('',3,(#2721,#2722,#2723,#2724,#2725),
.UNSPECIFIED.,.F.,.F.,(4,1,4),(0.E0,5.000000000005E-1,1.E0),.UNSPECIFIED.);
#2736=B_SPLINE_CURVE_WITH_KNOTS('',3,(#2731,#2732,#2733,#2734,#2735),
.UNSPECIFIED.,.F.,.F.,(4,1,4),(0.E0,5.000000000054E-1,1.E0),.UNSPECIFIED.);
#2746=B_SPLINE_CURVE_WITH_KNOTS('',3,(#2741,#2742,#2743,#2744,#2745),
.UNSPECIFIED.,.F.,.F.,(4,1,4),(0.E0,5.000000000061E-1,1.E0),.UNSPECIFIED.);
#2756=B_SPLINE_CURVE_WITH_KNOTS('',3,(#2751,#2752,#2753,#2754,#2755),
.UNSPECIFIED.,.F.,.F.,(4,1,4),(0.E0,4.999999999963E-1,1.E0),.UNSPECIFIED.);
#2766=B_SPLINE_CURVE_WITH_KNOTS('',3,(#2761,#2762,#2763,#2764,#2765),
.UNSPECIFIED.,.F.,.F.,(4,1,4),(0.E0,5.000000000835E-1,1.E0),.UNSPECIFIED.);
#2776=B_SPLINE_CURVE_WITH_KNOTS('',3,(#2771,#2772,#2773,#2774,#2775),
.UNSPECIFIED.,.F.,.F.,(4,1,4),(0.E0,5.000000000193E-1,1.E0),.UNSPECIFIED.);
#2816=B_SPLINE_CURVE_WITH_KNOTS('',3,(#2809,#2810,#2811,#2812,#2813,#2814,
#2815),.UNSPECIFIED.,.F.,.F.,(4,1,1,1,4),(0.E0,2.321569554737E-1,
4.742148461527E-1,7.291855984836E-1,1.E0),.UNSPECIFIED.);
#2826=B_SPLINE_CURVE_WITH_KNOTS('',3,(#2817,#2818,#2819,#2820,#2821,#2822,#2823,
#2824,#2825),.UNSPECIFIED.,.F.,.F.,(4,1,1,1,1,1,4),(0.E0,2.478373984389E-1,
3.632065667157E-1,4.799100501783E-1,5.992923188873E-1,7.226728484990E-1,1.E0),
.UNSPECIFIED.);
#2854=B_SPLINE_CURVE_WITH_KNOTS('',3,(#2839,#2840,#2841,#2842,#2843,#2844,#2845,
#2846,#2847,#2848,#2849,#2850,#2851,#2852,#2853),.UNSPECIFIED.,.F.,.F.,(4,1,1,1,
1,1,1,1,1,1,1,1,4),(0.E0,1.398590519432E-1,2.598541997111E-1,3.176742008356E-1,
3.751523138954E-1,4.350977173907E-1,5.E-1,5.649022826093E-1,6.248476861046E-1,
6.823257991644E-1,7.401458002889E-1,8.601409480568E-1,1.E0),.UNSPECIFIED.);
#3342=B_SPLINE_CURVE_WITH_KNOTS('',3,(#3335,#3336,#3337,#3338,#3339,#3340,
#3341),.UNSPECIFIED.,.F.,.F.,(4,1,1,1,4),(0.E0,2.401084675259E-1,5.E-1,
7.598915324741E-1,1.E0),.UNSPECIFIED.);
#3354=B_SPLINE_CURVE_WITH_KNOTS('',3,(#3347,#3348,#3349,#3350,#3351,#3352,
#3353),.UNSPECIFIED.,.F.,.F.,(4,1,1,1,4),(0.E0,2.401084675259E-1,5.E-1,
7.598915324741E-1,1.E0),.UNSPECIFIED.);
#3366=B_SPLINE_CURVE_WITH_KNOTS('',3,(#3359,#3360,#3361,#3362,#3363,#3364,
#3365),.UNSPECIFIED.,.F.,.F.,(4,1,1,1,4),(0.E0,2.401084675245E-1,5.E-1,
7.598915324755E-1,1.E0),.UNSPECIFIED.);
#3378=B_SPLINE_CURVE_WITH_KNOTS('',3,(#3371,#3372,#3373,#3374,#3375,#3376,
#3377),.UNSPECIFIED.,.F.,.F.,(4,1,1,1,4),(0.E0,2.401084675272E-1,5.E-1,
7.598915324728E-1,1.E0),.UNSPECIFIED.);
#3384=B_SPLINE_CURVE_WITH_KNOTS('',3,(#3379,#3380,#3381,#3382,#3383),
.UNSPECIFIED.,.F.,.F.,(4,1,4),(0.E0,5.E-1,1.E0),.UNSPECIFIED.);
#3394=B_SPLINE_CURVE_WITH_KNOTS('',3,(#3389,#3390,#3391,#3392,#3393),
.UNSPECIFIED.,.F.,.F.,(4,1,4),(0.E0,5.E-1,1.E0),.UNSPECIFIED.);
#3404=B_SPLINE_CURVE_WITH_KNOTS('',3,(#3399,#3400,#3401,#3402,#3403),
.UNSPECIFIED.,.F.,.F.,(4,1,4),(0.E0,5.E-1,1.E0),.UNSPECIFIED.);
#3414=B_SPLINE_CURVE_WITH_KNOTS('',3,(#3409,#3410,#3411,#3412,#3413),
.UNSPECIFIED.,.F.,.F.,(4,1,4),(0.E0,5.E-1,1.E0),.UNSPECIFIED.);
#3455=CIRCLE('',#3454,3.500009653157E-1);
#3460=CIRCLE('',#3459,3.5E-1);
#3465=CIRCLE('',#3464,3.5E-1);
#3471=B_SPLINE_CURVE_WITH_KNOTS('',3,(#3466,#3467,#3468,#3469,#3470),
.UNSPECIFIED.,.F.,.F.,(4,1,4),(0.E0,5.E-1,1.E0),.UNSPECIFIED.);
#3476=CIRCLE('',#3475,3.499999999982E-1);
#3491=B_SPLINE_CURVE_WITH_KNOTS('',3,(#3477,#3478,#3479,#3480,#3481,#3482,#3483,
#3484,#3485,#3486,#3487,#3488,#3489,#3490),.UNSPECIFIED.,.F.,.F.,(4,1,1,1,1,1,1,
1,1,1,1,4),(0.E0,9.090909090909E-2,1.818181818182E-1,2.727272727273E-1,
3.636363636364E-1,4.545454545455E-1,5.454545454545E-1,6.363636363636E-1,
7.272727272727E-1,8.181818181818E-1,9.090909090909E-1,1.E0),.UNSPECIFIED.);
#3506=B_SPLINE_CURVE_WITH_KNOTS('',3,(#3492,#3493,#3494,#3495,#3496,#3497,#3498,
#3499,#3500,#3501,#3502,#3503,#3504,#3505),.UNSPECIFIED.,.F.,.F.,(4,1,1,1,1,1,1,
1,1,1,1,4),(0.E0,9.090909090909E-2,1.818181818182E-1,2.727272727273E-1,
3.636363636364E-1,4.545454545455E-1,5.454545454545E-1,6.363636363636E-1,
7.272727272727E-1,8.181818181818E-1,9.090909090909E-1,1.E0),.UNSPECIFIED.);
#3516=B_SPLINE_CURVE_WITH_KNOTS('',3,(#3507,#3508,#3509,#3510,#3511,#3512,#3513,
#3514,#3515),.UNSPECIFIED.,.F.,.F.,(4,1,1,1,1,1,4),(0.E0,1.666666666667E-1,
3.333333333333E-1,5.E-1,6.666666666667E-1,8.333333333333E-1,1.E0),
.UNSPECIFIED.);
#3526=B_SPLINE_CURVE_WITH_KNOTS('',3,(#3517,#3518,#3519,#3520,#3521,#3522,#3523,
#3524,#3525),.UNSPECIFIED.,.F.,.F.,(4,1,1,1,1,1,4),(0.E0,1.666666666667E-1,
3.333333333333E-1,5.E-1,6.666666666667E-1,8.333333333333E-1,1.E0),
.UNSPECIFIED.);
#3533=B_SPLINE_CURVE_WITH_KNOTS('',3,(#3527,#3528,#3529,#3530,#3531,#3532),
.UNSPECIFIED.,.F.,.F.,(4,1,1,4),(0.E0,3.333333333333E-1,6.666666666667E-1,1.E0),
.UNSPECIFIED.);
#4270=EDGE_CURVE('',#3726,#3718,#12,.T.);
#4272=EDGE_CURVE('',#3726,#4248,#467,.T.);
#4274=EDGE_CURVE('',#3718,#4248,#7,.T.);
#4304=EDGE_CURVE('',#3718,#3554,#60,.T.);
#4306=EDGE_CURVE('',#3554,#3552,#565,.T.);
#4308=EDGE_CURVE('',#3726,#3552,#507,.T.);
#4319=EDGE_CURVE('',#4235,#4236,#19,.T.);
#4321=EDGE_CURVE('',#3657,#4235,#26,.T.);
#4323=EDGE_CURVE('',#3657,#3853,#31,.T.);
#4325=EDGE_CURVE('',#3853,#3551,#36,.T.);
#4327=EDGE_CURVE('',#3554,#3551,#54,.T.);
#4330=EDGE_CURVE('',#3718,#3716,#65,.T.);
#4332=EDGE_CURVE('',#3676,#3716,#70,.T.);
#4334=EDGE_CURVE('',#4236,#3676,#155,.T.);
#4344=EDGE_CURVE('',#4243,#4244,#77,.T.);
#4346=EDGE_CURVE('',#3671,#4243,#194,.T.);
#4348=EDGE_CURVE('',#3729,#3671,#82,.T.);
#4350=EDGE_CURVE('',#3729,#3730,#87,.T.);
#4352=EDGE_CURVE('',#3556,#3730,#94,.T.);
#4354=EDGE_CURVE('',#3555,#3556,#114,.T.);
#4356=EDGE_CURVE('',#3555,#3854,#119,.T.);
#4358=EDGE_CURVE('',#3653,#3854,#696,.T.);
#4360=EDGE_CURVE('',#4244,#3653,#126,.T.);
#4371=EDGE_CURVE('',#4238,#4236,#150,.T.);
#4373=EDGE_CURVE('',#4238,#4239,#317,.T.);
#4375=EDGE_CURVE('',#4239,#4235,#1943,.T.);
#4387=EDGE_CURVE('',#3675,#3676,#159,.T.);
#4389=EDGE_CURVE('',#3675,#3662,#305,.T.);
#4391=EDGE_CURVE('',#3662,#3763,#163,.T.);
#4393=EDGE_CURVE('',#3837,#3763,#266,.T.);
#4395=EDGE_CURVE('',#3837,#3623,#167,.T.);
#4397=EDGE_CURVE('',#3623,#3818,#172,.T.);
#4399=EDGE_CURVE('',#4234,#3818,#3516,.T.);
#4401=EDGE_CURVE('',#4238,#4234,#322,.T.);
#4405=EDGE_CURVE('',#3619,#3618,#141,.T.);
#4407=EDGE_CURVE('',#3618,#3619,#146,.T.);
#4417=EDGE_CURVE('',#4243,#4241,#176,.T.);
#4419=EDGE_CURVE('',#4233,#4241,#370,.T.);
#4421=EDGE_CURVE('',#3817,#4233,#2222,.T.);
#4423=EDGE_CURVE('',#3817,#3627,#181,.T.);
#4425=EDGE_CURVE('',#3839,#3627,#1858,.T.);
#4427=EDGE_CURVE('',#3778,#3839,#1838,.T.);
#4429=EDGE_CURVE('',#3664,#3778,#185,.T.);
#4431=EDGE_CURVE('',#3664,#3672,#285,.T.);
#4433=EDGE_CURVE('',#3671,#3672,#189,.T.);
#4438=EDGE_CURVE('',#3615,#3614,#131,.T.);
#4440=EDGE_CURVE('',#3614,#3615,#136,.T.);
#4450=EDGE_CURVE('',#3607,#3606,#221,.T.);
#4452=EDGE_CURVE('',#3615,#3607,#3541,.T.);
#4455=EDGE_CURVE('',#3614,#3606,#198,.T.);
#4465=EDGE_CURVE('',#3833,#3622,#202,.T.);
#4467=EDGE_CURVE('',#4231,#3833,#1894,.T.);
#4469=EDGE_CURVE('',#4231,#3659,#207,.T.);
#4471=EDGE_CURVE('',#3668,#3659,#211,.T.);
#4473=EDGE_CURVE('',#3668,#3706,#334,.T.);
#4475=EDGE_CURVE('',#3819,#3706,#3526,.T.);
#4477=EDGE_CURVE('',#3622,#3819,#216,.T.);
#4481=EDGE_CURVE('',#3611,#3610,#231,.T.);
#4483=EDGE_CURVE('',#3610,#3611,#236,.T.);
#4493=EDGE_CURVE('',#3655,#4230,#241,.T.);
#4495=EDGE_CURVE('',#3835,#4230,#2171,.T.);
#4497=EDGE_CURVE('',#3626,#3835,#245,.T.);
#4499=EDGE_CURVE('',#3816,#3626,#250,.T.);
#4501=EDGE_CURVE('',#3704,#3816,#2212,.T.);
#4503=EDGE_CURVE('',#3704,#3666,#358,.T.);
#4505=EDGE_CURVE('',#3655,#3666,#254,.T.);
#4510=EDGE_CURVE('',#3606,#3607,#226,.T.);
#4521=EDGE_CURVE('',#3770,#3837,#262,.T.);
#4523=EDGE_CURVE('',#3770,#3833,#258,.T.);
#4526=EDGE_CURVE('',#3622,#3623,#3537,.T.);
#4536=EDGE_CURVE('',#3763,#3764,#270,.T.);
#4538=EDGE_CURVE('',#3766,#3764,#392,.T.);
#4540=EDGE_CURVE('',#3766,#3768,#2024,.T.);
#4542=EDGE_CURVE('',#3768,#3770,#1866,.T.);
#4556=EDGE_CURVE('',#3661,#3662,#300,.T.);
#4558=EDGE_CURVE('',#3764,#3661,#396,.T.);
#4568=EDGE_CURVE('',#3677,#3678,#275,.T.);
#4570=EDGE_CURVE('',#3677,#3672,#280,.T.);
#4573=EDGE_CURVE('',#3663,#3664,#290,.T.);
#4575=EDGE_CURVE('',#3678,#3663,#428,.T.);
#4585=EDGE_CURVE('',#3679,#3680,#295,.T.);
#4587=EDGE_CURVE('',#3661,#3679,#401,.T.);
#4591=EDGE_CURVE('',#3680,#3675,#310,.T.);
#4603=EDGE_CURVE('',#4234,#3706,#329,.T.);
#4606=EDGE_CURVE('',#4239,#3668,#340,.T.);
#4616=EDGE_CURVE('',#4240,#4241,#347,.T.);
#4618=EDGE_CURVE('',#3666,#4240,#353,.T.);
#4621=EDGE_CURVE('',#3704,#4233,#365,.T.);
#4632=EDGE_CURVE('',#3731,#3732,#378,.T.);
#4634=EDGE_CURVE('',#3677,#3731,#388,.T.);
#4637=EDGE_CURVE('',#3678,#3732,#423,.T.);
#4648=EDGE_CURVE('',#3729,#3731,#384,.T.);
#4651=EDGE_CURVE('',#3732,#3722,#419,.T.);
#4653=EDGE_CURVE('',#3722,#4246,#3491,.T.);
#4655=EDGE_CURVE('',#4246,#3730,#3471,.T.);
#4681=EDGE_CURVE('',#3714,#3679,#405,.T.);
#4683=EDGE_CURVE('',#3720,#3714,#410,.T.);
#4685=EDGE_CURVE('',#3722,#3720,#414,.T.);
#4690=EDGE_CURVE('',#3776,#3663,#1850,.T.);
#4692=EDGE_CURVE('',#3776,#3774,#432,.T.);
#4694=EDGE_CURVE('',#3774,#3782,#436,.T.);
#4696=EDGE_CURVE('',#3782,#3561,#440,.T.);
#4698=EDGE_CURVE('',#3734,#3561,#1753,.T.);
#4700=EDGE_CURVE('',#3734,#3736,#1715,.T.);
#4702=EDGE_CURVE('',#3738,#3736,#1791,.T.);
#4704=EDGE_CURVE('',#3738,#3740,#1723,.T.);
#4706=EDGE_CURVE('',#3558,#3740,#1770,.T.);
#4708=EDGE_CURVE('',#3558,#3784,#444,.T.);
#4710=EDGE_CURVE('',#3766,#3784,#2028,.T.);
#4720=EDGE_CURVE('',#3714,#3715,#452,.T.);
#4724=EDGE_CURVE('',#3715,#3680,#462,.T.);
#4735=EDGE_CURVE('',#3715,#3716,#458,.T.);
#4739=EDGE_CURVE('',#4248,#3720,#497,.T.);
#4824=EDGE_CURVE('',#3720,#3726,#482,.T.);
#4837=EDGE_CURVE('',#3725,#3726,#501,.T.);
#4839=EDGE_CURVE('',#3725,#3722,#3506,.T.);
#4851=EDGE_CURVE('',#3557,#3552,#511,.T.);
#4853=EDGE_CURVE('',#3557,#3725,#518,.T.);
#4863=EDGE_CURVE('',#3552,#3553,#538,.T.);
#4865=EDGE_CURVE('',#3553,#3557,#560,.T.);
#4952=EDGE_CURVE('',#3550,#3551,#664,.T.);
#4954=EDGE_CURVE('',#3550,#3553,#3455,.T.);
#4967=EDGE_CURVE('',#3651,#3649,#570,.T.);
#4969=EDGE_CURVE('',#3854,#3649,#701,.T.);
#4972=EDGE_CURVE('',#3555,#3550,#595,.T.);
#4976=EDGE_CURVE('',#3853,#3651,#669,.T.);
#4986=EDGE_CURVE('',#3648,#3649,#677,.T.);
#4989=EDGE_CURVE('',#3651,#3652,#1925,.T.);
#4991=EDGE_CURVE('',#3652,#3648,#743,.T.);
#5002=EDGE_CURVE('',#3648,#3656,#681,.T.);
#5004=EDGE_CURVE('',#3654,#3656,#686,.T.);
#5006=EDGE_CURVE('',#3653,#3654,#691,.T.);
#5018=EDGE_CURVE('',#3681,#3682,#724,.T.);
#5020=EDGE_CURVE('',#3681,#3630,#729,.T.);
#5022=EDGE_CURVE('',#3630,#3647,#733,.T.);
#5024=EDGE_CURVE('',#3647,#3656,#738,.T.);
#5028=EDGE_CURVE('',#3660,#3652,#1939,.T.);
#5030=EDGE_CURVE('',#3660,#3645,#748,.T.);
#5032=EDGE_CURVE('',#3645,#3634,#752,.T.);
#5034=EDGE_CURVE('',#3634,#3692,#757,.T.);
#5036=EDGE_CURVE('',#3691,#3692,#763,.T.);
#5038=EDGE_CURVE('',#3702,#3691,#767,.T.);
#5040=EDGE_CURVE('',#3700,#3702,#773,.T.);
#5042=EDGE_CURVE('',#3686,#3700,#777,.T.);
#5044=EDGE_CURVE('',#3685,#3686,#783,.T.);
#5046=EDGE_CURVE('',#3685,#3682,#787,.T.);
#5050=EDGE_CURVE('',#3601,#3602,#706,.T.);
#5052=EDGE_CURVE('',#3793,#3601,#714,.T.);
#5054=EDGE_CURVE('',#3827,#3793,#1436,.T.);
#5056=EDGE_CURVE('',#3827,#3823,#718,.T.);
#5058=EDGE_CURVE('',#3602,#3823,#1424,.T.);
#5062=EDGE_CURVE('',#4018,#4019,#808,.T.);
#5064=EDGE_CURVE('',#4019,#4018,#827,.T.);
#5068=EDGE_CURVE('',#4022,#4023,#831,.T.);
#5070=EDGE_CURVE('',#4024,#4023,#837,.T.);
#5072=EDGE_CURVE('',#4024,#4026,#841,.T.);
#5074=EDGE_CURVE('',#4027,#4026,#847,.T.);
#5076=EDGE_CURVE('',#4027,#4029,#851,.T.);
#5078=EDGE_CURVE('',#4030,#4029,#857,.T.);
#5080=EDGE_CURVE('',#4030,#4032,#861,.T.);
#5082=EDGE_CURVE('',#4033,#4032,#867,.T.);
#5084=EDGE_CURVE('',#4033,#4035,#871,.T.);
#5086=EDGE_CURVE('',#4036,#4035,#879,.T.);
#5088=EDGE_CURVE('',#4036,#4038,#883,.T.);
#5090=EDGE_CURVE('',#4039,#4038,#889,.T.);
#5092=EDGE_CURVE('',#4039,#4041,#893,.T.);
#5094=EDGE_CURVE('',#4042,#4041,#899,.T.);
#5096=EDGE_CURVE('',#4042,#4044,#903,.T.);
#5098=EDGE_CURVE('',#4045,#4044,#909,.T.);
#5100=EDGE_CURVE('',#4022,#4045,#919,.T.);
#5104=EDGE_CURVE('',#4048,#4049,#923,.T.);
#5106=EDGE_CURVE('',#4050,#4049,#929,.T.);
#5108=EDGE_CURVE('',#4050,#4052,#933,.T.);
#5110=EDGE_CURVE('',#4053,#4052,#939,.T.);
#5112=EDGE_CURVE('',#4053,#4055,#943,.T.);
#5114=EDGE_CURVE('',#4056,#4055,#949,.T.);
#5116=EDGE_CURVE('',#4056,#4058,#953,.T.);
#5118=EDGE_CURVE('',#4059,#4058,#958,.T.);
#5120=EDGE_CURVE('',#4059,#4061,#962,.T.);
#5122=EDGE_CURVE('',#4062,#4061,#968,.T.);
#5124=EDGE_CURVE('',#4062,#4064,#972,.T.);
#5126=EDGE_CURVE('',#4065,#4064,#978,.T.);
#5128=EDGE_CURVE('',#4065,#4067,#982,.T.);
#5130=EDGE_CURVE('',#4068,#4067,#988,.T.);
#5132=EDGE_CURVE('',#4068,#4070,#992,.T.);
#5134=EDGE_CURVE('',#4071,#4070,#998,.T.);
#5136=EDGE_CURVE('',#4071,#4073,#1002,.T.);
#5138=EDGE_CURVE('',#4074,#4073,#1007,.T.);
#5140=EDGE_CURVE('',#4074,#4076,#1011,.T.);
#5142=EDGE_CURVE('',#4048,#4076,#1017,.T.);
#5146=EDGE_CURVE('',#4079,#4080,#1021,.T.);
#5148=EDGE_CURVE('',#4081,#4080,#1027,.T.);
#5150=EDGE_CURVE('',#4081,#4083,#1031,.T.);
#5152=EDGE_CURVE('',#4084,#4083,#1037,.T.);
#5154=EDGE_CURVE('',#4084,#4086,#1041,.T.);
#5156=EDGE_CURVE('',#4079,#4086,#1047,.T.);
#5160=EDGE_CURVE('',#4089,#4090,#1051,.T.);
#5162=EDGE_CURVE('',#4091,#4090,#1057,.T.);
#5164=EDGE_CURVE('',#4091,#4093,#1061,.T.);
#5166=EDGE_CURVE('',#4094,#4093,#1067,.T.);
#5168=EDGE_CURVE('',#4094,#4096,#1071,.T.);
#5170=EDGE_CURVE('',#4097,#4096,#1077,.T.);
#5172=EDGE_CURVE('',#4097,#4099,#1081,.T.);
#5174=EDGE_CURVE('',#4100,#4099,#1086,.T.);
#5176=EDGE_CURVE('',#4100,#4102,#1090,.T.);
#5178=EDGE_CURVE('',#4103,#4102,#1095,.T.);
#5180=EDGE_CURVE('',#4103,#4105,#1099,.T.);
#5182=EDGE_CURVE('',#4106,#4105,#1105,.T.);
#5184=EDGE_CURVE('',#4106,#4108,#1109,.T.);
#5186=EDGE_CURVE('',#4109,#4108,#1114,.T.);
#5188=EDGE_CURVE('',#4109,#4111,#1118,.T.);
#5190=EDGE_CURVE('',#4089,#4111,#1124,.T.);
#5194=EDGE_CURVE('',#4124,#4125,#1158,.T.);
#5196=EDGE_CURVE('',#4125,#4127,#1162,.T.);
#5198=EDGE_CURVE('',#4127,#4129,#1166,.T.);
#5200=EDGE_CURVE('',#4129,#4124,#1170,.T.);
#5204=EDGE_CURVE('',#4132,#4133,#1174,.T.);
#5206=EDGE_CURVE('',#4133,#4135,#1178,.T.);
#5208=EDGE_CURVE('',#4135,#4137,#1182,.T.);
#5210=EDGE_CURVE('',#4137,#4132,#1186,.T.);
#5214=EDGE_CURVE('',#4138,#4139,#1194,.T.);
#5216=EDGE_CURVE('',#4138,#4141,#1198,.T.);
#5218=EDGE_CURVE('',#4141,#4143,#1202,.T.);
#5220=EDGE_CURVE('',#4143,#4145,#1206,.T.);
#5222=EDGE_CURVE('',#4145,#4147,#1210,.T.);
#5224=EDGE_CURVE('',#4147,#4149,#1214,.T.);
#5226=EDGE_CURVE('',#4150,#4149,#1230,.T.);
#5228=EDGE_CURVE('',#4150,#4152,#1234,.T.);
#5230=EDGE_CURVE('',#4152,#4154,#1238,.T.);
#5232=EDGE_CURVE('',#4154,#4156,#1242,.T.);
#5234=EDGE_CURVE('',#4139,#4156,#1252,.T.);
#5238=EDGE_CURVE('',#4159,#4160,#1256,.T.);
#5240=EDGE_CURVE('',#4160,#4162,#1260,.T.);
#5242=EDGE_CURVE('',#4162,#4164,#1264,.T.);
#5244=EDGE_CURVE('',#4164,#4166,#1268,.T.);
#5246=EDGE_CURVE('',#4166,#4168,#1272,.T.);
#5248=EDGE_CURVE('',#4168,#4170,#1276,.T.);
#5250=EDGE_CURVE('',#4170,#4172,#1280,.T.);
#5252=EDGE_CURVE('',#4172,#4174,#1284,.T.);
#5254=EDGE_CURVE('',#4174,#4176,#1288,.T.);
#5256=EDGE_CURVE('',#4176,#4178,#1292,.T.);
#5258=EDGE_CURVE('',#4178,#4159,#1296,.T.);
#5262=EDGE_CURVE('',#4205,#4206,#1300,.T.);
#5264=EDGE_CURVE('',#4207,#4206,#1308,.T.);
#5266=EDGE_CURVE('',#4207,#4209,#1312,.T.);
#5268=EDGE_CURVE('',#4210,#4209,#1320,.T.);
#5270=EDGE_CURVE('',#4210,#4212,#1324,.T.);
#5272=EDGE_CURVE('',#4213,#4212,#1332,.T.);
#5274=EDGE_CURVE('',#4213,#4215,#1336,.T.);
#5276=EDGE_CURVE('',#4205,#4215,#1344,.T.);
#5286=EDGE_CURVE('',#4114,#4115,#1128,.T.);
#5288=EDGE_CURVE('',#4116,#4115,#1134,.T.);
#5290=EDGE_CURVE('',#4116,#4118,#1138,.T.);
#5292=EDGE_CURVE('',#4119,#4118,#1144,.T.);
#5294=EDGE_CURVE('',#4119,#4121,#1148,.T.);
#5296=EDGE_CURVE('',#4114,#4121,#1154,.T.);
#5306=EDGE_CURVE('',#4216,#4217,#1350,.T.);
#5308=EDGE_CURVE('',#4217,#4219,#1354,.T.);
#5310=EDGE_CURVE('',#4219,#4220,#1360,.T.);
#5312=EDGE_CURVE('',#4220,#4222,#1364,.T.);
#5314=EDGE_CURVE('',#4222,#4223,#1370,.T.);
#5316=EDGE_CURVE('',#4223,#4225,#1374,.T.);
#5318=EDGE_CURVE('',#4225,#4226,#1380,.T.);
#5320=EDGE_CURVE('',#4226,#4216,#1384,.T.);
#5330=EDGE_CURVE('',#3597,#3598,#1402,.T.);
#5332=EDGE_CURVE('',#3601,#3597,#1389,.T.);
#5335=EDGE_CURVE('',#3602,#3598,#1397,.T.);
#5346=EDGE_CURVE('',#3603,#3598,#1420,.T.);
#5348=EDGE_CURVE('',#3840,#3603,#2073,.T.);
#5350=EDGE_CURVE('',#3840,#3594,#2092,.T.);
#5352=EDGE_CURVE('',#3594,#3848,#2110,.T.);
#5354=EDGE_CURVE('',#3847,#3848,#1407,.T.);
#5356=EDGE_CURVE('',#3597,#3847,#1415,.T.);
#5369=EDGE_CURVE('',#3822,#3823,#1428,.T.);
#5371=EDGE_CURVE('',#3822,#3603,#2077,.T.);
#5382=EDGE_CURVE('',#3826,#3827,#1432,.T.);
#5384=EDGE_CURVE('',#3826,#3822,#2081,.T.);
#5396=EDGE_CURVE('',#3792,#3793,#1451,.T.);
#5398=EDGE_CURVE('',#3791,#3792,#1443,.T.);
#5400=EDGE_CURVE('',#3785,#3791,#1542,.T.);
#5402=EDGE_CURVE('',#3785,#3826,#2085,.T.);
#5467=EDGE_CURVE('',#3792,#3597,#1459,.T.);
#5528=EDGE_CURVE('',#3850,#3847,#1466,.T.);
#5530=EDGE_CURVE('',#3790,#3850,#1554,.T.);
#5532=EDGE_CURVE('',#3790,#3791,#1473,.T.);
#5571=EDGE_CURVE('',#3849,#3843,#1493,.T.);
#5573=EDGE_CURVE('',#3849,#3850,#1478,.T.);
#5576=EDGE_CURVE('',#3843,#3847,#2119,.T.);
#5586=EDGE_CURVE('',#3709,#3710,#1482,.T.);
#5588=EDGE_CURVE('',#3710,#3856,#2401,.T.);
#5590=EDGE_CURVE('',#3856,#3849,#1486,.T.);
#5593=EDGE_CURVE('',#3843,#3844,#1498,.T.);
#5595=EDGE_CURVE('',#3709,#3844,#1502,.T.);
#5606=EDGE_CURVE('',#3709,#3711,#1510,.T.);
#5608=EDGE_CURVE('',#3711,#3713,#2256,.T.);
#5610=EDGE_CURVE('',#3713,#3710,#2397,.T.);
#5621=B_SPLINE_CURVE_WITH_KNOTS('',3,(#5615,#5616,#5617,#5618,#5619,#5620),
.UNSPECIFIED.,.F.,.F.,(4,1,1,4),(0.E0,4.685746523422E-2,8.935536800025E-1,1.E0),
.UNSPECIFIED.);
#5627=EDGE_CURVE('',#3588,#3844,#1523,.T.);
#5629=EDGE_CURVE('',#3588,#3592,#1647,.T.);
#5631=EDGE_CURVE('',#3590,#3592,#1515,.T.);
#5633=EDGE_CURVE('',#3590,#3711,#2262,.T.);
#5643=EDGE_CURVE('',#3856,#3786,#1535,.T.);
#5645=EDGE_CURVE('',#3856,#3789,#1519,.T.);
#5647=EDGE_CURVE('',#3786,#3789,#1579,.T.);
#5658=EDGE_CURVE('',#3851,#3844,#2133,.T.);
#5660=EDGE_CURVE('',#3585,#3851,#2104,.T.);
#5662=EDGE_CURVE('',#3588,#3585,#1651,.T.);
#5673=B_SPLINE_CURVE_WITH_KNOTS('',3,(#5667,#5668,#5669,#5670,#5671,#5672),
.UNSPECIFIED.,.F.,.F.,(4,1,1,4),(0.E0,2.102040881256E-1,9.715772914373E-1,1.E0),
.UNSPECIFIED.);
#5677=EDGE_CURVE('',#3855,#3790,#1530,.T.);
#5679=EDGE_CURVE('',#3856,#3855,#1561,.T.);
#5682=EDGE_CURVE('',#3785,#3786,#1616,.T.);
#5694=EDGE_CURVE('',#3855,#3850,#1546,.T.);
#5718=EDGE_CURVE('',#3570,#3571,#1566,.T.);
#5720=EDGE_CURVE('',#3570,#3572,#1570,.T.);
#5722=EDGE_CURVE('',#3572,#3573,#1575,.T.);
#5724=EDGE_CURVE('',#3571,#3573,#1799,.T.);
#5735=EDGE_CURVE('',#3789,#3788,#1586,.T.);
#5737=EDGE_CURVE('',#3788,#3568,#1590,.T.);
#5739=EDGE_CURVE('',#3568,#3569,#1595,.T.);
#5741=EDGE_CURVE('',#3560,#3569,#1762,.T.);
#5743=EDGE_CURVE('',#3560,#3567,#1605,.T.);
#5745=EDGE_CURVE('',#3567,#3785,#1609,.T.);
#5756=EDGE_CURVE('',#3584,#3585,#1623,.T.);
#5758=EDGE_CURVE('',#3584,#3559,#1631,.T.);
#5760=EDGE_CURVE('',#3575,#3559,#1778,.T.);
#5762=EDGE_CURVE('',#3574,#3575,#1636,.T.);
#5764=EDGE_CURVE('',#3574,#3592,#1640,.T.);
#5776=EDGE_CURVE('',#3741,#3742,#1656,.T.);
#5778=EDGE_CURVE('',#3741,#3578,#1660,.T.);
#5780=EDGE_CURVE('',#3578,#3570,#2308,.T.);
#5783=EDGE_CURVE('',#3571,#3736,#1795,.T.);
#5785=EDGE_CURVE('',#3736,#3750,#1664,.T.);
#5787=EDGE_CURVE('',#3749,#3750,#1669,.T.);
#5789=EDGE_CURVE('',#3742,#3749,#1673,.T.);
#5800=EDGE_CURVE('',#3744,#3742,#1677,.T.);
#5802=EDGE_CURVE('',#3744,#3745,#1686,.T.);
#5804=EDGE_CURVE('',#3745,#3741,#2282,.T.);
#5816=EDGE_CURVE('',#3749,#3747,#1681,.T.);
#5818=EDGE_CURVE('',#3747,#3744,#1690,.T.);
#5828=EDGE_CURVE('',#3746,#3747,#1695,.T.);
#5832=EDGE_CURVE('',#3750,#3746,#1711,.T.);
#5845=EDGE_CURVE('',#3746,#3734,#1699,.T.);
#5847=EDGE_CURVE('',#3569,#3734,#1766,.T.);
#5850=EDGE_CURVE('',#3581,#3568,#1703,.T.);
#5852=EDGE_CURVE('',#3581,#3745,#1707,.T.);
#5874=EDGE_CURVE('',#3755,#3751,#1719,.T.);
#5876=EDGE_CURVE('',#3740,#3755,#2244,.T.);
#5879=EDGE_CURVE('',#3751,#3738,#1736,.T.);
#5889=EDGE_CURVE('',#3810,#3806,#1727,.T.);
#5891=EDGE_CURVE('',#3805,#3810,#2351,.T.);
#5893=EDGE_CURVE('',#3804,#3805,#2381,.T.);
#5895=EDGE_CURVE('',#3806,#3804,#2360,.T.);
#5905=EDGE_CURVE('',#3751,#3752,#1732,.T.);
#5907=EDGE_CURVE('',#3754,#3752,#2248,.T.);
#5909=EDGE_CURVE('',#3754,#3755,#2227,.T.);
#5922=EDGE_CURVE('',#3573,#3738,#1787,.T.);
#5925=EDGE_CURVE('',#3579,#3572,#1740,.T.);
#5927=EDGE_CURVE('',#3760,#3579,#2274,.T.);
#5929=EDGE_CURVE('',#3759,#3760,#1745,.T.);
#5931=EDGE_CURVE('',#3752,#3759,#1749,.T.);
#5942=EDGE_CURVE('',#3560,#3561,#1758,.T.);
#5955=EDGE_CURVE('',#3575,#3740,#1774,.T.);
#5958=EDGE_CURVE('',#3558,#3559,#1783,.T.);
#5980=EDGE_CURVE('',#3563,#3561,#1803,.T.);
#5982=EDGE_CURVE('',#3567,#3563,#1808,.T.);
#5994=EDGE_CURVE('',#3586,#3584,#2099,.T.);
#5996=EDGE_CURVE('',#3565,#3586,#1813,.T.);
#5998=EDGE_CURVE('',#3565,#3558,#2045,.T.);
#6010=EDGE_CURVE('',#3782,#3829,#1817,.T.);
#6012=EDGE_CURVE('',#3829,#3563,#1821,.T.);
#6024=EDGE_CURVE('',#3773,#3774,#1825,.T.);
#6026=EDGE_CURVE('',#3641,#3773,#1882,.T.);
#6028=EDGE_CURVE('',#3641,#3689,#1963,.T.);
#6030=EDGE_CURVE('',#4227,#3689,#1830,.T.);
#6032=EDGE_CURVE('',#4227,#3829,#1834,.T.);
#6046=EDGE_CURVE('',#3776,#3778,#1846,.T.);
#6049=EDGE_CURVE('',#3839,#3780,#1842,.T.);
#6051=EDGE_CURVE('',#3780,#3773,#1886,.T.);
#6073=EDGE_CURVE('',#3780,#3835,#1854,.T.);
#6077=EDGE_CURVE('',#3626,#3627,#1862,.T.);
#6088=EDGE_CURVE('',#3833,#3639,#1898,.T.);
#6092=EDGE_CURVE('',#3768,#3643,#1870,.T.);
#6094=EDGE_CURVE('',#3643,#3639,#1874,.T.);
#6104=EDGE_CURVE('',#3637,#3835,#2179,.T.);
#6106=EDGE_CURVE('',#3637,#3641,#1878,.T.);
#6119=EDGE_CURVE('',#3639,#4232,#1890,.T.);
#6121=EDGE_CURVE('',#4231,#4232,#1910,.T.);
#6133=EDGE_CURVE('',#3645,#4232,#1905,.T.);
#6136=EDGE_CURVE('',#3639,#3635,#1987,.T.);
#6138=EDGE_CURVE('',#3634,#3635,#2152,.T.);
#6153=EDGE_CURVE('',#3658,#3660,#1935,.T.);
#6155=EDGE_CURVE('',#3659,#3658,#1917,.T.);
#6168=EDGE_CURVE('',#3657,#3658,#1930,.T.);
#6194=EDGE_CURVE('',#3683,#3684,#1949,.T.);
#6196=EDGE_CURVE('',#3690,#3683,#1953,.T.);
#6198=EDGE_CURVE('',#3689,#3690,#1959,.T.);
#6202=EDGE_CURVE('',#3631,#3637,#1967,.T.);
#6204=EDGE_CURVE('',#3684,#3631,#1972,.T.);
#6214=EDGE_CURVE('',#3694,#3695,#1978,.T.);
#6216=EDGE_CURVE('',#3635,#3694,#1983,.T.);
#6220=EDGE_CURVE('',#3697,#3643,#1991,.T.);
#6222=EDGE_CURVE('',#3696,#3697,#1997,.T.);
#6224=EDGE_CURVE('',#3695,#3696,#2001,.T.);
#6255=EDGE_CURVE('',#3683,#3682,#2008,.T.);
#6258=EDGE_CURVE('',#3684,#3681,#2156,.T.);
#6270=EDGE_CURVE('',#3690,#3685,#2012,.T.);
#6282=EDGE_CURVE('',#3688,#3686,#2016,.T.);
#6284=EDGE_CURVE('',#3688,#4227,#2054,.T.);
#6299=EDGE_CURVE('',#3700,#3701,#2020,.T.);
#6301=EDGE_CURVE('',#3701,#3688,#2058,.T.);
#6312=EDGE_CURVE('',#3697,#4228,#2037,.T.);
#6314=EDGE_CURVE('',#4228,#3701,#2063,.T.);
#6318=EDGE_CURVE('',#3702,#3696,#2144,.T.);
#6330=EDGE_CURVE('',#3784,#3831,#2041,.T.);
#6332=EDGE_CURVE('',#3831,#4228,#2032,.T.);
#6348=EDGE_CURVE('',#3565,#3831,#2049,.T.);
#6364=EDGE_CURVE('',#3840,#3586,#2068,.T.);
#6383=B_SPLINE_CURVE_WITH_KNOTS('',3,(#6377,#6378,#6379,#6380,#6381,#6382),
.UNSPECIFIED.,.F.,.F.,(4,1,1,4),(0.E0,6.838917549014E-2,9.317701472734E-1,1.E0),
.UNSPECIFIED.);
#6387=EDGE_CURVE('',#3584,#3594,#2114,.T.);
#6401=B_SPLINE_CURVE_WITH_KNOTS('',3,(#6395,#6396,#6397,#6398,#6399,#6400),
.UNSPECIFIED.,.F.,.F.,(4,1,1,4),(0.E0,5.166344446218E-2,9.523510070663E-1,1.E0),
.UNSPECIFIED.);
#6406=EDGE_CURVE('',#3848,#3851,#2128,.T.);
#6432=EDGE_CURVE('',#3695,#3691,#2140,.T.);
#6466=EDGE_CURVE('',#3694,#3692,#2148,.T.);
#6492=EDGE_CURVE('',#3630,#3631,#2167,.T.);
#6504=EDGE_CURVE('',#4229,#3637,#2175,.T.);
#6506=EDGE_CURVE('',#4229,#3647,#2163,.T.);
#6519=EDGE_CURVE('',#4229,#4230,#2184,.T.);
#6534=EDGE_CURVE('',#3654,#3655,#2191,.T.);
#6546=EDGE_CURVE('',#4244,#4240,#2195,.T.);
#6573=EDGE_CURVE('',#3816,#3817,#2202,.T.);
#6619=EDGE_CURVE('',#3757,#3754,#2231,.T.);
#6621=EDGE_CURVE('',#3756,#3757,#2236,.T.);
#6623=EDGE_CURVE('',#3756,#3583,#2240,.T.);
#6625=EDGE_CURVE('',#3583,#3574,#2304,.T.);
#6640=EDGE_CURVE('',#3759,#3757,#2252,.T.);
#6654=EDGE_CURVE('',#3760,#3756,#2270,.T.);
#6666=EDGE_CURVE('',#3590,#3583,#2266,.T.);
#6671=EDGE_CURVE('',#3578,#3579,#2278,.T.);
#6676=EDGE_CURVE('',#3796,#3581,#2286,.T.);
#6678=EDGE_CURVE('',#3811,#3796,#2343,.T.);
#6680=EDGE_CURVE('',#3815,#3811,#2290,.T.);
#6682=EDGE_CURVE('',#3800,#3815,#2364,.T.);
#6684=EDGE_CURVE('',#3787,#3800,#2294,.T.);
#6686=EDGE_CURVE('',#3713,#3787,#2300,.T.);
#6720=EDGE_CURVE('',#3796,#3797,#2312,.T.);
#6725=EDGE_CURVE('',#3787,#3788,#2317,.T.);
#6728=EDGE_CURVE('',#3800,#3801,#2321,.T.);
#6730=EDGE_CURVE('',#3801,#3797,#2325,.T.);
#6740=EDGE_CURVE('',#3809,#3810,#2330,.T.);
#6742=EDGE_CURVE('',#3812,#3809,#2334,.T.);
#6744=EDGE_CURVE('',#3811,#3812,#2339,.T.);
#6748=EDGE_CURVE('',#3805,#3797,#2347,.T.);
#6759=EDGE_CURVE('',#3806,#3807,#2356,.T.);
#6761=EDGE_CURVE('',#3809,#3807,#2385,.T.);
#6775=EDGE_CURVE('',#3804,#3801,#2377,.T.);
#6779=EDGE_CURVE('',#3814,#3815,#2369,.T.);
#6781=EDGE_CURVE('',#3807,#3814,#2373,.T.);
#6804=EDGE_CURVE('',#3814,#3812,#2389,.T.);
#6829=B_SPLINE_CURVE_WITH_KNOTS('',3,(#6823,#6824,#6825,#6826,#6827,#6828),
.UNSPECIFIED.,.F.,.F.,(4,1,1,4),(0.E0,4.685746523422E-2,8.935536800025E-1,1.E0),
.UNSPECIFIED.);
#6866=B_SPLINE_CURVE_WITH_KNOTS('',3,(#6842,#6843,#6844,#6845,#6846,#6847,#6848,
#6849,#6850,#6851,#6852,#6853,#6854,#6855,#6856,#6857,#6858,#6859,#6860,#6861,
#6862,#6863,#6864,#6865),.UNSPECIFIED.,.F.,.F.,(4,1,1,1,1,1,1,1,1,1,1,1,1,1,1,1,
1,1,1,1,1,4),(0.E0,2.683157842874E-2,8.302024200308E-2,8.535819573824E-2,
1.426992602858E-1,1.963255644475E-1,2.481054606855E-1,3.001067025223E-1,
3.512540631959E-1,4.005078103848E-1,4.501607082586E-1,5.024530448790E-1,
5.535614591370E-1,6.024027507087E-1,6.512133075702E-1,7.022335594725E-1,
7.542348013093E-1,8.060146975472E-1,8.596229975930E-1,9.169797579969E-1,
9.754532777892E-1,1.E0),.UNSPECIFIED.);
#6871=EDGE_CURVE('',#3858,#4019,#2405,.T.);
#6873=EDGE_CURVE('',#3857,#3858,#2430,.T.);
#6875=EDGE_CURVE('',#3857,#4018,#2409,.T.);
#6903=B_SPLINE_CURVE_WITH_KNOTS('',3,(#6880,#6881,#6882,#6883,#6884,#6885,#6886,
#6887,#6888,#6889,#6890,#6891,#6892,#6893,#6894,#6895,#6896,#6897,#6898,#6899,
#6900,#6901,#6902),.UNSPECIFIED.,.F.,.F.,(4,1,1,1,1,1,1,1,1,1,1,1,1,1,1,1,1,1,1,
1,4),(0.E0,2.566348159915E-2,8.302024200308E-2,1.414937617954E-1,
1.960041078670E-1,2.998396918145E-1,3.508599437167E-1,3.996705005782E-1,
4.485117921499E-1,4.996202064080E-1,5.519125430283E-1,6.015654409021E-1,
6.508191880910E-1,7.019665487647E-1,7.541030252623E-1,8.063423553244E-1,
8.607910944226E-1,9.169797579969E-1,9.193177117321E-1,9.766587762796E-1,1.E0),
.UNSPECIFIED.);
#6909=EDGE_CURVE('',#3858,#3857,#2449,.T.);
#6930=EDGE_CURVE('',#3861,#3862,#2453,.T.);
#6932=EDGE_CURVE('',#3861,#3884,#2463,.T.);
#6934=EDGE_CURVE('',#3884,#3883,#2469,.T.);
#6936=EDGE_CURVE('',#3881,#3883,#2473,.T.);
#6938=EDGE_CURVE('',#3881,#3880,#2479,.T.);
#6940=EDGE_CURVE('',#3878,#3880,#2483,.T.);
#6942=EDGE_CURVE('',#3878,#3877,#2489,.T.);
#6944=EDGE_CURVE('',#3875,#3877,#2493,.T.);
#6946=EDGE_CURVE('',#3875,#3874,#2501,.T.);
#6948=EDGE_CURVE('',#3872,#3874,#2505,.T.);
#6950=EDGE_CURVE('',#3872,#3871,#2511,.T.);
#6952=EDGE_CURVE('',#3869,#3871,#2515,.T.);
#6954=EDGE_CURVE('',#3869,#3868,#2521,.T.);
#6956=EDGE_CURVE('',#3866,#3868,#2525,.T.);
#6958=EDGE_CURVE('',#3866,#3865,#2531,.T.);
#6960=EDGE_CURVE('',#3863,#3865,#2535,.T.);
#6962=EDGE_CURVE('',#3863,#3862,#2541,.T.);
#6972=EDGE_CURVE('',#3887,#3888,#2545,.T.);
#6974=EDGE_CURVE('',#3887,#3915,#2551,.T.);
#6976=EDGE_CURVE('',#3913,#3915,#2555,.T.);
#6978=EDGE_CURVE('',#3913,#3912,#2560,.T.);
#6980=EDGE_CURVE('',#3910,#3912,#2564,.T.);
#6982=EDGE_CURVE('',#3910,#3909,#2570,.T.);
#6984=EDGE_CURVE('',#3907,#3909,#2574,.T.);
#6986=EDGE_CURVE('',#3907,#3906,#2580,.T.);
#6988=EDGE_CURVE('',#3904,#3906,#2584,.T.);
#6990=EDGE_CURVE('',#3904,#3903,#2590,.T.);
#6992=EDGE_CURVE('',#3901,#3903,#2594,.T.);
#6994=EDGE_CURVE('',#3901,#3900,#2600,.T.);
#6996=EDGE_CURVE('',#3898,#3900,#2604,.T.);
#6998=EDGE_CURVE('',#3898,#3897,#2609,.T.);
#7000=EDGE_CURVE('',#3895,#3897,#2613,.T.);
#7002=EDGE_CURVE('',#3895,#3894,#2619,.T.);
#7004=EDGE_CURVE('',#3892,#3894,#2623,.T.);
#7006=EDGE_CURVE('',#3892,#3891,#2629,.T.);
#7008=EDGE_CURVE('',#3889,#3891,#2633,.T.);
#7010=EDGE_CURVE('',#3889,#3888,#2639,.T.);
#7020=EDGE_CURVE('',#3918,#3919,#2643,.T.);
#7022=EDGE_CURVE('',#3918,#3925,#2649,.T.);
#7024=EDGE_CURVE('',#3923,#3925,#2653,.T.);
#7026=EDGE_CURVE('',#3923,#3922,#2659,.T.);
#7028=EDGE_CURVE('',#3920,#3922,#2663,.T.);
#7030=EDGE_CURVE('',#3920,#3919,#2669,.T.);
#7040=EDGE_CURVE('',#3928,#3929,#2673,.T.);
#7042=EDGE_CURVE('',#3928,#3950,#2679,.T.);
#7044=EDGE_CURVE('',#3948,#3950,#2683,.T.);
#7046=EDGE_CURVE('',#3948,#3947,#2688,.T.);
#7048=EDGE_CURVE('',#3945,#3947,#2692,.T.);
#7050=EDGE_CURVE('',#3945,#3944,#2698,.T.);
#7052=EDGE_CURVE('',#3942,#3944,#2702,.T.);
#7054=EDGE_CURVE('',#3942,#3941,#2707,.T.);
#7056=EDGE_CURVE('',#3939,#3941,#2711,.T.);
#7058=EDGE_CURVE('',#3939,#3938,#2716,.T.);
#7060=EDGE_CURVE('',#3936,#3938,#2720,.T.);
#7062=EDGE_CURVE('',#3936,#3935,#2726,.T.);
#7064=EDGE_CURVE('',#3933,#3935,#2730,.T.);
#7066=EDGE_CURVE('',#3933,#3932,#2736,.T.);
#7068=EDGE_CURVE('',#3930,#3932,#2740,.T.);
#7070=EDGE_CURVE('',#3930,#3929,#2746,.T.);
#7074=EDGE_CURVE('',#3953,#3954,#2750,.T.);
#7076=EDGE_CURVE('',#3953,#3960,#2756,.T.);
#7078=EDGE_CURVE('',#3958,#3960,#2760,.T.);
#7080=EDGE_CURVE('',#3958,#3957,#2766,.T.);
#7082=EDGE_CURVE('',#3955,#3957,#2770,.T.);
#7084=EDGE_CURVE('',#3955,#3954,#2776,.T.);
#7094=EDGE_CURVE('',#3963,#3964,#2780,.T.);
#7096=EDGE_CURVE('',#3968,#3963,#2784,.T.);
#7098=EDGE_CURVE('',#3966,#3968,#2788,.T.);
#7100=EDGE_CURVE('',#3964,#3966,#2792,.T.);
#7110=EDGE_CURVE('',#3971,#3972,#2796,.T.);
#7112=EDGE_CURVE('',#3976,#3971,#2800,.T.);
#7114=EDGE_CURVE('',#3974,#3976,#2804,.T.);
#7116=EDGE_CURVE('',#3972,#3974,#2808,.T.);
#7126=EDGE_CURVE('',#3977,#3978,#2816,.T.);
#7128=EDGE_CURVE('',#3978,#3995,#2826,.T.);
#7130=EDGE_CURVE('',#3993,#3995,#2830,.T.);
#7132=EDGE_CURVE('',#3991,#3993,#2834,.T.);
#7134=EDGE_CURVE('',#3989,#3991,#2838,.T.);
#7136=EDGE_CURVE('',#3989,#3988,#2854,.T.);
#7138=EDGE_CURVE('',#3986,#3988,#2858,.T.);
#7140=EDGE_CURVE('',#3984,#3986,#2862,.T.);
#7142=EDGE_CURVE('',#3982,#3984,#2866,.T.);
#7144=EDGE_CURVE('',#3980,#3982,#2870,.T.);
#7146=EDGE_CURVE('',#3977,#3980,#2874,.T.);
#7156=EDGE_CURVE('',#3998,#3999,#2878,.T.);
#7158=EDGE_CURVE('',#4017,#3998,#2882,.T.);
#7160=EDGE_CURVE('',#4015,#4017,#2886,.T.);
#7162=EDGE_CURVE('',#4013,#4015,#2890,.T.);
#7164=EDGE_CURVE('',#4011,#4013,#2894,.T.);
#7166=EDGE_CURVE('',#4009,#4011,#2898,.T.);
#7168=EDGE_CURVE('',#4007,#4009,#2902,.T.);
#7170=EDGE_CURVE('',#4005,#4007,#2906,.T.);
#7172=EDGE_CURVE('',#4003,#4005,#2910,.T.);
#7174=EDGE_CURVE('',#4001,#4003,#2914,.T.);
#7176=EDGE_CURVE('',#3999,#4001,#2918,.T.);
#7187=EDGE_CURVE('',#3861,#4022,#2922,.T.);
#7190=EDGE_CURVE('',#3862,#4023,#2986,.T.);
#7206=B_SPLINE_CURVE_WITH_KNOTS('',3,(#7195,#7196,#7197,#7198,#7199,#7200,#7201,
#7202,#7203,#7204,#7205),.UNSPECIFIED.,.F.,.F.,(4,1,1,1,1,1,1,1,4),(0.E0,
5.365157137846E-2,2.908852377043E-1,4.032241775075E-1,5.133766082096E-1,
6.215062185101E-1,7.282372909988E-1,9.465482580959E-1,1.E0),.UNSPECIFIED.);
#7211=EDGE_CURVE('',#3884,#4045,#2926,.T.);
#7225=B_SPLINE_CURVE_WITH_KNOTS('',3,(#7218,#7219,#7220,#7221,#7222,#7223,
#7224),.UNSPECIFIED.,.F.,.F.,(4,1,1,1,4),(0.E0,8.917224001507E-2,
2.799488921636E-1,9.111615136780E-1,1.E0),.UNSPECIFIED.);
#7230=EDGE_CURVE('',#3883,#4044,#2930,.T.);
#7243=EDGE_CURVE('',#3881,#4042,#2934,.T.);
#7257=B_SPLINE_CURVE_WITH_KNOTS('',3,(#7250,#7251,#7252,#7253,#7254,#7255,
#7256),.UNSPECIFIED.,.F.,.F.,(4,1,1,1,4),(0.E0,1.923076923077E-2,
5.000000000078E-1,9.807692307692E-1,1.E0),.UNSPECIFIED.);
#7262=EDGE_CURVE('',#3880,#4041,#2938,.T.);
#7275=EDGE_CURVE('',#3878,#4039,#2942,.T.);
#7289=B_SPLINE_CURVE_WITH_KNOTS('',3,(#7282,#7283,#7284,#7285,#7286,#7287,
#7288),.UNSPECIFIED.,.F.,.F.,(4,1,1,1,4),(0.E0,1.923076923077E-2,
4.999999999923E-1,9.807692307692E-1,1.E0),.UNSPECIFIED.);
#7294=EDGE_CURVE('',#3877,#4038,#2946,.T.);
#7307=EDGE_CURVE('',#3875,#4036,#2950,.T.);
#7323=B_SPLINE_CURVE_WITH_KNOTS('',3,(#7314,#7315,#7316,#7317,#7318,#7319,#7320,
#7321,#7322),.UNSPECIFIED.,.F.,.F.,(4,1,1,1,1,1,4),(0.E0,7.538128053779E-2,
3.110314562068E-1,5.092565165241E-1,7.017128108169E-1,9.254138479263E-1,1.E0),
.UNSPECIFIED.);
#7328=EDGE_CURVE('',#3874,#4035,#2954,.T.);
#7341=EDGE_CURVE('',#3872,#4033,#2958,.T.);
#7355=B_SPLINE_CURVE_WITH_KNOTS('',3,(#7348,#7349,#7350,#7351,#7352,#7353,
#7354),.UNSPECIFIED.,.F.,.F.,(4,1,1,1,4),(0.E0,1.923076922911E-2,
4.999999999997E-1,9.807692307692E-1,1.E0),.UNSPECIFIED.);
#7360=EDGE_CURVE('',#3871,#4032,#2962,.T.);
#7373=EDGE_CURVE('',#3869,#4030,#2966,.T.);
#7387=B_SPLINE_CURVE_WITH_KNOTS('',3,(#7380,#7381,#7382,#7383,#7384,#7385,
#7386),.UNSPECIFIED.,.F.,.F.,(4,1,1,1,4),(0.E0,1.923076923077E-2,
5.000000000076E-1,9.807692307692E-1,1.E0),.UNSPECIFIED.);
#7392=EDGE_CURVE('',#3868,#4029,#2970,.T.);
#7405=EDGE_CURVE('',#3866,#4027,#2974,.T.);
#7419=B_SPLINE_CURVE_WITH_KNOTS('',3,(#7412,#7413,#7414,#7415,#7416,#7417,
#7418),.UNSPECIFIED.,.F.,.F.,(4,1,1,1,4),(0.E0,1.923076923077E-2,
4.999999999906E-1,9.807692307692E-1,1.E0),.UNSPECIFIED.);
#7424=EDGE_CURVE('',#3865,#4026,#2978,.T.);
#7437=EDGE_CURVE('',#3863,#4024,#2982,.T.);
#7451=B_SPLINE_CURVE_WITH_KNOTS('',3,(#7444,#7445,#7446,#7447,#7448,#7449,
#7450),.UNSPECIFIED.,.F.,.F.,(4,1,1,1,4),(0.E0,1.923076923077E-2,
5.000000000005E-1,9.807692307692E-1,1.E0),.UNSPECIFIED.);
#7468=EDGE_CURVE('',#3887,#4048,#2990,.T.);
#7471=EDGE_CURVE('',#3888,#4049,#3066,.T.);
#7483=B_SPLINE_CURVE_WITH_KNOTS('',3,(#7476,#7477,#7478,#7479,#7480,#7481,
#7482),.UNSPECIFIED.,.F.,.F.,(4,1,1,1,4),(0.E0,1.923076923077E-2,
5.000000000078E-1,9.807692307692E-1,1.E0),.UNSPECIFIED.);
#7488=EDGE_CURVE('',#3915,#4076,#2994,.T.);
#7501=EDGE_CURVE('',#3913,#4074,#2998,.T.);
#7514=B_SPLINE_CURVE_WITH_KNOTS('',3,(#7508,#7509,#7510,#7511,#7512,#7513),
.UNSPECIFIED.,.F.,.F.,(4,1,1,4),(0.E0,1.923076923077E-2,9.807692307678E-1,1.E0),
.UNSPECIFIED.);
#7519=EDGE_CURVE('',#3912,#4073,#3002,.T.);
#7532=EDGE_CURVE('',#3910,#4071,#3006,.T.);
#7546=B_SPLINE_CURVE_WITH_KNOTS('',3,(#7539,#7540,#7541,#7542,#7543,#7544,
#7545),.UNSPECIFIED.,.F.,.F.,(4,1,1,1,4),(0.E0,1.923076915538E-2,
4.999999999721E-1,9.807692307692E-1,1.E0),.UNSPECIFIED.);
#7551=EDGE_CURVE('',#3909,#4070,#3010,.T.);
#7564=EDGE_CURVE('',#3907,#4068,#3014,.T.);
#7578=B_SPLINE_CURVE_WITH_KNOTS('',3,(#7571,#7572,#7573,#7574,#7575,#7576,
#7577),.UNSPECIFIED.,.F.,.F.,(4,1,1,1,4),(0.E0,1.923076923077E-2,
5.000000000095E-1,9.807692307692E-1,1.E0),.UNSPECIFIED.);
#7583=EDGE_CURVE('',#3906,#4067,#3018,.T.);
#7596=EDGE_CURVE('',#3904,#4065,#3022,.T.);
#7610=B_SPLINE_CURVE_WITH_KNOTS('',3,(#7603,#7604,#7605,#7606,#7607,#7608,
#7609),.UNSPECIFIED.,.F.,.F.,(4,1,1,1,4),(0.E0,1.923076923077E-2,
4.999999999929E-1,9.807692307692E-1,1.E0),.UNSPECIFIED.);
#7615=EDGE_CURVE('',#3903,#4064,#3026,.T.);
#7628=EDGE_CURVE('',#3901,#4062,#3030,.T.);
#7642=B_SPLINE_CURVE_WITH_KNOTS('',3,(#7635,#7636,#7637,#7638,#7639,#7640,
#7641),.UNSPECIFIED.,.F.,.F.,(4,1,1,1,4),(0.E0,1.923076923077E-2,
4.999999999981E-1,9.807692307692E-1,1.E0),.UNSPECIFIED.);
#7647=EDGE_CURVE('',#3900,#4061,#3034,.T.);
#7660=EDGE_CURVE('',#3898,#4059,#3038,.T.);
#7673=B_SPLINE_CURVE_WITH_KNOTS('',3,(#7667,#7668,#7669,#7670,#7671,#7672),
.UNSPECIFIED.,.F.,.F.,(4,1,1,4),(0.E0,1.923076923077E-2,9.807692307445E-1,1.E0),
.UNSPECIFIED.);
#7678=EDGE_CURVE('',#3897,#4058,#3042,.T.);
#7691=EDGE_CURVE('',#3895,#4056,#3046,.T.);
#7705=B_SPLINE_CURVE_WITH_KNOTS('',3,(#7698,#7699,#7700,#7701,#7702,#7703,
#7704),.UNSPECIFIED.,.F.,.F.,(4,1,1,1,4),(0.E0,1.923076937491E-2,
5.000000000795E-1,9.807692307692E-1,1.E0),.UNSPECIFIED.);
#7710=EDGE_CURVE('',#3894,#4055,#3050,.T.);
#7723=EDGE_CURVE('',#3892,#4053,#3054,.T.);
#7737=B_SPLINE_CURVE_WITH_KNOTS('',3,(#7730,#7731,#7732,#7733,#7734,#7735,
#7736),.UNSPECIFIED.,.F.,.F.,(4,1,1,1,4),(0.E0,1.923076923077E-2,
5.000000000100E-1,9.807692307692E-1,1.E0),.UNSPECIFIED.);
#7742=EDGE_CURVE('',#3891,#4052,#3058,.T.);
#7755=EDGE_CURVE('',#3889,#4050,#3062,.T.);
#7769=B_SPLINE_CURVE_WITH_KNOTS('',3,(#7762,#7763,#7764,#7765,#7766,#7767,
#7768),.UNSPECIFIED.,.F.,.F.,(4,1,1,1,4),(0.E0,1.923076923077E-2,
5.000000000007E-1,9.807692307692E-1,1.E0),.UNSPECIFIED.);
#7786=EDGE_CURVE('',#3918,#4079,#3070,.T.);
#7789=EDGE_CURVE('',#3919,#4080,#3090,.T.);
#7801=B_SPLINE_CURVE_WITH_KNOTS('',3,(#7794,#7795,#7796,#7797,#7798,#7799,
#7800),.UNSPECIFIED.,.F.,.F.,(4,1,1,1,4),(0.E0,1.923076923077E-2,
5.000000000066E-1,9.807692307878E-1,1.E0),.UNSPECIFIED.);
#7806=EDGE_CURVE('',#3925,#4086,#3074,.T.);
#7819=EDGE_CURVE('',#3923,#4084,#3078,.T.);
#7833=B_SPLINE_CURVE_WITH_KNOTS('',3,(#7826,#7827,#7828,#7829,#7830,#7831,
#7832),.UNSPECIFIED.,.F.,.F.,(4,1,1,1,4),(0.E0,1.923076924031E-2,
5.000000000038E-1,9.807692307692E-1,1.E0),.UNSPECIFIED.);
#7838=EDGE_CURVE('',#3922,#4083,#3082,.T.);
#7851=EDGE_CURVE('',#3920,#4081,#3086,.T.);
#7865=B_SPLINE_CURVE_WITH_KNOTS('',3,(#7858,#7859,#7860,#7861,#7862,#7863,
#7864),.UNSPECIFIED.,.F.,.F.,(4,1,1,1,4),(0.E0,1.923076923077E-2,
4.999999999995E-1,9.807692307692E-1,1.E0),.UNSPECIFIED.);
#7882=EDGE_CURVE('',#3928,#4089,#3094,.T.);
#7885=EDGE_CURVE('',#3929,#4090,#3154,.T.);
#7897=B_SPLINE_CURVE_WITH_KNOTS('',3,(#7890,#7891,#7892,#7893,#7894,#7895,
#7896),.UNSPECIFIED.,.F.,.F.,(4,1,1,1,4),(0.E0,1.923076923077E-2,
5.000000000071E-1,9.807692307692E-1,1.E0),.UNSPECIFIED.);
#7902=EDGE_CURVE('',#3950,#4111,#3098,.T.);
#7915=EDGE_CURVE('',#3948,#4109,#3102,.T.);
#7928=B_SPLINE_CURVE_WITH_KNOTS('',3,(#7922,#7923,#7924,#7925,#7926,#7927),
.UNSPECIFIED.,.F.,.F.,(4,1,1,4),(0.E0,1.923076923077E-2,9.807692306328E-1,1.E0),
.UNSPECIFIED.);
#7933=EDGE_CURVE('',#3947,#4108,#3106,.T.);
#7946=EDGE_CURVE('',#3945,#4106,#3110,.T.);
#7960=B_SPLINE_CURVE_WITH_KNOTS('',3,(#7953,#7954,#7955,#7956,#7957,#7958,
#7959),.UNSPECIFIED.,.F.,.F.,(4,1,1,1,4),(0.E0,1.923076920867E-2,
4.999999999948E-1,9.807692307692E-1,1.E0),.UNSPECIFIED.);
#7965=EDGE_CURVE('',#3944,#4105,#3114,.T.);
#7978=EDGE_CURVE('',#3942,#4103,#3118,.T.);
#7991=B_SPLINE_CURVE_WITH_KNOTS('',3,(#7985,#7986,#7987,#7988,#7989,#7990),
.UNSPECIFIED.,.F.,.F.,(4,1,1,4),(0.E0,1.923076923077E-2,9.807692307772E-1,1.E0),
.UNSPECIFIED.);
#7996=EDGE_CURVE('',#3941,#4102,#3122,.T.);
#8009=EDGE_CURVE('',#3939,#4100,#3126,.T.);
#8022=B_SPLINE_CURVE_WITH_KNOTS('',3,(#8016,#8017,#8018,#8019,#8020,#8021),
.UNSPECIFIED.,.F.,.F.,(4,1,1,4),(0.E0,1.923076926489E-2,9.807692307692E-1,1.E0),
.UNSPECIFIED.);
#8027=EDGE_CURVE('',#3938,#4099,#3130,.T.);
#8040=EDGE_CURVE('',#3936,#4097,#3134,.T.);
#8054=B_SPLINE_CURVE_WITH_KNOTS('',3,(#8047,#8048,#8049,#8050,#8051,#8052,
#8053),.UNSPECIFIED.,.F.,.F.,(4,1,1,1,4),(0.E0,1.923076923077E-2,
5.000000000004E-1,9.807692307692E-1,1.E0),.UNSPECIFIED.);
#8059=EDGE_CURVE('',#3935,#4096,#3138,.T.);
#8072=EDGE_CURVE('',#3933,#4094,#3142,.T.);
#8086=B_SPLINE_CURVE_WITH_KNOTS('',3,(#8079,#8080,#8081,#8082,#8083,#8084,
#8085),.UNSPECIFIED.,.F.,.F.,(4,1,1,1,4),(0.E0,1.923076923077E-2,
5.000000000052E-1,9.807692307692E-1,1.E0),.UNSPECIFIED.);
#8091=EDGE_CURVE('',#3932,#4093,#3146,.T.);
#8104=EDGE_CURVE('',#3930,#4091,#3150,.T.);
#8118=B_SPLINE_CURVE_WITH_KNOTS('',3,(#8111,#8112,#8113,#8114,#8115,#8116,
#8117),.UNSPECIFIED.,.F.,.F.,(4,1,1,1,4),(0.E0,1.923076923077E-2,
5.000000000059E-1,9.807692307692E-1,1.E0),.UNSPECIFIED.);
#8135=EDGE_CURVE('',#3953,#4114,#3158,.T.);
#8138=EDGE_CURVE('',#3954,#4115,#3178,.T.);
#8150=B_SPLINE_CURVE_WITH_KNOTS('',3,(#8143,#8144,#8145,#8146,#8147,#8148,
#8149),.UNSPECIFIED.,.F.,.F.,(4,1,1,1,4),(0.E0,1.923076923077E-2,
4.999999998850E-1,9.807692305464E-1,1.E0),.UNSPECIFIED.);
#8155=EDGE_CURVE('',#3960,#4121,#3162,.T.);
#8168=EDGE_CURVE('',#3958,#4119,#3166,.T.);
#8182=B_SPLINE_CURVE_WITH_KNOTS('',3,(#8175,#8176,#8177,#8178,#8179,#8180,
#8181),.UNSPECIFIED.,.F.,.F.,(4,1,1,1,4),(0.E0,1.923076905114E-2,
4.999999999836E-1,9.807692307554E-1,1.E0),.UNSPECIFIED.);
#8187=EDGE_CURVE('',#3957,#4118,#3170,.T.);
#8200=EDGE_CURVE('',#3955,#4116,#3174,.T.);
#8214=B_SPLINE_CURVE_WITH_KNOTS('',3,(#8207,#8208,#8209,#8210,#8211,#8212,
#8213),.UNSPECIFIED.,.F.,.F.,(4,1,1,1,4),(0.E0,1.923076927230E-2,
5.000000000393E-1,9.807692307692E-1,1.E0),.UNSPECIFIED.);
#8231=EDGE_CURVE('',#3963,#4124,#3182,.T.);
#8234=EDGE_CURVE('',#3964,#4125,#3194,.T.);
#8245=EDGE_CURVE('',#3968,#4129,#3186,.T.);
#8258=EDGE_CURVE('',#3966,#4127,#3190,.T.);
#8283=EDGE_CURVE('',#3971,#4132,#3198,.T.);
#8286=EDGE_CURVE('',#3972,#4133,#3210,.T.);
#8297=EDGE_CURVE('',#3976,#4137,#3202,.T.);
#8310=EDGE_CURVE('',#3974,#4135,#3206,.T.);
#8338=B_SPLINE_CURVE_WITH_KNOTS('',3,(#8329,#8330,#8331,#8332,#8333,#8334,#8335,
#8336,#8337),.UNSPECIFIED.,.F.,.F.,(4,1,1,1,1,1,4),(0.E0,1.204126189173E-1,
2.968337847888E-1,4.807788886296E-1,6.745367594528E-1,8.803345670301E-1,1.E0),
.UNSPECIFIED.);
#8343=EDGE_CURVE('',#3978,#4139,#3214,.T.);
#8346=EDGE_CURVE('',#3977,#4138,#3254,.T.);
#8362=B_SPLINE_CURVE_WITH_KNOTS('',3,(#8351,#8352,#8353,#8354,#8355,#8356,#8357,
#8358,#8359,#8360,#8361),.UNSPECIFIED.,.F.,.F.,(4,1,1,1,1,1,1,1,4),(0.E0,
7.313343995490E-2,2.849577135107E-1,3.835626472895E-1,4.833080076007E-1,
5.853429002522E-1,6.907950685712E-1,9.278239543407E-1,1.E0),.UNSPECIFIED.);
#8367=EDGE_CURVE('',#3995,#4156,#3218,.T.);
#8380=EDGE_CURVE('',#3993,#4154,#3222,.T.);
#8393=EDGE_CURVE('',#3991,#4152,#3226,.T.);
#8406=EDGE_CURVE('',#3989,#4150,#3230,.T.);
#8430=B_SPLINE_CURVE_WITH_KNOTS('',3,(#8413,#8414,#8415,#8416,#8417,#8418,#8419,
#8420,#8421,#8422,#8423,#8424,#8425,#8426,#8427,#8428,#8429),.UNSPECIFIED.,.F.,
.F.,(4,1,1,1,1,1,1,1,1,1,1,1,1,1,4),(0.E0,7.358259821667E-2,1.930468617095E-1,
2.955438524415E-1,3.449323171388E-1,3.940287492127E-1,4.452326818780E-1,
5.006706623534E-1,5.561086428287E-1,6.073125754941E-1,6.564090075679E-1,
7.057974722652E-1,8.082944629972E-1,9.277587264901E-1,1.E0),.UNSPECIFIED.);
#8435=EDGE_CURVE('',#3988,#4149,#3234,.T.);
#8448=EDGE_CURVE('',#3986,#4147,#3238,.T.);
#8461=EDGE_CURVE('',#3984,#4145,#3242,.T.);
#8474=EDGE_CURVE('',#3982,#4143,#3246,.T.);
#8487=EDGE_CURVE('',#3980,#4141,#3250,.T.);
#8512=EDGE_CURVE('',#3998,#4159,#3258,.T.);
#8515=EDGE_CURVE('',#3999,#4160,#3298,.T.);
#8526=EDGE_CURVE('',#4017,#4178,#3262,.T.);
#8539=EDGE_CURVE('',#4015,#4176,#3266,.T.);
#8552=EDGE_CURVE('',#4013,#4174,#3270,.T.);
#8565=EDGE_CURVE('',#4011,#4172,#3274,.T.);
#8578=EDGE_CURVE('',#4009,#4170,#3278,.T.);
#8591=EDGE_CURVE('',#4007,#4168,#3282,.T.);
#8604=EDGE_CURVE('',#4005,#4166,#3286,.T.);
#8617=EDGE_CURVE('',#4003,#4164,#3290,.T.);
#8630=EDGE_CURVE('',#4001,#4162,#3294,.T.);
#8655=EDGE_CURVE('',#4181,#4205,#3302,.T.);
#8657=EDGE_CURVE('',#4181,#4182,#3334,.T.);
#8659=EDGE_CURVE('',#4182,#4206,#3330,.T.);
#8673=B_SPLINE_CURVE_WITH_KNOTS('',3,(#8664,#8665,#8666,#8667,#8668,#8669,#8670,
#8671,#8672),.UNSPECIFIED.,.F.,.F.,(4,1,1,1,1,1,4),(0.E0,1.070629875547E-1,
2.960378178137E-1,5.005827001376E-1,7.051275824615E-1,8.941024127205E-1,1.E0),
.UNSPECIFIED.);
#8678=EDGE_CURVE('',#4191,#4215,#3306,.T.);
#8680=EDGE_CURVE('',#4181,#4191,#3342,.T.);
#8692=EDGE_CURVE('',#4189,#4213,#3310,.T.);
#8694=EDGE_CURVE('',#4189,#4191,#3346,.T.);
#8709=B_SPLINE_CURVE_WITH_KNOTS('',3,(#8700,#8701,#8702,#8703,#8704,#8705,#8706,
#8707,#8708),.UNSPECIFIED.,.F.,.F.,(4,1,1,1,1,1,4),(0.E0,1.070629875555E-1,
2.960378178141E-1,5.005827001376E-1,7.051275824611E-1,8.941024127198E-1,1.E0),
.UNSPECIFIED.);
#8714=EDGE_CURVE('',#4188,#4212,#3314,.T.);
#8716=EDGE_CURVE('',#4189,#4188,#3354,.T.);
#8728=EDGE_CURVE('',#4186,#4210,#3318,.T.);
#8730=EDGE_CURVE('',#4186,#4188,#3358,.T.);
#8745=B_SPLINE_CURVE_WITH_KNOTS('',3,(#8736,#8737,#8738,#8739,#8740,#8741,#8742,
#8743,#8744),.UNSPECIFIED.,.F.,.F.,(4,1,1,1,1,1,4),(0.E0,1.070629875713E-1,
2.960378178259E-1,5.005827001474E-1,7.051275824688E-1,8.941024127235E-1,1.E0),
.UNSPECIFIED.);
#8750=EDGE_CURVE('',#4185,#4209,#3322,.T.);
#8752=EDGE_CURVE('',#4186,#4185,#3366,.T.);
#8764=EDGE_CURVE('',#4183,#4207,#3326,.T.);
#8766=EDGE_CURVE('',#4183,#4185,#3370,.T.);
#8781=B_SPLINE_CURVE_WITH_KNOTS('',3,(#8772,#8773,#8774,#8775,#8776,#8777,#8778,
#8779,#8780),.UNSPECIFIED.,.F.,.F.,(4,1,1,1,1,1,4),(0.E0,1.070629875588E-1,
2.960378178217E-1,5.005827001476E-1,7.051275824735E-1,8.941024127364E-1,1.E0),
.UNSPECIFIED.);
#8787=EDGE_CURVE('',#4183,#4182,#3378,.T.);
#8808=EDGE_CURVE('',#4192,#4193,#3384,.T.);
#8810=EDGE_CURVE('',#4202,#4192,#3388,.T.);
#8812=EDGE_CURVE('',#4201,#4202,#3394,.T.);
#8814=EDGE_CURVE('',#4199,#4201,#3398,.T.);
#8816=EDGE_CURVE('',#4198,#4199,#3404,.T.);
#8818=EDGE_CURVE('',#4196,#4198,#3408,.T.);
#8820=EDGE_CURVE('',#4195,#4196,#3414,.T.);
#8822=EDGE_CURVE('',#4193,#4195,#3418,.T.);
#8834=B_SPLINE_CURVE_WITH_KNOTS('',3,(#8827,#8828,#8829,#8830,#8831,#8832,
#8833),.UNSPECIFIED.,.F.,.F.,(4,1,1,1,4),(0.E0,2.545057591273E-1,
5.098004820941E-1,7.650952050609E-1,1.E0),.UNSPECIFIED.);
#8839=EDGE_CURVE('',#4192,#4216,#3422,.T.);
#8842=EDGE_CURVE('',#4193,#4217,#3450,.T.);
#8853=EDGE_CURVE('',#4202,#4226,#3426,.T.);
#8867=B_SPLINE_CURVE_WITH_KNOTS('',3,(#8860,#8861,#8862,#8863,#8864,#8865,
#8866),.UNSPECIFIED.,.F.,.F.,(4,1,1,1,4),(0.E0,2.545057591452E-1,
5.098004821200E-1,7.650952050947E-1,1.E0),.UNSPECIFIED.);
#8872=EDGE_CURVE('',#4201,#4225,#3430,.T.);
#8885=EDGE_CURVE('',#4199,#4223,#3434,.T.);
#8899=B_SPLINE_CURVE_WITH_KNOTS('',3,(#8892,#8893,#8894,#8895,#8896,#8897,
#8898),.UNSPECIFIED.,.F.,.F.,(4,1,1,1,4),(0.E0,2.545057591322E-1,
5.098004821049E-1,7.650952050775E-1,1.E0),.UNSPECIFIED.);
#8904=EDGE_CURVE('',#4198,#4222,#3438,.T.);
#8917=EDGE_CURVE('',#4196,#4220,#3442,.T.);
#8931=B_SPLINE_CURVE_WITH_KNOTS('',3,(#8924,#8925,#8926,#8927,#8928,#8929,
#8930),.UNSPECIFIED.,.F.,.F.,(4,1,1,1,4),(0.E0,2.545057591277E-1,
5.098004820940E-1,7.650952050603E-1,1.E0),.UNSPECIFIED.);
#8936=EDGE_CURVE('',#4195,#4219,#3446,.T.);
#9046=EDGE_CURVE('',#3556,#3557,#3460,.T.);
#9081=EDGE_CURVE('',#3730,#3725,#3465,.T.);
#9109=EDGE_CURVE('',#4246,#3725,#3476,.T.);
#9212=EDGE_CURVE('',#3818,#3819,#3533,.T.);
#9248=EDGE_CURVE('',#3619,#3611,#3549,.T.);
#9251=EDGE_CURVE('',#3618,#3610,#3545,.T.);
#9268=CLOSED_SHELL('',(#4278,#4313,#4338,#4364,#4379,#4411,#4444,#4459,#4487,
#4514,#4530,#4548,#4562,#4579,#4595,#4610,#4626,#4641,#4659,#4672,#4714,#4728,
#4744,#4757,#4829,#4843,#4857,#4870,#4961,#4980,#4995,#5012,#5280,#5300,#5324,
#5339,#5360,#5375,#5389,#5407,#5472,#5537,#5580,#5599,#5614,#5637,#5651,#5666,
#5688,#5700,#5712,#5728,#5750,#5770,#5793,#5808,#5822,#5836,#5856,#5868,#5883,
#5899,#5914,#5935,#5948,#5962,#5974,#5988,#6004,#6018,#6038,#6055,#6067,#6082,
#6098,#6113,#6127,#6143,#6159,#6174,#6188,#6208,#6228,#6262,#6275,#6291,#6305,
#6322,#6339,#6352,#6376,#6394,#6413,#6426,#6439,#6472,#6484,#6497,#6512,#6525,
#6540,#6555,#6567,#6580,#6612,#6632,#6645,#6658,#6690,#6702,#6714,#6734,#6753,
#6767,#6785,#6797,#6810,#6822,#6841,#6879,#6914,#6924,#6966,#7014,#7034,#7088,
#7104,#7120,#7150,#7180,#7194,#7217,#7236,#7249,#7268,#7281,#7300,#7313,#7334,
#7347,#7366,#7379,#7398,#7411,#7430,#7443,#7461,#7475,#7494,#7507,#7525,#7538,
#7557,#7570,#7589,#7602,#7621,#7634,#7653,#7666,#7684,#7697,#7716,#7729,#7748,
#7761,#7779,#7793,#7812,#7825,#7844,#7857,#7875,#7889,#7908,#7921,#7939,#7952,
#7971,#7984,#8002,#8015,#8033,#8046,#8065,#8078,#8097,#8110,#8128,#8142,#8161,
#8174,#8193,#8206,#8224,#8238,#8251,#8264,#8276,#8290,#8303,#8316,#8328,#8350,
#8373,#8386,#8399,#8412,#8441,#8454,#8467,#8480,#8493,#8505,#8519,#8532,#8545,
#8558,#8571,#8584,#8597,#8610,#8623,#8636,#8648,#8663,#8685,#8699,#8721,#8735,
#8757,#8771,#8792,#8826,#8846,#8859,#8878,#8891,#8910,#8923,#8942,#8954,#9052,
#9085,#9113,#9184,#9217,#9229,#9241,#9255,#9267));
#9269=MANIFOLD_SOLID_BREP('',#9268);
#9270=(LENGTH_UNIT()NAMED_UNIT(*)SI_UNIT(.MILLI.,.METRE.));
#9272=(NAMED_UNIT(*)PLANE_ANGLE_UNIT()SI_UNIT($,.RADIAN.));
#9275=(NAMED_UNIT(*)SI_UNIT($,.STERADIAN.)SOLID_ANGLE_UNIT());
#9278=ADVANCED_BREP_SHAPE_REPRESENTATION('',(#9269),#9277);
#9285=PRODUCT_DEFINITION('design','',#9284,#9281);
#9286=PRODUCT_DEFINITION_SHAPE('','SHAPE FOR 501-0017.',#9285);
#9287=SHAPE_DEFINITION_REPRESENTATION(#9286,#9278);
ENDSEC;
END-ISO-10303-21;
