ISO-10303-21;
HEADER;
FILE_DESCRIPTION((''),'2;1');
FILE_NAME('501-0018_ASM','2025-02-08T14:46:26',('colin'),(''),
'CREO PARAMETRIC BY PTC INC, 2022124','CREO PARAMETRIC BY PTC INC, 2022124','');
FILE_SCHEMA(('AUTOMOTIVE_DESIGN { 1 0 10303 214 1 1 1 1 }'));
ENDSEC;
DATA;
#20=CARTESIAN_POINT('',(-6.046718681318E-12,-4.699796107843E-12,0.E0));
#21=DIRECTION('',(0.E0,0.E0,-1.E0));
#22=DIRECTION('',(9.894158606295E-1,-1.451077349239E-1,0.E0));
#23=AXIS2_PLACEMENT_3D('',#20,#21,#22);
#25=DRAUGHTING_PRE_DEFINED_CURVE_FONT('continuous');
#26=CURVE_STYLE('',#25,POSITIVE_LENGTH_MEASURE(2.E-2),#17);
#27=PRESENTATION_STYLE_ASSIGNMENT((#26));
#28=STYLED_ITEM('',(#27),#24);
#29=CARTESIAN_POINT('',(1.897877870352E1,-2.489278882059E0,0.E0));
#30=CARTESIAN_POINT('',(1.902041194962E1,-2.490875402120E0,0.E0));
#31=CARTESIAN_POINT('',(1.910447151671E1,-2.512200549887E0,
-1.491054567720E-14));
#32=CARTESIAN_POINT('',(1.920349650592E1,-2.590397502943E0,5.224934958145E-14));
#33=CARTESIAN_POINT('',(1.926321073797E1,-2.700474235306E0,
-1.940867955329E-13));
#34=CARTESIAN_POINT('',(1.927027834807E1,-2.784868751892E0,4.180359762055E-13));
#35=CARTESIAN_POINT('',(1.926530044695E1,-2.825449026285E0,4.180359762055E-13));
#37=CURVE_STYLE('',#25,POSITIVE_LENGTH_MEASURE(2.E-2),#17);
#38=PRESENTATION_STYLE_ASSIGNMENT((#37));
#39=STYLED_ITEM('',(#38),#36);
#40=DIRECTION('',(1.E0,-1.077856120593E-8,-1.073335810175E-8));
#41=VECTOR('',#40,1.228778575097E0);
#42=CARTESIAN_POINT('',(1.775000012842E1,-2.489278868815E0,1.318892043263E-8));
#43=LINE('',#42,#41);
#44=CURVE_STYLE('',#25,POSITIVE_LENGTH_MEASURE(2.E-2),#17);
#45=PRESENTATION_STYLE_ASSIGNMENT((#44));
#46=STYLED_ITEM('',(#45),#43);
#47=CARTESIAN_POINT('',(1.775E1,0.E0,0.E0));
#48=DIRECTION('',(0.E0,0.E0,1.E0));
#49=DIRECTION('',(0.E0,1.E0,0.E0));
#50=AXIS2_PLACEMENT_3D('',#47,#48,#49);
#52=CURVE_STYLE('',#25,POSITIVE_LENGTH_MEASURE(2.E-2),#17);
#53=PRESENTATION_STYLE_ASSIGNMENT((#52));
#54=STYLED_ITEM('',(#53),#51);
#55=DIRECTION('',(-1.E0,-1.202286101994E-8,1.194550872216E-8));
#56=VECTOR('',#55,1.228778722761E0);
#57=CARTESIAN_POINT('',(1.897877870352E1,2.489278882059E0,0.E0));
#58=LINE('',#57,#56);
#59=CURVE_STYLE('',#25,POSITIVE_LENGTH_MEASURE(2.E-2),#17);
#60=PRESENTATION_STYLE_ASSIGNMENT((#59));
#61=STYLED_ITEM('',(#60),#58);
#62=CARTESIAN_POINT('',(1.926530052518E1,2.825449037890E0,-8.333185045709E-8));
#63=CARTESIAN_POINT('',(1.927029398135E1,2.784741957399E0,-8.333185045709E-8));
#64=CARTESIAN_POINT('',(1.926314960767E1,2.700033829527E0,3.868981764587E-8));
#65=CARTESIAN_POINT('',(1.920301388871E1,2.589878132018E0,-1.041649258269E-8));
#66=CARTESIAN_POINT('',(1.910433796979E1,2.512203339671E0,2.976141338603E-9));
#67=CARTESIAN_POINT('',(1.902034873402E1,2.490872977964E0,0.E0));
#68=CARTESIAN_POINT('',(1.897877870352E1,2.489278882059E0,0.E0));
#70=CURVE_STYLE('',#25,POSITIVE_LENGTH_MEASURE(2.E-2),#17);
#71=PRESENTATION_STYLE_ASSIGNMENT((#70));
#72=STYLED_ITEM('',(#71),#69);
#73=CARTESIAN_POINT('',(5.831256082445E-5,9.514195067339E-6,0.E0));
#74=DIRECTION('',(0.E0,0.E0,-1.E0));
#75=DIRECTION('',(9.618612443299E-1,2.735378340488E-1,0.E0));
#76=AXIS2_PLACEMENT_3D('',#73,#74,#75);
#78=CURVE_STYLE('',#25,POSITIVE_LENGTH_MEASURE(2.E-2),#17);
#79=PRESENTATION_STYLE_ASSIGNMENT((#78));
#80=STYLED_ITEM('',(#79),#77);
#81=CARTESIAN_POINT('',(1.817252693455E1,5.293137784466E0,-5.459800259307E-7));
#82=CARTESIAN_POINT('',(1.818576543073E1,5.330384193180E0,-5.459800259307E-7));
#83=CARTESIAN_POINT('',(1.822986916676E1,5.403951044100E0,2.534474850185E-7));
#84=CARTESIAN_POINT('',(1.831029422550E1,5.464135789998E0,-6.809622245045E-8));
#85=CARTESIAN_POINT('',(1.839189554664E1,5.493441262505E0,1.893741307955E-8));
#86=CARTESIAN_POINT('',(1.847330065965E1,5.500758648905E0,-7.653429867730E-9));
#87=CARTESIAN_POINT('',(1.856285168478E1,5.483847655790E0,1.167630639137E-8));
#88=CARTESIAN_POINT('',(1.865460234511E1,5.433180733773E0,-3.905179719443E-8));
#89=CARTESIAN_POINT('',(1.871023839304E1,5.362979295096E0,8.333666319989E-8));
#90=CARTESIAN_POINT('',(1.872877618741E1,5.326154993718E0,8.333666319989E-8));
#92=CURVE_STYLE('',#25,POSITIVE_LENGTH_MEASURE(2.E-2),#17);
#93=PRESENTATION_STYLE_ASSIGNMENT((#92));
#94=STYLED_ITEM('',(#93),#91);
#95=CARTESIAN_POINT('',(1.674999714545E1,5.499999880379E0,0.E0));
#96=DIRECTION('',(0.E0,0.E0,1.E0));
#97=DIRECTION('',(-9.996689527683E-1,-2.572906665826E-2,0.E0));
#98=AXIS2_PLACEMENT_3D('',#95,#96,#97);
#100=CURVE_STYLE('',#25,POSITIVE_LENGTH_MEASURE(2.E-2),#17);
#101=PRESENTATION_STYLE_ASSIGNMENT((#100));
#102=STYLED_ITEM('',(#101),#99);
#103=CARTESIAN_POINT('',(1.503020630504E1,5.747618845811E0,0.E0));
#104=CARTESIAN_POINT('',(1.506754215443E1,5.745438441721E0,0.E0));
#105=CARTESIAN_POINT('',(1.514276476705E1,5.726466787756E0,-2.014432791080E-8));
#106=CARTESIAN_POINT('',(1.523332781511E1,5.661606494296E0,7.050514592204E-8));
#107=CARTESIAN_POINT('',(1.529451974281E1,5.570538992058E0,-2.618762340077E-7));
#108=CARTESIAN_POINT('',(1.531123383177E1,5.498838526645E0,5.640410004985E-7));
#109=CARTESIAN_POINT('',(1.531298673272E1,5.463014545070E0,5.640410004985E-7));
#111=CURVE_STYLE('',#25,POSITIVE_LENGTH_MEASURE(2.E-2),#17);
#112=PRESENTATION_STYLE_ASSIGNMENT((#111));
#113=STYLED_ITEM('',(#112),#110);
#114=DIRECTION('',(1.E0,2.116794529587E-12,0.E0));
#115=VECTOR('',#114,4.162298135352E0);
#116=CARTESIAN_POINT('',(1.086790816969E1,5.747618845802E0,0.E0));
#117=LINE('',#116,#115);
#118=CURVE_STYLE('',#25,POSITIVE_LENGTH_MEASURE(2.E-2),#17);
#119=PRESENTATION_STYLE_ASSIGNMENT((#118));
#120=STYLED_ITEM('',(#119),#117);
#121=CARTESIAN_POINT('',(1.057861166910E1,5.455202469381E0,0.E0));
#122=CARTESIAN_POINT('',(1.057951659504E1,5.492756374216E0,0.E0));
#123=CARTESIAN_POINT('',(1.059588552304E1,5.568463842085E0,0.E0));
#124=CARTESIAN_POINT('',(1.065978084662E1,5.663332443567E0,0.E0));
#125=CARTESIAN_POINT('',(1.075361445648E1,5.728620776488E0,0.E0));
#126=CARTESIAN_POINT('',(1.083002615536E1,5.746269424601E0,0.E0));
#127=CARTESIAN_POINT('',(1.086790816969E1,5.747618845802E0,0.E0));
#129=CURVE_STYLE('',#25,POSITIVE_LENGTH_MEASURE(2.E-2),#17);
#130=PRESENTATION_STYLE_ASSIGNMENT((#129));
#131=STYLED_ITEM('',(#130),#128);
#132=DIRECTION('',(3.883519152971E-10,1.E0,0.E0));
#133=VECTOR('',#132,3.714618964022E-1);
#134=CARTESIAN_POINT('',(1.057861166896E1,5.083740572979E0,0.E0));
#135=LINE('',#134,#133);
#136=CURVE_STYLE('',#25,POSITIVE_LENGTH_MEASURE(2.E-2),#17);
#137=PRESENTATION_STYLE_ASSIGNMENT((#136));
#138=STYLED_ITEM('',(#137),#135);
#139=CARTESIAN_POINT('',(1.066813385077E1,4.989278881821E0,0.E0));
#140=CARTESIAN_POINT('',(1.065601104374E1,4.990609366823E0,0.E0));
#141=CARTESIAN_POINT('',(1.063170562781E1,4.998061542397E0,0.E0));
#142=CARTESIAN_POINT('',(1.060364531525E1,5.019925759541E0,0.E0));
#143=CARTESIAN_POINT('',(1.058470594838E1,5.049208414827E0,0.E0));
#144=CARTESIAN_POINT('',(1.057928523648E1,5.072237220724E0,0.E0));
#145=CARTESIAN_POINT('',(1.057861166896E1,5.083740572979E0,0.E0));
#147=CURVE_STYLE('',#25,POSITIVE_LENGTH_MEASURE(2.E-2),#17);
#148=PRESENTATION_STYLE_ASSIGNMENT((#147));
#149=STYLED_ITEM('',(#148),#146);
#150=DIRECTION('',(-1.E0,-6.038666081266E-9,0.E0));
#151=VECTOR('',#150,3.623008919874E0);
#152=CARTESIAN_POINT('',(1.429114277065E1,4.989278903699E0,0.E0));
#153=LINE('',#152,#151);
#154=CURVE_STYLE('',#25,POSITIVE_LENGTH_MEASURE(2.E-2),#17);
#155=PRESENTATION_STYLE_ASSIGNMENT((#154));
#156=STYLED_ITEM('',(#155),#153);
#157=CARTESIAN_POINT('',(1.498927888333E1,4.489346719364E0,0.E0));
#158=CARTESIAN_POINT('',(1.498972250372E1,4.547135724861E0,0.E0));
#159=CARTESIAN_POINT('',(1.496936441368E1,4.662193518710E0,0.E0));
#160=CARTESIAN_POINT('',(1.487321755608E1,4.821334314379E0,0.E0));
#161=CARTESIAN_POINT('',(1.471558718085E1,4.943854813791E0,0.E0));
#162=CARTESIAN_POINT('',(1.451265774902E1,5.009393698335E0,0.E0));
#163=CARTESIAN_POINT('',(1.436217444628E1,5.004384262715E0,0.E0));
#164=CARTESIAN_POINT('',(1.429114277065E1,4.989278903699E0,0.E0));
#166=CURVE_STYLE('',#25,POSITIVE_LENGTH_MEASURE(2.E-2),#17);
#167=PRESENTATION_STYLE_ASSIGNMENT((#166));
#168=STYLED_ITEM('',(#167),#165);
#169=DIRECTION('',(0.E0,1.E0,0.E0));
#170=VECTOR('',#169,2.478693438728E0);
#171=CARTESIAN_POINT('',(1.498927888333E1,2.010653280636E0,0.E0));
#172=LINE('',#171,#170);
#173=CURVE_STYLE('',#25,POSITIVE_LENGTH_MEASURE(2.E-2),#17);
#174=PRESENTATION_STYLE_ASSIGNMENT((#173));
#175=STYLED_ITEM('',(#174),#172);
#176=CARTESIAN_POINT('',(1.429114277065E1,1.510721096301E0,0.E0));
#177=CARTESIAN_POINT('',(1.436231562132E1,1.495585715618E0,0.E0));
#178=CARTESIAN_POINT('',(1.451330908439E1,1.490678501764E0,0.E0));
#179=CARTESIAN_POINT('',(1.471570842699E1,1.556295821455E0,0.E0));
#180=CARTESIAN_POINT('',(1.487405361847E1,1.679019176334E0,0.E0));
#181=CARTESIAN_POINT('',(1.497076259487E1,1.841653795197E0,0.E0));
#182=CARTESIAN_POINT('',(1.498971571729E1,1.953748547852E0,0.E0));
#183=CARTESIAN_POINT('',(1.498927888333E1,2.010653280636E0,0.E0));
#185=CURVE_STYLE('',#25,POSITIVE_LENGTH_MEASURE(2.E-2),#17);
#186=PRESENTATION_STYLE_ASSIGNMENT((#185));
#187=STYLED_ITEM('',(#186),#184);
#188=DIRECTION('',(1.E0,-6.038670739104E-9,0.E0));
#189=VECTOR('',#188,3.623008919874E0);
#190=CARTESIAN_POINT('',(1.066813385077E1,1.510721118179E0,0.E0));
#191=LINE('',#190,#189);
#192=CURVE_STYLE('',#25,POSITIVE_LENGTH_MEASURE(2.E-2),#17);
#193=PRESENTATION_STYLE_ASSIGNMENT((#192));
#194=STYLED_ITEM('',(#193),#191);
#195=CARTESIAN_POINT('',(1.057861166896E1,1.416259427021E0,0.E0));
#196=CARTESIAN_POINT('',(1.057928509914E1,1.427760433757E0,0.E0));
#197=CARTESIAN_POINT('',(1.058470351206E1,1.450786139112E0,0.E0));
#198=CARTESIAN_POINT('',(1.060363725083E1,1.480057320687E0,0.E0));
#199=CARTESIAN_POINT('',(1.063164548765E1,1.501908496718E0,0.E0));
#200=CARTESIAN_POINT('',(1.065599634161E1,1.509389019615E0,0.E0));
#201=CARTESIAN_POINT('',(1.066813385077E1,1.510721118179E0,0.E0));
#203=CURVE_STYLE('',#25,POSITIVE_LENGTH_MEASURE(2.E-2),#17);
#204=PRESENTATION_STYLE_ASSIGNMENT((#203));
#205=STYLED_ITEM('',(#204),#202);
#206=DIRECTION('',(-1.139659840836E-11,1.E0,0.E0));
#207=VECTOR('',#206,1.488563734525E1);
#208=CARTESIAN_POINT('',(1.057861166913E1,-1.346937791823E1,0.E0));
#209=LINE('',#208,#207);
#210=CURVE_STYLE('',#25,POSITIVE_LENGTH_MEASURE(2.E-2),#17);
#211=PRESENTATION_STYLE_ASSIGNMENT((#210));
#212=STYLED_ITEM('',(#211),#209);
#213=CARTESIAN_POINT('',(9.469377916251E0,-1.457861166911E1,0.E0));
#214=CARTESIAN_POINT('',(9.585725440320E0,-1.457970710689E1,0.E0));
#215=CARTESIAN_POINT('',(9.820338322233E0,-1.454456167739E1,0.E0));
#216=CARTESIAN_POINT('',(1.013737879151E1,-1.438351379362E1,0.E0));
#217=CARTESIAN_POINT('',(1.038761780660E1,-1.413298446520E1,0.E0));
#218=CARTESIAN_POINT('',(1.054787378675E1,-1.380862206333E1,0.E0));
#219=CARTESIAN_POINT('',(1.057968019424E1,-1.358286705405E1,0.E0));
#220=CARTESIAN_POINT('',(1.057861166913E1,-1.346937791823E1,0.E0));
#222=CURVE_STYLE('',#25,POSITIVE_LENGTH_MEASURE(2.E-2),#17);
#223=PRESENTATION_STYLE_ASSIGNMENT((#222));
#224=STYLED_ITEM('',(#223),#221);
#225=DIRECTION('',(9.999999999999E-1,-4.743791552340E-7,0.E0));
#226=VECTOR('',#225,1.530480564527E1);
#227=CARTESIAN_POINT('',(-5.835427729022E0,-1.457860440883E1,0.E0));
#228=LINE('',#227,#226);
#229=CURVE_STYLE('',#25,POSITIVE_LENGTH_MEASURE(2.E-2),#17);
#230=PRESENTATION_STYLE_ASSIGNMENT((#229));
#231=STYLED_ITEM('',(#230),#228);
#232=DIRECTION('',(9.999014169616E-1,-1.404123777164E-2,0.E0));
#233=VECTOR('',#232,1.866209380375E0);
#234=CARTESIAN_POINT('',(-7.701453132806E0,-1.455240051919E1,0.E0));
#235=LINE('',#234,#233);
#236=CURVE_STYLE('',#25,POSITIVE_LENGTH_MEASURE(2.E-2),#17);
#237=PRESENTATION_STYLE_ASSIGNMENT((#236));
#238=STYLED_ITEM('',(#237),#235);
#239=DIRECTION('',(1.E0,0.E0,0.E0));
#240=VECTOR('',#239,1.997093734388E0);
#241=CARTESIAN_POINT('',(-9.698546867194E0,-1.455240051919E1,0.E0));
#242=LINE('',#241,#240);
#243=CURVE_STYLE('',#25,POSITIVE_LENGTH_MEASURE(2.E-2),#17);
#244=PRESENTATION_STYLE_ASSIGNMENT((#243));
#245=STYLED_ITEM('',(#244),#242);
#246=DIRECTION('',(9.999010185736E-1,1.406957908098E-2,0.E0));
#247=VECTOR('',#246,2.318719033095E-1);
#248=CARTESIAN_POINT('',(-9.930395819492E0,-1.455566285927E1,0.E0));
#249=LINE('',#248,#247);
#250=CURVE_STYLE('',#25,POSITIVE_LENGTH_MEASURE(2.E-2),#17);
#251=PRESENTATION_STYLE_ASSIGNMENT((#250));
#252=STYLED_ITEM('',(#251),#249);
#253=DIRECTION('',(-4.063449108524E-12,1.E0,0.E0));
#254=VECTOR('',#253,4.530673767989E0);
#255=CARTESIAN_POINT('',(-9.930395819492E0,-1.455566285927E1,0.E0));
#256=LINE('',#255,#254);
#257=CURVE_STYLE('',#25,POSITIVE_LENGTH_MEASURE(2.E-2),#17);
#258=PRESENTATION_STYLE_ASSIGNMENT((#257));
#259=STYLED_ITEM('',(#258),#256);
#260=CARTESIAN_POINT('',(-9.930395819510E0,-1.002498909128E1,0.E0));
#261=CARTESIAN_POINT('',(-9.931074955130E0,-9.986730462205E0,0.E0));
#262=CARTESIAN_POINT('',(-9.947549276245E0,-9.909501358079E0,0.E0));
#263=CARTESIAN_POINT('',(-1.001304806592E1,-9.812979162022E0,0.E0));
#264=CARTESIAN_POINT('',(-1.010967597479E1,-9.747478516193E0,0.E0));
#265=CARTESIAN_POINT('',(-1.018677469139E1,-9.731074169602E0,0.E0));
#266=CARTESIAN_POINT('',(-1.022498909232E1,-9.730395819492E0,0.E0));
#268=CURVE_STYLE('',#25,POSITIVE_LENGTH_MEASURE(2.E-2),#17);
#269=PRESENTATION_STYLE_ASSIGNMENT((#268));
#270=STYLED_ITEM('',(#269),#267);
#271=DIRECTION('',(-1.E0,-5.056631472259E-12,0.E0));
#272=VECTOR('',#271,3.925342677700E0);
#273=CARTESIAN_POINT('',(-1.022498909232E1,-9.730395819492E0,0.E0));
#274=LINE('',#273,#272);
#275=CURVE_STYLE('',#25,POSITIVE_LENGTH_MEASURE(2.E-2),#17);
#276=PRESENTATION_STYLE_ASSIGNMENT((#275));
#277=STYLED_ITEM('',(#276),#274);
#278=CARTESIAN_POINT('',(-1.415033177002E1,-9.730395819512E0,0.E0));
#279=CARTESIAN_POINT('',(-1.422429102222E1,-9.730944726981E0,0.E0));
#280=CARTESIAN_POINT('',(-1.437363415170E1,-9.708135814303E0,0.E0));
#281=CARTESIAN_POINT('',(-1.457384570760E1,-9.606278603250E0,0.E0));
#282=CARTESIAN_POINT('',(-1.473370633976E1,-9.446507870190E0,0.E0));
#283=CARTESIAN_POINT('',(-1.483552035927E1,-9.240437248951E0,0.E0));
#284=CARTESIAN_POINT('',(-1.485593021992E1,-9.097336519134E0,0.E0));
#285=CARTESIAN_POINT('',(-1.485539581954E1,-9.025331774250E0,0.E0));
#287=CURVE_STYLE('',#25,POSITIVE_LENGTH_MEASURE(2.E-2),#17);
#288=PRESENTATION_STYLE_ASSIGNMENT((#287));
#289=STYLED_ITEM('',(#288),#286);
#290=DIRECTION('',(1.740372071517E-12,1.E0,0.E0));
#291=VECTOR('',#290,1.805066354427E1);
#292=CARTESIAN_POINT('',(-1.485539581954E1,-9.025331774250E0,0.E0));
#293=LINE('',#292,#291);
#294=CURVE_STYLE('',#25,POSITIVE_LENGTH_MEASURE(2.E-2),#17);
#295=PRESENTATION_STYLE_ASSIGNMENT((#294));
#296=STYLED_ITEM('',(#295),#293);
#297=CARTESIAN_POINT('',(-1.485539581951E1,9.025331770017E0,0.E0));
#298=CARTESIAN_POINT('',(-1.485594472698E1,9.099291022219E0,0.E0));
#299=CARTESIAN_POINT('',(-1.483313581430E1,9.248634151697E0,0.E0));
#300=CARTESIAN_POINT('',(-1.473127860325E1,9.448845707602E0,0.E0));
#301=CARTESIAN_POINT('',(-1.457150787019E1,9.608706339761E0,0.E0));
#302=CARTESIAN_POINT('',(-1.436543724895E1,9.710520359273E0,0.E0));
#303=CARTESIAN_POINT('',(-1.422233651913E1,9.730930219920E0,0.E0));
#304=CARTESIAN_POINT('',(-1.415033177425E1,9.730395819543E0,0.E0));
#306=CURVE_STYLE('',#25,POSITIVE_LENGTH_MEASURE(2.E-2),#17);
#307=PRESENTATION_STYLE_ASSIGNMENT((#306));
#308=STYLED_ITEM('',(#307),#305);
#309=DIRECTION('',(1.E0,-1.305926891615E-11,0.E0));
#310=VECTOR('',#309,3.925342681932E0);
#311=CARTESIAN_POINT('',(-1.415033177425E1,9.730395819543E0,0.E0));
#312=LINE('',#311,#310);
#313=CURVE_STYLE('',#25,POSITIVE_LENGTH_MEASURE(2.E-2),#17);
#314=PRESENTATION_STYLE_ASSIGNMENT((#313));
#315=STYLED_ITEM('',(#314),#312);
#316=CARTESIAN_POINT('',(-1.022498909232E1,9.730395819492E0,0.E0));
#317=CARTESIAN_POINT('',(-1.018672097420E1,9.731075123144E0,0.E0));
#318=CARTESIAN_POINT('',(-1.010946023964E1,9.747566966311E0,0.E0));
#319=CARTESIAN_POINT('',(-1.001297721164E1,9.813054102989E0,0.E0));
#320=CARTESIAN_POINT('',(-9.947471876192E0,9.909689721603E0,0.E0));
#321=CARTESIAN_POINT('',(-9.931074107491E0,9.986778213300E0,0.E0));
#322=CARTESIAN_POINT('',(-9.930395819510E0,1.002498909128E1,0.E0));
#324=CURVE_STYLE('',#25,POSITIVE_LENGTH_MEASURE(2.E-2),#17);
#325=PRESENTATION_STYLE_ASSIGNMENT((#324));
#326=STYLED_ITEM('',(#325),#323);
#327=DIRECTION('',(4.063449108524E-12,1.E0,0.E0));
#328=VECTOR('',#327,4.530673767989E0);
#329=CARTESIAN_POINT('',(-9.930395819510E0,1.002498909128E1,0.E0));
#330=LINE('',#329,#328);
#331=CURVE_STYLE('',#25,POSITIVE_LENGTH_MEASURE(2.E-2),#17);
#332=PRESENTATION_STYLE_ASSIGNMENT((#331));
#333=STYLED_ITEM('',(#332),#330);
#334=DIRECTION('',(-9.999010185736E-1,1.406957908099E-2,0.E0));
#335=VECTOR('',#334,2.318719033095E-1);
#336=CARTESIAN_POINT('',(-9.698546867194E0,1.455240051919E1,0.E0));
#337=LINE('',#336,#335);
#338=CURVE_STYLE('',#25,POSITIVE_LENGTH_MEASURE(2.E-2),#17);
#339=PRESENTATION_STYLE_ASSIGNMENT((#338));
#340=STYLED_ITEM('',(#339),#337);
#341=DIRECTION('',(-1.E0,0.E0,0.E0));
#342=VECTOR('',#341,1.997093734388E0);
#343=CARTESIAN_POINT('',(-7.701453132806E0,1.455240051919E1,0.E0));
#344=LINE('',#343,#342);
#345=CURVE_STYLE('',#25,POSITIVE_LENGTH_MEASURE(2.E-2),#17);
#346=PRESENTATION_STYLE_ASSIGNMENT((#345));
#347=STYLED_ITEM('',(#346),#344);
#348=DIRECTION('',(-9.999014169616E-1,-1.404123777164E-2,0.E0));
#349=VECTOR('',#348,1.866209380376E0);
#350=CARTESIAN_POINT('',(-5.835427729022E0,1.457860440883E1,0.E0));
#351=LINE('',#350,#349);
#352=CURVE_STYLE('',#25,POSITIVE_LENGTH_MEASURE(2.E-2),#17);
#353=PRESENTATION_STYLE_ASSIGNMENT((#352));
#354=STYLED_ITEM('',(#353),#351);
#355=DIRECTION('',(-9.999999999999E-1,-4.743803739742E-7,0.E0));
#356=VECTOR('',#355,1.530480564726E1);
#357=CARTESIAN_POINT('',(9.469377918232E0,1.457861166913E1,0.E0));
#358=LINE('',#357,#356);
#359=CURVE_STYLE('',#25,POSITIVE_LENGTH_MEASURE(2.E-2),#17);
#360=PRESENTATION_STYLE_ASSIGNMENT((#359));
#361=STYLED_ITEM('',(#360),#358);
#362=CARTESIAN_POINT('',(1.057861166911E1,1.346937791625E1,0.E0));
#363=CARTESIAN_POINT('',(1.057970710689E1,1.358572544032E1,0.E0));
#364=CARTESIAN_POINT('',(1.054456167739E1,1.382033832223E1,0.E0));
#365=CARTESIAN_POINT('',(1.038351379362E1,1.413737879151E1,0.E0));
#366=CARTESIAN_POINT('',(1.013298446520E1,1.438761780660E1,0.E0));
#367=CARTESIAN_POINT('',(9.808622063329E0,1.454787378675E1,0.E0));
#368=CARTESIAN_POINT('',(9.582867054052E0,1.457968019424E1,0.E0));
#369=CARTESIAN_POINT('',(9.469377918232E0,1.457861166913E1,0.E0));
#371=CURVE_STYLE('',#25,POSITIVE_LENGTH_MEASURE(2.E-2),#17);
#372=PRESENTATION_STYLE_ASSIGNMENT((#371));
#373=STYLED_ITEM('',(#372),#370);
#374=DIRECTION('',(2.776724773171E-12,1.E0,0.E0));
#375=VECTOR('',#374,2.424580385632E0);
#376=CARTESIAN_POINT('',(1.057861166910E1,1.104479753062E1,0.E0));
#377=LINE('',#376,#375);
#378=CURVE_STYLE('',#25,POSITIVE_LENGTH_MEASURE(2.E-2),#17);
#379=PRESENTATION_STYLE_ASSIGNMENT((#378));
#380=STYLED_ITEM('',(#379),#377);
#381=CARTESIAN_POINT('',(1.086790816969E1,1.075238115420E1,0.E0));
#382=CARTESIAN_POINT('',(1.082998156509E1,1.075373216378E1,0.E0));
#383=CARTESIAN_POINT('',(1.075353103985E1,1.077137045981E1,0.E0));
#384=CARTESIAN_POINT('',(1.065939168492E1,1.083702676734E1,0.E0));
#385=CARTESIAN_POINT('',(1.059579691080E1,1.093186427688E1,0.E0));
#386=CARTESIAN_POINT('',(1.057951423176E1,1.100734170079E1,0.E0));
#387=CARTESIAN_POINT('',(1.057861166910E1,1.104479753062E1,0.E0));
#389=CURVE_STYLE('',#25,POSITIVE_LENGTH_MEASURE(2.E-2),#17);
#390=PRESENTATION_STYLE_ASSIGNMENT((#389));
#391=STYLED_ITEM('',(#390),#388);
#392=DIRECTION('',(-1.E0,-8.244327824352E-11,0.E0));
#393=VECTOR('',#392,3.820415857561E0);
#394=CARTESIAN_POINT('',(1.468832402725E1,1.075238115451E1,0.E0));
#395=LINE('',#394,#393);
#396=CURVE_STYLE('',#25,POSITIVE_LENGTH_MEASURE(2.E-2),#17);
#397=PRESENTATION_STYLE_ASSIGNMENT((#396));
#398=STYLED_ITEM('',(#397),#395);
#399=CARTESIAN_POINT('',(1.530965427795E1,1.203118653366E1,1.177132465575E-12));
#400=CARTESIAN_POINT('',(1.536001440262E1,1.196418957792E1,1.177132465575E-12));
#401=CARTESIAN_POINT('',(1.544032717853E1,1.181262274011E1,
-5.463096570305E-13));
#402=CARTESIAN_POINT('',(1.548355325478E1,1.156381719283E1,1.463844878516E-13));
#403=CARTESIAN_POINT('',(1.544884015101E1,1.131499033027E1,
-3.922821467417E-14));
#404=CARTESIAN_POINT('',(1.533963366113E1,1.108901137635E1,1.052837084512E-14));
#405=CARTESIAN_POINT('',(1.516549465876E1,1.090660012331E1,0.E0));
#406=CARTESIAN_POINT('',(1.494245183478E1,1.078550720747E1,0.E0));
#407=CARTESIAN_POINT('',(1.477262559823E1,1.075436031909E1,0.E0));
#408=CARTESIAN_POINT('',(1.468832402725E1,1.075238115451E1,0.E0));
#410=CURVE_STYLE('',#25,POSITIVE_LENGTH_MEASURE(2.E-2),#17);
#411=PRESENTATION_STYLE_ASSIGNMENT((#410));
#412=STYLED_ITEM('',(#411),#409);
#413=CARTESIAN_POINT('',(7.341132146621E-10,5.991598328592E-10,0.E0));
#414=DIRECTION('',(0.E0,0.E0,-1.E0));
#415=DIRECTION('',(5.572260467648E-1,8.303608449384E-1,0.E0));
#416=AXIS2_PLACEMENT_3D('',#413,#414,#415);
#418=CURVE_STYLE('',#25,POSITIVE_LENGTH_MEASURE(2.E-2),#17);
#419=PRESENTATION_STYLE_ASSIGNMENT((#418));
#420=STYLED_ITEM('',(#419),#417);
#421=CARTESIAN_POINT('',(9.854317777822E0,1.647138833106E1,0.E0));
#422=CARTESIAN_POINT('',(9.971302434763E0,1.647117975697E1,0.E0));
#423=CARTESIAN_POINT('',(1.020669375380E1,1.644743515770E1,
-4.698431612510E-10));
#424=CARTESIAN_POINT('',(1.054082481150E1,1.634623901867E1,1.644450009700E-9));
#425=CARTESIAN_POINT('',(1.075192065239E1,1.623381920766E1,-3.523821826927E-9));
#426=CARTESIAN_POINT('',(1.084996476758E1,1.616827844697E1,-3.523821826927E-9));
#428=CURVE_STYLE('',#25,POSITIVE_LENGTH_MEASURE(2.E-2),#17);
#429=PRESENTATION_STYLE_ASSIGNMENT((#428));
#430=STYLED_ITEM('',(#429),#427);
#431=DIRECTION('',(1.E0,0.E0,0.E0));
#432=VECTOR('',#431,1.970863555564E1);
#433=CARTESIAN_POINT('',(-9.854317777822E0,1.647138833106E1,0.E0));
#434=LINE('',#433,#432);
#435=CURVE_STYLE('',#25,POSITIVE_LENGTH_MEASURE(2.E-2),#17);
#436=PRESENTATION_STYLE_ASSIGNMENT((#435));
#437=STYLED_ITEM('',(#436),#434);
#438=CARTESIAN_POINT('',(-1.084996476746E1,1.616827844701E1,
-3.551212065152E-9));
#439=CARTESIAN_POINT('',(-1.075261974963E1,1.623335187343E1,
-3.551212065152E-9));
#440=CARTESIAN_POINT('',(-1.054364803932E1,1.634491351136E1,1.657232000490E-9));
#441=CARTESIAN_POINT('',(-1.020981519478E1,1.644695335833E1,
-4.734947853622E-10));
#442=CARTESIAN_POINT('',(-9.972149343511E0,1.647117824699E1,0.E0));
#443=CARTESIAN_POINT('',(-9.854317777822E0,1.647138833106E1,0.E0));
#445=CURVE_STYLE('',#25,POSITIVE_LENGTH_MEASURE(2.E-2),#17);
#446=PRESENTATION_STYLE_ASSIGNMENT((#445));
#447=STYLED_ITEM('',(#446),#444);
#448=CARTESIAN_POINT('',(5.779376976989E-12,4.465983138857E-12,0.E0));
#449=DIRECTION('',(0.E0,0.E0,-1.E0));
#450=DIRECTION('',(-9.894158606295E-1,1.451077349239E-1,0.E0));
#451=AXIS2_PLACEMENT_3D('',#448,#449,#450);
#453=CURVE_STYLE('',#25,POSITIVE_LENGTH_MEASURE(2.E-2),#17);
#454=PRESENTATION_STYLE_ASSIGNMENT((#453));
#455=STYLED_ITEM('',(#454),#452);
#456=CARTESIAN_POINT('',(-1.897877870352E1,2.489278882059E0,0.E0));
#457=CARTESIAN_POINT('',(-1.902041194962E1,2.490875402120E0,0.E0));
#458=CARTESIAN_POINT('',(-1.910447151671E1,2.512200549882E0,
9.659861367364E-14));
#459=CARTESIAN_POINT('',(-1.920349650592E1,2.590397502959E0,
-3.379632421392E-13));
#460=CARTESIAN_POINT('',(-1.926321073798E1,2.700474235244E0,
1.255253985491E-12));
#461=CARTESIAN_POINT('',(-1.927027834805E1,2.784868752024E0,
-2.703615109567E-12));
#462=CARTESIAN_POINT('',(-1.926530044693E1,2.825449026417E0,
-2.703615109567E-12));
#464=CURVE_STYLE('',#25,POSITIVE_LENGTH_MEASURE(2.E-2),#17);
#465=PRESENTATION_STYLE_ASSIGNMENT((#464));
#466=STYLED_ITEM('',(#465),#463);
#467=DIRECTION('',(-1.E0,1.077856156734E-8,-1.073335819210E-8));
#468=VECTOR('',#467,1.228778575097E0);
#469=CARTESIAN_POINT('',(-1.775000012842E1,2.489278868815E0,1.318892049740E-8));
#470=LINE('',#469,#468);
#471=CURVE_STYLE('',#25,POSITIVE_LENGTH_MEASURE(2.E-2),#17);
#472=PRESENTATION_STYLE_ASSIGNMENT((#471));
#473=STYLED_ITEM('',(#472),#470);
#474=CARTESIAN_POINT('',(-1.775E1,0.E0,0.E0));
#475=DIRECTION('',(0.E0,0.E0,1.E0));
#476=DIRECTION('',(0.E0,-1.E0,0.E0));
#477=AXIS2_PLACEMENT_3D('',#474,#475,#476);
#479=CURVE_STYLE('',#25,POSITIVE_LENGTH_MEASURE(2.E-2),#17);
#480=PRESENTATION_STYLE_ASSIGNMENT((#479));
#481=STYLED_ITEM('',(#480),#478);
#482=DIRECTION('',(1.E0,1.202286065854E-8,1.194550872216E-8));
#483=VECTOR('',#482,1.228778722761E0);
#484=CARTESIAN_POINT('',(-1.897877870352E1,-2.489278882059E0,0.E0));
#485=LINE('',#484,#483);
#486=CURVE_STYLE('',#25,POSITIVE_LENGTH_MEASURE(2.E-2),#17);
#487=PRESENTATION_STYLE_ASSIGNMENT((#486));
#488=STYLED_ITEM('',(#487),#485);
#489=CARTESIAN_POINT('',(-1.926530044696E1,-2.825449026286E0,
-1.451875656736E-12));
#490=CARTESIAN_POINT('',(-1.927029390312E1,-2.784741945794E0,
-1.451875656736E-12));
#491=CARTESIAN_POINT('',(-1.926314964399E1,-2.700033834915E0,
6.740907694123E-13));
#492=CARTESIAN_POINT('',(-1.920301387894E1,-2.589878130568E0,
-1.815025789550E-13));
#493=CARTESIAN_POINT('',(-1.910433797258E1,-2.512203340085E0,
5.191934872311E-14));
#494=CARTESIAN_POINT('',(-1.902034873402E1,-2.490872977964E0,0.E0));
#495=CARTESIAN_POINT('',(-1.897877870352E1,-2.489278882059E0,0.E0));
#497=CURVE_STYLE('',#25,POSITIVE_LENGTH_MEASURE(2.E-2),#17);
#498=PRESENTATION_STYLE_ASSIGNMENT((#497));
#499=STYLED_ITEM('',(#498),#496);
#500=CARTESIAN_POINT('',(-1.713207353760E-11,1.830313678397E-11,0.E0));
#501=DIRECTION('',(0.E0,0.E0,-1.E0));
#502=DIRECTION('',(-5.572260467755E-1,-8.303608449312E-1,0.E0));
#503=AXIS2_PLACEMENT_3D('',#500,#501,#502);
#505=CURVE_STYLE('',#25,POSITIVE_LENGTH_MEASURE(2.E-2),#17);
#506=PRESENTATION_STYLE_ASSIGNMENT((#505));
#507=STYLED_ITEM('',(#506),#504);
#508=CARTESIAN_POINT('',(-9.854317777822E0,-1.647138833106E1,0.E0));
#509=CARTESIAN_POINT('',(-9.971302434763E0,-1.647117975697E1,0.E0));
#510=CARTESIAN_POINT('',(-1.020669374625E1,-1.644743516328E1,
-5.904933691798E-11));
#511=CARTESIAN_POINT('',(-1.054082483792E1,-1.634623899912E1,
2.066713835386E-10));
#512=CARTESIAN_POINT('',(-1.075192059577E1,-1.623381924956E1,
-4.428670763446E-10));
#513=CARTESIAN_POINT('',(-1.084996471095E1,-1.616827848887E1,
-4.428670763446E-10));
#515=CURVE_STYLE('',#25,POSITIVE_LENGTH_MEASURE(2.E-2),#17);
#516=PRESENTATION_STYLE_ASSIGNMENT((#515));
#517=STYLED_ITEM('',(#516),#514);
#518=DIRECTION('',(-1.E0,0.E0,0.E0));
#519=VECTOR('',#518,1.970863555564E1);
#520=CARTESIAN_POINT('',(9.854317777822E0,-1.647138833106E1,0.E0));
#521=LINE('',#520,#519);
#522=CURVE_STYLE('',#25,POSITIVE_LENGTH_MEASURE(2.E-2),#17);
#523=PRESENTATION_STYLE_ASSIGNMENT((#522));
#524=STYLED_ITEM('',(#523),#521);
#525=CARTESIAN_POINT('',(1.084996471972E1,-1.616827848323E1,
-2.567214589059E-10));
#526=CARTESIAN_POINT('',(1.075261970189E1,-1.623335190965E1,
-2.567214589059E-10));
#527=CARTESIAN_POINT('',(1.054364806159E1,-1.634491349446E1,
1.198033267552E-10));
#528=CARTESIAN_POINT('',(1.020981518842E1,-1.644695336316E1,-3.4229519E-11));
#529=CARTESIAN_POINT('',(9.972149343511E0,-1.647117824699E1,0.E0));
#530=CARTESIAN_POINT('',(9.854317777822E0,-1.647138833106E1,0.E0));
#532=CURVE_STYLE('',#25,POSITIVE_LENGTH_MEASURE(2.E-2),#17);
#533=PRESENTATION_STYLE_ASSIGNMENT((#532));
#534=STYLED_ITEM('',(#533),#531);
#535=CARTESIAN_POINT('',(-1.675E1,5.5E0,0.E0));
#536=DIRECTION('',(0.E0,0.E0,1.E0));
#537=DIRECTION('',(1.E0,0.E0,0.E0));
#538=AXIS2_PLACEMENT_3D('',#535,#536,#537);
#540=CURVE_STYLE('',#25,POSITIVE_LENGTH_MEASURE(2.E-2),#17);
#541=PRESENTATION_STYLE_ASSIGNMENT((#540));
#542=STYLED_ITEM('',(#541),#539);
#543=CARTESIAN_POINT('',(-1.675E1,5.5E0,0.E0));
#544=DIRECTION('',(0.E0,0.E0,1.E0));
#545=DIRECTION('',(-1.E0,0.E0,0.E0));
#546=AXIS2_PLACEMENT_3D('',#543,#544,#545);
#548=CURVE_STYLE('',#25,POSITIVE_LENGTH_MEASURE(2.E-2),#17);
#549=PRESENTATION_STYLE_ASSIGNMENT((#548));
#550=STYLED_ITEM('',(#549),#547);
#551=CARTESIAN_POINT('',(-1.675E1,-5.5E0,0.E0));
#552=DIRECTION('',(0.E0,0.E0,1.E0));
#553=DIRECTION('',(-1.E0,0.E0,0.E0));
#554=AXIS2_PLACEMENT_3D('',#551,#552,#553);
#556=CURVE_STYLE('',#25,POSITIVE_LENGTH_MEASURE(2.E-2),#17);
#557=PRESENTATION_STYLE_ASSIGNMENT((#556));
#558=STYLED_ITEM('',(#557),#555);
#559=CARTESIAN_POINT('',(-1.675E1,-5.5E0,0.E0));
#560=DIRECTION('',(0.E0,0.E0,1.E0));
#561=DIRECTION('',(1.E0,0.E0,0.E0));
#562=AXIS2_PLACEMENT_3D('',#559,#560,#561);
#564=CURVE_STYLE('',#25,POSITIVE_LENGTH_MEASURE(2.E-2),#17);
#565=PRESENTATION_STYLE_ASSIGNMENT((#564));
#566=STYLED_ITEM('',(#565),#563);
#567=CARTESIAN_POINT('',(1.675E1,-5.5E0,0.E0));
#568=DIRECTION('',(0.E0,0.E0,1.E0));
#569=DIRECTION('',(-1.E0,0.E0,0.E0));
#570=AXIS2_PLACEMENT_3D('',#567,#568,#569);
#572=CURVE_STYLE('',#25,POSITIVE_LENGTH_MEASURE(2.E-2),#17);
#573=PRESENTATION_STYLE_ASSIGNMENT((#572));
#574=STYLED_ITEM('',(#573),#571);
#575=CARTESIAN_POINT('',(1.675E1,-5.5E0,0.E0));
#576=DIRECTION('',(0.E0,0.E0,1.E0));
#577=DIRECTION('',(1.E0,0.E0,0.E0));
#578=AXIS2_PLACEMENT_3D('',#575,#576,#577);
#580=CURVE_STYLE('',#25,POSITIVE_LENGTH_MEASURE(2.E-2),#17);
#581=PRESENTATION_STYLE_ASSIGNMENT((#580));
#582=STYLED_ITEM('',(#581),#579);
#583=DIRECTION('',(-1.E0,0.E0,0.E0));
#584=VECTOR('',#583,3.15E0);
#585=CARTESIAN_POINT('',(1.445E1,-1.177644904711E1,0.E0));
#586=LINE('',#585,#584);
#587=CURVE_STYLE('',#25,POSITIVE_LENGTH_MEASURE(2.E-2),#17);
#588=PRESENTATION_STYLE_ASSIGNMENT((#587));
#589=STYLED_ITEM('',(#588),#586);
#590=DIRECTION('',(0.E0,1.E0,0.E0));
#591=VECTOR('',#590,1.09E1);
#592=CARTESIAN_POINT('',(1.097355095289E1,-1.145E1,0.E0));
#593=LINE('',#592,#591);
#594=CURVE_STYLE('',#25,POSITIVE_LENGTH_MEASURE(2.E-2),#17);
#595=PRESENTATION_STYLE_ASSIGNMENT((#594));
#596=STYLED_ITEM('',(#595),#593);
#597=DIRECTION('',(1.E0,0.E0,0.E0));
#598=VECTOR('',#597,3.15E0);
#599=CARTESIAN_POINT('',(1.13E1,-2.235509528937E-1,0.E0));
#600=LINE('',#599,#598);
#601=CURVE_STYLE('',#25,POSITIVE_LENGTH_MEASURE(2.E-2),#17);
#602=PRESENTATION_STYLE_ASSIGNMENT((#601));
#603=STYLED_ITEM('',(#602),#600);
#604=DIRECTION('',(0.E0,-1.E0,0.E0));
#605=VECTOR('',#604,1.09E1);
#606=CARTESIAN_POINT('',(1.477644904711E1,-5.5E-1,0.E0));
#607=LINE('',#606,#605);
#608=CURVE_STYLE('',#25,POSITIVE_LENGTH_MEASURE(2.E-2),#17);
#609=PRESENTATION_STYLE_ASSIGNMENT((#608));
#610=STYLED_ITEM('',(#609),#607);
#611=DIRECTION('',(-1.E0,0.E0,0.E0));
#612=VECTOR('',#611,3.296383270225E-1);
#613=CARTESIAN_POINT('',(1.373051584610E1,1.078122242777E0,0.E0));
#614=LINE('',#613,#612);
#615=CURVE_STYLE('',#25,POSITIVE_LENGTH_MEASURE(2.E-2),#17);
#616=PRESENTATION_STYLE_ASSIGNMENT((#615));
#617=STYLED_ITEM('',(#616),#614);
#618=DIRECTION('',(-9.689177035558E-1,-2.473832729514E-1,0.E0));
#619=VECTOR('',#618,7.530155303366E-2);
#620=CARTESIAN_POINT('',(1.340087751908E1,1.078122242777E0,0.E0));
#621=LINE('',#620,#619);
#622=CURVE_STYLE('',#25,POSITIVE_LENGTH_MEASURE(2.E-2),#17);
#623=PRESENTATION_STYLE_ASSIGNMENT((#622));
#624=STYLED_ITEM('',(#623),#621);
#625=DIRECTION('',(-8.265992787996E-1,-5.627909312417E-1,0.E0));
#626=VECTOR('',#625,6.542649200384E-2);
#627=CARTESIAN_POINT('',(1.332791651124E1,1.059493898129E0,0.E0));
#628=LINE('',#627,#626);
#629=CURVE_STYLE('',#25,POSITIVE_LENGTH_MEASURE(2.E-2),#17);
#630=PRESENTATION_STYLE_ASSIGNMENT((#629));
#631=STYLED_ITEM('',(#630),#628);
#632=DIRECTION('',(-5.466223714738E-1,-8.373792348777E-1,0.E0));
#633=VECTOR('',#632,6.601400197374E-2);
#634=CARTESIAN_POINT('',(1.327383502013E1,1.022672461766E0,0.E0));
#635=LINE('',#634,#633);
#636=CURVE_STYLE('',#25,POSITIVE_LENGTH_MEASURE(2.E-2),#17);
#637=PRESENTATION_STYLE_ASSIGNMENT((#636));
#638=STYLED_ITEM('',(#637),#635);
#639=DIRECTION('',(-2.377711385311E-1,-9.713212062349E-1,0.E0));
#640=VECTOR('',#639,7.682226765861E-2);
#641=CARTESIAN_POINT('',(1.323775028983E1,9.673937073023E-1,0.E0));
#642=LINE('',#641,#640);
#643=CURVE_STYLE('',#25,POSITIVE_LENGTH_MEASURE(2.E-2),#17);
#644=PRESENTATION_STYLE_ASSIGNMENT((#643));
#645=STYLED_ITEM('',(#644),#642);
#646=DIRECTION('',(0.E0,-1.E0,0.E0));
#647=VECTOR('',#646,2.855492460509E-1);
#648=CARTESIAN_POINT('',(1.321948417178E1,8.927746096144E-1,0.E0));
#649=LINE('',#648,#647);
#650=CURVE_STYLE('',#25,POSITIVE_LENGTH_MEASURE(2.E-2),#17);
#651=PRESENTATION_STYLE_ASSIGNMENT((#650));
#652=STYLED_ITEM('',(#651),#649);
#653=DIRECTION('',(2.377711385310E-1,-9.713212062349E-1,0.E0));
#654=VECTOR('',#653,7.682226612245E-2);
#655=CARTESIAN_POINT('',(1.321948417178E1,6.072253635635E-1,0.E0));
#656=LINE('',#655,#654);
#657=CURVE_STYLE('',#25,POSITIVE_LENGTH_MEASURE(2.E-2),#17);
#658=PRESENTATION_STYLE_ASSIGNMENT((#657));
#659=STYLED_ITEM('',(#658),#656);
#660=DIRECTION('',(5.466227293958E-1,-8.373790012341E-1,0.E0));
#661=VECTOR('',#660,6.601395766100E-2);
#662=CARTESIAN_POINT('',(1.323775028946E1,5.326062673677E-1,0.E0));
#663=LINE('',#662,#661);
#664=CURVE_STYLE('',#25,POSITIVE_LENGTH_MEASURE(2.E-2),#17);
#665=PRESENTATION_STYLE_ASSIGNMENT((#664));
#666=STYLED_ITEM('',(#665),#663);
#667=DIRECTION('',(8.265991871191E-1,-5.627910658976E-1,0.E0));
#668=VECTOR('',#667,6.542650110895E-2);
#669=CARTESIAN_POINT('',(1.327383501918E1,4.773275654341E-1,0.E0));
#670=LINE('',#669,#668);
#671=CURVE_STYLE('',#25,POSITIVE_LENGTH_MEASURE(2.E-2),#17);
#672=PRESENTATION_STYLE_ASSIGNMENT((#671));
#673=STYLED_ITEM('',(#672),#670);
#674=DIRECTION('',(9.689177035558E-1,-2.473832729515E-1,0.E0));
#675=VECTOR('',#674,7.530155244724E-2);
#676=CARTESIAN_POINT('',(1.332791651181E1,4.405061151370E-1,0.E0));
#677=LINE('',#676,#675);
#678=CURVE_STYLE('',#25,POSITIVE_LENGTH_MEASURE(2.E-2),#17);
#679=PRESENTATION_STYLE_ASSIGNMENT((#678));
#680=STYLED_ITEM('',(#679),#677);
#681=DIRECTION('',(1.E0,0.E0,0.E0));
#682=VECTOR('',#681,3.296383270225E-1);
#683=CARTESIAN_POINT('',(1.340087751908E1,4.218777706343E-1,0.E0));
#684=LINE('',#683,#682);
#685=CURVE_STYLE('',#25,POSITIVE_LENGTH_MEASURE(2.E-2),#17);
#686=PRESENTATION_STYLE_ASSIGNMENT((#685));
#687=STYLED_ITEM('',(#686),#684);
#688=DIRECTION('',(0.E0,1.E0,0.E0));
#689=VECTOR('',#688,6.562444721425E-1);
#690=CARTESIAN_POINT('',(1.373051584610E1,4.218777706343E-1,0.E0));
#691=LINE('',#690,#689);
#692=CURVE_STYLE('',#25,POSITIVE_LENGTH_MEASURE(2.E-2),#17);
#693=PRESENTATION_STYLE_ASSIGNMENT((#692));
#694=STYLED_ITEM('',(#693),#691);
#695=DIRECTION('',(0.E0,-1.E0,0.E0));
#696=VECTOR('',#695,8.140292250948E-1);
#697=CARTESIAN_POINT('',(1.385698415390E1,1.157014612547E0,0.E0));
#698=LINE('',#697,#696);
#699=CURVE_STYLE('',#25,POSITIVE_LENGTH_MEASURE(2.E-2),#17);
#700=PRESENTATION_STYLE_ASSIGNMENT((#699));
#701=STYLED_ITEM('',(#700),#698);
#702=DIRECTION('',(-1.E0,0.E0,0.E0));
#703=VECTOR('',#702,4.077205994390E-1);
#704=CARTESIAN_POINT('',(1.380701461255E1,2.930158461017E-1,0.E0));
#705=LINE('',#704,#703);
#706=CURVE_STYLE('',#25,POSITIVE_LENGTH_MEASURE(2.E-2),#17);
#707=PRESENTATION_STYLE_ASSIGNMENT((#706));
#708=STYLED_ITEM('',(#707),#705);
#709=DIRECTION('',(-9.797707133274E-1,2.001233352361E-1,0.E0));
#710=VECTOR('',#709,9.734255851173E-2);
#711=CARTESIAN_POINT('',(1.339929401311E1,2.930158461017E-1,0.E0));
#712=LINE('',#711,#710);
#713=CURVE_STYLE('',#25,POSITIVE_LENGTH_MEASURE(2.E-2),#17);
#714=PRESENTATION_STYLE_ASSIGNMENT((#713));
#715=STYLED_ITEM('',(#714),#712);
#716=DIRECTION('',(-8.906052187617E-1,4.547772469181E-1,0.E0));
#717=VECTOR('',#716,8.630400374472E-2);
#718=CARTESIAN_POINT('',(1.330392062512E1,3.124963635714E-1,0.E0));
#719=LINE('',#718,#717);
#720=CURVE_STYLE('',#25,POSITIVE_LENGTH_MEASURE(2.E-2),#17);
#721=PRESENTATION_STYLE_ASSIGNMENT((#720));
#722=STYLED_ITEM('',(#721),#719);
#723=DIRECTION('',(-6.996247187608E-1,7.145104988025E-1,0.E0));
#724=VECTOR('',#723,1.094666680996E-1);
#725=CARTESIAN_POINT('',(1.322705782898E1,3.517454607925E-1,0.E0));
#726=LINE('',#725,#724);
#727=CURVE_STYLE('',#25,POSITIVE_LENGTH_MEASURE(2.E-2),#17);
#728=PRESENTATION_STYLE_ASSIGNMENT((#727));
#729=STYLED_ITEM('',(#728),#726);
#730=DIRECTION('',(-4.397136028534E-1,8.981380447713E-1,0.E0));
#731=VECTOR('',#730,8.732827996101E-2);
#732=CARTESIAN_POINT('',(1.315047224210E1,4.299605444186E-1,0.E0));
#733=LINE('',#732,#731);
#734=CURVE_STYLE('',#25,POSITIVE_LENGTH_MEASURE(2.E-2),#17);
#735=PRESENTATION_STYLE_ASSIGNMENT((#734));
#736=STYLED_ITEM('',(#735),#733);
#737=DIRECTION('',(-1.921826769043E-1,9.813591690599E-1,0.E0));
#738=VECTOR('',#737,9.916057894281E-2);
#739=CARTESIAN_POINT('',(1.311207280949E1,5.083933950360E-1,0.E0));
#740=LINE('',#739,#738);
#741=CURVE_STYLE('',#25,POSITIVE_LENGTH_MEASURE(2.E-2),#17);
#742=PRESENTATION_STYLE_ASSIGNMENT((#741));
#743=STYLED_ITEM('',(#742),#740);
#744=DIRECTION('',(0.E0,1.E0,0.E0));
#745=VECTOR('',#744,2.885888960238E-1);
#746=CARTESIAN_POINT('',(1.309301586398E1,6.057055383908E-1,0.E0));
#747=LINE('',#746,#745);
#748=CURVE_STYLE('',#25,POSITIVE_LENGTH_MEASURE(2.E-2),#17);
#749=PRESENTATION_STYLE_ASSIGNMENT((#748));
#750=STYLED_ITEM('',(#749),#747);
#751=DIRECTION('',(1.921825732045E-1,9.813591893677E-1,0.E0));
#752=VECTOR('',#751,9.916063183561E-2);
#753=CARTESIAN_POINT('',(1.309301586398E1,8.942944344146E-1,0.E0));
#754=LINE('',#753,#752);
#755=CURVE_STYLE('',#25,POSITIVE_LENGTH_MEASURE(2.E-2),#17);
#756=PRESENTATION_STYLE_ASSIGNMENT((#755));
#757=STYLED_ITEM('',(#756),#754);
#758=DIRECTION('',(4.397136649566E-1,8.981380143666E-1,0.E0));
#759=VECTOR('',#758,8.732826844617E-2);
#760=CARTESIAN_POINT('',(1.311207280937E1,9.916066316900E-1,0.E0));
#761=LINE('',#760,#759);
#762=CURVE_STYLE('',#25,POSITIVE_LENGTH_MEASURE(2.E-2),#17);
#763=PRESENTATION_STYLE_ASSIGNMENT((#762));
#764=STYLED_ITEM('',(#763),#761);
#765=DIRECTION('',(6.996247500295E-1,7.145104681851E-1,0.E0));
#766=VECTOR('',#765,1.094666632513E-1);
#767=CARTESIAN_POINT('',(1.315047224234E1,1.070039469310E0,0.E0));
#768=LINE('',#767,#766);
#769=CURVE_STYLE('',#25,POSITIVE_LENGTH_MEASURE(2.E-2),#17);
#770=PRESENTATION_STYLE_ASSIGNMENT((#769));
#771=STYLED_ITEM('',(#770),#768);
#772=DIRECTION('',(8.906052429498E-1,4.547771995497E-1,0.E0));
#773=VECTOR('',#772,8.630400136325E-2);
#774=CARTESIAN_POINT('',(1.322705782926E1,1.148254546121E0,0.E0));
#775=LINE('',#774,#773);
#776=CURVE_STYLE('',#25,POSITIVE_LENGTH_MEASURE(2.E-2),#17);
#777=PRESENTATION_STYLE_ASSIGNMENT((#776));
#778=STYLED_ITEM('',(#777),#775);
#779=DIRECTION('',(9.797707167625E-1,2.001233184181E-1,0.E0));
#780=VECTOR('',#779,9.734255798757E-2);
#781=CARTESIAN_POINT('',(1.330392062536E1,1.187503638171E0,0.E0));
#782=LINE('',#781,#780);
#783=CURVE_STYLE('',#25,POSITIVE_LENGTH_MEASURE(2.E-2),#17);
#784=PRESENTATION_STYLE_ASSIGNMENT((#783));
#785=STYLED_ITEM('',(#784),#782);
#786=DIRECTION('',(1.E0,0.E0,0.E0));
#787=VECTOR('',#786,4.077205993784E-1);
#788=CARTESIAN_POINT('',(1.339929401317E1,1.206984153898E0,0.E0));
#789=LINE('',#788,#787);
#790=CURVE_STYLE('',#25,POSITIVE_LENGTH_MEASURE(2.E-2),#17);
#791=PRESENTATION_STYLE_ASSIGNMENT((#790));
#792=STYLED_ITEM('',(#791),#789);
#793=DIRECTION('',(1.E0,0.E0,0.E0));
#794=VECTOR('',#793,6.389987664457E-1);
#795=CARTESIAN_POINT('',(1.226801584610E1,1.206984153898E0,0.E0));
#796=LINE('',#795,#794);
#797=CURVE_STYLE('',#25,POSITIVE_LENGTH_MEASURE(2.E-2),#17);
#798=PRESENTATION_STYLE_ASSIGNMENT((#797));
#799=STYLED_ITEM('',(#798),#796);
#800=DIRECTION('',(0.E0,-1.E0,0.E0));
#801=VECTOR('',#800,8.140292250948E-1);
#802=CARTESIAN_POINT('',(1.295698415390E1,1.157014612547E0,0.E0));
#803=LINE('',#802,#801);
#804=CURVE_STYLE('',#25,POSITIVE_LENGTH_MEASURE(2.E-2),#17);
#805=PRESENTATION_STYLE_ASSIGNMENT((#804));
#806=STYLED_ITEM('',(#805),#803);
#807=DIRECTION('',(-1.E0,0.E0,0.E0));
#808=VECTOR('',#807,6.389987664457E-1);
#809=CARTESIAN_POINT('',(1.290701461255E1,2.930158461017E-1,0.E0));
#810=LINE('',#809,#808);
#811=CURVE_STYLE('',#25,POSITIVE_LENGTH_MEASURE(2.E-2),#17);
#812=PRESENTATION_STYLE_ASSIGNMENT((#811));
#813=STYLED_ITEM('',(#812),#810);
#814=DIRECTION('',(0.E0,1.E0,0.E0));
#815=VECTOR('',#814,1.288619245326E-1);
#816=CARTESIAN_POINT('',(1.226801584610E1,2.930158461017E-1,0.E0));
#817=LINE('',#816,#815);
#818=CURVE_STYLE('',#25,POSITIVE_LENGTH_MEASURE(2.E-2),#17);
#819=PRESENTATION_STYLE_ASSIGNMENT((#818));
#820=STYLED_ITEM('',(#819),#817);
#821=DIRECTION('',(1.E0,0.E0,0.E0));
#822=VECTOR('',#821,5.625E-1);
#823=CARTESIAN_POINT('',(1.226801584610E1,4.218777706343E-1,0.E0));
#824=LINE('',#823,#822);
#825=CURVE_STYLE('',#25,POSITIVE_LENGTH_MEASURE(2.E-2),#17);
#826=PRESENTATION_STYLE_ASSIGNMENT((#825));
#827=STYLED_ITEM('',(#826),#824);
#828=DIRECTION('',(0.E0,1.E0,0.E0));
#829=VECTOR('',#828,2.924146746361E-1);
#830=CARTESIAN_POINT('',(1.283051584610E1,4.218777706343E-1,0.E0));
#831=LINE('',#830,#829);
#832=CURVE_STYLE('',#25,POSITIVE_LENGTH_MEASURE(2.E-2),#17);
#833=PRESENTATION_STYLE_ASSIGNMENT((#832));
#834=STYLED_ITEM('',(#833),#831);
#835=DIRECTION('',(-1.E0,0.E0,0.E0));
#836=VECTOR('',#835,4.874999642372E-1);
#837=CARTESIAN_POINT('',(1.283051584610E1,7.142924452704E-1,0.E0));
#838=LINE('',#837,#836);
#839=CURVE_STYLE('',#25,POSITIVE_LENGTH_MEASURE(2.E-2),#17);
#840=PRESENTATION_STYLE_ASSIGNMENT((#839));
#841=STYLED_ITEM('',(#840),#838);
#842=DIRECTION('',(0.E0,1.E0,0.E0));
#843=VECTOR('',#842,1.288619111216E-1);
#844=CARTESIAN_POINT('',(1.234301588186E1,7.142924452704E-1,0.E0));
#845=LINE('',#844,#843);
#846=CURVE_STYLE('',#25,POSITIVE_LENGTH_MEASURE(2.E-2),#17);
#847=PRESENTATION_STYLE_ASSIGNMENT((#846));
#848=STYLED_ITEM('',(#847),#845);
#849=DIRECTION('',(1.E0,0.E0,0.E0));
#850=VECTOR('',#849,4.874999642372E-1);
#851=CARTESIAN_POINT('',(1.234301588186E1,8.431543563920E-1,0.E0));
#852=LINE('',#851,#850);
#853=CURVE_STYLE('',#25,POSITIVE_LENGTH_MEASURE(2.E-2),#17);
#854=PRESENTATION_STYLE_ASSIGNMENT((#853));
#855=STYLED_ITEM('',(#854),#852);
#856=DIRECTION('',(0.E0,1.E0,0.E0));
#857=VECTOR('',#856,2.349678863847E-1);
#858=CARTESIAN_POINT('',(1.283051584610E1,8.431543563920E-1,0.E0));
#859=LINE('',#858,#857);
#860=CURVE_STYLE('',#25,POSITIVE_LENGTH_MEASURE(2.E-2),#17);
#861=PRESENTATION_STYLE_ASSIGNMENT((#860));
#862=STYLED_ITEM('',(#861),#859);
#863=DIRECTION('',(-1.E0,0.E0,0.E0));
#864=VECTOR('',#863,5.625E-1);
#865=CARTESIAN_POINT('',(1.283051584610E1,1.078122242777E0,0.E0));
#866=LINE('',#865,#864);
#867=CURVE_STYLE('',#25,POSITIVE_LENGTH_MEASURE(2.E-2),#17);
#868=PRESENTATION_STYLE_ASSIGNMENT((#867));
#869=STYLED_ITEM('',(#868),#866);
#870=DIRECTION('',(0.E0,1.E0,0.E0));
#871=VECTOR('',#870,1.288619111216E-1);
#872=CARTESIAN_POINT('',(1.226801584610E1,1.078122242777E0,0.E0));
#873=LINE('',#872,#871);
#874=CURVE_STYLE('',#25,POSITIVE_LENGTH_MEASURE(2.E-2),#17);
#875=PRESENTATION_STYLE_ASSIGNMENT((#874));
#876=STYLED_ITEM('',(#875),#873);
#877=CARTESIAN_POINT('',(1.177843453939E1,5.219632225315E-1,0.E0));
#878=CARTESIAN_POINT('',(1.176895638253E1,4.936151634618E-1,0.E0));
#879=CARTESIAN_POINT('',(1.175000005993E1,5.091932484933E-1,0.E0));
#880=CARTESIAN_POINT('',(1.173104374117E1,4.936151588018E-1,0.E0));
#881=CARTESIAN_POINT('',(1.172156557734E1,5.219632155415E-1,0.E0));
#883=CURVE_STYLE('',#25,POSITIVE_LENGTH_MEASURE(2.E-2),#17);
#884=PRESENTATION_STYLE_ASSIGNMENT((#883));
#885=STYLED_ITEM('',(#884),#882);
#886=DIRECTION('',(3.170949116093E-1,9.483938090432E-1,0.E0));
#887=VECTOR('',#886,7.222958699593E-1);
#888=CARTESIAN_POINT('',(1.177843453939E1,5.219632225315E-1,0.E0));
#889=LINE('',#888,#887);
#890=CURVE_STYLE('',#25,POSITIVE_LENGTH_MEASURE(2.E-2),#17);
#891=PRESENTATION_STYLE_ASSIGNMENT((#890));
#892=STYLED_ITEM('',(#891),#889);
#893=DIRECTION('',(1.E0,0.E0,0.E0));
#894=VECTOR('',#893,1.272191476115E-1);
#895=CARTESIAN_POINT('',(1.200747088443E1,1.206984153898E0,0.E0));
#896=LINE('',#895,#894);
#897=CURVE_STYLE('',#25,POSITIVE_LENGTH_MEASURE(2.E-2),#17);
#898=PRESENTATION_STYLE_ASSIGNMENT((#897));
#899=STYLED_ITEM('',(#898),#896);
#900=DIRECTION('',(-3.162277999444E-1,-9.486832867413E-1,0.E0));
#901=VECTOR('',#900,9.273911924742E-1);
#902=CARTESIAN_POINT('',(1.213469003204E1,1.206984153898E0,0.E0));
#903=LINE('',#902,#901);
#904=CURVE_STYLE('',#25,POSITIVE_LENGTH_MEASURE(2.E-2),#17);
#905=PRESENTATION_STYLE_ASSIGNMENT((#904));
#906=STYLED_ITEM('',(#905),#903);
#907=DIRECTION('',(-1.E0,0.E0,0.E0));
#908=VECTOR('',#907,8.803584168933E-2);
#909=CARTESIAN_POINT('',(1.179401788683E1,2.930158461017E-1,0.E0));
#910=LINE('',#909,#908);
#911=CURVE_STYLE('',#25,POSITIVE_LENGTH_MEASURE(2.E-2),#17);
#912=PRESENTATION_STYLE_ASSIGNMENT((#911));
#913=STYLED_ITEM('',(#912),#910);
#914=DIRECTION('',(-3.162276981617E-1,9.486833206689E-1,0.E0));
#915=VECTOR('',#914,9.273911539470E-1);
#916=CARTESIAN_POINT('',(1.165857677472E1,3.271836344130E-1,0.E0));
#917=LINE('',#916,#915);
#918=CURVE_STYLE('',#25,POSITIVE_LENGTH_MEASURE(2.E-2),#17);
#919=PRESENTATION_STYLE_ASSIGNMENT((#918));
#920=STYLED_ITEM('',(#919),#917);
#921=DIRECTION('',(1.E0,0.E0,0.E0));
#922=VECTOR('',#921,1.272190379238E-1);
#923=CARTESIAN_POINT('',(1.136531000482E1,1.206984153898E0,0.E0));
#924=LINE('',#923,#922);
#925=CURVE_STYLE('',#25,POSITIVE_LENGTH_MEASURE(2.E-2),#17);
#926=PRESENTATION_STYLE_ASSIGNMENT((#925));
#927=STYLED_ITEM('',(#926),#924);
#928=DIRECTION('',(3.170951447511E-1,-9.483937310923E-1,0.E0));
#929=VECTOR('',#928,7.222959366969E-1);
#930=CARTESIAN_POINT('',(1.149252904274E1,1.206984153898E0,0.E0));
#931=LINE('',#930,#929);
#932=CURVE_STYLE('',#25,POSITIVE_LENGTH_MEASURE(2.E-2),#17);
#933=PRESENTATION_STYLE_ASSIGNMENT((#932));
#934=STYLED_ITEM('',(#933),#931);
#935=DIRECTION('',(7.176969368636E-1,-1.052572410292E-1,6.883545743493E-1));
#936=VECTOR('',#935,2.901497488819E-1);
#937=CARTESIAN_POINT('',(1.926530044695E1,-2.825449026285E0,
4.180359762055E-13));
#938=LINE('',#937,#936);
#939=CURVE_STYLE('',#25,POSITIVE_LENGTH_MEASURE(2.E-2),#17);
#940=PRESENTATION_STYLE_ASSIGNMENT((#939));
#941=STYLED_ITEM('',(#940),#938);
#942=CARTESIAN_POINT('',(-1.096724252020E1,-1.634304219816E1,
1.997259066166E-1));
#943=CARTESIAN_POINT('',(-1.096918677853E1,-1.635022455555E1,
3.341971594193E-1));
#944=CARTESIAN_POINT('',(-1.097316983255E1,-1.636494203437E1,
6.097508300100E-1));
#945=CARTESIAN_POINT('',(-1.097935965454E1,-1.638782597249E1,1.038223166412E0));
#946=CARTESIAN_POINT('',(-1.098376493742E1,-1.640412141068E1,1.343349354713E0));
#947=CARTESIAN_POINT('',(-1.098602583933E1,-1.641248720510E1,1.5E0));
#949=CURVE_STYLE('',#25,POSITIVE_LENGTH_MEASURE(2.E-2),#17);
#950=PRESENTATION_STYLE_ASSIGNMENT((#949));
#951=STYLED_ITEM('',(#950),#948);
#952=CARTESIAN_POINT('',(0.E0,0.E0,1.997259069506E-1));
#953=DIRECTION('',(0.E0,0.E0,-1.E0));
#954=DIRECTION('',(-5.572260467766E-1,-8.303608449305E-1,0.E0));
#955=AXIS2_PLACEMENT_3D('',#952,#953,#954);
#957=CURVE_STYLE('',#25,POSITIVE_LENGTH_MEASURE(2.E-2),#17);
#958=PRESENTATION_STYLE_ASSIGNMENT((#957));
#959=STYLED_ITEM('',(#958),#956);
#960=CARTESIAN_POINT('',(-1.954752111759E1,-2.820800978010E0,1.5E0));
#961=CARTESIAN_POINT('',(-1.953986007272E1,-2.824447108171E0,1.365253912178E0));
#962=CARTESIAN_POINT('',(-1.952416922595E1,-2.831913473594E0,1.089336763013E0));
#963=CARTESIAN_POINT('',(-1.949980628211E1,-2.843501918173E0,
6.611236188387E-1));
#964=CARTESIAN_POINT('',(-1.948245020077E1,-2.851753926774E0,
3.562153294302E-1));
#965=CARTESIAN_POINT('',(-1.947354003296E1,-2.855989388338E0,
1.997259068880E-1));
#967=CURVE_STYLE('',#25,POSITIVE_LENGTH_MEASURE(2.E-2),#17);
#968=PRESENTATION_STYLE_ASSIGNMENT((#967));
#969=STYLED_ITEM('',(#968),#966);
#970=CARTESIAN_POINT('',(0.E0,0.E0,1.5E0));
#971=DIRECTION('',(0.E0,0.E0,1.E0));
#972=DIRECTION('',(-9.897479046879E-1,-1.428253659752E-1,0.E0));
#973=AXIS2_PLACEMENT_3D('',#970,#971,#972);
#975=CURVE_STYLE('',#25,POSITIVE_LENGTH_MEASURE(2.E-2),#17);
#976=PRESENTATION_STYLE_ASSIGNMENT((#975));
#977=STYLED_ITEM('',(#976),#974);
#978=CARTESIAN_POINT('',(1.098602583933E1,-1.641248720510E1,1.5E0));
#979=CARTESIAN_POINT('',(1.098407929116E1,-1.640528458314E1,1.365129918171E0));
#980=CARTESIAN_POINT('',(1.098009363627E1,-1.639054057318E1,1.089052355450E0));
#981=CARTESIAN_POINT('',(1.097391412817E1,-1.636769288312E1,6.612555457989E-1));
#982=CARTESIAN_POINT('',(1.096950598388E1,-1.635140371512E1,3.562739835778E-1));
#983=CARTESIAN_POINT('',(1.096724252684E1,-1.634304219388E1,1.997259067575E-1));
#985=CURVE_STYLE('',#25,POSITIVE_LENGTH_MEASURE(2.E-2),#17);
#986=PRESENTATION_STYLE_ASSIGNMENT((#985));
#987=STYLED_ITEM('',(#986),#984);
#988=CARTESIAN_POINT('',(0.E0,0.E0,1.5E0));
#989=DIRECTION('',(0.E0,0.E0,1.E0));
#990=DIRECTION('',(6.146948464862E-1,-7.887650129812E-1,0.E0));
#991=AXIS2_PLACEMENT_3D('',#988,#989,#990);
#993=CURVE_STYLE('',#25,POSITIVE_LENGTH_MEASURE(2.E-2),#17);
#994=PRESENTATION_STYLE_ASSIGNMENT((#993));
#995=STYLED_ITEM('',(#994),#992);
#996=CARTESIAN_POINT('',(1.947354003296E1,-2.855989388338E0,1.997259068895E-1));
#997=CARTESIAN_POINT('',(1.948120472141E1,-2.852345967243E0,3.343409552366E-1));
#998=CARTESIAN_POINT('',(1.949690141324E1,-2.844883238777E0,6.100839813636E-1));
#999=CARTESIAN_POINT('',(1.952126954758E1,-2.833293039150E0,1.038357006668E0));
#1000=CARTESIAN_POINT('',(1.953861788294E1,-2.825038305022E0,1.343405689711E0));
#1001=CARTESIAN_POINT('',(1.954752111759E1,-2.820800978010E0,1.499999999997E0));
#1003=CURVE_STYLE('',#25,POSITIVE_LENGTH_MEASURE(2.E-2),#17);
#1004=PRESENTATION_STYLE_ASSIGNMENT((#1003));
#1005=STYLED_ITEM('',(#1004),#1002);
#1006=CARTESIAN_POINT('',(0.E0,0.E0,1.997259069511E-1));
#1007=DIRECTION('',(0.E0,0.E0,-1.E0));
#1008=DIRECTION('',(9.894158606295E-1,-1.451077349242E-1,0.E0));
#1009=AXIS2_PLACEMENT_3D('',#1006,#1007,#1008);
#1011=CURVE_STYLE('',#25,POSITIVE_LENGTH_MEASURE(2.E-2),#17);
#1012=PRESENTATION_STYLE_ASSIGNMENT((#1011));
#1013=STYLED_ITEM('',(#1012),#1010);
#1014=CARTESIAN_POINT('',(1.096724256312E1,1.634304216639E1,1.997259042857E-1));
#1015=CARTESIAN_POINT('',(1.096918682176E1,1.635022452491E1,3.341971781602E-1));
#1016=CARTESIAN_POINT('',(1.097316981322E1,1.636494205180E1,6.097508798715E-1));
#1017=CARTESIAN_POINT('',(1.097935966048E1,1.638782596906E1,1.038223181213E0));
#1018=CARTESIAN_POINT('',(1.098376493751E1,1.640412141102E1,1.343349361021E0));
#1019=CARTESIAN_POINT('',(1.098602583933E1,1.641248720510E1,1.5E0));
#1021=CURVE_STYLE('',#25,POSITIVE_LENGTH_MEASURE(2.E-2),#17);
#1022=PRESENTATION_STYLE_ASSIGNMENT((#1021));
#1023=STYLED_ITEM('',(#1022),#1020);
#1024=CARTESIAN_POINT('',(0.E0,0.E0,1.997259069427E-1));
#1025=DIRECTION('',(0.E0,0.E0,-1.E0));
#1026=DIRECTION('',(5.572260467766E-1,8.303608449305E-1,0.E0));
#1027=AXIS2_PLACEMENT_3D('',#1024,#1025,#1026);
#1029=CURVE_STYLE('',#25,POSITIVE_LENGTH_MEASURE(2.E-2),#17);
#1030=PRESENTATION_STYLE_ASSIGNMENT((#1029));
#1031=STYLED_ITEM('',(#1030),#1028);
#1032=CARTESIAN_POINT('',(1.560071089485E1,1.211116507919E1,1.5E0));
#1033=CARTESIAN_POINT('',(1.558773056970E1,1.211635728312E1,1.365109733919E0));
#1034=CARTESIAN_POINT('',(1.556113245319E1,1.212698612919E1,1.089007362030E0));
#1035=CARTESIAN_POINT('',(1.551984775988E1,1.214344948965E1,6.614370427974E-1));
#1036=CARTESIAN_POINT('',(1.549031794917E1,1.215519924512E1,3.563525330317E-1));
#1037=CARTESIAN_POINT('',(1.547513708625E1,1.216123221407E1,1.997259069177E-1));
#1039=CURVE_STYLE('',#25,POSITIVE_LENGTH_MEASURE(2.E-2),#17);
#1040=PRESENTATION_STYLE_ASSIGNMENT((#1039));
#1041=STYLED_ITEM('',(#1040),#1038);
#1042=CARTESIAN_POINT('',(0.E0,0.E0,1.5E0));
#1043=DIRECTION('',(0.E0,0.E0,1.E0));
#1044=DIRECTION('',(7.899094123974E-1,6.132235483133E-1,0.E0));
#1045=AXIS2_PLACEMENT_3D('',#1042,#1043,#1044);
#1047=CURVE_STYLE('',#25,POSITIVE_LENGTH_MEASURE(2.E-2),#17);
#1048=PRESENTATION_STYLE_ASSIGNMENT((#1047));
#1049=STYLED_ITEM('',(#1048),#1046);
#1050=CARTESIAN_POINT('',(-1.098602583933E1,1.641248720510E1,1.5E0));
#1051=CARTESIAN_POINT('',(-1.098407929124E1,1.640528458340E1,1.365129923156E0));
#1052=CARTESIAN_POINT('',(-1.098009364126E1,1.639054057013E1,1.089052366679E0));
#1053=CARTESIAN_POINT('',(-1.097391411137E1,1.636769289623E1,
6.612555525300E-1));
#1054=CARTESIAN_POINT('',(-1.096950602010E1,1.635140368779E1,
3.562739834355E-1));
#1055=CARTESIAN_POINT('',(-1.096724256303E1,1.634304216643E1,
1.997259042600E-1));
#1057=CURVE_STYLE('',#25,POSITIVE_LENGTH_MEASURE(2.E-2),#17);
#1058=PRESENTATION_STYLE_ASSIGNMENT((#1057));
#1059=STYLED_ITEM('',(#1058),#1056);
#1060=CARTESIAN_POINT('',(0.E0,0.E0,1.5E0));
#1061=DIRECTION('',(0.E0,0.E0,1.E0));
#1062=DIRECTION('',(-6.146948464862E-1,7.887650129812E-1,0.E0));
#1063=AXIS2_PLACEMENT_3D('',#1060,#1061,#1062);
#1065=CURVE_STYLE('',#25,POSITIVE_LENGTH_MEASURE(2.E-2),#17);
#1066=PRESENTATION_STYLE_ASSIGNMENT((#1065));
#1067=STYLED_ITEM('',(#1066),#1064);
#1068=CARTESIAN_POINT('',(-1.947354003294E1,2.855989388438E0,
1.997259068872E-1));
#1069=CARTESIAN_POINT('',(-1.948120472140E1,2.852345967343E0,
3.343409552369E-1));
#1070=CARTESIAN_POINT('',(-1.949690141325E1,2.844883238730E0,
6.100839813710E-1));
#1071=CARTESIAN_POINT('',(-1.952126954758E1,2.833293039164E0,1.038357006670E0));
#1072=CARTESIAN_POINT('',(-1.953861788294E1,2.825038305022E0,1.343405689711E0));
#1073=CARTESIAN_POINT('',(-1.954752111759E1,2.820800978010E0,1.499999999997E0));
#1075=CURVE_STYLE('',#25,POSITIVE_LENGTH_MEASURE(2.E-2),#17);
#1076=PRESENTATION_STYLE_ASSIGNMENT((#1075));
#1077=STYLED_ITEM('',(#1076),#1074);
#1078=CARTESIAN_POINT('',(0.E0,0.E0,1.997259069511E-1));
#1079=DIRECTION('',(0.E0,0.E0,-1.E0));
#1080=DIRECTION('',(-9.894158606295E-1,1.451077349242E-1,0.E0));
#1081=AXIS2_PLACEMENT_3D('',#1078,#1079,#1080);
#1083=CURVE_STYLE('',#25,POSITIVE_LENGTH_MEASURE(2.E-2),#17);
#1084=PRESENTATION_STYLE_ASSIGNMENT((#1083));
#1085=STYLED_ITEM('',(#1084),#1082);
#1086=CARTESIAN_POINT('',(0.E0,0.E0,1.997258099794E-1));
#1087=DIRECTION('',(0.E0,0.E0,-1.E0));
#1088=DIRECTION('',(9.618613378307E-1,2.735375052649E-1,0.E0));
#1089=AXIS2_PLACEMENT_3D('',#1086,#1087,#1088);
#1091=CURVE_STYLE('',#25,POSITIVE_LENGTH_MEASURE(2.E-2),#17);
#1092=PRESENTATION_STYLE_ASSIGNMENT((#1091));
#1093=STYLED_ITEM('',(#1092),#1090);
#1094=CARTESIAN_POINT('',(1.954752111759E1,2.820800978010E0,1.5E0));
#1095=CARTESIAN_POINT('',(1.953986007224E1,2.824447108397E0,1.365253903801E0));
#1096=CARTESIAN_POINT('',(1.952416922756E1,2.831913474557E0,1.089336739894E0));
#1097=CARTESIAN_POINT('',(1.949980626822E1,2.843501918738E0,6.611235542769E-1));
#1098=CARTESIAN_POINT('',(1.948245021957E1,2.851753930779E0,3.562152750811E-1));
#1099=CARTESIAN_POINT('',(1.947354005361E1,2.855989391467E0,1.997258848830E-1));
#1101=CURVE_STYLE('',#25,POSITIVE_LENGTH_MEASURE(2.E-2),#17);
#1102=PRESENTATION_STYLE_ASSIGNMENT((#1101));
#1103=STYLED_ITEM('',(#1102),#1100);
#1104=CARTESIAN_POINT('',(0.E0,0.E0,1.5E0));
#1105=DIRECTION('',(0.E0,0.E0,1.E0));
#1106=DIRECTION('',(9.897479046879E-1,1.428253659752E-1,0.E0));
#1107=AXIS2_PLACEMENT_3D('',#1104,#1105,#1106);
#1109=CURVE_STYLE('',#25,POSITIVE_LENGTH_MEASURE(2.E-2),#17);
#1110=PRESENTATION_STYLE_ASSIGNMENT((#1109));
#1111=STYLED_ITEM('',(#1110),#1108);
#1112=DIRECTION('',(4.405898210816E-2,3.538247916432E-2,9.984021665961E-1));
#1113=VECTOR('',#1112,7.022474026481E-1);
#1114=CARTESIAN_POINT('',(1.889565152324E1,5.618433860551E0,7.988746717092E-1));
#1115=LINE('',#1114,#1113);
#1116=CURVE_STYLE('',#25,POSITIVE_LENGTH_MEASURE(2.E-2),#17);
#1117=PRESENTATION_STYLE_ASSIGNMENT((#1116));
#1118=STYLED_ITEM('',(#1117),#1115);
#1119=CARTESIAN_POINT('',(1.893121613700E1,5.383725718909E0,1.997259466473E-1));
#1120=CARTESIAN_POINT('',(1.892868185376E1,5.404273820747E0,2.604642898306E-1));
#1121=CARTESIAN_POINT('',(1.892296965644E1,5.448202036983E0,3.861189564267E-1));
#1122=CARTESIAN_POINT('',(1.891186133489E1,5.523938386914E0,5.847470012339E-1));
#1123=CARTESIAN_POINT('',(1.890175691930E1,5.584591769810E0,7.265031169772E-1));
#1124=CARTESIAN_POINT('',(1.889565152324E1,5.618433860551E0,7.988746717092E-1));
#1126=CURVE_STYLE('',#25,POSITIVE_LENGTH_MEASURE(2.E-2),#17);
#1127=PRESENTATION_STYLE_ASSIGNMENT((#1126));
#1128=STYLED_ITEM('',(#1127),#1125);
#1129=CARTESIAN_POINT('',(-9.854317776067E0,-1.668185552232E1,
1.997259069504E-1));
#1130=CARTESIAN_POINT('',(-9.985096702192E0,-1.668185494939E1,
1.997150045253E-1));
#1131=CARTESIAN_POINT('',(-1.024827812052E1,-1.665562721801E1,
1.996996585267E-1));
#1132=CARTESIAN_POINT('',(-1.062192886463E1,-1.654246552100E1,
1.996994886555E-1));
#1133=CARTESIAN_POINT('',(-1.085776810303E1,-1.641650595226E1,
1.997149161144E-1));
#1134=CARTESIAN_POINT('',(-1.096724252020E1,-1.634304219816E1,
1.997259066166E-1));
#1136=CURVE_STYLE('',#25,POSITIVE_LENGTH_MEASURE(2.E-2),#17);
#1137=PRESENTATION_STYLE_ASSIGNMENT((#1136));
#1138=STYLED_ITEM('',(#1137),#1135);
#1139=CARTESIAN_POINT('',(-9.854317776067E0,-1.668185552232E1,
1.997259069504E-1));
#1140=CARTESIAN_POINT('',(-9.856463233458E0,-1.668890286195E1,
3.341971577206E-1));
#1141=CARTESIAN_POINT('',(-9.860858205505E0,-1.670334401814E1,
6.097508327433E-1));
#1142=CARTESIAN_POINT('',(-9.867687566992E0,-1.672579930162E1,
1.038223166246E0));
#1143=CARTESIAN_POINT('',(-9.872547469129E0,-1.674179028781E1,
1.343349359472E0));
#1144=CARTESIAN_POINT('',(-9.875041548416E0,-1.675E1,1.5E0));
#1146=CURVE_STYLE('',#25,POSITIVE_LENGTH_MEASURE(2.E-2),#17);
#1147=PRESENTATION_STYLE_ASSIGNMENT((#1146));
#1148=STYLED_ITEM('',(#1147),#1145);
#1149=DIRECTION('',(1.E0,0.E0,0.E0));
#1150=VECTOR('',#1149,1.975008309683E1);
#1151=CARTESIAN_POINT('',(-9.875041548416E0,-1.675E1,1.5E0));
#1152=LINE('',#1151,#1150);
#1153=CURVE_STYLE('',#25,POSITIVE_LENGTH_MEASURE(2.E-2),#17);
#1154=PRESENTATION_STYLE_ASSIGNMENT((#1153));
#1155=STYLED_ITEM('',(#1154),#1152);
#1156=CARTESIAN_POINT('',(9.875041548416E0,-1.675E1,1.5E0));
#1157=CARTESIAN_POINT('',(9.872894243530E0,-1.674293175834E1,1.365129914816E0));
#1158=CARTESIAN_POINT('',(9.868497320035E0,-1.672846314654E1,1.089052355227E0));
#1159=CARTESIAN_POINT('',(9.861679451615E0,-1.670604326536E1,
6.612555380079E-1));
#1160=CARTESIAN_POINT('',(9.856815464088E0,-1.669005985947E1,
3.562739855332E-1));
#1161=CARTESIAN_POINT('',(9.854317776067E0,-1.668185552232E1,
1.997259069504E-1));
#1163=CURVE_STYLE('',#25,POSITIVE_LENGTH_MEASURE(2.E-2),#17);
#1164=PRESENTATION_STYLE_ASSIGNMENT((#1163));
#1165=STYLED_ITEM('',(#1164),#1162);
#1166=DIRECTION('',(-1.E0,0.E0,0.E0));
#1167=VECTOR('',#1166,1.970863555213E1);
#1168=CARTESIAN_POINT('',(9.854317776067E0,-1.668185552232E1,
1.997259069504E-1));
#1169=LINE('',#1168,#1167);
#1170=CURVE_STYLE('',#25,POSITIVE_LENGTH_MEASURE(2.E-2),#17);
#1171=PRESENTATION_STYLE_ASSIGNMENT((#1170));
#1172=STYLED_ITEM('',(#1171),#1169);
#1173=CARTESIAN_POINT('',(-1.098602583933E1,-1.641248720510E1,1.5E0));
#1174=CARTESIAN_POINT('',(-1.087759980640E1,-1.648506433400E1,1.5E0));
#1175=CARTESIAN_POINT('',(-1.065091801776E1,-1.660745883991E1,1.5E0));
#1176=CARTESIAN_POINT('',(-1.026209142611E1,-1.672559888617E1,1.5E0));
#1177=CARTESIAN_POINT('',(-1.000556680579E1,-1.675E1,1.5E0));
#1178=CARTESIAN_POINT('',(-9.875041548416E0,-1.675E1,1.5E0));
#1180=CURVE_STYLE('',#25,POSITIVE_LENGTH_MEASURE(2.E-2),#17);
#1181=PRESENTATION_STYLE_ASSIGNMENT((#1180));
#1182=STYLED_ITEM('',(#1181),#1179);
#1183=CARTESIAN_POINT('',(0.E0,0.E0,1.5E0));
#1184=DIRECTION('',(0.E0,0.E0,-1.E0));
#1185=DIRECTION('',(-5.562544728772E-1,-8.310120103850E-1,0.E0));
#1186=AXIS2_PLACEMENT_3D('',#1183,#1184,#1185);
#1188=CURVE_STYLE('',#25,POSITIVE_LENGTH_MEASURE(2.E-2),#17);
#1189=PRESENTATION_STYLE_ASSIGNMENT((#1188));
#1190=STYLED_ITEM('',(#1189),#1187);
#1191=DIRECTION('',(-1.E0,0.E0,0.E0));
#1192=VECTOR('',#1191,9.E0);
#1193=CARTESIAN_POINT('',(2.3E0,-1.5E1,1.5E0));
#1194=LINE('',#1193,#1192);
#1195=CURVE_STYLE('',#25,POSITIVE_LENGTH_MEASURE(2.E-2),#17);
#1196=PRESENTATION_STYLE_ASSIGNMENT((#1195));
#1197=STYLED_ITEM('',(#1196),#1194);
#1198=CARTESIAN_POINT('',(0.E0,0.E0,1.5E0));
#1199=DIRECTION('',(0.E0,0.E0,-1.E0));
#1200=DIRECTION('',(6.146948464862E-1,-7.887650129812E-1,0.E0));
#1201=AXIS2_PLACEMENT_3D('',#1198,#1199,#1200);
#1203=CURVE_STYLE('',#25,POSITIVE_LENGTH_MEASURE(2.E-2),#17);
#1204=PRESENTATION_STYLE_ASSIGNMENT((#1203));
#1205=STYLED_ITEM('',(#1204),#1202);
#1206=CARTESIAN_POINT('',(9.875041548416E0,-1.675E1,1.5E0));
#1207=CARTESIAN_POINT('',(1.000556680579E1,-1.675E1,1.5E0));
#1208=CARTESIAN_POINT('',(1.026209142611E1,-1.672559888617E1,1.5E0));
#1209=CARTESIAN_POINT('',(1.065091801776E1,-1.660745883991E1,1.5E0));
#1210=CARTESIAN_POINT('',(1.087759980640E1,-1.648506433400E1,1.5E0));
#1211=CARTESIAN_POINT('',(1.098602583933E1,-1.641248720510E1,1.5E0));
#1213=CURVE_STYLE('',#25,POSITIVE_LENGTH_MEASURE(2.E-2),#17);
#1214=PRESENTATION_STYLE_ASSIGNMENT((#1213));
#1215=STYLED_ITEM('',(#1214),#1212);
#1216=CARTESIAN_POINT('',(-1.090349752513E1,-1.597376019884E1,
2.000685232582E0));
#1217=CARTESIAN_POINT('',(-1.105013682306E1,-1.597372381811E1,
2.001379468036E0));
#1218=CARTESIAN_POINT('',(-1.134550884399E1,-1.594062186438E1,
2.002319348240E0));
#1219=CARTESIAN_POINT('',(-1.175991963235E1,-1.579868443564E1,
2.002343218526E0));
#1220=CARTESIAN_POINT('',(-1.201557655576E1,-1.564206068862E1,
2.001358357707E0));
#1221=CARTESIAN_POINT('',(-1.213198366726E1,-1.555129437527E1,
2.000659538616E0));
#1223=CURVE_STYLE('',#25,POSITIVE_LENGTH_MEASURE(2.E-2),#17);
#1224=PRESENTATION_STYLE_ASSIGNMENT((#1223));
#1225=STYLED_ITEM('',(#1224),#1222);
#1226=CARTESIAN_POINT('',(-1.091251836098E1,-1.6E1,1.5E0));
#1227=CARTESIAN_POINT('',(-1.106082700550E1,-1.6E1,1.5E0));
#1228=CARTESIAN_POINT('',(-1.134972346281E1,-1.596834511771E1,1.5E0));
#1229=CARTESIAN_POINT('',(-1.177622502963E1,-1.582172833712E1,1.5E0));
#1230=CARTESIAN_POINT('',(-1.202335979720E1,-1.566918219217E1,1.5E0));
#1231=CARTESIAN_POINT('',(-1.214022321810E1,-1.557810900638E1,1.5E0));
#1233=CURVE_STYLE('',#25,POSITIVE_LENGTH_MEASURE(2.E-2),#17);
#1234=PRESENTATION_STYLE_ASSIGNMENT((#1233));
#1235=STYLED_ITEM('',(#1234),#1232);
#1236=DIRECTION('',(-5.497350122296E-10,7.253743709854E-1,6.883545757221E-1));
#1237=VECTOR('',#1236,7.253743710422E-1);
#1238=CARTESIAN_POINT('',(-1.090349752513E1,-1.597376019884E1,
2.000685232582E0));
#1239=LINE('',#1238,#1237);
#1240=CURVE_STYLE('',#25,POSITIVE_LENGTH_MEASURE(2.E-2),#17);
#1241=PRESENTATION_STYLE_ASSIGNMENT((#1240));
#1242=STYLED_ITEM('',(#1241),#1239);
#1243=DIRECTION('',(4.461248435092E-1,5.719620649940E-1,6.883545744831E-1));
#1244=VECTOR('',#1243,7.253632066848E-1);
#1245=CARTESIAN_POINT('',(-1.213198366726E1,-1.555129437527E1,
2.000659538616E0));
#1246=LINE('',#1245,#1244);
#1247=CURVE_STYLE('',#25,POSITIVE_LENGTH_MEASURE(2.E-2),#17);
#1248=PRESENTATION_STYLE_ASSIGNMENT((#1247));
#1249=STYLED_ITEM('',(#1248),#1246);
#1250=CARTESIAN_POINT('',(8.792966355031E-14,2.340350135910E-13,2.5E0));
#1251=DIRECTION('',(0.E0,0.E0,-1.E0));
#1252=DIRECTION('',(6.150958643371E-1,7.884523306297E-1,0.E0));
#1253=AXIS2_PLACEMENT_3D('',#1250,#1251,#1252);
#1255=CURVE_STYLE('',#25,POSITIVE_LENGTH_MEASURE(2.E-2),#17);
#1256=PRESENTATION_STYLE_ASSIGNMENT((#1255));
#1257=STYLED_ITEM('',(#1256),#1254);
#1258=DIRECTION('',(-1.E0,-1.017574613320E-11,-1.267005596254E-10));
#1259=VECTOR('',#1258,2.638940279142E0);
#1260=CARTESIAN_POINT('',(1.777584731836E1,7.250000000027E0,2.500000000334E0));
#1261=LINE('',#1260,#1259);
#1262=CURVE_STYLE('',#25,POSITIVE_LENGTH_MEASURE(2.E-2),#17);
#1263=PRESENTATION_STYLE_ASSIGNMENT((#1262));
#1264=STYLED_ITEM('',(#1263),#1261);
#1265=DIRECTION('',(0.E0,-1.E0,0.E0));
#1266=VECTOR('',#1265,1.5E0);
#1267=CARTESIAN_POINT('',(1.513690703922E1,7.25E0,2.5E0));
#1268=LINE('',#1267,#1266);
#1269=CURVE_STYLE('',#25,POSITIVE_LENGTH_MEASURE(2.E-2),#17);
#1270=PRESENTATION_STYLE_ASSIGNMENT((#1269));
#1271=STYLED_ITEM('',(#1270),#1268);
#1272=DIRECTION('',(-1.E0,0.E0,0.E0));
#1273=VECTOR('',#1272,4.893148184984E-1);
#1274=CARTESIAN_POINT('',(1.513690703922E1,5.75E0,2.5E0));
#1275=LINE('',#1274,#1273);
#1276=CURVE_STYLE('',#25,POSITIVE_LENGTH_MEASURE(2.E-2),#17);
#1277=PRESENTATION_STYLE_ASSIGNMENT((#1276));
#1278=STYLED_ITEM('',(#1277),#1275);
#1279=DIRECTION('',(0.E0,1.E0,0.E0));
#1280=VECTOR('',#1279,2.5E0);
#1281=CARTESIAN_POINT('',(1.464759222072E1,5.75E0,2.5E0));
#1282=LINE('',#1281,#1280);
#1283=CURVE_STYLE('',#25,POSITIVE_LENGTH_MEASURE(2.E-2),#17);
#1284=PRESENTATION_STYLE_ASSIGNMENT((#1283));
#1285=STYLED_ITEM('',(#1284),#1282);
#1286=CARTESIAN_POINT('',(1.25E1,8.25E0,2.5E0));
#1287=DIRECTION('',(0.E0,0.E0,1.E0));
#1288=DIRECTION('',(1.E0,0.E0,0.E0));
#1289=AXIS2_PLACEMENT_3D('',#1286,#1287,#1288);
#1291=CURVE_STYLE('',#25,POSITIVE_LENGTH_MEASURE(2.E-2),#17);
#1292=PRESENTATION_STYLE_ASSIGNMENT((#1291));
#1293=STYLED_ITEM('',(#1292),#1290);
#1294=DIRECTION('',(-1.E0,0.E0,0.E0));
#1295=VECTOR('',#1294,1.295404869751E0);
#1296=CARTESIAN_POINT('',(1.314770243488E1,1.029759222072E1,2.5E0));
#1297=LINE('',#1296,#1295);
#1298=CURVE_STYLE('',#25,POSITIVE_LENGTH_MEASURE(2.E-2),#17);
#1299=PRESENTATION_STYLE_ASSIGNMENT((#1298));
#1300=STYLED_ITEM('',(#1299),#1297);
#1301=CARTESIAN_POINT('',(1.25E1,8.25E0,2.5E0));
#1302=DIRECTION('',(0.E0,0.E0,1.E0));
#1303=DIRECTION('',(-3.015947015579E-1,9.534362254457E-1,0.E0));
#1304=AXIS2_PLACEMENT_3D('',#1301,#1302,#1303);
#1306=CURVE_STYLE('',#25,POSITIVE_LENGTH_MEASURE(2.E-2),#17);
#1307=PRESENTATION_STYLE_ASSIGNMENT((#1306));
#1308=STYLED_ITEM('',(#1307),#1305);
#1309=DIRECTION('',(0.E0,-1.E0,0.E0));
#1310=VECTOR('',#1309,5.203641198004E0);
#1311=CARTESIAN_POINT('',(1.035240777928E1,1.345364119800E1,2.5E0));
#1312=LINE('',#1311,#1310);
#1313=CURVE_STYLE('',#25,POSITIVE_LENGTH_MEASURE(2.E-2),#17);
#1314=PRESENTATION_STYLE_ASSIGNMENT((#1313));
#1315=STYLED_ITEM('',(#1314),#1312);
#1316=DIRECTION('',(1.E0,0.E0,0.E0));
#1317=VECTOR('',#1316,2.701233418721E0);
#1318=CARTESIAN_POINT('',(6.752407779283E0,1.435240777928E1,2.5E0));
#1319=LINE('',#1318,#1317);
#1320=CURVE_STYLE('',#25,POSITIVE_LENGTH_MEASURE(2.E-2),#17);
#1321=PRESENTATION_STYLE_ASSIGNMENT((#1320));
#1322=STYLED_ITEM('',(#1321),#1319);
#1323=DIRECTION('',(0.E0,-1.E0,0.E0));
#1324=VECTOR('',#1323,1.095184441434E0);
#1325=CARTESIAN_POINT('',(6.752407779283E0,1.544759222072E1,2.5E0));
#1326=LINE('',#1325,#1324);
#1327=CURVE_STYLE('',#25,POSITIVE_LENGTH_MEASURE(2.E-2),#17);
#1328=PRESENTATION_STYLE_ASSIGNMENT((#1327));
#1329=STYLED_ITEM('',(#1328),#1326);
#1330=DIRECTION('',(1.E0,0.E0,0.E0));
#1331=VECTOR('',#1330,4.151089746250E0);
#1332=CARTESIAN_POINT('',(6.752407779283E0,1.544759222072E1,2.5E0));
#1333=LINE('',#1332,#1331);
#1334=CURVE_STYLE('',#25,POSITIVE_LENGTH_MEASURE(2.E-2),#17);
#1335=PRESENTATION_STYLE_ASSIGNMENT((#1334));
#1336=STYLED_ITEM('',(#1335),#1333);
#1337=CARTESIAN_POINT('',(1.090349752553E1,1.544759222072E1,2.5E0));
#1338=CARTESIAN_POINT('',(1.101151027494E1,1.544759222258E1,2.5E0));
#1339=CARTESIAN_POINT('',(1.122909730736E1,1.542325218448E1,2.499987716654E0));
#1340=CARTESIAN_POINT('',(1.153428447386E1,1.531868548309E1,2.500042991709E0));
#1341=CARTESIAN_POINT('',(1.172269188468E1,1.520334145629E1,2.499907874904E0));
#1342=CARTESIAN_POINT('',(1.180841935597E1,1.513646282276E1,2.499907874904E0));
#1344=CURVE_STYLE('',#25,POSITIVE_LENGTH_MEASURE(2.E-2),#17);
#1345=PRESENTATION_STYLE_ASSIGNMENT((#1344));
#1346=STYLED_ITEM('',(#1345),#1343);
#1347=CARTESIAN_POINT('',(1.25E1,1.25E1,2.5E0));
#1348=DIRECTION('',(0.E0,0.E0,1.E0));
#1349=DIRECTION('',(1.E0,0.E0,0.E0));
#1350=AXIS2_PLACEMENT_3D('',#1347,#1348,#1349);
#1352=CURVE_STYLE('',#25,POSITIVE_LENGTH_MEASURE(2.E-2),#17);
#1353=PRESENTATION_STYLE_ASSIGNMENT((#1352));
#1354=STYLED_ITEM('',(#1353),#1351);
#1355=CARTESIAN_POINT('',(1.25E1,1.25E1,2.5E0));
#1356=DIRECTION('',(0.E0,0.E0,1.E0));
#1357=DIRECTION('',(-1.E0,0.E0,0.E0));
#1358=AXIS2_PLACEMENT_3D('',#1355,#1356,#1357);
#1360=CURVE_STYLE('',#25,POSITIVE_LENGTH_MEASURE(2.E-2),#17);
#1361=PRESENTATION_STYLE_ASSIGNMENT((#1360));
#1362=STYLED_ITEM('',(#1361),#1359);
#1363=CARTESIAN_POINT('',(-1.25E1,1.25E1,2.5E0));
#1364=DIRECTION('',(0.E0,0.E0,1.E0));
#1365=DIRECTION('',(1.E0,0.E0,0.E0));
#1366=AXIS2_PLACEMENT_3D('',#1363,#1364,#1365);
#1368=CURVE_STYLE('',#25,POSITIVE_LENGTH_MEASURE(2.E-2),#17);
#1369=PRESENTATION_STYLE_ASSIGNMENT((#1368));
#1370=STYLED_ITEM('',(#1369),#1367);
#1371=CARTESIAN_POINT('',(-1.25E1,1.25E1,2.5E0));
#1372=DIRECTION('',(0.E0,0.E0,1.E0));
#1373=DIRECTION('',(-1.E0,0.E0,0.E0));
#1374=AXIS2_PLACEMENT_3D('',#1371,#1372,#1373);
#1376=CURVE_STYLE('',#25,POSITIVE_LENGTH_MEASURE(2.E-2),#17);
#1377=PRESENTATION_STYLE_ASSIGNMENT((#1376));
#1378=STYLED_ITEM('',(#1377),#1375);
#1379=CARTESIAN_POINT('',(-1.25E1,-1.25E1,2.5E0));
#1380=DIRECTION('',(0.E0,0.E0,1.E0));
#1381=DIRECTION('',(1.E0,0.E0,0.E0));
#1382=AXIS2_PLACEMENT_3D('',#1379,#1380,#1381);
#1384=CURVE_STYLE('',#25,POSITIVE_LENGTH_MEASURE(2.E-2),#17);
#1385=PRESENTATION_STYLE_ASSIGNMENT((#1384));
#1386=STYLED_ITEM('',(#1385),#1383);
#1387=CARTESIAN_POINT('',(-1.25E1,-1.25E1,2.5E0));
#1388=DIRECTION('',(0.E0,0.E0,1.E0));
#1389=DIRECTION('',(-1.E0,0.E0,0.E0));
#1390=AXIS2_PLACEMENT_3D('',#1387,#1388,#1389);
#1392=CURVE_STYLE('',#25,POSITIVE_LENGTH_MEASURE(2.E-2),#17);
#1393=PRESENTATION_STYLE_ASSIGNMENT((#1392));
#1394=STYLED_ITEM('',(#1393),#1391);
#1395=CARTESIAN_POINT('',(1.980637875931E-13,-3.774758283726E-14,2.5E0));
#1396=DIRECTION('',(0.E0,0.E0,1.E0));
#1397=DIRECTION('',(6.150958643371E-1,-7.884523306297E-1,0.E0));
#1398=AXIS2_PLACEMENT_3D('',#1395,#1396,#1397);
#1400=CURVE_STYLE('',#25,POSITIVE_LENGTH_MEASURE(2.E-2),#17);
#1401=PRESENTATION_STYLE_ASSIGNMENT((#1400));
#1402=STYLED_ITEM('',(#1401),#1399);
#1403=CARTESIAN_POINT('',(1.090349753434E1,-1.544759222072E1,2.5E0));
#1404=CARTESIAN_POINT('',(1.101144204844E1,-1.544759222060E1,2.5E0));
#1405=CARTESIAN_POINT('',(1.122883449395E1,-1.542329174241E1,2.499995408270E0));
#1406=CARTESIAN_POINT('',(1.153410108067E1,-1.531881742327E1,2.500016071055E0));
#1407=CARTESIAN_POINT('',(1.172260448752E1,-1.520333253892E1,2.499965562021E0));
#1408=CARTESIAN_POINT('',(1.180838180700E1,-1.513641501604E1,2.499965562021E0));
#1410=CURVE_STYLE('',#25,POSITIVE_LENGTH_MEASURE(2.E-2),#17);
#1411=PRESENTATION_STYLE_ASSIGNMENT((#1410));
#1412=STYLED_ITEM('',(#1411),#1409);
#1413=DIRECTION('',(1.E0,0.E0,0.E0));
#1414=VECTOR('',#1413,8.551089755054E0);
#1415=CARTESIAN_POINT('',(2.352407779283E0,-1.544759222072E1,2.5E0));
#1416=LINE('',#1415,#1414);
#1417=CURVE_STYLE('',#25,POSITIVE_LENGTH_MEASURE(2.E-2),#17);
#1418=PRESENTATION_STYLE_ASSIGNMENT((#1417));
#1419=STYLED_ITEM('',(#1418),#1416);
#1420=DIRECTION('',(0.E0,1.E0,0.E0));
#1421=VECTOR('',#1420,1.095184441434E0);
#1422=CARTESIAN_POINT('',(2.352407779283E0,-1.544759222072E1,2.5E0));
#1423=LINE('',#1422,#1421);
#1424=CURVE_STYLE('',#25,POSITIVE_LENGTH_MEASURE(2.E-2),#17);
#1425=PRESENTATION_STYLE_ASSIGNMENT((#1424));
#1426=STYLED_ITEM('',(#1425),#1423);
#1427=DIRECTION('',(-1.E0,0.E0,0.E0));
#1428=VECTOR('',#1427,7.101233418721E0);
#1429=CARTESIAN_POINT('',(9.453641198004E0,-1.435240777928E1,2.5E0));
#1430=LINE('',#1429,#1428);
#1431=CURVE_STYLE('',#25,POSITIVE_LENGTH_MEASURE(2.E-2),#17);
#1432=PRESENTATION_STYLE_ASSIGNMENT((#1431));
#1433=STYLED_ITEM('',(#1432),#1430);
#1434=DIRECTION('',(0.E0,-1.E0,0.E0));
#1435=VECTOR('',#1434,2.366532017139E0);
#1436=CARTESIAN_POINT('',(1.035240777928E1,-1.108710918086E1,2.5E0));
#1437=LINE('',#1436,#1435);
#1438=CURVE_STYLE('',#25,POSITIVE_LENGTH_MEASURE(2.E-2),#17);
#1439=PRESENTATION_STYLE_ASSIGNMENT((#1438));
#1440=STYLED_ITEM('',(#1439),#1437);
#1441=CARTESIAN_POINT('',(1.085081013282E1,-1.058748866353E1,2.5E0));
#1442=CARTESIAN_POINT('',(1.068447298767E1,-1.058748866353E1,2.5E0));
#1443=CARTESIAN_POINT('',(1.047780500520E1,-1.071349497134E1,2.5E0));
#1444=CARTESIAN_POINT('',(1.035240777928E1,-1.092077203572E1,2.5E0));
#1445=CARTESIAN_POINT('',(1.035240777928E1,-1.108710918086E1,2.5E0));
#1447=CURVE_STYLE('',#25,POSITIVE_LENGTH_MEASURE(2.E-2),#17);
#1448=PRESENTATION_STYLE_ASSIGNMENT((#1447));
#1449=STYLED_ITEM('',(#1448),#1446);
#1450=DIRECTION('',(-1.E0,0.E0,0.E0));
#1451=VECTOR('',#1450,4.486678530709E0);
#1452=CARTESIAN_POINT('',(1.533748866353E1,-1.058748866353E1,2.5E0));
#1453=LINE('',#1452,#1451);
#1454=CURVE_STYLE('',#25,POSITIVE_LENGTH_MEASURE(2.E-2),#17);
#1455=PRESENTATION_STYLE_ASSIGNMENT((#1454));
#1456=STYLED_ITEM('',(#1455),#1453);
#1457=DIRECTION('',(0.E0,1.E0,0.E0));
#1458=VECTOR('',#1457,3.337488663526E0);
#1459=CARTESIAN_POINT('',(1.533748866353E1,-1.058748866353E1,2.5E0));
#1460=LINE('',#1459,#1458);
#1461=CURVE_STYLE('',#25,POSITIVE_LENGTH_MEASURE(2.E-2),#17);
#1462=PRESENTATION_STYLE_ASSIGNMENT((#1461));
#1463=STYLED_ITEM('',(#1462),#1460);
#1464=DIRECTION('',(-9.999999999987E-1,1.304279578566E-7,-1.623894996309E-6));
#1465=VECTOR('',#1464,2.438466147317E0);
#1466=CARTESIAN_POINT('',(1.777595481084E1,-7.250000318044E0,2.500003959813E0));
#1467=LINE('',#1466,#1465);
#1468=CURVE_STYLE('',#25,POSITIVE_LENGTH_MEASURE(2.E-2),#17);
#1469=PRESENTATION_STYLE_ASSIGNMENT((#1468));
#1470=STYLED_ITEM('',(#1469),#1467);
#1471=CARTESIAN_POINT('',(1.25E1,-1.25E1,2.5E0));
#1472=DIRECTION('',(0.E0,0.E0,1.E0));
#1473=DIRECTION('',(1.E0,0.E0,0.E0));
#1474=AXIS2_PLACEMENT_3D('',#1471,#1472,#1473);
#1476=CURVE_STYLE('',#25,POSITIVE_LENGTH_MEASURE(2.E-2),#17);
#1477=PRESENTATION_STYLE_ASSIGNMENT((#1476));
#1478=STYLED_ITEM('',(#1477),#1475);
#1479=CARTESIAN_POINT('',(1.25E1,-1.25E1,2.5E0));
#1480=DIRECTION('',(0.E0,0.E0,1.E0));
#1481=DIRECTION('',(-1.E0,0.E0,0.E0));
#1482=AXIS2_PLACEMENT_3D('',#1479,#1480,#1481);
#1484=CURVE_STYLE('',#25,POSITIVE_LENGTH_MEASURE(2.E-2),#17);
#1485=PRESENTATION_STYLE_ASSIGNMENT((#1484));
#1486=STYLED_ITEM('',(#1485),#1483);
#1487=CARTESIAN_POINT('',(-1.466006898443E1,-7.550458895396E0,2.5E0));
#1488=CARTESIAN_POINT('',(-1.466006898443E1,-7.450479385878E0,2.5E0));
#1489=CARTESIAN_POINT('',(-1.473544670955E1,-7.325898091958E0,2.5E0));
#1490=CARTESIAN_POINT('',(-1.485950763663E1,-7.25E0,2.5E0));
#1491=CARTESIAN_POINT('',(-1.495948714615E1,-7.25E0,2.5E0));
#1493=CURVE_STYLE('',#25,POSITIVE_LENGTH_MEASURE(2.E-2),#17);
#1494=PRESENTATION_STYLE_ASSIGNMENT((#1493));
#1495=STYLED_ITEM('',(#1494),#1492);
#1496=DIRECTION('',(-1.E0,0.E0,0.E0));
#1497=VECTOR('',#1496,3.325342675024E0);
#1498=CARTESIAN_POINT('',(-1.083489764692E1,-9.535068984431E0,2.5E0));
#1499=LINE('',#1498,#1497);
#1500=CURVE_STYLE('',#25,POSITIVE_LENGTH_MEASURE(2.E-2),#17);
#1501=PRESENTATION_STYLE_ASSIGNMENT((#1500));
#1502=STYLED_ITEM('',(#1501),#1499);
#1503=CARTESIAN_POINT('',(-1.033506898443E1,-1.003489764692E1,2.5E0));
#1504=CARTESIAN_POINT('',(-1.033506898443E1,-9.868288092756E0,2.5E0));
#1505=CARTESIAN_POINT('',(-1.046121074282E1,-9.661210742816E0,2.5E0));
#1506=CARTESIAN_POINT('',(-1.066828809276E1,-9.535068984431E0,2.5E0));
#1507=CARTESIAN_POINT('',(-1.083489764692E1,-9.535068984431E0,2.5E0));
#1509=CURVE_STYLE('',#25,POSITIVE_LENGTH_MEASURE(2.E-2),#17);
#1510=PRESENTATION_STYLE_ASSIGNMENT((#1509));
#1511=STYLED_ITEM('',(#1510),#1508);
#1512=DIRECTION('',(0.E0,1.E0,0.E0));
#1513=VECTOR('',#1512,4.334795988227E0);
#1514=CARTESIAN_POINT('',(-1.033506898443E1,-1.436969363515E1,2.5E0));
#1515=LINE('',#1514,#1513);
#1516=CURVE_STYLE('',#25,POSITIVE_LENGTH_MEASURE(2.E-2),#17);
#1517=PRESENTATION_STYLE_ASSIGNMENT((#1516));
#1518=STYLED_ITEM('',(#1517),#1515);
#1519=DIRECTION('',(-9.999014169616E-1,1.404123777165E-2,0.E0));
#1520=VECTOR('',#1519,6.351315976339E-1);
#1521=CARTESIAN_POINT('',(-9.7E0,-1.437861166892E1,2.5E0));
#1522=LINE('',#1521,#1520);
#1523=CURVE_STYLE('',#25,POSITIVE_LENGTH_MEASURE(2.E-2),#17);
#1524=PRESENTATION_STYLE_ASSIGNMENT((#1523));
#1525=STYLED_ITEM('',(#1524),#1522);
#1526=DIRECTION('',(-1.E0,0.E0,0.E0));
#1527=VECTOR('',#1526,2.E0);
#1528=CARTESIAN_POINT('',(-7.7E0,-1.437861166892E1,2.5E0));
#1529=LINE('',#1528,#1527);
#1530=CURVE_STYLE('',#25,POSITIVE_LENGTH_MEASURE(2.E-2),#17);
#1531=PRESENTATION_STYLE_ASSIGNMENT((#1530));
#1532=STYLED_ITEM('',(#1531),#1529);
#1533=DIRECTION('',(-9.999014169616E-1,-1.404123777164E-2,0.E0));
#1534=VECTOR('',#1533,9.476856464474E-1);
#1535=CARTESIAN_POINT('',(-6.752407779283E0,-1.436530498943E1,2.5E0));
#1536=LINE('',#1535,#1534);
#1537=CURVE_STYLE('',#25,POSITIVE_LENGTH_MEASURE(2.E-2),#17);
#1538=PRESENTATION_STYLE_ASSIGNMENT((#1537));
#1539=STYLED_ITEM('',(#1538),#1536);
#1540=DIRECTION('',(0.E0,1.E0,0.E0));
#1541=VECTOR('',#1540,1.082287231287E0);
#1542=CARTESIAN_POINT('',(-6.752407779283E0,-1.544759222072E1,2.5E0));
#1543=LINE('',#1542,#1541);
#1544=CURVE_STYLE('',#25,POSITIVE_LENGTH_MEASURE(2.E-2),#17);
#1545=PRESENTATION_STYLE_ASSIGNMENT((#1544));
#1546=STYLED_ITEM('',(#1545),#1543);
#1547=DIRECTION('',(-1.E0,0.E0,0.E0));
#1548=VECTOR('',#1547,4.151089746250E0);
#1549=CARTESIAN_POINT('',(-6.752407779283E0,-1.544759222072E1,2.5E0));
#1550=LINE('',#1549,#1548);
#1551=CURVE_STYLE('',#25,POSITIVE_LENGTH_MEASURE(2.E-2),#17);
#1552=PRESENTATION_STYLE_ASSIGNMENT((#1551));
#1553=STYLED_ITEM('',(#1552),#1550);
#1554=CARTESIAN_POINT('',(-1.090349752553E1,-1.544759222072E1,2.5E0));
#1555=CARTESIAN_POINT('',(-1.101151027494E1,-1.544759222258E1,2.5E0));
#1556=CARTESIAN_POINT('',(-1.122909220926E1,-1.542324569314E1,
2.499995549347E0));
#1557=CARTESIAN_POINT('',(-1.153430231722E1,-1.531870820278E1,
2.500015577286E0));
#1558=CARTESIAN_POINT('',(-1.172265364890E1,-1.520329277123E1,
2.499966620099E0));
#1559=CARTESIAN_POINT('',(-1.180838112019E1,-1.513641413770E1,
2.499966620099E0));
#1561=CURVE_STYLE('',#25,POSITIVE_LENGTH_MEASURE(2.E-2),#17);
#1562=PRESENTATION_STYLE_ASSIGNMENT((#1561));
#1563=STYLED_ITEM('',(#1562),#1560);
#1564=CARTESIAN_POINT('',(-2.744471316873E-13,-3.161915174132E-13,2.5E0));
#1565=DIRECTION('',(0.E0,0.E0,-1.E0));
#1566=DIRECTION('',(-6.150958643371E-1,-7.884523306297E-1,0.E0));
#1567=AXIS2_PLACEMENT_3D('',#1564,#1565,#1566);
#1569=CURVE_STYLE('',#25,POSITIVE_LENGTH_MEASURE(2.E-2),#17);
#1570=PRESENTATION_STYLE_ASSIGNMENT((#1569));
#1571=STYLED_ITEM('',(#1570),#1568);
#1572=DIRECTION('',(1.E0,4.286255741392E-12,-5.337416443480E-11));
#1573=VECTOR('',#1572,2.816472419969E0);
#1574=CARTESIAN_POINT('',(-1.777595956611E1,-7.250000000012E0,
2.500000000150E0));
#1575=LINE('',#1574,#1573);
#1576=CURVE_STYLE('',#25,POSITIVE_LENGTH_MEASURE(2.E-2),#17);
#1577=PRESENTATION_STYLE_ASSIGNMENT((#1576));
#1578=STYLED_ITEM('',(#1577),#1575);
#1579=CARTESIAN_POINT('',(-1.495948714615E1,7.25E0,2.5E0));
#1580=CARTESIAN_POINT('',(-1.485950763663E1,7.25E0,2.5E0));
#1581=CARTESIAN_POINT('',(-1.473544670955E1,7.325898091958E0,2.5E0));
#1582=CARTESIAN_POINT('',(-1.466006898443E1,7.450479385878E0,2.5E0));
#1583=CARTESIAN_POINT('',(-1.466006898443E1,7.550458895396E0,2.5E0));
#1585=CURVE_STYLE('',#25,POSITIVE_LENGTH_MEASURE(2.E-2),#17);
#1586=PRESENTATION_STYLE_ASSIGNMENT((#1585));
#1587=STYLED_ITEM('',(#1586),#1584);
#1588=DIRECTION('',(9.999999999948E-1,-2.589970804066E-7,-3.224664369457E-6));
#1589=VECTOR('',#1588,2.816341108988E0);
#1590=CARTESIAN_POINT('',(-1.777582825512E1,7.250000729424E0,2.500009081755E0));
#1591=LINE('',#1590,#1589);
#1592=CURVE_STYLE('',#25,POSITIVE_LENGTH_MEASURE(2.E-2),#17);
#1593=PRESENTATION_STYLE_ASSIGNMENT((#1592));
#1594=STYLED_ITEM('',(#1593),#1591);
#1595=CARTESIAN_POINT('',(4.467537451092E-13,-3.965716643961E-13,2.5E0));
#1596=DIRECTION('',(0.E0,0.E0,1.E0));
#1597=DIRECTION('',(-6.150958643371E-1,7.884523306297E-1,0.E0));
#1598=AXIS2_PLACEMENT_3D('',#1595,#1596,#1597);
#1600=CURVE_STYLE('',#25,POSITIVE_LENGTH_MEASURE(2.E-2),#17);
#1601=PRESENTATION_STYLE_ASSIGNMENT((#1600));
#1602=STYLED_ITEM('',(#1601),#1599);
#1603=CARTESIAN_POINT('',(-1.090349753434E1,1.544759222072E1,2.5E0));
#1604=CARTESIAN_POINT('',(-1.101144204844E1,1.544759222060E1,2.5E0));
#1605=CARTESIAN_POINT('',(-1.122883966114E1,1.542329832181E1,2.499987469364E0));
#1606=CARTESIAN_POINT('',(-1.153408299549E1,1.531879439538E1,2.500043857229E0));
#1607=CARTESIAN_POINT('',(-1.172264324149E1,1.520338188441E1,2.499906020213E0));
#1608=CARTESIAN_POINT('',(-1.180842056096E1,1.513646436154E1,2.499906020213E0));
#1610=CURVE_STYLE('',#25,POSITIVE_LENGTH_MEASURE(2.E-2),#17);
#1611=PRESENTATION_STYLE_ASSIGNMENT((#1610));
#1612=STYLED_ITEM('',(#1611),#1609);
#1613=DIRECTION('',(-1.E0,0.E0,0.E0));
#1614=VECTOR('',#1613,8.551089755054E0);
#1615=CARTESIAN_POINT('',(-2.352407779283E0,1.544759222072E1,2.5E0));
#1616=LINE('',#1615,#1614);
#1617=CURVE_STYLE('',#25,POSITIVE_LENGTH_MEASURE(2.E-2),#17);
#1618=PRESENTATION_STYLE_ASSIGNMENT((#1617));
#1619=STYLED_ITEM('',(#1618),#1616);
#1620=DIRECTION('',(0.E0,-1.E0,0.E0));
#1621=VECTOR('',#1620,1.095184441434E0);
#1622=CARTESIAN_POINT('',(-2.352407779283E0,1.544759222072E1,2.5E0));
#1623=LINE('',#1622,#1621);
#1624=CURVE_STYLE('',#25,POSITIVE_LENGTH_MEASURE(2.E-2),#17);
#1625=PRESENTATION_STYLE_ASSIGNMENT((#1624));
#1626=STYLED_ITEM('',(#1625),#1623);
#1627=DIRECTION('',(1.E0,0.E0,0.E0));
#1628=VECTOR('',#1627,3.481566816933E0);
#1629=CARTESIAN_POINT('',(-5.833974596216E0,1.435240777928E1,2.5E0));
#1630=LINE('',#1629,#1628);
#1631=CURVE_STYLE('',#25,POSITIVE_LENGTH_MEASURE(2.E-2),#17);
#1632=PRESENTATION_STYLE_ASSIGNMENT((#1631));
#1633=STYLED_ITEM('',(#1632),#1630);
#1634=DIRECTION('',(9.999014169616E-1,-1.404123777164E-2,0.E0));
#1635=VECTOR('',#1634,1.866209380375E0);
#1636=CARTESIAN_POINT('',(-7.7E0,1.437861166892E1,2.5E0));
#1637=LINE('',#1636,#1635);
#1638=CURVE_STYLE('',#25,POSITIVE_LENGTH_MEASURE(2.E-2),#17);
#1639=PRESENTATION_STYLE_ASSIGNMENT((#1638));
#1640=STYLED_ITEM('',(#1639),#1637);
#1641=DIRECTION('',(1.E0,0.E0,0.E0));
#1642=VECTOR('',#1641,2.E0);
#1643=CARTESIAN_POINT('',(-9.7E0,1.437861166892E1,2.5E0));
#1644=LINE('',#1643,#1642);
#1645=CURVE_STYLE('',#25,POSITIVE_LENGTH_MEASURE(2.E-2),#17);
#1646=PRESENTATION_STYLE_ASSIGNMENT((#1645));
#1647=STYLED_ITEM('',(#1646),#1644);
#1648=DIRECTION('',(9.999014169616E-1,1.404123777165E-2,0.E0));
#1649=VECTOR('',#1648,6.351315976339E-1);
#1650=CARTESIAN_POINT('',(-1.033506898443E1,1.436969363515E1,2.5E0));
#1651=LINE('',#1650,#1649);
#1652=CURVE_STYLE('',#25,POSITIVE_LENGTH_MEASURE(2.E-2),#17);
#1653=PRESENTATION_STYLE_ASSIGNMENT((#1652));
#1654=STYLED_ITEM('',(#1653),#1651);
#1655=DIRECTION('',(0.E0,1.E0,0.E0));
#1656=VECTOR('',#1655,4.334795988227E0);
#1657=CARTESIAN_POINT('',(-1.033506898443E1,1.003489764692E1,2.5E0));
#1658=LINE('',#1657,#1656);
#1659=CURVE_STYLE('',#25,POSITIVE_LENGTH_MEASURE(2.E-2),#17);
#1660=PRESENTATION_STYLE_ASSIGNMENT((#1659));
#1661=STYLED_ITEM('',(#1660),#1658);
#1662=CARTESIAN_POINT('',(-1.083489764692E1,9.535068984431E0,2.5E0));
#1663=CARTESIAN_POINT('',(-1.066828809276E1,9.535068984431E0,2.5E0));
#1664=CARTESIAN_POINT('',(-1.046121074282E1,9.661210742816E0,2.5E0));
#1665=CARTESIAN_POINT('',(-1.033506898443E1,9.868288092756E0,2.5E0));
#1666=CARTESIAN_POINT('',(-1.033506898443E1,1.003489764692E1,2.5E0));
#1668=CURVE_STYLE('',#25,POSITIVE_LENGTH_MEASURE(2.E-2),#17);
#1669=PRESENTATION_STYLE_ASSIGNMENT((#1668));
#1670=STYLED_ITEM('',(#1669),#1667);
#1671=DIRECTION('',(1.E0,0.E0,0.E0));
#1672=VECTOR('',#1671,3.325342675024E0);
#1673=CARTESIAN_POINT('',(-1.416024032194E1,9.535068984431E0,2.5E0));
#1674=LINE('',#1673,#1672);
#1675=CURVE_STYLE('',#25,POSITIVE_LENGTH_MEASURE(2.E-2),#17);
#1676=PRESENTATION_STYLE_ASSIGNMENT((#1675));
#1677=STYLED_ITEM('',(#1676),#1674);
#1678=DIRECTION('',(-4.460233374391E-1,-5.720412364215E-1,6.883545643730E-1));
#1679=VECTOR('',#1678,7.253437054038E-1);
#1680=CARTESIAN_POINT('',(1.213193957624E1,1.555138933283E1,2.000614224550E0));
#1681=LINE('',#1680,#1679);
#1682=CURVE_STYLE('',#25,POSITIVE_LENGTH_MEASURE(2.E-2),#17);
#1683=PRESENTATION_STYLE_ASSIGNMENT((#1682));
#1684=STYLED_ITEM('',(#1683),#1681);
#1685=DIRECTION('',(5.497423588781E-10,-7.253743709854E-1,6.883545757221E-1));
#1686=VECTOR('',#1685,7.253743710422E-1);
#1687=CARTESIAN_POINT('',(1.090349752513E1,1.597376019884E1,2.000685232582E0));
#1688=LINE('',#1687,#1686);
#1689=CURVE_STYLE('',#25,POSITIVE_LENGTH_MEASURE(2.E-2),#17);
#1690=PRESENTATION_STYLE_ASSIGNMENT((#1689));
#1691=STYLED_ITEM('',(#1690),#1688);
#1692=CARTESIAN_POINT('',(1.090349752513E1,1.597376019884E1,2.000685232582E0));
#1693=CARTESIAN_POINT('',(1.105013682306E1,1.597372381811E1,2.001379468036E0));
#1694=CARTESIAN_POINT('',(1.134550296519E1,1.594063452539E1,2.002313306364E0));
#1695=CARTESIAN_POINT('',(1.175994020815E1,1.579864012211E1,2.002364365089E0));
#1696=CARTESIAN_POINT('',(1.201553246475E1,1.564215564618E1,2.001313043641E0));
#1697=CARTESIAN_POINT('',(1.213193957624E1,1.555138933283E1,2.000614224550E0));
#1699=CURVE_STYLE('',#25,POSITIVE_LENGTH_MEASURE(2.E-2),#17);
#1700=PRESENTATION_STYLE_ASSIGNMENT((#1699));
#1701=STYLED_ITEM('',(#1700),#1698);
#1702=CARTESIAN_POINT('',(1.091251836098E1,1.6E1,1.5E0));
#1703=CARTESIAN_POINT('',(1.106082700550E1,1.6E1,1.5E0));
#1704=CARTESIAN_POINT('',(1.134972346281E1,1.596834511771E1,1.5E0));
#1705=CARTESIAN_POINT('',(1.177622502963E1,1.582172833712E1,1.5E0));
#1706=CARTESIAN_POINT('',(1.202335979720E1,1.566918219217E1,1.5E0));
#1707=CARTESIAN_POINT('',(1.214022321810E1,1.557810900638E1,1.5E0));
#1709=CURVE_STYLE('',#25,POSITIVE_LENGTH_MEASURE(2.E-2),#17);
#1710=PRESENTATION_STYLE_ASSIGNMENT((#1709));
#1711=STYLED_ITEM('',(#1710),#1708);
#1712=DIRECTION('',(1.E0,5.162471040885E-13,-9.842183000290E-12));
#1713=VECTOR('',#1712,4.177257723972E0);
#1714=CARTESIAN_POINT('',(6.726239801162E0,1.597376019884E1,2.000685232623E0));
#1715=LINE('',#1714,#1713);
#1716=CURVE_STYLE('',#25,POSITIVE_LENGTH_MEASURE(2.E-2),#17);
#1717=PRESENTATION_STYLE_ASSIGNMENT((#1716));
#1718=STYLED_ITEM('',(#1717),#1715);
#1719=DIRECTION('',(-5.226442768871E-2,5.226442768871E-2,-9.972646886342E-1));
#1720=VECTOR('',#1719,5.020585189960E-1);
#1721=CARTESIAN_POINT('',(6.726239801162E0,1.597376019884E1,2.000685232623E0));
#1722=LINE('',#1721,#1720);
#1723=CURVE_STYLE('',#25,POSITIVE_LENGTH_MEASURE(2.E-2),#17);
#1724=PRESENTATION_STYLE_ASSIGNMENT((#1723));
#1725=STYLED_ITEM('',(#1724),#1722);
#1726=CARTESIAN_POINT('',(1.091251836098E1,1.6E1,1.5E0));
#1727=CARTESIAN_POINT('',(1.091107232477E1,1.599579202754E1,1.580292897644E0));
#1728=CARTESIAN_POINT('',(1.090812286849E1,1.598721075485E1,1.744033334919E0));
#1729=CARTESIAN_POINT('',(1.090505847881E1,1.597829882673E1,1.914083053538E0));
#1730=CARTESIAN_POINT('',(1.090349752513E1,1.597376019884E1,2.000685232582E0));
#1732=CURVE_STYLE('',#25,POSITIVE_LENGTH_MEASURE(2.E-2),#17);
#1733=PRESENTATION_STYLE_ASSIGNMENT((#1732));
#1734=STYLED_ITEM('',(#1733),#1731);
#1735=DIRECTION('',(-1.E0,-1.511835755787E-14,2.887502743159E-13));
#1736=VECTOR('',#1735,8.577257733180E0);
#1737=CARTESIAN_POINT('',(-2.326239801162E0,1.597376019884E1,2.000685232623E0));
#1738=LINE('',#1737,#1736);
#1739=CURVE_STYLE('',#25,POSITIVE_LENGTH_MEASURE(2.E-2),#17);
#1740=PRESENTATION_STYLE_ASSIGNMENT((#1739));
#1741=STYLED_ITEM('',(#1740),#1738);
#1742=CARTESIAN_POINT('',(-1.090349753434E1,1.597376019884E1,2.000685232625E0));
#1743=CARTESIAN_POINT('',(-1.090493935930E1,1.597795244813E1,1.920692350793E0));
#1744=CARTESIAN_POINT('',(-1.090788470485E1,1.598651799758E1,1.757251931088E0));
#1745=CARTESIAN_POINT('',(-1.091095329449E1,1.599544564886E1,1.586902196624E0));
#1746=CARTESIAN_POINT('',(-1.091251836098E1,1.6E1,1.5E0));
#1748=CURVE_STYLE('',#25,POSITIVE_LENGTH_MEASURE(2.E-2),#17);
#1749=PRESENTATION_STYLE_ASSIGNMENT((#1748));
#1750=STYLED_ITEM('',(#1749),#1747);
#1751=DIRECTION('',(5.226442768871E-2,5.226442768871E-2,-9.972646886342E-1));
#1752=VECTOR('',#1751,5.020585189960E-1);
#1753=CARTESIAN_POINT('',(-2.326239801162E0,1.597376019884E1,2.000685232623E0));
#1754=LINE('',#1753,#1752);
#1755=CURVE_STYLE('',#25,POSITIVE_LENGTH_MEASURE(2.E-2),#17);
#1756=PRESENTATION_STYLE_ASSIGNMENT((#1755));
#1757=STYLED_ITEM('',(#1756),#1754);
#1758=DIRECTION('',(-3.605168319218E-2,7.249028245533E-1,-6.879070948127E-1));
#1759=VECTOR('',#1758,7.258462242104E-1);
#1760=CARTESIAN_POINT('',(6.752407779283E0,1.544759222072E1,2.5E0));
#1761=LINE('',#1760,#1759);
#1762=CURVE_STYLE('',#25,POSITIVE_LENGTH_MEASURE(2.E-2),#17);
#1763=PRESENTATION_STYLE_ASSIGNMENT((#1762));
#1764=STYLED_ITEM('',(#1763),#1761);
#1765=DIRECTION('',(0.E0,1.E0,0.E0));
#1766=VECTOR('',#1765,3.316572772509E-1);
#1767=CARTESIAN_POINT('',(6.718342722749E0,1.431834272275E1,1.85E0));
#1768=LINE('',#1767,#1766);
#1769=CURVE_STYLE('',#25,POSITIVE_LENGTH_MEASURE(2.E-2),#17);
#1770=PRESENTATION_STYLE_ASSIGNMENT((#1769));
#1771=STYLED_ITEM('',(#1770),#1768);
#1772=DIRECTION('',(-3.703247672027E-2,7.066217501846E-1,-7.066217501846E-1));
#1773=VECTOR('',#1772,4.953145015824E-1);
#1774=CARTESIAN_POINT('',(6.718342722749E0,1.465E1,1.85E0));
#1775=LINE('',#1774,#1773);
#1776=CURVE_STYLE('',#25,POSITIVE_LENGTH_MEASURE(2.E-2),#17);
#1777=PRESENTATION_STYLE_ASSIGNMENT((#1776));
#1778=STYLED_ITEM('',(#1777),#1775);
#1779=DIRECTION('',(0.E0,1.E0,0.E0));
#1780=VECTOR('',#1779,1.E0);
#1781=CARTESIAN_POINT('',(6.7E0,1.5E1,1.5E0));
#1782=LINE('',#1781,#1780);
#1783=CURVE_STYLE('',#25,POSITIVE_LENGTH_MEASURE(2.E-2),#17);
#1784=PRESENTATION_STYLE_ASSIGNMENT((#1783));
#1785=STYLED_ITEM('',(#1784),#1782);
#1786=DIRECTION('',(5.226442768871E-2,5.226442768871E-2,9.972646886342E-1));
#1787=VECTOR('',#1786,1.002742813816E0);
#1788=CARTESIAN_POINT('',(9.401233418721E0,1.43E1,1.5E0));
#1789=LINE('',#1788,#1787);
#1790=CURVE_STYLE('',#25,POSITIVE_LENGTH_MEASURE(2.E-2),#17);
#1791=PRESENTATION_STYLE_ASSIGNMENT((#1790));
#1792=STYLED_ITEM('',(#1791),#1789);
#1793=DIRECTION('',(5.226442768871E-2,-5.226442768871E-2,-9.972646886342E-1));
#1794=VECTOR('',#1793,6.517828289801E-1);
#1795=CARTESIAN_POINT('',(-2.352407779283E0,1.435240777928E1,2.5E0));
#1796=LINE('',#1795,#1794);
#1797=CURVE_STYLE('',#25,POSITIVE_LENGTH_MEASURE(2.E-2),#17);
#1798=PRESENTATION_STYLE_ASSIGNMENT((#1797));
#1799=STYLED_ITEM('',(#1798),#1796);
#1800=DIRECTION('',(1.E0,0.E0,0.E0));
#1801=VECTOR('',#1800,9.036685445498E0);
#1802=CARTESIAN_POINT('',(-2.318342722749E0,1.431834272275E1,1.85E0));
#1803=LINE('',#1802,#1801);
#1804=CURVE_STYLE('',#25,POSITIVE_LENGTH_MEASURE(2.E-2),#17);
#1805=PRESENTATION_STYLE_ASSIGNMENT((#1804));
#1806=STYLED_ITEM('',(#1805),#1803);
#1807=DIRECTION('',(-5.226442768871E-2,-5.226442768872E-2,-9.972646886342E-1));
#1808=VECTOR('',#1807,6.517828289801E-1);
#1809=CARTESIAN_POINT('',(6.752407779283E0,1.435240777928E1,2.5E0));
#1810=LINE('',#1809,#1808);
#1811=CURVE_STYLE('',#25,POSITIVE_LENGTH_MEASURE(2.E-2),#17);
#1812=PRESENTATION_STYLE_ASSIGNMENT((#1811));
#1813=STYLED_ITEM('',(#1812),#1810);
#1814=CARTESIAN_POINT('',(9.401233418721E0,1.43E1,1.5E0));
#1815=CARTESIAN_POINT('',(9.494700203543E0,1.43E1,1.5E0));
#1816=CARTESIAN_POINT('',(9.682109955411E0,1.427090106220E1,1.5E0));
#1817=CARTESIAN_POINT('',(9.939026874669E0,1.414016806193E1,1.5E0));
#1818=CARTESIAN_POINT('',(1.014016806193E1,1.393902687467E1,1.5E0));
#1819=CARTESIAN_POINT('',(1.027090106220E1,1.368210995541E1,1.5E0));
#1820=CARTESIAN_POINT('',(1.03E1,1.349470020354E1,1.5E0));
#1821=CARTESIAN_POINT('',(1.03E1,1.340123341872E1,1.5E0));
#1823=CURVE_STYLE('',#25,POSITIVE_LENGTH_MEASURE(2.E-2),#17);
#1824=PRESENTATION_STYLE_ASSIGNMENT((#1823));
#1825=STYLED_ITEM('',(#1824),#1822);
#1826=CARTESIAN_POINT('',(9.453641198004E0,1.435240777928E1,2.5E0));
#1827=CARTESIAN_POINT('',(9.603435628217E0,1.435240777928E1,2.5E0));
#1828=CARTESIAN_POINT('',(9.838122897084E0,1.428750618772E1,2.5E0));
#1829=CARTESIAN_POINT('',(1.010256415926E1,1.410256415926E1,2.5E0));
#1830=CARTESIAN_POINT('',(1.028750618772E1,1.383812289708E1,2.5E0));
#1831=CARTESIAN_POINT('',(1.035240777928E1,1.360343562822E1,2.5E0));
#1832=CARTESIAN_POINT('',(1.035240777928E1,1.345364119800E1,2.5E0));
#1834=CURVE_STYLE('',#25,POSITIVE_LENGTH_MEASURE(2.E-2),#17);
#1835=PRESENTATION_STYLE_ASSIGNMENT((#1834));
#1836=STYLED_ITEM('',(#1835),#1833);
#1837=DIRECTION('',(-5.213734452108E-2,8.703720429184E-2,-9.948397973419E-1));
#1838=VECTOR('',#1837,1.005186968467E0);
#1839=CARTESIAN_POINT('',(1.035240777928E1,-1.108710918086E1,2.5E0));
#1840=LINE('',#1839,#1838);
#1841=CURVE_STYLE('',#25,POSITIVE_LENGTH_MEASURE(2.E-2),#17);
#1842=PRESENTATION_STYLE_ASSIGNMENT((#1841));
#1843=STYLED_ITEM('',(#1842),#1840);
#1844=DIRECTION('',(5.226442768872E-2,-5.226442768871E-2,9.972646886342E-1));
#1845=VECTOR('',#1844,1.002742813816E0);
#1846=CARTESIAN_POINT('',(1.03E1,-1.340123341872E1,1.5E0));
#1847=LINE('',#1846,#1845);
#1848=CURVE_STYLE('',#25,POSITIVE_LENGTH_MEASURE(2.E-2),#17);
#1849=PRESENTATION_STYLE_ASSIGNMENT((#1848));
#1850=STYLED_ITEM('',(#1849),#1847);
#1851=DIRECTION('',(0.E0,-1.E0,0.E0));
#1852=VECTOR('',#1851,2.401612901382E0);
#1853=CARTESIAN_POINT('',(1.03E1,-1.099962051734E1,1.5E0));
#1854=LINE('',#1853,#1852);
#1855=CURVE_STYLE('',#25,POSITIVE_LENGTH_MEASURE(2.E-2),#17);
#1856=PRESENTATION_STYLE_ASSIGNMENT((#1855));
#1857=STYLED_ITEM('',(#1856),#1854);
#1858=DIRECTION('',(0.E0,-1.E0,0.E0));
#1859=VECTOR('',#1858,4.509173356090E-1);
#1860=CARTESIAN_POINT('',(1.03E1,5.500609033783E0,1.5E0));
#1861=LINE('',#1860,#1859);
#1862=CURVE_STYLE('',#25,POSITIVE_LENGTH_MEASURE(2.E-2),#17);
#1863=PRESENTATION_STYLE_ASSIGNMENT((#1862));
#1864=STYLED_ITEM('',(#1863),#1861);
#1865=DIRECTION('',(0.E0,-1.E0,0.E0));
#1866=VECTOR('',#1865,2.401842452504E0);
#1867=CARTESIAN_POINT('',(1.03E1,1.340123341872E1,1.5E0));
#1868=LINE('',#1867,#1866);
#1869=CURVE_STYLE('',#25,POSITIVE_LENGTH_MEASURE(2.E-2),#17);
#1870=PRESENTATION_STYLE_ASSIGNMENT((#1869));
#1871=STYLED_ITEM('',(#1870),#1868);
#1872=DIRECTION('',(5.226442768872E-2,5.226442768871E-2,9.972646886342E-1));
#1873=VECTOR('',#1872,1.002742813816E0);
#1874=CARTESIAN_POINT('',(1.03E1,1.340123341872E1,1.5E0));
#1875=LINE('',#1874,#1873);
#1876=CURVE_STYLE('',#25,POSITIVE_LENGTH_MEASURE(2.E-2),#17);
#1877=PRESENTATION_STYLE_ASSIGNMENT((#1876));
#1878=STYLED_ITEM('',(#1877),#1875);
#1879=DIRECTION('',(5.233595624294E-2,0.E0,9.986295347546E-1));
#1880=VECTOR('',#1879,1.001372345998E0);
#1881=CARTESIAN_POINT('',(1.035240777928E1,8.25E0,2.5E0));
#1882=LINE('',#1881,#1880);
#1883=CURVE_STYLE('',#25,POSITIVE_LENGTH_MEASURE(2.E-2),#17);
#1884=PRESENTATION_STYLE_ASSIGNMENT((#1883));
#1885=STYLED_ITEM('',(#1884),#1882);
#1886=DIRECTION('',(5.233595624294E-2,0.E0,9.986295347546E-1));
#1887=VECTOR('',#1886,5.006861729990E-1);
#1888=CARTESIAN_POINT('',(1.040481555857E1,5.75E0,3.5E0));
#1889=LINE('',#1888,#1887);
#1890=CURVE_STYLE('',#25,POSITIVE_LENGTH_MEASURE(2.E-2),#17);
#1891=PRESENTATION_STYLE_ASSIGNMENT((#1890));
#1892=STYLED_ITEM('',(#1891),#1889);
#1893=DIRECTION('',(-5.231807111546E-2,-2.614109824195E-2,-9.982882661924E-1));
#1894=VECTOR('',#1893,2.504286672161E0);
#1895=CARTESIAN_POINT('',(1.043101944821E1,5.115156502097E0,4.E0));
#1896=LINE('',#1895,#1894);
#1897=CURVE_STYLE('',#25,POSITIVE_LENGTH_MEASURE(2.E-2),#17);
#1898=PRESENTATION_STYLE_ASSIGNMENT((#1897));
#1899=STYLED_ITEM('',(#1898),#1896);
#1900=DIRECTION('',(5.231807111546E-2,-2.614109824195E-2,9.982882661924E-1));
#1901=VECTOR('',#1900,2.504286672161E0);
#1902=CARTESIAN_POINT('',(1.03E1,1.450308301826E0,1.5E0));
#1903=LINE('',#1902,#1901);
#1904=CURVE_STYLE('',#25,POSITIVE_LENGTH_MEASURE(2.E-2),#17);
#1905=PRESENTATION_STYLE_ASSIGNMENT((#1904));
#1906=STYLED_ITEM('',(#1905),#1903);
#1907=DIRECTION('',(0.E0,-1.E0,0.E0));
#1908=VECTOR('',#1907,4.157731057493E-1);
#1909=CARTESIAN_POINT('',(1.03E1,1.450308301826E0,1.5E0));
#1910=LINE('',#1909,#1908);
#1911=CURVE_STYLE('',#25,POSITIVE_LENGTH_MEASURE(2.E-2),#17);
#1912=PRESENTATION_STYLE_ASSIGNMENT((#1911));
#1913=STYLED_ITEM('',(#1912),#1910);
#1914=CARTESIAN_POINT('',(1.03E1,-1.099962051734E1,1.5E0));
#1915=CARTESIAN_POINT('',(1.03E1,-1.083328337219E1,1.5E0));
#1916=CARTESIAN_POINT('',(1.042539722591E1,-1.062600630781E1,1.5E0));
#1917=CARTESIAN_POINT('',(1.063206520839E1,-1.05E1,1.5E0));
#1918=CARTESIAN_POINT('',(1.079840235353E1,-1.05E1,1.5E0));
#1920=CURVE_STYLE('',#25,POSITIVE_LENGTH_MEASURE(2.E-2),#17);
#1921=PRESENTATION_STYLE_ASSIGNMENT((#1920));
#1922=STYLED_ITEM('',(#1921),#1919);
#1923=DIRECTION('',(-5.213734452108E-2,8.703720429185E-2,-9.948397973419E-1));
#1924=VECTOR('',#1923,1.005186968467E0);
#1925=CARTESIAN_POINT('',(1.085081013282E1,-1.058748866353E1,2.5E0));
#1926=LINE('',#1925,#1924);
#1927=CURVE_STYLE('',#25,POSITIVE_LENGTH_MEASURE(2.E-2),#17);
#1928=PRESENTATION_STYLE_ASSIGNMENT((#1927));
#1929=STYLED_ITEM('',(#1928),#1926);
#1930=DIRECTION('',(-1.E0,0.E0,0.E0));
#1931=VECTOR('',#1930,4.451597646466E0);
#1932=CARTESIAN_POINT('',(1.525E1,-1.05E1,1.5E0));
#1933=LINE('',#1932,#1931);
#1934=CURVE_STYLE('',#25,POSITIVE_LENGTH_MEASURE(2.E-2),#17);
#1935=PRESENTATION_STYLE_ASSIGNMENT((#1934));
#1936=STYLED_ITEM('',(#1935),#1933);
#1937=DIRECTION('',(-8.682659386424E-2,8.682659386425E-2,-9.924325091390E-1));
#1938=VECTOR('',#1937,1.007625194450E0);
#1939=CARTESIAN_POINT('',(1.533748866353E1,-1.058748866353E1,2.5E0));
#1940=LINE('',#1939,#1938);
#1941=CURVE_STYLE('',#25,POSITIVE_LENGTH_MEASURE(2.E-2),#17);
#1942=PRESENTATION_STYLE_ASSIGNMENT((#1941));
#1943=STYLED_ITEM('',(#1942),#1940);
#1944=CARTESIAN_POINT('',(1.775E1,0.E0,1.5E0));
#1945=DIRECTION('',(0.E0,0.E0,1.E0));
#1946=DIRECTION('',(-8.521313803536E-1,5.233279188201E-1,0.E0));
#1947=AXIS2_PLACEMENT_3D('',#1944,#1945,#1946);
#1949=CURVE_STYLE('',#25,POSITIVE_LENGTH_MEASURE(2.E-2),#17);
#1950=PRESENTATION_STYLE_ASSIGNMENT((#1949));
#1951=STYLED_ITEM('',(#1950),#1948);
#1952=DIRECTION('',(1.E0,3.830464215288E-12,0.E0));
#1953=VECTOR('',#1952,6.741686151176E-2);
#1954=CARTESIAN_POINT('',(1.555114595126E1,-1.1E0,1.5E0));
#1955=LINE('',#1954,#1953);
#1956=CURVE_STYLE('',#25,POSITIVE_LENGTH_MEASURE(2.E-2),#17);
#1957=PRESENTATION_STYLE_ASSIGNMENT((#1956));
#1958=STYLED_ITEM('',(#1957),#1955);
#1959=DIRECTION('',(0.E0,1.E0,0.E0));
#1960=VECTOR('',#1959,9.1E0);
#1961=CARTESIAN_POINT('',(1.525E1,-1.05E1,1.5E0));
#1962=LINE('',#1961,#1960);
#1963=CURVE_STYLE('',#25,POSITIVE_LENGTH_MEASURE(2.E-2),#17);
#1964=PRESENTATION_STYLE_ASSIGNMENT((#1963));
#1965=STYLED_ITEM('',(#1964),#1962);
#1966=DIRECTION('',(0.E0,1.E0,0.E0));
#1967=VECTOR('',#1966,1.203415571342E1);
#1968=CARTESIAN_POINT('',(1.03E1,-1.099962051734E1,1.5E0));
#1969=LINE('',#1968,#1967);
#1970=CURVE_STYLE('',#25,POSITIVE_LENGTH_MEASURE(2.E-2),#17);
#1971=PRESENTATION_STYLE_ASSIGNMENT((#1970));
#1972=STYLED_ITEM('',(#1971),#1969);
#1973=CARTESIAN_POINT('',(1.775E1,0.E0,1.5E0));
#1974=DIRECTION('',(0.E0,0.E0,-1.E0));
#1975=DIRECTION('',(-8.521313803536E-1,5.233279188201E-1,0.E0));
#1976=AXIS2_PLACEMENT_3D('',#1973,#1974,#1975);
#1978=CURVE_STYLE('',#25,POSITIVE_LENGTH_MEASURE(2.E-2),#17);
#1979=PRESENTATION_STYLE_ASSIGNMENT((#1978));
#1980=STYLED_ITEM('',(#1979),#1977);
#1981=CARTESIAN_POINT('',(1.775E1,0.E0,1.999314649951E-1));
#1982=DIRECTION('',(0.E0,0.E0,1.E0));
#1983=DIRECTION('',(0.E0,1.E0,0.E0));
#1984=AXIS2_PLACEMENT_3D('',#1981,#1982,#1983);
#1986=CURVE_STYLE('',#25,POSITIVE_LENGTH_MEASURE(2.E-2),#17);
#1987=PRESENTATION_STYLE_ASSIGNMENT((#1986));
#1988=STYLED_ITEM('',(#1987),#1985);
#1989=DIRECTION('',(6.795522485298E-8,-2.617694133137E-2,-9.996573251582E-1));
#1990=VECTOR('',#1989,1.300514179419E0);
#1991=CARTESIAN_POINT('',(1.775E1,-2.25E0,1.5E0));
#1992=LINE('',#1991,#1990);
#1993=CURVE_STYLE('',#25,POSITIVE_LENGTH_MEASURE(2.E-2),#17);
#1994=PRESENTATION_STYLE_ASSIGNMENT((#1993));
#1995=STYLED_ITEM('',(#1994),#1992);
#1996=CARTESIAN_POINT('',(1.775E1,0.E0,1.5E0));
#1997=DIRECTION('',(0.E0,0.E0,-1.E0));
#1998=DIRECTION('',(0.E0,-1.E0,0.E0));
#1999=AXIS2_PLACEMENT_3D('',#1996,#1997,#1998);
#2001=CURVE_STYLE('',#25,POSITIVE_LENGTH_MEASURE(2.E-2),#17);
#2002=PRESENTATION_STYLE_ASSIGNMENT((#2001));
#2003=STYLED_ITEM('',(#2002),#2000);
#2004=DIRECTION('',(-3.018122704505E-2,-1.681512846804E-3,9.995430286129E-1));
#2005=VECTOR('',#2004,5.002285901610E-1);
#2006=CARTESIAN_POINT('',(1.586946140723E1,-1.235343920177E0,1.499999999992E0));
#2007=LINE('',#2006,#2005);
#2008=CURVE_STYLE('',#25,POSITIVE_LENGTH_MEASURE(2.E-2),#17);
#2009=PRESENTATION_STYLE_ASSIGNMENT((#2008));
#2010=STYLED_ITEM('',(#2009),#2007);
#2011=DIRECTION('',(0.E0,2.617694830787E-2,-9.996573249756E-1));
#2012=VECTOR('',#2011,5.001713962454E-1);
#2013=CARTESIAN_POINT('',(1.775E1,-2.263092960785E0,2.E0));
#2014=LINE('',#2013,#2012);
#2015=CURVE_STYLE('',#25,POSITIVE_LENGTH_MEASURE(2.E-2),#17);
#2016=PRESENTATION_STYLE_ASSIGNMENT((#2015));
#2017=STYLED_ITEM('',(#2016),#2014);
#2018=DIRECTION('',(1.551672918815E-2,-2.471485271959E-2,-9.995741128953E-1));
#2019=VECTOR('',#2018,5.002130342829E-1);
#2020=CARTESIAN_POINT('',(1.582494272401E1,1.189850508816E0,2.E0));
#2021=LINE('',#2020,#2019);
#2022=CURVE_STYLE('',#25,POSITIVE_LENGTH_MEASURE(2.E-2),#17);
#2023=PRESENTATION_STYLE_ASSIGNMENT((#2022));
#2024=STYLED_ITEM('',(#2023),#2021);
#2025=CARTESIAN_POINT('',(1.561856281277E1,-1.1E0,1.5E0));
#2026=CARTESIAN_POINT('',(1.565275500660E1,-1.1E0,1.5E0));
#2027=CARTESIAN_POINT('',(1.571702508863E1,-1.110842806470E0,1.499999999999E0));
#2028=CARTESIAN_POINT('',(1.580672275839E1,-1.159346097796E0,1.500000000004E0));
#2029=CARTESIAN_POINT('',(1.585080687083E1,-1.206946503831E0,1.499999999992E0));
#2030=CARTESIAN_POINT('',(1.586946140723E1,-1.235343920177E0,1.499999999992E0));
#2032=CURVE_STYLE('',#25,POSITIVE_LENGTH_MEASURE(2.E-2),#17);
#2033=PRESENTATION_STYLE_ASSIGNMENT((#2032));
#2034=STYLED_ITEM('',(#2033),#2031);
#2035=CARTESIAN_POINT('',(-1.675E1,-5.5E0,2.E0));
#2036=DIRECTION('',(0.E0,0.E0,-1.E0));
#2037=DIRECTION('',(1.E0,0.E0,0.E0));
#2038=AXIS2_PLACEMENT_3D('',#2035,#2036,#2037);
#2040=CURVE_STYLE('',#25,POSITIVE_LENGTH_MEASURE(2.E-2),#17);
#2041=PRESENTATION_STYLE_ASSIGNMENT((#2040));
#2042=STYLED_ITEM('',(#2041),#2039);
#2043=CARTESIAN_POINT('',(-1.675E1,-5.5E0,2.E0));
#2044=DIRECTION('',(0.E0,0.E0,-1.E0));
#2045=DIRECTION('',(-1.E0,0.E0,0.E0));
#2046=AXIS2_PLACEMENT_3D('',#2043,#2044,#2045);
#2048=CURVE_STYLE('',#25,POSITIVE_LENGTH_MEASURE(2.E-2),#17);
#2049=PRESENTATION_STYLE_ASSIGNMENT((#2048));
#2050=STYLED_ITEM('',(#2049),#2047);
#2051=CARTESIAN_POINT('',(-1.675E1,5.5E0,2.E0));
#2052=DIRECTION('',(0.E0,0.E0,-1.E0));
#2053=DIRECTION('',(1.E0,0.E0,0.E0));
#2054=AXIS2_PLACEMENT_3D('',#2051,#2052,#2053);
#2056=CURVE_STYLE('',#25,POSITIVE_LENGTH_MEASURE(2.E-2),#17);
#2057=PRESENTATION_STYLE_ASSIGNMENT((#2056));
#2058=STYLED_ITEM('',(#2057),#2055);
#2059=CARTESIAN_POINT('',(-1.675E1,5.5E0,2.E0));
#2060=DIRECTION('',(0.E0,0.E0,-1.E0));
#2061=DIRECTION('',(-1.E0,0.E0,0.E0));
#2062=AXIS2_PLACEMENT_3D('',#2059,#2060,#2061);
#2064=CURVE_STYLE('',#25,POSITIVE_LENGTH_MEASURE(2.E-2),#17);
#2065=PRESENTATION_STYLE_ASSIGNMENT((#2064));
#2066=STYLED_ITEM('',(#2065),#2063);
#2067=CARTESIAN_POINT('',(1.675E1,-5.5E0,2.E0));
#2068=DIRECTION('',(0.E0,0.E0,-1.E0));
#2069=DIRECTION('',(-1.E0,0.E0,0.E0));
#2070=AXIS2_PLACEMENT_3D('',#2067,#2068,#2069);
#2072=CURVE_STYLE('',#25,POSITIVE_LENGTH_MEASURE(2.E-2),#17);
#2073=PRESENTATION_STYLE_ASSIGNMENT((#2072));
#2074=STYLED_ITEM('',(#2073),#2071);
#2075=CARTESIAN_POINT('',(1.675E1,-5.5E0,2.E0));
#2076=DIRECTION('',(0.E0,0.E0,-1.E0));
#2077=DIRECTION('',(1.E0,0.E0,0.E0));
#2078=AXIS2_PLACEMENT_3D('',#2075,#2076,#2077);
#2080=CURVE_STYLE('',#25,POSITIVE_LENGTH_MEASURE(2.E-2),#17);
#2081=PRESENTATION_STYLE_ASSIGNMENT((#2080));
#2082=STYLED_ITEM('',(#2081),#2079);
#2083=CARTESIAN_POINT('',(1.675E1,5.5E0,2.E0));
#2084=DIRECTION('',(0.E0,0.E0,-1.E0));
#2085=DIRECTION('',(-1.E0,0.E0,0.E0));
#2086=AXIS2_PLACEMENT_3D('',#2083,#2084,#2085);
#2088=CURVE_STYLE('',#25,POSITIVE_LENGTH_MEASURE(2.E-2),#17);
#2089=PRESENTATION_STYLE_ASSIGNMENT((#2088));
#2090=STYLED_ITEM('',(#2089),#2087);
#2091=CARTESIAN_POINT('',(1.675E1,5.5E0,2.E0));
#2092=DIRECTION('',(0.E0,0.E0,-1.E0));
#2093=DIRECTION('',(1.E0,0.E0,0.E0));
#2094=AXIS2_PLACEMENT_3D('',#2091,#2092,#2093);
#2096=CURVE_STYLE('',#25,POSITIVE_LENGTH_MEASURE(2.E-2),#17);
#2097=PRESENTATION_STYLE_ASSIGNMENT((#2096));
#2098=STYLED_ITEM('',(#2097),#2095);
#2099=CARTESIAN_POINT('',(1.585436389458E1,-1.236185060978E0,2.E0));
#2100=CARTESIAN_POINT('',(1.583573908445E1,-1.207624723489E0,2.E0));
#2101=CARTESIAN_POINT('',(1.579139592166E1,-1.159723428751E0,2.000305202208E0));
#2102=CARTESIAN_POINT('',(1.570260392442E1,-1.111013520911E0,1.998931792273E0));
#2103=CARTESIAN_POINT('',(1.563539379830E1,-1.099817901487E0,2.002289016558E0));
#2104=CARTESIAN_POINT('',(1.559888114969E1,-1.099817901486E0,2.002289016558E0));
#2106=CURVE_STYLE('',#25,POSITIVE_LENGTH_MEASURE(2.E-2),#17);
#2107=PRESENTATION_STYLE_ASSIGNMENT((#2106));
#2108=STYLED_ITEM('',(#2107),#2105);
#2109=CARTESIAN_POINT('',(1.775E1,0.E0,2.E0));
#2110=DIRECTION('',(0.E0,0.E0,-1.E0));
#2111=DIRECTION('',(0.E0,-1.E0,0.E0));
#2112=AXIS2_PLACEMENT_3D('',#2109,#2110,#2111);
#2114=CURVE_STYLE('',#25,POSITIVE_LENGTH_MEASURE(2.E-2),#17);
#2115=PRESENTATION_STYLE_ASSIGNMENT((#2114));
#2116=STYLED_ITEM('',(#2115),#2113);
#2117=DIRECTION('',(-1.E0,0.E0,0.E0));
#2118=VECTOR('',#2117,1.274210678920E0);
#2119=CARTESIAN_POINT('',(1.902421067892E1,-2.263092960785E0,2.E0));
#2120=LINE('',#2119,#2118);
#2121=CURVE_STYLE('',#25,POSITIVE_LENGTH_MEASURE(2.E-2),#17);
#2122=PRESENTATION_STYLE_ASSIGNMENT((#2121));
#2123=STYLED_ITEM('',(#2122),#2120);
#2124=CARTESIAN_POINT('',(1.951908552207E1,-2.834331205946E0,2.E0));
#2125=CARTESIAN_POINT('',(1.952760468255E1,-2.775662613690E0,2.E0));
#2126=CARTESIAN_POINT('',(1.952406617188E1,-2.662933866473E0,2.E0));
#2127=CARTESIAN_POINT('',(1.946093786129E1,-2.499389877818E0,2.E0));
#2128=CARTESIAN_POINT('',(1.934826706805E1,-2.369032237070E0,2.E0));
#2129=CARTESIAN_POINT('',(1.919454544943E1,-2.282648894835E0,2.E0));
#2130=CARTESIAN_POINT('',(1.908346735188E1,-2.263092960785E0,2.E0));
#2131=CARTESIAN_POINT('',(1.902421067892E1,-2.263092960785E0,2.E0));
#2133=CURVE_STYLE('',#25,POSITIVE_LENGTH_MEASURE(2.E-2),#17);
#2134=PRESENTATION_STYLE_ASSIGNMENT((#2133));
#2135=STYLED_ITEM('',(#2134),#2132);
#2136=DIRECTION('',(9.999999964625E-1,-7.330906066466E-6,8.379259546920E-5));
#2137=VECTOR('',#2136,3.066646069079E0);
#2138=CARTESIAN_POINT('',(1.529374433176E1,-7.206255668237E0,2.E0));
#2139=LINE('',#2138,#2137);
#2140=CURVE_STYLE('',#25,POSITIVE_LENGTH_MEASURE(2.E-2),#17);
#2141=PRESENTATION_STYLE_ASSIGNMENT((#2140));
#2142=STYLED_ITEM('',(#2141),#2139);
#2143=DIRECTION('',(0.E0,1.E0,0.E0));
#2144=VECTOR('',#2143,5.806255668237E0);
#2145=CARTESIAN_POINT('',(1.529374433176E1,-7.206255668237E0,2.E0));
#2146=LINE('',#2145,#2144);
#2147=CURVE_STYLE('',#25,POSITIVE_LENGTH_MEASURE(2.E-2),#17);
#2148=PRESENTATION_STYLE_ASSIGNMENT((#2147));
#2149=STYLED_ITEM('',(#2148),#2146);
#2150=CARTESIAN_POINT('',(1.559888114969E1,-1.099817901486E0,2.002289016558E0));
#2151=CARTESIAN_POINT('',(1.555559485457E1,-1.099817901486E0,2.002289016558E0));
#2152=CARTESIAN_POINT('',(1.547630101392E1,-1.115848046789E0,1.998937242312E0));
#2153=CARTESIAN_POINT('',(1.537616956044E1,-1.182344333903E0,2.000286127070E0));
#2154=CARTESIAN_POINT('',(1.530934256216E1,-1.283344484912E0,1.999918249409E0));
#2155=CARTESIAN_POINT('',(1.529374433176E1,-1.358916400979E0,2.E0));
#2156=CARTESIAN_POINT('',(1.529374433176E1,-1.4E0,2.E0));
#2158=CURVE_STYLE('',#25,POSITIVE_LENGTH_MEASURE(2.E-2),#17);
#2159=PRESENTATION_STYLE_ASSIGNMENT((#2158));
#2160=STYLED_ITEM('',(#2159),#2157);
#2161=CARTESIAN_POINT('',(1.556984083820E1,1.047628156862E0,2.E0));
#2162=CARTESIAN_POINT('',(1.560502703438E1,1.047628156862E0,2.E0));
#2163=CARTESIAN_POINT('',(1.567094204648E1,1.059088677722E0,2.E0));
#2164=CARTESIAN_POINT('',(1.576240702242E1,1.110203838248E0,2.E0));
#2165=CARTESIAN_POINT('',(1.580655136670E1,1.160095160602E0,2.E0));
#2166=CARTESIAN_POINT('',(1.582494272401E1,1.189850508816E0,2.E0));
#2168=CURVE_STYLE('',#25,POSITIVE_LENGTH_MEASURE(2.E-2),#17);
#2169=PRESENTATION_STYLE_ASSIGNMENT((#2168));
#2170=STYLED_ITEM('',(#2169),#2167);
#2171=DIRECTION('',(0.E0,-1.E0,0.E0));
#2172=VECTOR('',#2171,6.158627511375E0);
#2173=CARTESIAN_POINT('',(1.515E1,7.206255668237E0,2.E0));
#2174=LINE('',#2173,#2172);
#2175=CURVE_STYLE('',#25,POSITIVE_LENGTH_MEASURE(2.E-2),#17);
#2176=PRESENTATION_STYLE_ASSIGNMENT((#2175));
#2177=STYLED_ITEM('',(#2176),#2174);
#2178=DIRECTION('',(-9.999999967722E-1,-7.002666799159E-6,-8.004080546508E-5));
#2179=VECTOR('',#2178,3.210390400347E0);
#2180=CARTESIAN_POINT('',(1.836039038998E1,7.206278149531E0,2.000256962234E0));
#2181=LINE('',#2180,#2179);
#2182=CURVE_STYLE('',#25,POSITIVE_LENGTH_MEASURE(2.E-2),#17);
#2183=PRESENTATION_STYLE_ASSIGNMENT((#2182));
#2184=STYLED_ITEM('',(#2183),#2181);
#2185=CARTESIAN_POINT('',(1.902421067892E1,2.263092960785E0,2.E0));
#2186=CARTESIAN_POINT('',(1.908346735188E1,2.263092960785E0,2.E0));
#2187=CARTESIAN_POINT('',(1.919454544943E1,2.282648894835E0,2.E0));
#2188=CARTESIAN_POINT('',(1.934826706805E1,2.369032237070E0,2.E0));
#2189=CARTESIAN_POINT('',(1.946093786129E1,2.499389877818E0,2.E0));
#2190=CARTESIAN_POINT('',(1.952406617188E1,2.662933866473E0,2.E0));
#2191=CARTESIAN_POINT('',(1.952760468255E1,2.775662613690E0,2.E0));
#2192=CARTESIAN_POINT('',(1.951908552207E1,2.834331205946E0,2.E0));
#2194=CURVE_STYLE('',#25,POSITIVE_LENGTH_MEASURE(2.E-2),#17);
#2195=PRESENTATION_STYLE_ASSIGNMENT((#2194));
#2196=STYLED_ITEM('',(#2195),#2193);
#2197=DIRECTION('',(-1.E0,0.E0,0.E0));
#2198=VECTOR('',#2197,1.274210678920E0);
#2199=CARTESIAN_POINT('',(1.902421067892E1,2.263092960785E0,2.E0));
#2200=LINE('',#2199,#2198);
#2201=CURVE_STYLE('',#25,POSITIVE_LENGTH_MEASURE(2.E-2),#17);
#2202=PRESENTATION_STYLE_ASSIGNMENT((#2201));
#2203=STYLED_ITEM('',(#2202),#2200);
#2204=CARTESIAN_POINT('',(1.775E1,0.E0,2.E0));
#2205=DIRECTION('',(0.E0,0.E0,-1.E0));
#2206=DIRECTION('',(-8.506311094343E-1,5.257629843024E-1,0.E0));
#2207=AXIS2_PLACEMENT_3D('',#2204,#2205,#2206);
#2209=CURVE_STYLE('',#25,POSITIVE_LENGTH_MEASURE(2.E-2),#17);
#2210=PRESENTATION_STYLE_ASSIGNMENT((#2209));
#2211=STYLED_ITEM('',(#2210),#2208);
#2212=DIRECTION('',(0.E0,1.E0,0.E0));
#2213=VECTOR('',#2212,1.441251133647E1);
#2214=CARTESIAN_POINT('',(-1.514697602365E1,-7.206255668237E0,2.E0));
#2215=LINE('',#2214,#2213);
#2216=CURVE_STYLE('',#25,POSITIVE_LENGTH_MEASURE(2.E-2),#17);
#2217=PRESENTATION_STYLE_ASSIGNMENT((#2216));
#2218=STYLED_ITEM('',(#2217),#2215);
#2219=DIRECTION('',(9.999999967783E-1,6.996076955932E-6,-7.996548324527E-5));
#2220=VECTOR('',#2219,3.213414376691E0);
#2221=CARTESIAN_POINT('',(-1.836039038998E1,-7.206278149531E0,
2.000256962233E0));
#2222=LINE('',#2221,#2220);
#2223=CURVE_STYLE('',#25,POSITIVE_LENGTH_MEASURE(2.E-2),#17);
#2224=PRESENTATION_STYLE_ASSIGNMENT((#2223));
#2225=STYLED_ITEM('',(#2224),#2222);
#2226=CARTESIAN_POINT('',(-1.902421067892E1,-2.263092960785E0,2.E0));
#2227=CARTESIAN_POINT('',(-1.908346735188E1,-2.263092960785E0,2.E0));
#2228=CARTESIAN_POINT('',(-1.919454544943E1,-2.282648894835E0,2.E0));
#2229=CARTESIAN_POINT('',(-1.934826706805E1,-2.369032237070E0,2.E0));
#2230=CARTESIAN_POINT('',(-1.946093786129E1,-2.499389877818E0,2.E0));
#2231=CARTESIAN_POINT('',(-1.952406617188E1,-2.662933866473E0,2.E0));
#2232=CARTESIAN_POINT('',(-1.952760468255E1,-2.775662613690E0,2.E0));
#2233=CARTESIAN_POINT('',(-1.951908552207E1,-2.834331205946E0,2.E0));
#2235=CURVE_STYLE('',#25,POSITIVE_LENGTH_MEASURE(2.E-2),#17);
#2236=PRESENTATION_STYLE_ASSIGNMENT((#2235));
#2237=STYLED_ITEM('',(#2236),#2234);
#2238=DIRECTION('',(1.E0,0.E0,0.E0));
#2239=VECTOR('',#2238,1.274210678920E0);
#2240=CARTESIAN_POINT('',(-1.902421067892E1,-2.263092960785E0,2.E0));
#2241=LINE('',#2240,#2239);
#2242=CURVE_STYLE('',#25,POSITIVE_LENGTH_MEASURE(2.E-2),#17);
#2243=PRESENTATION_STYLE_ASSIGNMENT((#2242));
#2244=STYLED_ITEM('',(#2243),#2241);
#2245=CARTESIAN_POINT('',(-1.775E1,0.E0,2.E0));
#2246=DIRECTION('',(0.E0,0.E0,-1.E0));
#2247=DIRECTION('',(0.E0,1.E0,0.E0));
#2248=AXIS2_PLACEMENT_3D('',#2245,#2246,#2247);
#2250=CURVE_STYLE('',#25,POSITIVE_LENGTH_MEASURE(2.E-2),#17);
#2251=PRESENTATION_STYLE_ASSIGNMENT((#2250));
#2252=STYLED_ITEM('',(#2251),#2249);
#2253=DIRECTION('',(1.E0,0.E0,0.E0));
#2254=VECTOR('',#2253,1.274210678920E0);
#2255=CARTESIAN_POINT('',(-1.902421067892E1,2.263092960785E0,2.E0));
#2256=LINE('',#2255,#2254);
#2257=CURVE_STYLE('',#25,POSITIVE_LENGTH_MEASURE(2.E-2),#17);
#2258=PRESENTATION_STYLE_ASSIGNMENT((#2257));
#2259=STYLED_ITEM('',(#2258),#2256);
#2260=CARTESIAN_POINT('',(-1.951908552207E1,2.834331205946E0,2.E0));
#2261=CARTESIAN_POINT('',(-1.952760468255E1,2.775662613690E0,2.E0));
#2262=CARTESIAN_POINT('',(-1.952406617188E1,2.662933866473E0,2.E0));
#2263=CARTESIAN_POINT('',(-1.946093786129E1,2.499389877818E0,2.E0));
#2264=CARTESIAN_POINT('',(-1.934826706805E1,2.369032237070E0,2.E0));
#2265=CARTESIAN_POINT('',(-1.919454544943E1,2.282648894835E0,2.E0));
#2266=CARTESIAN_POINT('',(-1.908346735188E1,2.263092960785E0,2.E0));
#2267=CARTESIAN_POINT('',(-1.902421067892E1,2.263092960785E0,2.E0));
#2269=CURVE_STYLE('',#25,POSITIVE_LENGTH_MEASURE(2.E-2),#17);
#2270=PRESENTATION_STYLE_ASSIGNMENT((#2269));
#2271=STYLED_ITEM('',(#2270),#2268);
#2272=DIRECTION('',(-9.999999967783E-1,6.996076956741E-6,7.996548324918E-5));
#2273=VECTOR('',#2272,3.213414376700E0);
#2274=CARTESIAN_POINT('',(-1.514697602365E1,7.206255668237E0,2.E0));
#2275=LINE('',#2274,#2273);
#2276=CURVE_STYLE('',#25,POSITIVE_LENGTH_MEASURE(2.E-2),#17);
#2277=PRESENTATION_STYLE_ASSIGNMENT((#2276));
#2278=STYLED_ITEM('',(#2277),#2275);
#2279=DIRECTION('',(-3.489949670250E-2,0.E0,9.993908270191E-1));
#2280=VECTOR('',#2279,1.000609544299E0);
#2281=CARTESIAN_POINT('',(-1.611507923051E1,-5.5E0,1.E0));
#2282=LINE('',#2281,#2280);
#2283=CURVE_STYLE('',#25,POSITIVE_LENGTH_MEASURE(2.E-2),#17);
#2284=PRESENTATION_STYLE_ASSIGNMENT((#2283));
#2285=STYLED_ITEM('',(#2284),#2282);
#2286=DIRECTION('',(3.489949670250E-2,0.E0,9.993908270191E-1));
#2287=VECTOR('',#2286,1.000609544299E0);
#2288=CARTESIAN_POINT('',(-1.738492076949E1,-5.5E0,1.E0));
#2289=LINE('',#2288,#2287);
#2290=CURVE_STYLE('',#25,POSITIVE_LENGTH_MEASURE(2.E-2),#17);
#2291=PRESENTATION_STYLE_ASSIGNMENT((#2290));
#2292=STYLED_ITEM('',(#2291),#2289);
#2293=CARTESIAN_POINT('',(1.675E1,-5.5E0,1.E0));
#2294=DIRECTION('',(0.E0,0.E0,-1.E0));
#2295=DIRECTION('',(-1.E0,0.E0,0.E0));
#2296=AXIS2_PLACEMENT_3D('',#2293,#2294,#2295);
#2298=CURVE_STYLE('',#25,POSITIVE_LENGTH_MEASURE(2.E-2),#17);
#2299=PRESENTATION_STYLE_ASSIGNMENT((#2298));
#2300=STYLED_ITEM('',(#2299),#2297);
#2301=CARTESIAN_POINT('',(1.675E1,-5.5E0,1.E0));
#2302=DIRECTION('',(0.E0,0.E0,-1.E0));
#2303=DIRECTION('',(1.E0,0.E0,0.E0));
#2304=AXIS2_PLACEMENT_3D('',#2301,#2302,#2303);
#2306=CURVE_STYLE('',#25,POSITIVE_LENGTH_MEASURE(2.E-2),#17);
#2307=PRESENTATION_STYLE_ASSIGNMENT((#2306));
#2308=STYLED_ITEM('',(#2307),#2305);
#2309=CARTESIAN_POINT('',(1.675E1,-5.5E0,1.E0));
#2310=DIRECTION('',(0.E0,0.E0,-1.E0));
#2311=DIRECTION('',(-1.E0,0.E0,0.E0));
#2312=AXIS2_PLACEMENT_3D('',#2309,#2310,#2311);
#2314=CURVE_STYLE('',#25,POSITIVE_LENGTH_MEASURE(2.E-2),#17);
#2315=PRESENTATION_STYLE_ASSIGNMENT((#2314));
#2316=STYLED_ITEM('',(#2315),#2313);
#2317=CARTESIAN_POINT('',(1.675E1,-5.5E0,1.E0));
#2318=DIRECTION('',(0.E0,0.E0,-1.E0));
#2319=DIRECTION('',(1.E0,0.E0,0.E0));
#2320=AXIS2_PLACEMENT_3D('',#2317,#2318,#2319);
#2322=CURVE_STYLE('',#25,POSITIVE_LENGTH_MEASURE(2.E-2),#17);
#2323=PRESENTATION_STYLE_ASSIGNMENT((#2322));
#2324=STYLED_ITEM('',(#2323),#2321);
#2325=CARTESIAN_POINT('',(-1.675E1,5.5E0,1.E0));
#2326=DIRECTION('',(0.E0,0.E0,1.E0));
#2327=DIRECTION('',(1.E0,0.E0,0.E0));
#2328=AXIS2_PLACEMENT_3D('',#2325,#2326,#2327);
#2330=CURVE_STYLE('',#25,POSITIVE_LENGTH_MEASURE(2.E-2),#17);
#2331=PRESENTATION_STYLE_ASSIGNMENT((#2330));
#2332=STYLED_ITEM('',(#2331),#2329);
#2333=CARTESIAN_POINT('',(-1.675E1,5.5E0,1.E0));
#2334=DIRECTION('',(0.E0,0.E0,1.E0));
#2335=DIRECTION('',(-1.E0,0.E0,0.E0));
#2336=AXIS2_PLACEMENT_3D('',#2333,#2334,#2335);
#2338=CURVE_STYLE('',#25,POSITIVE_LENGTH_MEASURE(2.E-2),#17);
#2339=PRESENTATION_STYLE_ASSIGNMENT((#2338));
#2340=STYLED_ITEM('',(#2339),#2337);
#2341=CARTESIAN_POINT('',(-1.675E1,5.5E0,1.E0));
#2342=DIRECTION('',(0.E0,0.E0,-1.E0));
#2343=DIRECTION('',(1.E0,0.E0,0.E0));
#2344=AXIS2_PLACEMENT_3D('',#2341,#2342,#2343);
#2346=CURVE_STYLE('',#25,POSITIVE_LENGTH_MEASURE(2.E-2),#17);
#2347=PRESENTATION_STYLE_ASSIGNMENT((#2346));
#2348=STYLED_ITEM('',(#2347),#2345);
#2349=CARTESIAN_POINT('',(-1.675E1,5.5E0,1.E0));
#2350=DIRECTION('',(0.E0,0.E0,-1.E0));
#2351=DIRECTION('',(-1.E0,0.E0,0.E0));
#2352=AXIS2_PLACEMENT_3D('',#2349,#2350,#2351);
#2354=CURVE_STYLE('',#25,POSITIVE_LENGTH_MEASURE(2.E-2),#17);
#2355=PRESENTATION_STYLE_ASSIGNMENT((#2354));
#2356=STYLED_ITEM('',(#2355),#2353);
#2357=CARTESIAN_POINT('',(-1.675E1,-5.5E0,1.E0));
#2358=DIRECTION('',(0.E0,0.E0,1.E0));
#2359=DIRECTION('',(1.E0,0.E0,0.E0));
#2360=AXIS2_PLACEMENT_3D('',#2357,#2358,#2359);
#2362=CURVE_STYLE('',#25,POSITIVE_LENGTH_MEASURE(2.E-2),#17);
#2363=PRESENTATION_STYLE_ASSIGNMENT((#2362));
#2364=STYLED_ITEM('',(#2363),#2361);
#2365=CARTESIAN_POINT('',(-1.675E1,-5.5E0,1.E0));
#2366=DIRECTION('',(0.E0,0.E0,1.E0));
#2367=DIRECTION('',(-1.E0,0.E0,0.E0));
#2368=AXIS2_PLACEMENT_3D('',#2365,#2366,#2367);
#2370=CURVE_STYLE('',#25,POSITIVE_LENGTH_MEASURE(2.E-2),#17);
#2371=PRESENTATION_STYLE_ASSIGNMENT((#2370));
#2372=STYLED_ITEM('',(#2371),#2369);
#2373=CARTESIAN_POINT('',(-1.675E1,-5.5E0,1.E0));
#2374=DIRECTION('',(0.E0,0.E0,-1.E0));
#2375=DIRECTION('',(1.E0,0.E0,0.E0));
#2376=AXIS2_PLACEMENT_3D('',#2373,#2374,#2375);
#2378=CURVE_STYLE('',#25,POSITIVE_LENGTH_MEASURE(2.E-2),#17);
#2379=PRESENTATION_STYLE_ASSIGNMENT((#2378));
#2380=STYLED_ITEM('',(#2379),#2377);
#2381=CARTESIAN_POINT('',(-1.675E1,-5.5E0,1.E0));
#2382=DIRECTION('',(0.E0,0.E0,-1.E0));
#2383=DIRECTION('',(-1.E0,0.E0,0.E0));
#2384=AXIS2_PLACEMENT_3D('',#2381,#2382,#2383);
#2386=CURVE_STYLE('',#25,POSITIVE_LENGTH_MEASURE(2.E-2),#17);
#2387=PRESENTATION_STYLE_ASSIGNMENT((#2386));
#2388=STYLED_ITEM('',(#2387),#2385);
#2389=CARTESIAN_POINT('',(1.675E1,5.5E0,1.E0));
#2390=DIRECTION('',(0.E0,0.E0,-1.E0));
#2391=DIRECTION('',(1.E0,0.E0,0.E0));
#2392=AXIS2_PLACEMENT_3D('',#2389,#2390,#2391);
#2394=CURVE_STYLE('',#25,POSITIVE_LENGTH_MEASURE(2.E-2),#17);
#2395=PRESENTATION_STYLE_ASSIGNMENT((#2394));
#2396=STYLED_ITEM('',(#2395),#2393);
#2397=CARTESIAN_POINT('',(1.675E1,-5.5E0,1.992389396184E-1));
#2398=DIRECTION('',(0.E0,0.E0,1.E0));
#2399=DIRECTION('',(1.E0,0.E0,0.E0));
#2400=AXIS2_PLACEMENT_3D('',#2397,#2398,#2399);
#2402=CURVE_STYLE('',#25,POSITIVE_LENGTH_MEASURE(2.E-2),#17);
#2403=PRESENTATION_STYLE_ASSIGNMENT((#2402));
#2404=STYLED_ITEM('',(#2403),#2401);
#2405=DIRECTION('',(-8.715572588057E-2,-9.297722184143E-8,9.961946995674E-1));
#2406=VECTOR('',#2405,8.038198226908E-1);
#2407=CARTESIAN_POINT('',(1.797005750012E1,-5.499999925263E0,
1.992389532282E-1));
#2408=LINE('',#2407,#2406);
#2409=CURVE_STYLE('',#25,POSITIVE_LENGTH_MEASURE(2.E-2),#17);
#2410=PRESENTATION_STYLE_ASSIGNMENT((#2409));
#2411=STYLED_ITEM('',(#2410),#2408);
#2412=DIRECTION('',(-7.372773368101E-1,-1.446917775367E-7,6.755902076157E-1));
#2413=VECTOR('',#2412,2.949109232221E-1);
#2414=CARTESIAN_POINT('',(1.818748864019E1,-5.499999882592E0,
2.138047057916E-8));
#2415=LINE('',#2414,#2413);
#2416=CURVE_STYLE('',#25,POSITIVE_LENGTH_MEASURE(2.E-2),#17);
#2417=PRESENTATION_STYLE_ASSIGNMENT((#2416));
#2418=STYLED_ITEM('',(#2417),#2415);
#2419=DIRECTION('',(7.372773368101E-1,1.446917775367E-7,6.755902076157E-1));
#2420=VECTOR('',#2419,2.949109232221E-1);
#2421=CARTESIAN_POINT('',(1.531251135981E1,-5.500000117408E0,
2.138047413188E-8));
#2422=LINE('',#2421,#2420);
#2423=CURVE_STYLE('',#25,POSITIVE_LENGTH_MEASURE(2.E-2),#17);
#2424=PRESENTATION_STYLE_ASSIGNMENT((#2423));
#2425=STYLED_ITEM('',(#2424),#2422);
#2426=CARTESIAN_POINT('',(1.675E1,-5.5E0,1.992389396183E-1));
#2427=DIRECTION('',(0.E0,0.E0,1.E0));
#2428=DIRECTION('',(-1.E0,0.E0,0.E0));
#2429=AXIS2_PLACEMENT_3D('',#2426,#2427,#2428);
#2431=CURVE_STYLE('',#25,POSITIVE_LENGTH_MEASURE(2.E-2),#17);
#2432=PRESENTATION_STYLE_ASSIGNMENT((#2431));
#2433=STYLED_ITEM('',(#2432),#2430);
#2434=DIRECTION('',(8.715572588056E-2,9.297722184143E-8,9.961946995674E-1));
#2435=VECTOR('',#2434,8.038198226908E-1);
#2436=CARTESIAN_POINT('',(1.552994249988E1,-5.500000074737E0,
1.992389532282E-1));
#2437=LINE('',#2436,#2435);
#2438=CURVE_STYLE('',#25,POSITIVE_LENGTH_MEASURE(2.E-2),#17);
#2439=PRESENTATION_STYLE_ASSIGNMENT((#2438));
#2440=STYLED_ITEM('',(#2439),#2437);
#2441=DIRECTION('',(3.489949670250E-2,0.E0,9.993908270191E-1));
#2442=VECTOR('',#2441,1.000609544299E0);
#2443=CARTESIAN_POINT('',(1.611507923051E1,-5.5E0,1.E0));
#2444=LINE('',#2443,#2442);
#2445=CURVE_STYLE('',#25,POSITIVE_LENGTH_MEASURE(2.E-2),#17);
#2446=PRESENTATION_STYLE_ASSIGNMENT((#2445));
#2447=STYLED_ITEM('',(#2446),#2444);
#2448=DIRECTION('',(-3.489949670250E-2,0.E0,9.993908270191E-1));
#2449=VECTOR('',#2448,1.000609544299E0);
#2450=CARTESIAN_POINT('',(1.738492076949E1,-5.5E0,1.E0));
#2451=LINE('',#2450,#2449);
#2452=CURVE_STYLE('',#25,POSITIVE_LENGTH_MEASURE(2.E-2),#17);
#2453=PRESENTATION_STYLE_ASSIGNMENT((#2452));
#2454=STYLED_ITEM('',(#2453),#2451);
#2455=CARTESIAN_POINT('',(-1.675E1,5.5E0,1.992389396183E-1));
#2456=DIRECTION('',(0.E0,0.E0,1.E0));
#2457=DIRECTION('',(1.E0,0.E0,0.E0));
#2458=AXIS2_PLACEMENT_3D('',#2455,#2456,#2457);
#2460=CURVE_STYLE('',#25,POSITIVE_LENGTH_MEASURE(2.E-2),#17);
#2461=PRESENTATION_STYLE_ASSIGNMENT((#2460));
#2462=STYLED_ITEM('',(#2461),#2459);
#2463=DIRECTION('',(8.715572588056E-2,9.297722184143E-8,-9.961946995674E-1));
#2464=VECTOR('',#2463,8.038198226908E-1);
#2465=CARTESIAN_POINT('',(-1.56E1,5.5E0,1.E0));
#2466=LINE('',#2465,#2464);
#2467=CURVE_STYLE('',#25,POSITIVE_LENGTH_MEASURE(2.E-2),#17);
#2468=PRESENTATION_STYLE_ASSIGNMENT((#2467));
#2469=STYLED_ITEM('',(#2468),#2466);
#2470=DIRECTION('',(-7.372773368101E-1,-1.446917775367E-7,6.755902076157E-1));
#2471=VECTOR('',#2470,2.949109232221E-1);
#2472=CARTESIAN_POINT('',(-1.531251135981E1,5.500000117408E0,
2.138047405786E-8));
#2473=LINE('',#2472,#2471);
#2474=CURVE_STYLE('',#25,POSITIVE_LENGTH_MEASURE(2.E-2),#17);
#2475=PRESENTATION_STYLE_ASSIGNMENT((#2474));
#2476=STYLED_ITEM('',(#2475),#2473);
#2477=DIRECTION('',(7.372773368101E-1,1.446917775367E-7,6.755902076157E-1));
#2478=VECTOR('',#2477,2.949109232221E-1);
#2479=CARTESIAN_POINT('',(-1.818748864019E1,5.499999882592E0,
2.138047043114E-8));
#2480=LINE('',#2479,#2478);
#2481=CURVE_STYLE('',#25,POSITIVE_LENGTH_MEASURE(2.E-2),#17);
#2482=PRESENTATION_STYLE_ASSIGNMENT((#2481));
#2483=STYLED_ITEM('',(#2482),#2480);
#2484=CARTESIAN_POINT('',(-1.675E1,5.5E0,1.992389396184E-1));
#2485=DIRECTION('',(0.E0,0.E0,1.E0));
#2486=DIRECTION('',(-1.E0,0.E0,0.E0));
#2487=AXIS2_PLACEMENT_3D('',#2484,#2485,#2486);
#2489=CURVE_STYLE('',#25,POSITIVE_LENGTH_MEASURE(2.E-2),#17);
#2490=PRESENTATION_STYLE_ASSIGNMENT((#2489));
#2491=STYLED_ITEM('',(#2490),#2488);
#2492=DIRECTION('',(-8.715572588057E-2,-9.297722184143E-8,-9.961946995674E-1));
#2493=VECTOR('',#2492,8.038198226908E-1);
#2494=CARTESIAN_POINT('',(-1.79E1,5.5E0,1.E0));
#2495=LINE('',#2494,#2493);
#2496=CURVE_STYLE('',#25,POSITIVE_LENGTH_MEASURE(2.E-2),#17);
#2497=PRESENTATION_STYLE_ASSIGNMENT((#2496));
#2498=STYLED_ITEM('',(#2497),#2495);
#2499=DIRECTION('',(-3.489949670250E-2,0.E0,9.993908270191E-1));
#2500=VECTOR('',#2499,1.000609544299E0);
#2501=CARTESIAN_POINT('',(-1.611507923051E1,5.5E0,1.E0));
#2502=LINE('',#2501,#2500);
#2503=CURVE_STYLE('',#25,POSITIVE_LENGTH_MEASURE(2.E-2),#17);
#2504=PRESENTATION_STYLE_ASSIGNMENT((#2503));
#2505=STYLED_ITEM('',(#2504),#2502);
#2506=DIRECTION('',(3.489949670250E-2,0.E0,9.993908270191E-1));
#2507=VECTOR('',#2506,1.000609544299E0);
#2508=CARTESIAN_POINT('',(-1.738492076949E1,5.5E0,1.E0));
#2509=LINE('',#2508,#2507);
#2510=CURVE_STYLE('',#25,POSITIVE_LENGTH_MEASURE(2.E-2),#17);
#2511=PRESENTATION_STYLE_ASSIGNMENT((#2510));
#2512=STYLED_ITEM('',(#2511),#2509);
#2513=CARTESIAN_POINT('',(-1.675E1,-5.5E0,1.992389396183E-1));
#2514=DIRECTION('',(0.E0,0.E0,1.E0));
#2515=DIRECTION('',(1.E0,0.E0,0.E0));
#2516=AXIS2_PLACEMENT_3D('',#2513,#2514,#2515);
#2518=CURVE_STYLE('',#25,POSITIVE_LENGTH_MEASURE(2.E-2),#17);
#2519=PRESENTATION_STYLE_ASSIGNMENT((#2518));
#2520=STYLED_ITEM('',(#2519),#2517);
#2521=DIRECTION('',(8.715572588056E-2,9.297722184143E-8,-9.961946995674E-1));
#2522=VECTOR('',#2521,8.038198226908E-1);
#2523=CARTESIAN_POINT('',(-1.56E1,-5.5E0,1.E0));
#2524=LINE('',#2523,#2522);
#2525=CURVE_STYLE('',#25,POSITIVE_LENGTH_MEASURE(2.E-2),#17);
#2526=PRESENTATION_STYLE_ASSIGNMENT((#2525));
#2527=STYLED_ITEM('',(#2526),#2524);
#2528=DIRECTION('',(-7.372773368101E-1,-1.446917775367E-7,6.755902076157E-1));
#2529=VECTOR('',#2528,2.949109232221E-1);
#2530=CARTESIAN_POINT('',(-1.531251135981E1,-5.499999882592E0,
2.138047420589E-8));
#2531=LINE('',#2530,#2529);
#2532=CURVE_STYLE('',#25,POSITIVE_LENGTH_MEASURE(2.E-2),#17);
#2533=PRESENTATION_STYLE_ASSIGNMENT((#2532));
#2534=STYLED_ITEM('',(#2533),#2531);
#2535=DIRECTION('',(7.372773368101E-1,1.446917775367E-7,6.755902076157E-1));
#2536=VECTOR('',#2535,2.949109232221E-1);
#2537=CARTESIAN_POINT('',(-1.818748864019E1,-5.500000117408E0,
2.138047131931E-8));
#2538=LINE('',#2537,#2536);
#2539=CURVE_STYLE('',#25,POSITIVE_LENGTH_MEASURE(2.E-2),#17);
#2540=PRESENTATION_STYLE_ASSIGNMENT((#2539));
#2541=STYLED_ITEM('',(#2540),#2538);
#2542=CARTESIAN_POINT('',(-1.675E1,-5.5E0,1.992389396183E-1));
#2543=DIRECTION('',(0.E0,0.E0,1.E0));
#2544=DIRECTION('',(-1.E0,0.E0,0.E0));
#2545=AXIS2_PLACEMENT_3D('',#2542,#2543,#2544);
#2547=CURVE_STYLE('',#25,POSITIVE_LENGTH_MEASURE(2.E-2),#17);
#2548=PRESENTATION_STYLE_ASSIGNMENT((#2547));
#2549=STYLED_ITEM('',(#2548),#2546);
#2550=DIRECTION('',(-8.715572588057E-2,-9.297722184143E-8,-9.961946995674E-1));
#2551=VECTOR('',#2550,8.038198226908E-1);
#2552=CARTESIAN_POINT('',(-1.79E1,-5.5E0,1.E0));
#2553=LINE('',#2552,#2551);
#2554=CURVE_STYLE('',#25,POSITIVE_LENGTH_MEASURE(2.E-2),#17);
#2555=PRESENTATION_STYLE_ASSIGNMENT((#2554));
#2556=STYLED_ITEM('',(#2555),#2553);
#2557=CARTESIAN_POINT('',(1.675E1,5.5E0,1.E0));
#2558=DIRECTION('',(0.E0,0.E0,1.E0));
#2559=DIRECTION('',(1.E0,0.E0,0.E0));
#2560=AXIS2_PLACEMENT_3D('',#2557,#2558,#2559);
#2562=CURVE_STYLE('',#25,POSITIVE_LENGTH_MEASURE(2.E-2),#17);
#2563=PRESENTATION_STYLE_ASSIGNMENT((#2562));
#2564=STYLED_ITEM('',(#2563),#2561);
#2565=DIRECTION('',(3.489949670250E-2,0.E0,9.993908270191E-1));
#2566=VECTOR('',#2565,1.000609544299E0);
#2567=CARTESIAN_POINT('',(1.611507923051E1,5.5E0,1.E0));
#2568=LINE('',#2567,#2566);
#2569=CURVE_STYLE('',#25,POSITIVE_LENGTH_MEASURE(2.E-2),#17);
#2570=PRESENTATION_STYLE_ASSIGNMENT((#2569));
#2571=STYLED_ITEM('',(#2570),#2568);
#2572=DIRECTION('',(-3.489949670250E-2,0.E0,9.993908270191E-1));
#2573=VECTOR('',#2572,1.000609544299E0);
#2574=CARTESIAN_POINT('',(1.738492076949E1,5.5E0,1.E0));
#2575=LINE('',#2574,#2573);
#2576=CURVE_STYLE('',#25,POSITIVE_LENGTH_MEASURE(2.E-2),#17);
#2577=PRESENTATION_STYLE_ASSIGNMENT((#2576));
#2578=STYLED_ITEM('',(#2577),#2575);
#2579=DIRECTION('',(1.829157246196E-2,-2.432740247282E-2,-9.995366906051E-1));
#2580=VECTOR('',#2579,5.002317620750E-1);
#2581=CARTESIAN_POINT('',(1.766456935231E1,6.197182113881E0,1.5E0));
#2582=LINE('',#2581,#2580);
#2583=CURVE_STYLE('',#25,POSITIVE_LENGTH_MEASURE(2.E-2),#17);
#2584=PRESENTATION_STYLE_ASSIGNMENT((#2583));
#2585=STYLED_ITEM('',(#2584),#2582);
#2586=CARTESIAN_POINT('',(1.675E1,5.5E0,1.5E0));
#2587=DIRECTION('',(0.E0,0.E0,1.E0));
#2588=DIRECTION('',(7.952776977187E-1,6.062453162799E-1,0.E0));
#2589=AXIS2_PLACEMENT_3D('',#2586,#2587,#2588);
#2591=CURVE_STYLE('',#25,POSITIVE_LENGTH_MEASURE(2.E-2),#17);
#2592=PRESENTATION_STYLE_ASSIGNMENT((#2591));
#2593=STYLED_ITEM('',(#2592),#2590);
#2594=DIRECTION('',(1.829157950937E-2,2.432740944477E-2,9.995366903064E-1));
#2595=VECTOR('',#2594,5.002317622245E-1);
#2596=CARTESIAN_POINT('',(1.582628061863E1,6.185012770981E0,1.E0));
#2597=LINE('',#2596,#2595);
#2598=CURVE_STYLE('',#25,POSITIVE_LENGTH_MEASURE(2.E-2),#17);
#2599=PRESENTATION_STYLE_ASSIGNMENT((#2598));
#2600=STYLED_ITEM('',(#2599),#2597);
#2601=CARTESIAN_POINT('',(1.675E1,5.5E0,1.E0));
#2602=DIRECTION('',(0.E0,0.E0,-1.E0));
#2603=DIRECTION('',(-8.032342236294E-1,5.956633126109E-1,0.E0));
#2604=AXIS2_PLACEMENT_3D('',#2601,#2602,#2603);
#2606=CURVE_STYLE('',#25,POSITIVE_LENGTH_MEASURE(2.E-2),#17);
#2607=PRESENTATION_STYLE_ASSIGNMENT((#2606));
#2608=STYLED_ITEM('',(#2607),#2605);
#2609=CARTESIAN_POINT('',(1.767371937783E1,6.185012774475E0,1.E0));
#2610=CARTESIAN_POINT('',(1.770546604352E1,6.142203336671E0,1.E0));
#2611=CARTESIAN_POINT('',(1.777838510050E1,6.070550253693E0,1.E0));
#2612=CARTESIAN_POINT('',(1.792126274230E1,5.998526344710E0,9.999999999998E-1));
#2613=CARTESIAN_POINT('',(1.802238523762E1,5.982539615261E0,1.E0));
#2614=CARTESIAN_POINT('',(1.807578819887E1,5.982539615233E0,1.E0));
#2616=CURVE_STYLE('',#25,POSITIVE_LENGTH_MEASURE(2.E-2),#17);
#2617=PRESENTATION_STYLE_ASSIGNMENT((#2616));
#2618=STYLED_ITEM('',(#2617),#2615);
#2619=CARTESIAN_POINT('',(1.806267249543E1,5.999999999986E0,1.5E0));
#2620=CARTESIAN_POINT('',(1.806475358155E1,5.997267383010E0,1.421748087698E0));
#2621=CARTESIAN_POINT('',(1.806902394429E1,5.991624705002E0,1.260162931061E0));
#2622=CARTESIAN_POINT('',(1.807350075590E1,5.985627129591E0,1.088414842741E0));
#2623=CARTESIAN_POINT('',(1.807578819887E1,5.982539615233E0,1.E0));
#2625=CURVE_STYLE('',#25,POSITIVE_LENGTH_MEASURE(2.E-2),#17);
#2626=PRESENTATION_STYLE_ASSIGNMENT((#2625));
#2627=STYLED_ITEM('',(#2626),#2624);
#2628=DIRECTION('',(-1.E0,-6.445676972361E-11,1.123887943429E-12));
#2629=VECTOR('',#2628,3.245058955581E-1);
#2630=CARTESIAN_POINT('',(1.840029409443E1,5.982539615254E0,1.E0));
#2631=LINE('',#2630,#2629);
#2632=CURVE_STYLE('',#25,POSITIVE_LENGTH_MEASURE(2.E-2),#17);
#2633=PRESENTATION_STYLE_ASSIGNMENT((#2632));
#2634=STYLED_ITEM('',(#2633),#2631);
#2635=CARTESIAN_POINT('',(1.840029409443E1,5.982539615254E0,1.E0));
#2636=CARTESIAN_POINT('',(1.840305840543E1,5.981431714055E0,9.682738606607E-1));
#2637=CARTESIAN_POINT('',(1.840861468435E1,5.979203978965E0,9.044798743664E-1));
#2638=CARTESIAN_POINT('',(1.841422620312E1,5.976952378341E0,8.400024685705E-1));
#2639=CARTESIAN_POINT('',(1.841704575453E1,5.975820611558E0,8.075929083350E-1));
#2641=CURVE_STYLE('',#25,POSITIVE_LENGTH_MEASURE(2.E-2),#17);
#2642=PRESENTATION_STYLE_ASSIGNMENT((#2641));
#2643=STYLED_ITEM('',(#2642),#2640);
#2644=CARTESIAN_POINT('',(1.841704575453E1,5.975820611558E0,8.075929083350E-1));
#2645=CARTESIAN_POINT('',(1.842194612800E1,5.979684163924E0,9.182305724373E-1));
#2646=CARTESIAN_POINT('',(1.843195699455E1,5.987577614212E0,1.144269414201E0));
#2647=CARTESIAN_POINT('',(1.844238787695E1,5.995803756092E0,1.379835296613E0));
#2648=CARTESIAN_POINT('',(1.844770826407E1,6.E0,1.5E0));
#2650=CURVE_STYLE('',#25,POSITIVE_LENGTH_MEASURE(2.E-2),#17);
#2651=PRESENTATION_STYLE_ASSIGNMENT((#2650));
#2652=STYLED_ITEM('',(#2651),#2649);
#2653=DIRECTION('',(5.230416403347E-2,-3.485172628559E-2,-9.980228612610E-1));
#2654=VECTOR('',#2653,1.302697448184E0);
#2655=CARTESIAN_POINT('',(1.079977167044E1,6.E0,1.5E0));
#2656=LINE('',#2655,#2654);
#2657=CURVE_STYLE('',#25,POSITIVE_LENGTH_MEASURE(2.E-2),#17);
#2658=PRESENTATION_STYLE_ASSIGNMENT((#2657));
#2659=STYLED_ITEM('',(#2658),#2656);
#2660=DIRECTION('',(1.E0,0.E0,0.E0));
#2661=VECTOR('',#2660,4.162298132656E0);
#2662=CARTESIAN_POINT('',(1.086790817145E1,5.954598745103E0,1.998781654059E-1));
#2663=LINE('',#2662,#2661);
#2664=CURVE_STYLE('',#25,POSITIVE_LENGTH_MEASURE(2.E-2),#17);
#2665=PRESENTATION_STYLE_ASSIGNMENT((#2664));
#2666=STYLED_ITEM('',(#2665),#2663);
#2667=CARTESIAN_POINT('',(1.503020630411E1,5.954598745103E0,1.998781654059E-1));
#2668=CARTESIAN_POINT('',(1.504114582312E1,5.959009863937E0,3.261960816076E-1));
#2669=CARTESIAN_POINT('',(1.506366376337E1,5.968077809081E0,5.858680555061E-1));
#2670=CARTESIAN_POINT('',(1.508747376458E1,5.977637126239E0,8.596110828351E-1));
#2671=CARTESIAN_POINT('',(1.509970590610E1,5.982539615254E0,1.E0));
#2673=CURVE_STYLE('',#25,POSITIVE_LENGTH_MEASURE(2.E-2),#17);
#2674=PRESENTATION_STYLE_ASSIGNMENT((#2673));
#2675=STYLED_ITEM('',(#2674),#2672);
#2676=DIRECTION('',(1.E0,-4.780475336824E-11,8.341061828107E-13));
#2677=VECTOR('',#2676,3.245058950307E-1);
#2678=CARTESIAN_POINT('',(1.509970590610E1,5.982539615254E0,1.E0));
#2679=LINE('',#2678,#2677);
#2680=CURVE_STYLE('',#25,POSITIVE_LENGTH_MEASURE(2.E-2),#17);
#2681=PRESENTATION_STYLE_ASSIGNMENT((#2680));
#2682=STYLED_ITEM('',(#2681),#2679);
#2683=CARTESIAN_POINT('',(1.542421180113E1,5.982539615239E0,1.E0));
#2684=CARTESIAN_POINT('',(1.542623402081E1,5.985269140134E0,1.078163366199E0));
#2685=CARTESIAN_POINT('',(1.543043828821E1,5.990908732654E0,1.239660165786E0));
#2686=CARTESIAN_POINT('',(1.543497378884E1,5.996909400361E0,1.411496805216E0));
#2687=CARTESIAN_POINT('',(1.543732750457E1,5.999999999988E0,1.5E0));
#2689=CURVE_STYLE('',#25,POSITIVE_LENGTH_MEASURE(2.E-2),#17);
#2690=PRESENTATION_STYLE_ASSIGNMENT((#2689));
#2691=STYLED_ITEM('',(#2690),#2688);
#2692=CARTESIAN_POINT('',(1.841704575478E1,5.476125197908E0,8.250426526670E-1));
#2693=DIRECTION('',(8.661774468372E-2,-3.476833114760E-2,-9.956347369669E-1));
#2694=DIRECTION('',(-9.960926008001E-1,1.426270174214E-2,-8.715564221778E-2));
#2695=AXIS2_PLACEMENT_3D('',#2692,#2693,#2694);
#2697=CURVE_STYLE('',#25,POSITIVE_LENGTH_MEASURE(2.E-2),#17);
#2698=PRESENTATION_STYLE_ASSIGNMENT((#2697));
#2699=STYLED_ITEM('',(#2698),#2696);
#2700=CARTESIAN_POINT('',(1.840029409443E1,5.982539615254E0,1.E0));
#2701=CARTESIAN_POINT('',(1.833215332835E1,5.982539615254E0,1.E0));
#2702=CARTESIAN_POINT('',(1.820670883824E1,5.957038489456E0,9.999999999999E-1));
#2703=CARTESIAN_POINT('',(1.803818319347E1,5.847336665724E0,1.E0));
#2704=CARTESIAN_POINT('',(1.792771770877E1,5.681639010203E0,9.999999999981E-1));
#2705=CARTESIAN_POINT('',(1.790061465504E1,5.556694271311E0,1.000000000004E0));
#2706=CARTESIAN_POINT('',(1.789994414461E1,5.488665783710E0,1.000000000004E0));
#2708=CURVE_STYLE('',#25,POSITIVE_LENGTH_MEASURE(2.E-2),#17);
#2709=PRESENTATION_STYLE_ASSIGNMENT((#2708));
#2710=STYLED_ITEM('',(#2709),#2707);
#2711=CARTESIAN_POINT('',(1.841704551930E1,5.476126517044E0,8.250455274950E-1));
#2712=DIRECTION('',(-7.346318955694E-2,4.139125626141E-1,9.073475355620E-1));
#2713=DIRECTION('',(9.572115407128E-1,2.846173176805E-1,-5.233592267884E-2));
#2714=AXIS2_PLACEMENT_3D('',#2711,#2712,#2713);
#2716=CURVE_STYLE('',#25,POSITIVE_LENGTH_MEASURE(2.E-2),#17);
#2717=PRESENTATION_STYLE_ASSIGNMENT((#2716));
#2718=STYLED_ITEM('',(#2717),#2715);
#2719=CARTESIAN_POINT('',(1.795735842580E1,5.324427181050E0,1.992385334231E-1));
#2720=CARTESIAN_POINT('',(1.796714401937E1,5.391289916253E0,1.985305774530E-1));
#2721=CARTESIAN_POINT('',(1.801366148566E1,5.524435935556E0,1.960261996893E-1));
#2722=CARTESIAN_POINT('',(1.814559580786E1,5.672701529245E0,1.912953791033E-1));
#2723=CARTESIAN_POINT('',(1.831978664711E1,5.758507506550E0,1.883290698275E-1));
#2724=CARTESIAN_POINT('',(1.851227097708E1,5.770847860112E0,1.889749004979E-1));
#2725=CARTESIAN_POINT('',(1.869732064563E1,5.706999029221E0,1.927790508325E-1));
#2726=CARTESIAN_POINT('',(1.884713570473E1,5.577695978837E0,1.973306567432E-1));
#2727=CARTESIAN_POINT('',(1.891244676845E1,5.449644306818E0,1.993014704907E-1));
#2728=CARTESIAN_POINT('',(1.893121613700E1,5.383725718909E0,1.997259466473E-1));
#2730=CURVE_STYLE('',#25,POSITIVE_LENGTH_MEASURE(2.E-2),#17);
#2731=PRESENTATION_STYLE_ASSIGNMENT((#2730));
#2732=STYLED_ITEM('',(#2731),#2729);
#2733=DIRECTION('',(-7.296039441542E-1,1.060976222306E-1,6.755896529933E-1));
#2734=VECTOR('',#2733,2.949113837377E-1);
#2735=CARTESIAN_POINT('',(1.817252693455E1,5.293137784466E0,
-5.459800259307E-7));
#2736=LINE('',#2735,#2734);
#2737=CURVE_STYLE('',#25,POSITIVE_LENGTH_MEASURE(2.E-2),#17);
#2738=PRESENTATION_STYLE_ASSIGNMENT((#2737));
#2739=STYLED_ITEM('',(#2738),#2736);
#2740=DIRECTION('',(6.977090703628E-1,1.984174429734E-1,6.883549748911E-1));
#2741=VECTOR('',#2740,2.901495167405E-1);
#2742=CARTESIAN_POINT('',(1.872877618741E1,5.326154993718E0,8.333666319989E-8));
#2743=LINE('',#2742,#2741);
#2744=CURVE_STYLE('',#25,POSITIVE_LENGTH_MEASURE(2.E-2),#17);
#2745=PRESENTATION_STYLE_ASSIGNMENT((#2744));
#2746=STYLED_ITEM('',(#2745),#2743);
#2747=DIRECTION('',(7.176967384259E-1,1.052572118192E-1,6.883547857122E-1));
#2748=VECTOR('',#2747,2.901497488801E-1);
#2749=CARTESIAN_POINT('',(1.926530052518E1,2.825449037890E0,
-8.333185045709E-8));
#2750=LINE('',#2749,#2748);
#2751=CURVE_STYLE('',#25,POSITIVE_LENGTH_MEASURE(2.E-2),#17);
#2752=PRESENTATION_STYLE_ASSIGNMENT((#2751));
#2753=STYLED_ITEM('',(#2752),#2750);
#2754=DIRECTION('',(-1.678492706493E-8,-7.163019429119E-1,6.977904603681E-1));
#2755=VECTOR('',#2754,2.865207771643E-1);
#2756=CARTESIAN_POINT('',(1.897877870352E1,2.489278882059E0,0.E0));
#2757=LINE('',#2756,#2755);
#2758=CURVE_STYLE('',#25,POSITIVE_LENGTH_MEASURE(2.E-2),#17);
#2759=PRESENTATION_STYLE_ASSIGNMENT((#2758));
#2760=STYLED_ITEM('',(#2759),#2757);
#2761=DIRECTION('',(2.093863521862E-8,-7.163019434246E-1,6.977904598417E-1));
#2762=VECTOR('',#2761,2.865207708102E-1);
#2763=CARTESIAN_POINT('',(1.774999998076E1,2.489278867286E0,1.467838692260E-8));
#2764=LINE('',#2763,#2762);
#2765=CURVE_STYLE('',#25,POSITIVE_LENGTH_MEASURE(2.E-2),#17);
#2766=PRESENTATION_STYLE_ASSIGNMENT((#2765));
#2767=STYLED_ITEM('',(#2766),#2764);
#2768=DIRECTION('',(-1.397705491906E-7,7.163019434246E-1,6.977904598417E-1));
#2769=VECTOR('',#2768,2.865207714759E-1);
#2770=CARTESIAN_POINT('',(1.775000012842E1,-2.489278868815E0,
1.318892043263E-8));
#2771=LINE('',#2770,#2769);
#2772=CURVE_STYLE('',#25,POSITIVE_LENGTH_MEASURE(2.E-2),#17);
#2773=PRESENTATION_STYLE_ASSIGNMENT((#2772));
#2774=STYLED_ITEM('',(#2773),#2771);
#2775=DIRECTION('',(-1.678493946443E-8,7.163019429119E-1,6.977904603681E-1));
#2776=VECTOR('',#2775,2.865207771643E-1);
#2777=CARTESIAN_POINT('',(1.897877870352E1,-2.489278882059E0,0.E0));
#2778=LINE('',#2777,#2776);
#2779=CURVE_STYLE('',#25,POSITIVE_LENGTH_MEASURE(2.E-2),#17);
#2780=PRESENTATION_STYLE_ASSIGNMENT((#2779));
#2781=STYLED_ITEM('',(#2780),#2778);
#2782=CARTESIAN_POINT('',(1.897877869871E1,-2.284043492692E0,
1.999314650025E-1));
#2783=CARTESIAN_POINT('',(1.904983869029E1,-2.284044588351E0,
1.998893445175E-1));
#2784=CARTESIAN_POINT('',(1.919389617410E1,-2.315228126274E0,
1.997713378372E-1));
#2785=CARTESIAN_POINT('',(1.936907234889E1,-2.447029937295E0,
1.996182646511E-1));
#2786=CARTESIAN_POINT('',(1.947388271591E1,-2.639197534346E0,
1.995939662643E-1));
#2787=CARTESIAN_POINT('',(1.948382357438E1,-2.785852541671E0,
1.996753546586E-1));
#2788=CARTESIAN_POINT('',(1.947354003296E1,-2.855989388338E0,
1.997259068895E-1));
#2790=CURVE_STYLE('',#25,POSITIVE_LENGTH_MEASURE(2.E-2),#17);
#2791=PRESENTATION_STYLE_ASSIGNMENT((#2790));
#2792=STYLED_ITEM('',(#2791),#2789);
#2793=CARTESIAN_POINT('',(1.905258337534E1,-2.25E0,1.5E0));
#2794=CARTESIAN_POINT('',(1.910895738898E1,-2.25E0,1.499999999995E0));
#2795=CARTESIAN_POINT('',(1.922232878217E1,-2.269158765298E0,1.499999999990E0));
#2796=CARTESIAN_POINT('',(1.937501962591E1,-2.354489195692E0,1.499999999984E0));
#2797=CARTESIAN_POINT('',(1.949007907631E1,-2.487348550405E0,1.499999999984E0));
#2798=CARTESIAN_POINT('',(1.955264737352E1,-2.649852595385E0,1.499999999969E0));
#2799=CARTESIAN_POINT('',(1.955558896630E1,-2.764892587360E0,1.499999999996E0));
#2800=CARTESIAN_POINT('',(1.954752111759E1,-2.820800978010E0,1.499999999997E0));
#2802=CURVE_STYLE('',#25,POSITIVE_LENGTH_MEASURE(2.E-2),#17);
#2803=PRESENTATION_STYLE_ASSIGNMENT((#2802));
#2804=STYLED_ITEM('',(#2803),#2801);
#2805=CARTESIAN_POINT('',(1.905258337534E1,-2.25E0,1.5E0));
#2806=CARTESIAN_POINT('',(1.904813423798E1,-2.252053664495E0,1.578426282966E0));
#2807=CARTESIAN_POINT('',(1.903895646513E1,-2.256289489339E0,1.740185907612E0));
#2808=CARTESIAN_POINT('',(1.902921925782E1,-2.260782305242E0,1.911759624850E0));
#2809=CARTESIAN_POINT('',(1.902421067892E1,-2.263092960785E0,2.E0));
#2811=CURVE_STYLE('',#25,POSITIVE_LENGTH_MEASURE(2.E-2),#17);
#2812=PRESENTATION_STYLE_ASSIGNMENT((#2811));
#2813=STYLED_ITEM('',(#2812),#2810);
#2814=DIRECTION('',(-1.E0,0.E0,0.E0));
#2815=VECTOR('',#2814,1.302583375340E0);
#2816=CARTESIAN_POINT('',(1.905258337534E1,-2.25E0,1.5E0));
#2817=LINE('',#2816,#2815);
#2818=CURVE_STYLE('',#25,POSITIVE_LENGTH_MEASURE(2.E-2),#17);
#2819=PRESENTATION_STYLE_ASSIGNMENT((#2818));
#2820=STYLED_ITEM('',(#2819),#2817);
#2821=DIRECTION('',(1.E0,-7.582110646150E-9,-7.380292746877E-9));
#2822=VECTOR('',#2821,1.228778610335E0);
#2823=CARTESIAN_POINT('',(1.775000008838E1,-2.284043483375E0,
1.999314740713E-1));
#2824=LINE('',#2823,#2822);
#2825=CURVE_STYLE('',#25,POSITIVE_LENGTH_MEASURE(2.E-2),#17);
#2826=PRESENTATION_STYLE_ASSIGNMENT((#2825));
#2827=STYLED_ITEM('',(#2826),#2824);
#2828=CARTESIAN_POINT('',(1.897877869871E1,-2.284043492692E0,
1.999314650025E-1));
#2829=CARTESIAN_POINT('',(1.898643036502E1,-2.280516520959E0,
3.346210814520E-1));
#2830=CARTESIAN_POINT('',(1.900209656888E1,-2.273293766798E0,
6.104469347464E-1));
#2831=CARTESIAN_POINT('',(1.902639971543E1,-2.262083963524E0,1.038532050836E0));
#2832=CARTESIAN_POINT('',(1.904370360413E1,-2.254098788004E0,1.343473601127E0));
#2833=CARTESIAN_POINT('',(1.905258337534E1,-2.25E0,1.5E0));
#2835=CURVE_STYLE('',#25,POSITIVE_LENGTH_MEASURE(2.E-2),#17);
#2836=PRESENTATION_STYLE_ASSIGNMENT((#2835));
#2837=STYLED_ITEM('',(#2836),#2834);
#2838=CARTESIAN_POINT('',(0.E0,0.E0,2.000685232623E0));
#2839=DIRECTION('',(0.E0,0.E0,-1.E0));
#2840=DIRECTION('',(6.150958643371E-1,7.884523306297E-1,0.E0));
#2841=AXIS2_PLACEMENT_3D('',#2838,#2839,#2840);
#2843=CURVE_STYLE('',#25,POSITIVE_LENGTH_MEASURE(2.E-2),#17);
#2844=PRESENTATION_STYLE_ASSIGNMENT((#2843));
#2845=STYLED_ITEM('',(#2844),#2842);
#2846=DIRECTION('',(-1.652118252227E-2,-5.329064329348E-2,9.984423658206E-1));
#2847=VECTOR('',#2846,5.013952148741E-1);
#2848=CARTESIAN_POINT('',(1.214022321810E1,1.557810900638E1,1.5E0));
#2849=LINE('',#2848,#2847);
#2850=CURVE_STYLE('',#25,POSITIVE_LENGTH_MEASURE(2.E-2),#17);
#2851=PRESENTATION_STYLE_ASSIGNMENT((#2850));
#2852=STYLED_ITEM('',(#2851),#2849);
#2853=DIRECTION('',(5.675873282162E-2,-2.700694599800E-2,-9.980225804642E-1));
#2854=VECTOR('',#2853,5.009906687355E-1);
#2855=CARTESIAN_POINT('',(1.951908552207E1,2.834331205946E0,2.E0));
#2856=LINE('',#2855,#2854);
#2857=CURVE_STYLE('',#25,POSITIVE_LENGTH_MEASURE(2.E-2),#17);
#2858=PRESENTATION_STYLE_ASSIGNMENT((#2857));
#2859=STYLED_ITEM('',(#2858),#2856);
#2860=CARTESIAN_POINT('',(0.E0,0.E0,2.E0));
#2861=DIRECTION('',(0.E0,0.E0,1.E0));
#2862=DIRECTION('',(9.896211364617E-1,1.437011004417E-1,0.E0));
#2863=AXIS2_PLACEMENT_3D('',#2860,#2861,#2862);
#2865=CURVE_STYLE('',#25,POSITIVE_LENGTH_MEASURE(2.E-2),#17);
#2866=PRESENTATION_STYLE_ASSIGNMENT((#2865));
#2867=STYLED_ITEM('',(#2866),#2864);
#2868=CARTESIAN_POINT('',(0.E0,0.E0,2.000685232623E0));
#2869=DIRECTION('',(0.E0,0.E0,1.E0));
#2870=DIRECTION('',(-6.150958643371E-1,7.884523306297E-1,0.E0));
#2871=AXIS2_PLACEMENT_3D('',#2868,#2869,#2870);
#2873=CURVE_STYLE('',#25,POSITIVE_LENGTH_MEASURE(2.E-2),#17);
#2874=PRESENTATION_STYLE_ASSIGNMENT((#2873));
#2875=STYLED_ITEM('',(#2874),#2872);
#2876=CARTESIAN_POINT('',(0.E0,0.E0,2.E0));
#2877=DIRECTION('',(0.E0,0.E0,1.E0));
#2878=DIRECTION('',(-9.308669075433E-1,3.653584547273E-1,0.E0));
#2879=AXIS2_PLACEMENT_3D('',#2876,#2877,#2878);
#2881=CURVE_STYLE('',#25,POSITIVE_LENGTH_MEASURE(2.E-2),#17);
#2882=PRESENTATION_STYLE_ASSIGNMENT((#2881));
#2883=STYLED_ITEM('',(#2882),#2880);
#2884=DIRECTION('',(5.675873282254E-2,2.700694599763E-2,9.980225804641E-1));
#2885=VECTOR('',#2884,5.009906687388E-1);
#2886=CARTESIAN_POINT('',(-1.954752111759E1,2.820800978010E0,1.499999999997E0));
#2887=LINE('',#2886,#2885);
#2888=CURVE_STYLE('',#25,POSITIVE_LENGTH_MEASURE(2.E-2),#17);
#2889=PRESENTATION_STYLE_ASSIGNMENT((#2888));
#2890=STYLED_ITEM('',(#2889),#2887);
#2891=DIRECTION('',(-1.649370062673E-2,5.330844355456E-2,-9.984418699581E-1));
#2892=VECTOR('',#2891,5.013940385611E-1);
#2893=CARTESIAN_POINT('',(-1.213195337494E1,1.555138047058E1,2.000612801447E0));
#2894=LINE('',#2893,#2892);
#2895=CURVE_STYLE('',#25,POSITIVE_LENGTH_MEASURE(2.E-2),#17);
#2896=PRESENTATION_STYLE_ASSIGNMENT((#2895));
#2897=STYLED_ITEM('',(#2896),#2894);
#2898=CARTESIAN_POINT('',(0.E0,0.E0,2.000685232623E0));
#2899=DIRECTION('',(0.E0,0.E0,-1.E0));
#2900=DIRECTION('',(-6.150958643371E-1,-7.884523306297E-1,0.E0));
#2901=AXIS2_PLACEMENT_3D('',#2898,#2899,#2900);
#2903=CURVE_STYLE('',#25,POSITIVE_LENGTH_MEASURE(2.E-2),#17);
#2904=PRESENTATION_STYLE_ASSIGNMENT((#2903));
#2905=STYLED_ITEM('',(#2904),#2902);
#2906=DIRECTION('',(1.643162085237E-2,5.347474151952E-2,9.984340007510E-1));
#2907=VECTOR('',#2906,5.014448007973E-1);
#2908=CARTESIAN_POINT('',(-1.214022321810E1,-1.557810900638E1,1.5E0));
#2909=LINE('',#2908,#2907);
#2910=CURVE_STYLE('',#25,POSITIVE_LENGTH_MEASURE(2.E-2),#17);
#2911=PRESENTATION_STYLE_ASSIGNMENT((#2910));
#2912=STYLED_ITEM('',(#2911),#2909);
#2913=DIRECTION('',(-5.675873282161E-2,2.700694599801E-2,-9.980225804642E-1));
#2914=VECTOR('',#2913,5.009906687355E-1);
#2915=CARTESIAN_POINT('',(-1.951908552207E1,-2.834331205946E0,2.E0));
#2916=LINE('',#2915,#2914);
#2917=CURVE_STYLE('',#25,POSITIVE_LENGTH_MEASURE(2.E-2),#17);
#2918=PRESENTATION_STYLE_ASSIGNMENT((#2917));
#2919=STYLED_ITEM('',(#2918),#2916);
#2920=CARTESIAN_POINT('',(0.E0,0.E0,2.E0));
#2921=DIRECTION('',(0.E0,0.E0,1.E0));
#2922=DIRECTION('',(-9.896211364617E-1,-1.437011004417E-1,0.E0));
#2923=AXIS2_PLACEMENT_3D('',#2920,#2921,#2922);
#2925=CURVE_STYLE('',#25,POSITIVE_LENGTH_MEASURE(2.E-2),#17);
#2926=PRESENTATION_STYLE_ASSIGNMENT((#2925));
#2927=STYLED_ITEM('',(#2926),#2924);
#2928=CARTESIAN_POINT('',(0.E0,0.E0,2.000685232623E0));
#2929=DIRECTION('',(0.E0,0.E0,1.E0));
#2930=DIRECTION('',(6.150958643371E-1,-7.884523306297E-1,0.E0));
#2931=AXIS2_PLACEMENT_3D('',#2928,#2929,#2930);
#2933=CURVE_STYLE('',#25,POSITIVE_LENGTH_MEASURE(2.E-2),#17);
#2934=PRESENTATION_STYLE_ASSIGNMENT((#2933));
#2935=STYLED_ITEM('',(#2934),#2932);
#2936=CARTESIAN_POINT('',(0.E0,0.E0,2.E0));
#2937=DIRECTION('',(0.E0,0.E0,1.E0));
#2938=DIRECTION('',(9.308669075433E-1,-3.653584547273E-1,0.E0));
#2939=AXIS2_PLACEMENT_3D('',#2936,#2937,#2938);
#2941=CURVE_STYLE('',#25,POSITIVE_LENGTH_MEASURE(2.E-2),#17);
#2942=PRESENTATION_STYLE_ASSIGNMENT((#2941));
#2943=STYLED_ITEM('',(#2942),#2940);
#2944=DIRECTION('',(-5.675873282255E-2,-2.700694599761E-2,9.980225804641E-1));
#2945=VECTOR('',#2944,5.009906687388E-1);
#2946=CARTESIAN_POINT('',(1.954752111759E1,-2.820800978010E0,1.499999999997E0));
#2947=LINE('',#2946,#2945);
#2948=CURVE_STYLE('',#25,POSITIVE_LENGTH_MEASURE(2.E-2),#17);
#2949=PRESENTATION_STYLE_ASSIGNMENT((#2948));
#2950=STYLED_ITEM('',(#2949),#2947);
#2951=DIRECTION('',(1.643268723662E-2,-5.347185492596E-2,-9.984341377983E-1));
#2952=VECTOR('',#2951,5.014439158770E-1);
#2953=CARTESIAN_POINT('',(1.213198314707E1,-1.555129587006E1,2.000658723803E0));
#2954=LINE('',#2953,#2952);
#2955=CURVE_STYLE('',#25,POSITIVE_LENGTH_MEASURE(2.E-2),#17);
#2956=PRESENTATION_STYLE_ASSIGNMENT((#2955));
#2957=STYLED_ITEM('',(#2956),#2954);
#2958=CARTESIAN_POINT('',(0.E0,0.E0,1.5E0));
#2959=DIRECTION('',(0.E0,0.E0,1.E0));
#2960=DIRECTION('',(9.583084470374E-1,2.857357526402E-1,0.E0));
#2961=AXIS2_PLACEMENT_3D('',#2958,#2959,#2960);
#2963=CURVE_STYLE('',#25,POSITIVE_LENGTH_MEASURE(2.E-2),#17);
#2964=PRESENTATION_STYLE_ASSIGNMENT((#2963));
#2965=STYLED_ITEM('',(#2964),#2962);
#2966=DIRECTION('',(1.E0,0.E0,0.E0));
#2967=VECTOR('',#2966,4.010482734300E0);
#2968=CARTESIAN_POINT('',(1.079977167044E1,1.05E1,1.5E0));
#2969=LINE('',#2968,#2967);
#2970=CURVE_STYLE('',#25,POSITIVE_LENGTH_MEASURE(2.E-2),#17);
#2971=PRESENTATION_STYLE_ASSIGNMENT((#2970));
#2972=STYLED_ITEM('',(#2971),#2969);
#2973=DIRECTION('',(0.E0,-1.E0,0.E0));
#2974=VECTOR('',#2973,5.498781932435E0);
#2975=CARTESIAN_POINT('',(1.03E1,1.099939096622E1,1.5E0));
#2976=LINE('',#2975,#2974);
#2977=CURVE_STYLE('',#25,POSITIVE_LENGTH_MEASURE(2.E-2),#17);
#2978=PRESENTATION_STYLE_ASSIGNMENT((#2977));
#2979=STYLED_ITEM('',(#2978),#2976);
#2980=DIRECTION('',(-1.E0,2.582820476233E-12,-3.600550567490E-14));
#2981=VECTOR('',#2980,4.637555834135E0);
#2982=CARTESIAN_POINT('',(1.543732750457E1,5.999999999988E0,1.5E0));
#2983=LINE('',#2982,#2981);
#2984=CURVE_STYLE('',#25,POSITIVE_LENGTH_MEASURE(2.E-2),#17);
#2985=PRESENTATION_STYLE_ASSIGNMENT((#2984));
#2986=STYLED_ITEM('',(#2985),#2983);
#2987=CARTESIAN_POINT('',(1.583543064768E1,6.197182113878E0,1.5E0));
#2988=CARTESIAN_POINT('',(1.580361268230E1,6.155443039645E0,1.5E0));
#2989=CARTESIAN_POINT('',(1.573094343549E1,6.085591515321E0,1.5E0));
#2990=CARTESIAN_POINT('',(1.558984690791E1,6.015590767010E0,1.5E0));
#2991=CARTESIAN_POINT('',(1.548999991819E1,5.999999999999E0,1.5E0));
#2992=CARTESIAN_POINT('',(1.543732750457E1,5.999999999988E0,1.5E0));
#2994=CURVE_STYLE('',#25,POSITIVE_LENGTH_MEASURE(2.E-2),#17);
#2995=PRESENTATION_STYLE_ASSIGNMENT((#2994));
#2996=STYLED_ITEM('',(#2995),#2993);
#2997=CARTESIAN_POINT('',(1.806267249543E1,5.999999999986E0,1.5E0));
#2998=CARTESIAN_POINT('',(1.801000008181E1,6.E0,1.5E0));
#2999=CARTESIAN_POINT('',(1.791015309209E1,6.015590767010E0,1.5E0));
#3000=CARTESIAN_POINT('',(1.776905656450E1,6.085591515319E0,1.5E0));
#3001=CARTESIAN_POINT('',(1.769638731770E1,6.155443039641E0,1.5E0));
#3002=CARTESIAN_POINT('',(1.766456935231E1,6.197182113881E0,1.5E0));
#3004=CURVE_STYLE('',#25,POSITIVE_LENGTH_MEASURE(2.E-2),#17);
#3005=PRESENTATION_STYLE_ASSIGNMENT((#3004));
#3006=STYLED_ITEM('',(#3005),#3003);
#3007=DIRECTION('',(-1.E0,-3.553767688217E-11,4.942196074260E-13));
#3008=VECTOR('',#3007,3.850357686370E-1);
#3009=CARTESIAN_POINT('',(1.844770826407E1,6.E0,1.5E0));
#3010=LINE('',#3009,#3008);
#3011=CURVE_STYLE('',#25,POSITIVE_LENGTH_MEASURE(2.E-2),#17);
#3012=PRESENTATION_STYLE_ASSIGNMENT((#3011));
#3013=STYLED_ITEM('',(#3012),#3010);
#3014=CARTESIAN_POINT('',(1.25E1,8.25E0,1.5E0));
#3015=DIRECTION('',(0.E0,0.E0,-1.E0));
#3016=DIRECTION('',(-1.E0,0.E0,0.E0));
#3017=AXIS2_PLACEMENT_3D('',#3014,#3015,#3016);
#3019=CURVE_STYLE('',#25,POSITIVE_LENGTH_MEASURE(2.E-2),#17);
#3020=PRESENTATION_STYLE_ASSIGNMENT((#3019));
#3021=STYLED_ITEM('',(#3020),#3018);
#3022=DIRECTION('',(-5.233595624294E-2,0.E0,9.986295347546E-1));
#3023=VECTOR('',#3022,2.002744691996E0);
#3024=CARTESIAN_POINT('',(1.365240777928E1,8.25E0,1.5E0));
#3025=LINE('',#3024,#3023);
#3026=CURVE_STYLE('',#25,POSITIVE_LENGTH_MEASURE(2.E-2),#17);
#3027=PRESENTATION_STYLE_ASSIGNMENT((#3026));
#3028=STYLED_ITEM('',(#3027),#3025);
#3029=DIRECTION('',(-5.233595624294E-2,0.E0,-9.986295347546E-1));
#3030=VECTOR('',#3029,2.002744691996E0);
#3031=CARTESIAN_POINT('',(1.145240777928E1,8.25E0,3.5E0));
#3032=LINE('',#3031,#3030);
#3033=CURVE_STYLE('',#25,POSITIVE_LENGTH_MEASURE(2.E-2),#17);
#3034=PRESENTATION_STYLE_ASSIGNMENT((#3033));
#3035=STYLED_ITEM('',(#3034),#3032);
#3036=CARTESIAN_POINT('',(1.25E1,8.25E0,1.5E0));
#3037=DIRECTION('',(0.E0,0.E0,-1.E0));
#3038=DIRECTION('',(1.E0,0.E0,0.E0));
#3039=AXIS2_PLACEMENT_3D('',#3036,#3037,#3038);
#3041=CURVE_STYLE('',#25,POSITIVE_LENGTH_MEASURE(2.E-2),#17);
#3042=PRESENTATION_STYLE_ASSIGNMENT((#3041));
#3043=STYLED_ITEM('',(#3042),#3040);
#3044=CARTESIAN_POINT('',(1.25E1,8.25E0,3.5E0));
#3045=DIRECTION('',(0.E0,0.E0,-1.E0));
#3046=DIRECTION('',(-1.E0,0.E0,0.E0));
#3047=AXIS2_PLACEMENT_3D('',#3044,#3045,#3046);
#3049=CURVE_STYLE('',#25,POSITIVE_LENGTH_MEASURE(2.E-2),#17);
#3050=PRESENTATION_STYLE_ASSIGNMENT((#3049));
#3051=STYLED_ITEM('',(#3050),#3048);
#3052=CARTESIAN_POINT('',(1.25E1,8.25E0,3.5E0));
#3053=DIRECTION('',(0.E0,0.E0,-1.E0));
#3054=DIRECTION('',(1.E0,0.E0,0.E0));
#3055=AXIS2_PLACEMENT_3D('',#3052,#3053,#3054);
#3057=CURVE_STYLE('',#25,POSITIVE_LENGTH_MEASURE(2.E-2),#17);
#3058=PRESENTATION_STYLE_ASSIGNMENT((#3057));
#3059=STYLED_ITEM('',(#3058),#3056);
#3060=DIRECTION('',(0.E0,-1.E0,0.E0));
#3061=VECTOR('',#3060,2.5E0);
#3062=CARTESIAN_POINT('',(1.040481555857E1,8.25E0,3.5E0));
#3063=LINE('',#3062,#3061);
#3064=CURVE_STYLE('',#25,POSITIVE_LENGTH_MEASURE(2.E-2),#17);
#3065=PRESENTATION_STYLE_ASSIGNMENT((#3064));
#3066=STYLED_ITEM('',(#3065),#3063);
#3067=CARTESIAN_POINT('',(1.25E1,8.25E0,3.5E0));
#3068=DIRECTION('',(0.E0,0.E0,1.E0));
#3069=DIRECTION('',(-3.052523229075E-1,9.522715050654E-1,0.E0));
#3070=AXIS2_PLACEMENT_3D('',#3067,#3068,#3069);
#3072=CURVE_STYLE('',#25,POSITIVE_LENGTH_MEASURE(2.E-2),#17);
#3073=PRESENTATION_STYLE_ASSIGNMENT((#3072));
#3074=STYLED_ITEM('',(#3073),#3071);
#3075=DIRECTION('',(-1.E0,0.E0,0.E0));
#3076=VECTOR('',#3075,1.279119835335E0);
#3077=CARTESIAN_POINT('',(1.313955991767E1,1.024518444143E1,3.5E0));
#3078=LINE('',#3077,#3076);
#3079=CURVE_STYLE('',#25,POSITIVE_LENGTH_MEASURE(2.E-2),#17);
#3080=PRESENTATION_STYLE_ASSIGNMENT((#3079));
#3081=STYLED_ITEM('',(#3080),#3078);
#3082=CARTESIAN_POINT('',(1.25E1,8.25E0,3.5E0));
#3083=DIRECTION('',(0.E0,0.E0,1.E0));
#3084=DIRECTION('',(1.E0,0.E0,0.E0));
#3085=AXIS2_PLACEMENT_3D('',#3082,#3083,#3084);
#3087=CURVE_STYLE('',#25,POSITIVE_LENGTH_MEASURE(2.E-2),#17);
#3088=PRESENTATION_STYLE_ASSIGNMENT((#3087));
#3089=STYLED_ITEM('',(#3088),#3086);
#3090=DIRECTION('',(0.E0,1.E0,0.E0));
#3091=VECTOR('',#3090,2.5E0);
#3092=CARTESIAN_POINT('',(1.459518444143E1,5.75E0,3.5E0));
#3093=LINE('',#3092,#3091);
#3094=CURVE_STYLE('',#25,POSITIVE_LENGTH_MEASURE(2.E-2),#17);
#3095=PRESENTATION_STYLE_ASSIGNMENT((#3094));
#3096=STYLED_ITEM('',(#3095),#3093);
#3097=CARTESIAN_POINT('',(1.185229756512E1,1.029759222072E1,2.5E0));
#3098=CARTESIAN_POINT('',(1.185319791920E1,1.029176060545E1,2.611273848056E0));
#3099=CARTESIAN_POINT('',(1.185500150419E1,1.028010306022E1,2.833713061985E0));
#3100=CARTESIAN_POINT('',(1.185771562712E1,1.026263376093E1,3.167047149670E0));
#3101=CARTESIAN_POINT('',(1.185953093522E1,1.025099898199E1,3.389051956944E0));
#3102=CARTESIAN_POINT('',(1.186044008233E1,1.024518444143E1,3.5E0));
#3104=CURVE_STYLE('',#25,POSITIVE_LENGTH_MEASURE(2.E-2),#17);
#3105=PRESENTATION_STYLE_ASSIGNMENT((#3104));
#3106=STYLED_ITEM('',(#3105),#3103);
#3107=CARTESIAN_POINT('',(1.314770243488E1,1.029759222072E1,2.5E0));
#3108=CARTESIAN_POINT('',(1.314680208080E1,1.029176060545E1,2.611273848056E0));
#3109=CARTESIAN_POINT('',(1.314499849581E1,1.028010306022E1,2.833713061985E0));
#3110=CARTESIAN_POINT('',(1.314228437288E1,1.026263376093E1,3.167047149670E0));
#3111=CARTESIAN_POINT('',(1.314046906478E1,1.025099898199E1,3.389051956944E0));
#3112=CARTESIAN_POINT('',(1.313955991767E1,1.024518444143E1,3.5E0));
#3114=CURVE_STYLE('',#25,POSITIVE_LENGTH_MEASURE(2.E-2),#17);
#3115=PRESENTATION_STYLE_ASSIGNMENT((#3114));
#3116=STYLED_ITEM('',(#3115),#3113);
#3117=DIRECTION('',(-5.233595624294E-2,0.E0,9.986295347546E-1));
#3118=VECTOR('',#3117,1.001372345998E0);
#3119=CARTESIAN_POINT('',(1.464759222072E1,8.25E0,2.5E0));
#3120=LINE('',#3119,#3118);
#3121=CURVE_STYLE('',#25,POSITIVE_LENGTH_MEASURE(2.E-2),#17);
#3122=PRESENTATION_STYLE_ASSIGNMENT((#3121));
#3123=STYLED_ITEM('',(#3122),#3120);
#3124=DIRECTION('',(-5.233595624294E-2,0.E0,9.986295347546E-1));
#3125=VECTOR('',#3124,1.001372345998E0);
#3126=CARTESIAN_POINT('',(1.464759222072E1,5.75E0,2.5E0));
#3127=LINE('',#3126,#3125);
#3128=CURVE_STYLE('',#25,POSITIVE_LENGTH_MEASURE(2.E-2),#17);
#3129=PRESENTATION_STYLE_ASSIGNMENT((#3128));
#3130=STYLED_ITEM('',(#3129),#3127);
#3131=DIRECTION('',(-2.617694830787E-2,0.E0,9.996573249756E-1));
#3132=VECTOR('',#3131,1.500514188736E0);
#3133=CARTESIAN_POINT('',(1.513690703922E1,5.75E0,2.5E0));
#3134=LINE('',#3133,#3132);
#3135=CURVE_STYLE('',#25,POSITIVE_LENGTH_MEASURE(2.E-2),#17);
#3136=PRESENTATION_STYLE_ASSIGNMENT((#3135));
#3137=STYLED_ITEM('',(#3136),#3134);
#3138=DIRECTION('',(1.E0,0.E0,0.E0));
#3139=VECTOR('',#3138,4.190368882868E0);
#3140=CARTESIAN_POINT('',(1.040481555857E1,5.75E0,3.5E0));
#3141=LINE('',#3140,#3139);
#3142=CURVE_STYLE('',#25,POSITIVE_LENGTH_MEASURE(2.E-2),#17);
#3143=PRESENTATION_STYLE_ASSIGNMENT((#3142));
#3144=STYLED_ITEM('',(#3143),#3141);
#3145=DIRECTION('',(-2.616798426498E-2,2.616798426498E-2,9.993150019884E-1));
#3146=VECTOR('',#3145,2.001370935111E0);
#3147=CARTESIAN_POINT('',(1.515E1,1.047628156862E0,2.E0));
#3148=LINE('',#3147,#3146);
#3149=CURVE_STYLE('',#25,POSITIVE_LENGTH_MEASURE(2.E-2),#17);
#3150=PRESENTATION_STYLE_ASSIGNMENT((#3149));
#3151=STYLED_ITEM('',(#3150),#3148);
#3152=DIRECTION('',(2.607740498452E-2,-8.712610340223E-2,-9.958559188232E-1));
#3153=VECTOR('',#3152,5.020806630249E-1);
#3154=CARTESIAN_POINT('',(1.513690703922E1,7.25E0,2.5E0));
#3155=LINE('',#3154,#3153);
#3156=CURVE_STYLE('',#25,POSITIVE_LENGTH_MEASURE(2.E-2),#17);
#3157=PRESENTATION_STYLE_ASSIGNMENT((#3156));
#3158=STYLED_ITEM('',(#3157),#3155);
#3159=CARTESIAN_POINT('',(1.556984083820E1,1.047628156862E0,2.E0));
#3160=CARTESIAN_POINT('',(1.557097882342E1,1.045586971536E0,1.922050277276E0));
#3161=CARTESIAN_POINT('',(1.557333516864E1,1.041363625979E0,1.760767217372E0));
#3162=CARTESIAN_POINT('',(1.557585304756E1,1.036858330909E0,1.588716939978E0));
#3163=CARTESIAN_POINT('',(1.557715258134E1,1.034535196077E0,1.5E0));
#3165=CURVE_STYLE('',#25,POSITIVE_LENGTH_MEASURE(2.E-2),#17);
#3166=PRESENTATION_STYLE_ASSIGNMENT((#3165));
#3167=STYLED_ITEM('',(#3166),#3164);
#3168=DIRECTION('',(-1.E0,3.210444097388E-14,0.E0));
#3169=VECTOR('',#3168,5.277152581341E0);
#3170=CARTESIAN_POINT('',(1.557715258134E1,1.034535196077E0,1.5E0));
#3171=LINE('',#3170,#3169);
#3172=CURVE_STYLE('',#25,POSITIVE_LENGTH_MEASURE(2.E-2),#17);
#3173=PRESENTATION_STYLE_ASSIGNMENT((#3172));
#3174=STYLED_ITEM('',(#3173),#3171);
#3175=DIRECTION('',(5.231807111546E-2,2.614109824195E-2,9.982882661924E-1));
#3176=VECTOR('',#3175,2.504286672161E0);
#3177=CARTESIAN_POINT('',(1.03E1,1.034535196077E0,1.5E0));
#3178=LINE('',#3177,#3176);
#3179=CURVE_STYLE('',#25,POSITIVE_LENGTH_MEASURE(2.E-2),#17);
#3180=PRESENTATION_STYLE_ASSIGNMENT((#3179));
#3181=STYLED_ITEM('',(#3180),#3178);
#3182=DIRECTION('',(1.E0,-2.982872216907E-13,0.E0));
#3183=VECTOR('',#3182,4.198408381957E-1);
#3184=CARTESIAN_POINT('',(1.515E1,1.047628156862E0,2.E0));
#3185=LINE('',#3184,#3183);
#3186=CURVE_STYLE('',#25,POSITIVE_LENGTH_MEASURE(2.E-2),#17);
#3187=PRESENTATION_STYLE_ASSIGNMENT((#3186));
#3188=STYLED_ITEM('',(#3187),#3185);
#3189=CARTESIAN_POINT('',(1.583270439420E1,1.177487817346E0,1.499999999998E0));
#3190=CARTESIAN_POINT('',(1.581434443821E1,1.147592422728E0,1.499999999998E0));
#3191=CARTESIAN_POINT('',(1.577019825331E1,1.097462581695E0,1.500000000001E0));
#3192=CARTESIAN_POINT('',(1.567856423524E1,1.046071435488E0,1.5E0));
#3193=CARTESIAN_POINT('',(1.561245730752E1,1.034535196077E0,1.5E0));
#3194=CARTESIAN_POINT('',(1.557715258134E1,1.034535196077E0,1.5E0));
#3196=CURVE_STYLE('',#25,POSITIVE_LENGTH_MEASURE(2.E-2),#17);
#3197=PRESENTATION_STYLE_ASSIGNMENT((#3196));
#3198=STYLED_ITEM('',(#3197),#3195);
#3199=DIRECTION('',(0.E0,-1.E0,0.E0));
#3200=VECTOR('',#3199,2.531135212861E0);
#3201=CARTESIAN_POINT('',(1.381546480392E1,4.515567606430E0,4.E0));
#3202=LINE('',#3201,#3200);
#3203=CURVE_STYLE('',#25,POSITIVE_LENGTH_MEASURE(2.E-2),#17);
#3204=PRESENTATION_STYLE_ASSIGNMENT((#3203));
#3205=STYLED_ITEM('',(#3204),#3202);
#3206=DIRECTION('',(1.E0,0.E0,0.E0));
#3207=VECTOR('',#3206,2.784548017142E0);
#3208=CARTESIAN_POINT('',(1.073101958929E1,4.815464803923E0,4.E0));
#3209=LINE('',#3208,#3207);
#3210=CURVE_STYLE('',#25,POSITIVE_LENGTH_MEASURE(2.E-2),#17);
#3211=PRESENTATION_STYLE_ASSIGNMENT((#3210));
#3212=STYLED_ITEM('',(#3211),#3209);
#3213=CARTESIAN_POINT('',(1.043101944821E1,5.115156502097E0,4.E0));
#3214=CARTESIAN_POINT('',(1.043101944821E1,5.015207862221E0,4.E0));
#3215=CARTESIAN_POINT('',(1.050674382413E1,4.891034958396E0,4.E0));
#3216=CARTESIAN_POINT('',(1.063107094941E1,4.815464803923E0,4.E0));
#3217=CARTESIAN_POINT('',(1.073101958929E1,4.815464803923E0,4.E0));
#3219=CURVE_STYLE('',#25,POSITIVE_LENGTH_MEASURE(2.E-2),#17);
#3220=PRESENTATION_STYLE_ASSIGNMENT((#3219));
#3221=STYLED_ITEM('',(#3220),#3218);
#3222=DIRECTION('',(0.E0,-1.E0,0.E0));
#3223=VECTOR('',#3222,6.348434979034E-1);
#3224=CARTESIAN_POINT('',(1.043101944821E1,5.75E0,4.E0));
#3225=LINE('',#3224,#3223);
#3226=CURVE_STYLE('',#25,POSITIVE_LENGTH_MEASURE(2.E-2),#17);
#3227=PRESENTATION_STYLE_ASSIGNMENT((#3226));
#3228=STYLED_ITEM('',(#3227),#3225);
#3229=DIRECTION('',(-1.E0,0.E0,0.E0));
#3230=VECTOR('',#3229,4.666608708654E0);
#3231=CARTESIAN_POINT('',(1.509762815686E1,5.75E0,4.E0));
#3232=LINE('',#3231,#3230);
#3233=CURVE_STYLE('',#25,POSITIVE_LENGTH_MEASURE(2.E-2),#17);
#3234=PRESENTATION_STYLE_ASSIGNMENT((#3233));
#3235=STYLED_ITEM('',(#3234),#3232);
#3236=DIRECTION('',(0.E0,1.E0,0.E0));
#3237=VECTOR('',#3236,4.65E0);
#3238=CARTESIAN_POINT('',(1.509762815686E1,1.1E0,4.E0));
#3239=LINE('',#3238,#3237);
#3240=CURVE_STYLE('',#25,POSITIVE_LENGTH_MEASURE(2.E-2),#17);
#3241=PRESENTATION_STYLE_ASSIGNMENT((#3240));
#3242=STYLED_ITEM('',(#3241),#3239);
#3243=DIRECTION('',(1.E0,0.E0,0.E0));
#3244=VECTOR('',#3243,4.666608708654E0);
#3245=CARTESIAN_POINT('',(1.043101944821E1,1.1E0,4.E0));
#3246=LINE('',#3245,#3244);
#3247=CURVE_STYLE('',#25,POSITIVE_LENGTH_MEASURE(2.E-2),#17);
#3248=PRESENTATION_STYLE_ASSIGNMENT((#3247));
#3249=STYLED_ITEM('',(#3248),#3246);
#3250=DIRECTION('',(0.E0,-1.E0,0.E0));
#3251=VECTOR('',#3250,2.848434979034E-1);
#3252=CARTESIAN_POINT('',(1.043101944821E1,1.384843497903E0,4.E0));
#3253=LINE('',#3252,#3251);
#3254=CURVE_STYLE('',#25,POSITIVE_LENGTH_MEASURE(2.E-2),#17);
#3255=PRESENTATION_STYLE_ASSIGNMENT((#3254));
#3256=STYLED_ITEM('',(#3255),#3253);
#3257=CARTESIAN_POINT('',(1.073101958929E1,1.684535196077E0,4.E0));
#3258=CARTESIAN_POINT('',(1.063107094941E1,1.684535196077E0,4.E0));
#3259=CARTESIAN_POINT('',(1.050674382413E1,1.608965041604E0,4.E0));
#3260=CARTESIAN_POINT('',(1.043101944821E1,1.484792137779E0,4.E0));
#3261=CARTESIAN_POINT('',(1.043101944821E1,1.384843497903E0,4.E0));
#3263=CURVE_STYLE('',#25,POSITIVE_LENGTH_MEASURE(2.E-2),#17);
#3264=PRESENTATION_STYLE_ASSIGNMENT((#3263));
#3265=STYLED_ITEM('',(#3264),#3262);
#3266=DIRECTION('',(-1.E0,0.E0,0.E0));
#3267=VECTOR('',#3266,2.784548017142E0);
#3268=CARTESIAN_POINT('',(1.351556760643E1,1.684535196077E0,4.E0));
#3269=LINE('',#3268,#3267);
#3270=CURVE_STYLE('',#25,POSITIVE_LENGTH_MEASURE(2.E-2),#17);
#3271=PRESENTATION_STYLE_ASSIGNMENT((#3270));
#3272=STYLED_ITEM('',(#3271),#3269);
#3273=DIRECTION('',(2.616856224823E-2,-2.531043901020E-2,9.993370742782E-1));
#3274=VECTOR('',#3273,2.502135315708E0);
#3275=CARTESIAN_POINT('',(1.374998752016E1,2.047762536873E0,1.499523414153E0));
#3276=LINE('',#3275,#3274);
#3277=CURVE_STYLE('',#25,POSITIVE_LENGTH_MEASURE(2.E-2),#17);
#3278=PRESENTATION_STYLE_ASSIGNMENT((#3277));
#3279=STYLED_ITEM('',(#3278),#3276);
#3280=DIRECTION('',(0.E0,1.E0,0.E0));
#3281=VECTOR('',#3280,2.404474926254E0);
#3282=CARTESIAN_POINT('',(1.374998752016E1,2.047762536873E0,1.499523414153E0));
#3283=LINE('',#3282,#3281);
#3284=CURVE_STYLE('',#25,POSITIVE_LENGTH_MEASURE(2.E-2),#17);
#3285=PRESENTATION_STYLE_ASSIGNMENT((#3284));
#3286=STYLED_ITEM('',(#3285),#3283);
#3287=DIRECTION('',(2.616856224823E-2,2.531043901020E-2,9.993370742782E-1));
#3288=VECTOR('',#3287,2.502135315708E0);
#3289=CARTESIAN_POINT('',(1.374998752016E1,4.452237463127E0,1.499523414153E0));
#3290=LINE('',#3289,#3288);
#3291=CURVE_STYLE('',#25,POSITIVE_LENGTH_MEASURE(2.E-2),#17);
#3292=PRESENTATION_STYLE_ASSIGNMENT((#3291));
#3293=STYLED_ITEM('',(#3292),#3290);
#3294=CARTESIAN_POINT('',(1.374998752016E1,2.047762536873E0,1.499523414153E0));
#3295=CARTESIAN_POINT('',(1.374998752016E1,2.015565199417E0,1.499523414153E0));
#3296=CARTESIAN_POINT('',(1.373943703359E1,1.958079835624E0,1.498865361818E0));
#3297=CARTESIAN_POINT('',(1.370442460175E1,1.885412298436E0,1.490141582494E0));
#3298=CARTESIAN_POINT('',(1.365691098952E1,1.830330585422E0,1.478734399788E0));
#3299=CARTESIAN_POINT('',(1.360568802812E1,1.792416422300E0,1.466851605987E0));
#3300=CARTESIAN_POINT('',(1.354958527619E1,1.766365912630E0,1.455862846558E0));
#3301=CARTESIAN_POINT('',(1.349292157301E1,1.752963369674E0,1.449989871618E0));
#3302=CARTESIAN_POINT('',(1.346176827501E1,1.751059118874E0,1.459553881980E0));
#3303=CARTESIAN_POINT('',(1.344929432798E1,1.750808474528E0,1.469125603410E0));
#3305=CURVE_STYLE('',#25,POSITIVE_LENGTH_MEASURE(2.E-2),#17);
#3306=PRESENTATION_STYLE_ASSIGNMENT((#3305));
#3307=STYLED_ITEM('',(#3306),#3304);
#3308=CARTESIAN_POINT('',(1.381546480392E1,1.984432393570E0,4.E0));
#3309=CARTESIAN_POINT('',(1.381546480392E1,1.884466661072E0,4.E0));
#3310=CARTESIAN_POINT('',(1.373977974889E1,1.760220251108E0,4.E0));
#3311=CARTESIAN_POINT('',(1.361553333893E1,1.684535196077E0,4.E0));
#3312=CARTESIAN_POINT('',(1.351556760643E1,1.684535196077E0,4.E0));
#3314=CURVE_STYLE('',#25,POSITIVE_LENGTH_MEASURE(2.E-2),#17);
#3315=PRESENTATION_STYLE_ASSIGNMENT((#3314));
#3316=STYLED_ITEM('',(#3315),#3313);
#3317=DIRECTION('',(-1.E0,0.E0,0.E0));
#3318=VECTOR('',#3317,2.790089577345E0);
#3319=CARTESIAN_POINT('',(1.339008971843E1,1.75E0,1.5E0));
#3320=LINE('',#3319,#3318);
#3321=CURVE_STYLE('',#25,POSITIVE_LENGTH_MEASURE(2.E-2),#17);
#3322=PRESENTATION_STYLE_ASSIGNMENT((#3321));
#3323=STYLED_ITEM('',(#3322),#3320);
#3324=DIRECTION('',(2.616798426498E-2,-2.616798426498E-2,9.993150019884E-1));
#3325=VECTOR('',#3324,2.532609228876E0);
#3326=CARTESIAN_POINT('',(1.344929432798E1,1.750808474528E0,1.469125603410E0));
#3327=LINE('',#3326,#3325);
#3328=CURVE_STYLE('',#25,POSITIVE_LENGTH_MEASURE(2.E-2),#17);
#3329=PRESENTATION_STYLE_ASSIGNMENT((#3328));
#3330=STYLED_ITEM('',(#3329),#3327);
#3331=DIRECTION('',(5.231807111546E-2,-2.614109824195E-2,9.982882661924E-1));
#3332=VECTOR('',#3331,2.504286672161E0);
#3333=CARTESIAN_POINT('',(1.060000014108E1,1.75E0,1.5E0));
#3334=LINE('',#3333,#3332);
#3335=CURVE_STYLE('',#25,POSITIVE_LENGTH_MEASURE(2.E-2),#17);
#3336=PRESENTATION_STYLE_ASSIGNMENT((#3335));
#3337=STYLED_ITEM('',(#3336),#3334);
#3338=DIRECTION('',(1.E0,-7.340140395306E-12,-2.811318403913E-10));
#3339=VECTOR('',#3338,3.623008923706E0);
#3340=CARTESIAN_POINT('',(1.066813386932E1,1.715956507308E0,1.999314650165E-1));
#3341=LINE('',#3340,#3339);
#3342=CURVE_STYLE('',#25,POSITIVE_LENGTH_MEASURE(2.E-2),#17);
#3343=PRESENTATION_STYLE_ASSIGNMENT((#3342));
#3344=STYLED_ITEM('',(#3343),#3341);
#3345=DIRECTION('',(5.695077857604E-1,-2.151708340382E-2,-8.217042637592E-1));
#3346=VECTOR('',#3345,1.582161117254E0);
#3347=CARTESIAN_POINT('',(1.339008971843E1,1.75E0,1.5E0));
#3348=LINE('',#3347,#3346);
#3349=CURVE_STYLE('',#25,POSITIVE_LENGTH_MEASURE(2.E-2),#17);
#3350=PRESENTATION_STYLE_ASSIGNMENT((#3349));
#3351=STYLED_ITEM('',(#3350),#3348);
#3352=DIRECTION('',(-5.231808904067E-2,2.614109821737E-2,9.982882652536E-1));
#3353=VECTOR('',#3352,1.302297723247E0);
#3354=CARTESIAN_POINT('',(1.066813386932E1,1.715956507308E0,1.999314650165E-1));
#3355=LINE('',#3354,#3353);
#3356=CURVE_STYLE('',#25,POSITIVE_LENGTH_MEASURE(2.E-2),#17);
#3357=PRESENTATION_STYLE_ASSIGNMENT((#3356));
#3358=STYLED_ITEM('',(#3357),#3355);
#3359=DIRECTION('',(6.473886177983E-8,7.163019424823E-1,6.977904608090E-1));
#3360=VECTOR('',#3359,2.865207770033E-1);
#3361=CARTESIAN_POINT('',(1.066813385077E1,1.510721118179E0,0.E0));
#3362=LINE('',#3361,#3360);
#3363=CURVE_STYLE('',#25,POSITIVE_LENGTH_MEASURE(2.E-2),#17);
#3364=PRESENTATION_STYLE_ASSIGNMENT((#3363));
#3365=STYLED_ITEM('',(#3364),#3362);
#3366=DIRECTION('',(7.811311078132E-8,7.163019813935E-1,6.977904208655E-1));
#3367=VECTOR('',#3366,2.865207919448E-1);
#3368=CARTESIAN_POINT('',(1.429114277065E1,1.510721096301E0,0.E0));
#3369=LINE('',#3368,#3367);
#3370=CURVE_STYLE('',#25,POSITIVE_LENGTH_MEASURE(2.E-2),#17);
#3371=PRESENTATION_STYLE_ASSIGNMENT((#3370));
#3372=STYLED_ITEM('',(#3371),#3369);
#3373=DIRECTION('',(-8.859005641565E-1,2.417719723165E-7,4.638751884150E-1));
#3374=VECTOR('',#3373,3.543602258279E-1);
#3375=CARTESIAN_POINT('',(1.498927888333E1,2.010653280636E0,0.E0));
#3376=LINE('',#3375,#3374);
#3377=CURVE_STYLE('',#25,POSITIVE_LENGTH_MEASURE(2.E-2),#17);
#3378=PRESENTATION_STYLE_ASSIGNMENT((#3377));
#3379=STYLED_ITEM('',(#3378),#3376);
#3380=DIRECTION('',(-8.859005641565E-1,-2.417704709661E-7,4.638751884151E-1));
#3381=VECTOR('',#3380,3.543602258279E-1);
#3382=CARTESIAN_POINT('',(1.498927888333E1,4.489346719364E0,0.E0));
#3383=LINE('',#3382,#3381);
#3384=CURVE_STYLE('',#25,POSITIVE_LENGTH_MEASURE(2.E-2),#17);
#3385=PRESENTATION_STYLE_ASSIGNMENT((#3384));
#3386=STYLED_ITEM('',(#3385),#3383);
#3387=DIRECTION('',(7.811288139063E-8,-7.163019813935E-1,6.977904208655E-1));
#3388=VECTOR('',#3387,2.865207919448E-1);
#3389=CARTESIAN_POINT('',(1.429114277065E1,4.989278903699E0,0.E0));
#3390=LINE('',#3389,#3388);
#3391=CURVE_STYLE('',#25,POSITIVE_LENGTH_MEASURE(2.E-2),#17);
#3392=PRESENTATION_STYLE_ASSIGNMENT((#3391));
#3393=STYLED_ITEM('',(#3392),#3390);
#3394=DIRECTION('',(6.473883698084E-8,-7.163019424823E-1,6.977904608090E-1));
#3395=VECTOR('',#3394,2.865207770033E-1);
#3396=CARTESIAN_POINT('',(1.066813385077E1,4.989278881821E0,0.E0));
#3397=LINE('',#3396,#3395);
#3398=CURVE_STYLE('',#25,POSITIVE_LENGTH_MEASURE(2.E-2),#17);
#3399=PRESENTATION_STYLE_ASSIGNMENT((#3398));
#3400=STYLED_ITEM('',(#3399),#3397);
#3401=DIRECTION('',(-7.253743711058E-1,-7.829827751733E-8,6.883545755953E-1));
#3402=VECTOR('',#3401,2.901497484155E-1);
#3403=CARTESIAN_POINT('',(1.057861166896E1,5.083740572979E0,0.E0));
#3404=LINE('',#3403,#3402);
#3405=CURVE_STYLE('',#25,POSITIVE_LENGTH_MEASURE(2.E-2),#17);
#3406=PRESENTATION_STYLE_ASSIGNMENT((#3405));
#3407=STYLED_ITEM('',(#3406),#3404);
#3408=DIRECTION('',(-7.253743713084E-1,-2.046259550557E-8,6.883545753817E-1));
#3409=VECTOR('',#3408,2.901497485348E-1);
#3410=CARTESIAN_POINT('',(1.057861166910E1,5.455202469381E0,0.E0));
#3411=LINE('',#3410,#3409);
#3412=CURVE_STYLE('',#25,POSITIVE_LENGTH_MEASURE(2.E-2),#17);
#3413=PRESENTATION_STYLE_ASSIGNMENT((#3412));
#3414=STYLED_ITEM('',(#3413),#3411);
#3415=DIRECTION('',(6.125406515219E-9,7.193398002691E-1,6.946583705310E-1));
#3416=VECTOR('',#3415,2.877359201087E-1);
#3417=CARTESIAN_POINT('',(1.086790816969E1,5.747618845802E0,0.E0));
#3418=LINE('',#3417,#3416);
#3419=CURVE_STYLE('',#25,POSITIVE_LENGTH_MEASURE(2.E-2),#17);
#3420=PRESENTATION_STYLE_ASSIGNMENT((#3419));
#3421=STYLED_ITEM('',(#3420),#3418);
#3422=DIRECTION('',(-3.244950027767E-9,7.193398002543E-1,6.946583705463E-1));
#3423=VECTOR('',#3422,2.877359201023E-1);
#3424=CARTESIAN_POINT('',(1.503020630504E1,5.747618845811E0,0.E0));
#3425=LINE('',#3424,#3423);
#3426=CURVE_STYLE('',#25,POSITIVE_LENGTH_MEASURE(2.E-2),#17);
#3427=PRESENTATION_STYLE_ASSIGNMENT((#3426));
#3428=STYLED_ITEM('',(#3427),#3425);
#3429=DIRECTION('',(7.370338793789E-1,1.896967227570E-2,6.755895293604E-1));
#3430=VECTOR('',#3429,2.949109272066E-1);
#3431=CARTESIAN_POINT('',(1.531298673272E1,5.463014545070E0,5.640410004985E-7));
#3432=LINE('',#3431,#3430);
#3433=CURVE_STYLE('',#25,POSITIVE_LENGTH_MEASURE(2.E-2),#17);
#3434=PRESENTATION_STYLE_ASSIGNMENT((#3433));
#3435=STYLED_ITEM('',(#3434),#3432);
#3436=CARTESIAN_POINT('',(1.675E1,5.5E0,1.992390871186E-1));
#3437=DIRECTION('',(0.E0,0.E0,1.E0));
#3438=DIRECTION('',(-9.996689519271E-1,-2.572909934168E-2,0.E0));
#3439=AXIS2_PLACEMENT_3D('',#3436,#3437,#3438);
#3441=CURVE_STYLE('',#25,POSITIVE_LENGTH_MEASURE(2.E-2),#17);
#3442=PRESENTATION_STYLE_ASSIGNMENT((#3441));
#3443=STYLED_ITEM('',(#3442),#3440);
#3444=CARTESIAN_POINT('',(1.795735842580E1,5.324427181050E0,1.992385334231E-1));
#3445=CARTESIAN_POINT('',(1.795418661090E1,5.338612324683E0,2.584451681574E-1));
#3446=CARTESIAN_POINT('',(1.794731017241E1,5.368749008228E0,3.806604014551E-1));
#3447=CARTESIAN_POINT('',(1.793501240745E1,5.420163372097E0,5.738209286557E-1));
#3448=CARTESIAN_POINT('',(1.792483004739E1,5.460744785528E0,7.111396964725E-1));
#3449=CARTESIAN_POINT('',(1.791899958238E1,5.483257418645E0,7.814634782365E-1));
#3451=CURVE_STYLE('',#25,POSITIVE_LENGTH_MEASURE(2.E-2),#17);
#3452=PRESENTATION_STYLE_ASSIGNMENT((#3451));
#3453=STYLED_ITEM('',(#3452),#3450);
#3454=DIRECTION('',(8.683967862142E-2,-2.464706871599E-2,-9.959173621444E-1));
#3455=VECTOR('',#3454,2.194323847281E-1);
#3456=CARTESIAN_POINT('',(1.789994414461E1,5.488665783710E0,1.000000000004E0));
#3457=LINE('',#3456,#3455);
#3458=CURVE_STYLE('',#25,POSITIVE_LENGTH_MEASURE(2.E-2),#17);
#3459=PRESENTATION_STYLE_ASSIGNMENT((#3458));
#3460=STYLED_ITEM('',(#3459),#3457);
#3461=CARTESIAN_POINT('',(1.675E1,5.5E0,1.E0));
#3462=DIRECTION('',(0.E0,0.E0,-1.E0));
#3463=DIRECTION('',(9.999514300258E-1,-9.855840367992E-3,0.E0));
#3464=AXIS2_PLACEMENT_3D('',#3461,#3462,#3463);
#3466=CURVE_STYLE('',#25,POSITIVE_LENGTH_MEASURE(2.E-2),#17);
#3467=PRESENTATION_STYLE_ASSIGNMENT((#3466));
#3468=STYLED_ITEM('',(#3467),#3465);
#3469=DIRECTION('',(8.669945027133E-2,2.494513808449E-2,9.959221583079E-1));
#3470=VECTOR('',#3469,8.040394470215E-1);
#3471=CARTESIAN_POINT('',(1.553034607747E1,5.468608908710E0,1.992392985557E-1));
#3472=LINE('',#3471,#3470);
#3473=CURVE_STYLE('',#25,POSITIVE_LENGTH_MEASURE(2.E-2),#17);
#3474=PRESENTATION_STYLE_ASSIGNMENT((#3473));
#3475=STYLED_ITEM('',(#3474),#3472);
#3476=CARTESIAN_POINT('',(1.503020630411E1,5.954598745103E0,1.998781654059E-1));
#3477=CARTESIAN_POINT('',(1.509437938795E1,5.954596058277E0,1.998011983923E-1));
#3478=CARTESIAN_POINT('',(1.522423266903E1,5.929362866717E0,1.995807306094E-1));
#3479=CARTESIAN_POINT('',(1.538857632103E1,5.821647858720E0,1.992436054492E-1));
#3480=CARTESIAN_POINT('',(1.550028706603E1,5.660604593243E0,1.990887894278E-1));
#3481=CARTESIAN_POINT('',(1.552869867453E1,5.532370512292E0,1.991669584708E-1));
#3482=CARTESIAN_POINT('',(1.553034607747E1,5.468608908710E0,1.992392985557E-1));
#3484=CURVE_STYLE('',#25,POSITIVE_LENGTH_MEASURE(2.E-2),#17);
#3485=PRESENTATION_STYLE_ASSIGNMENT((#3484));
#3486=STYLED_ITEM('',(#3485),#3483);
#3487=CARTESIAN_POINT('',(1.560005585552E1,5.488665783741E0,9.999999999981E-1));
#3488=CARTESIAN_POINT('',(1.559938534507E1,5.556694271675E0,9.999999999981E-1));
#3489=CARTESIAN_POINT('',(1.557228229135E1,5.681639011056E0,1.000000000001E0));
#3490=CARTESIAN_POINT('',(1.546181680677E1,5.847336665630E0,9.999999999998E-1));
#3491=CARTESIAN_POINT('',(1.529329116306E1,5.957038489112E0,1.E0));
#3492=CARTESIAN_POINT('',(1.516784667252E1,5.982539615254E0,1.E0));
#3493=CARTESIAN_POINT('',(1.509970590610E1,5.982539615254E0,1.E0));
#3495=CURVE_STYLE('',#25,POSITIVE_LENGTH_MEASURE(2.E-2),#17);
#3496=PRESENTATION_STYLE_ASSIGNMENT((#3495));
#3497=STYLED_ITEM('',(#3496),#3494);
#3498=CARTESIAN_POINT('',(1.079977167044E1,6.E0,1.5E0));
#3499=CARTESIAN_POINT('',(1.063324456433E1,6.E0,1.5E0));
#3500=CARTESIAN_POINT('',(1.042610545457E1,5.874084897542E0,1.5E0));
#3501=CARTESIAN_POINT('',(1.03E1,5.667136139892E0,1.5E0));
#3502=CARTESIAN_POINT('',(1.03E1,5.500609033783E0,1.5E0));
#3504=CURVE_STYLE('',#25,POSITIVE_LENGTH_MEASURE(2.E-2),#17);
#3505=PRESENTATION_STYLE_ASSIGNMENT((#3504));
#3506=STYLED_ITEM('',(#3505),#3503);
#3507=CARTESIAN_POINT('',(1.036814447768E1,5.455202463444E0,1.997259069498E-1));
#3508=CARTESIAN_POINT('',(1.036814696719E1,5.520326724947E0,1.996784199865E-1));
#3509=CARTESIAN_POINT('',(1.039429195282E1,5.652101002352E0,1.995992279233E-1));
#3510=CARTESIAN_POINT('',(1.050587008162E1,5.817973644467E0,1.996004902206E-1));
#3511=CARTESIAN_POINT('',(1.067135351507E1,5.928540136852E0,1.997187822812E-1));
#3512=CARTESIAN_POINT('',(1.080291548995E1,5.954597091684E0,1.998307737835E-1));
#3513=CARTESIAN_POINT('',(1.086790817145E1,5.954598745103E0,1.998781654059E-1));
#3515=CURVE_STYLE('',#25,POSITIVE_LENGTH_MEASURE(2.E-2),#17);
#3516=PRESENTATION_STYLE_ASSIGNMENT((#3515));
#3517=STYLED_ITEM('',(#3516),#3514);
#3518=DIRECTION('',(-5.226442765867E-2,-5.226443865890E-2,9.972646880609E-1));
#3519=VECTOR('',#3518,1.303840503554E0);
#3520=CARTESIAN_POINT('',(1.036814447768E1,1.346937791074E1,1.997259069422E-1));
#3521=LINE('',#3520,#3519);
#3522=CURVE_STYLE('',#25,POSITIVE_LENGTH_MEASURE(2.E-2),#17);
#3523=PRESENTATION_STYLE_ASSIGNMENT((#3522));
#3524=STYLED_ITEM('',(#3523),#3521);
#3525=DIRECTION('',(-5.230416184058E-2,-3.485172510841E-2,9.980228614171E-1));
#3526=VECTOR('',#3525,1.302850008069E0);
#3527=CARTESIAN_POINT('',(1.036814447768E1,1.104479753656E1,1.997259069498E-1));
#3528=LINE('',#3527,#3526);
#3529=CURVE_STYLE('',#25,POSITIVE_LENGTH_MEASURE(2.E-2),#17);
#3530=PRESENTATION_STYLE_ASSIGNMENT((#3529));
#3531=STYLED_ITEM('',(#3530),#3528);
#3532=DIRECTION('',(1.633798489026E-13,1.E0,-3.127272553454E-12));
#3533=VECTOR('',#3532,2.424580374184E0);
#3534=CARTESIAN_POINT('',(1.036814447768E1,1.104479753656E1,1.997259069498E-1));
#3535=LINE('',#3534,#3533);
#3536=CURVE_STYLE('',#25,POSITIVE_LENGTH_MEASURE(2.E-2),#17);
#3537=PRESENTATION_STYLE_ASSIGNMENT((#3536));
#3538=STYLED_ITEM('',(#3537),#3535);
#3539=DIRECTION('',(-5.226442766379E-2,5.226443678732E-2,9.972646881587E-1));
#3540=VECTOR('',#3539,1.303840503424E0);
#3541=CARTESIAN_POINT('',(1.036814447768E1,-1.346937790829E1,
1.997259069437E-1));
#3542=LINE('',#3541,#3540);
#3543=CURVE_STYLE('',#25,POSITIVE_LENGTH_MEASURE(2.E-2),#17);
#3544=PRESENTATION_STYLE_ASSIGNMENT((#3543));
#3545=STYLED_ITEM('',(#3544),#3542);
#3546=DIRECTION('',(4.964278165703E-14,1.E0,-9.440631034530E-13));
#3547=VECTOR('',#3546,1.488563735803E1);
#3548=CARTESIAN_POINT('',(1.036814447768E1,-1.346937790829E1,
1.997259069437E-1));
#3549=LINE('',#3548,#3547);
#3550=CURVE_STYLE('',#25,POSITIVE_LENGTH_MEASURE(2.E-2),#17);
#3551=PRESENTATION_STYLE_ASSIGNMENT((#3550));
#3552=STYLED_ITEM('',(#3551),#3549);
#3553=DIRECTION('',(-5.231807113996E-2,2.614108034061E-2,9.982882666599E-1));
#3554=VECTOR('',#3553,1.302503631963E0);
#3555=CARTESIAN_POINT('',(1.036814447768E1,1.416259449739E0,1.997259069296E-1));
#3556=LINE('',#3555,#3554);
#3557=CURVE_STYLE('',#25,POSITIVE_LENGTH_MEASURE(2.E-2),#17);
#3558=PRESENTATION_STYLE_ASSIGNMENT((#3557));
#3559=STYLED_ITEM('',(#3558),#3556);
#3560=DIRECTION('',(5.230416184058E-2,-3.485172510841E-2,-9.980228614171E-1));
#3561=VECTOR('',#3560,1.302850008069E0);
#3562=CARTESIAN_POINT('',(1.03E1,5.500609033783E0,1.5E0));
#3563=LINE('',#3562,#3561);
#3564=CURVE_STYLE('',#25,POSITIVE_LENGTH_MEASURE(2.E-2),#17);
#3565=PRESENTATION_STYLE_ASSIGNMENT((#3564));
#3566=STYLED_ITEM('',(#3565),#3563);
#3567=DIRECTION('',(5.231807113996E-2,2.614108034061E-2,-9.982882666599E-1));
#3568=VECTOR('',#3567,1.302503631963E0);
#3569=CARTESIAN_POINT('',(1.03E1,5.049691698174E0,1.5E0));
#3570=LINE('',#3569,#3568);
#3571=CURVE_STYLE('',#25,POSITIVE_LENGTH_MEASURE(2.E-2),#17);
#3572=PRESENTATION_STYLE_ASSIGNMENT((#3571));
#3573=STYLED_ITEM('',(#3572),#3570);
#3574=DIRECTION('',(-2.850113669017E-12,1.E0,5.424839886834E-11));
#3575=VECTOR('',#3574,3.714619131832E-1);
#3576=CARTESIAN_POINT('',(1.036814447768E1,5.083740550261E0,1.997259069296E-1));
#3577=LINE('',#3576,#3575);
#3578=CURVE_STYLE('',#25,POSITIVE_LENGTH_MEASURE(2.E-2),#17);
#3579=PRESENTATION_STYLE_ASSIGNMENT((#3578));
#3580=STYLED_ITEM('',(#3579),#3577);
#3581=CARTESIAN_POINT('',(1.036814447768E1,1.346937791074E1,1.997259069422E-1));
#3582=CARTESIAN_POINT('',(1.036814746773E1,1.356356254642E1,1.996687372136E-1));
#3583=CARTESIAN_POINT('',(1.033817474497E1,1.375333356551E1,1.995536603506E-1));
#3584=CARTESIAN_POINT('',(1.020711250869E1,1.400859445612E1,1.994482477319E-1));
#3585=CARTESIAN_POINT('',(1.000505720524E1,1.421042459907E1,1.994485911827E-1));
#3586=CARTESIAN_POINT('',(9.743880968143E0,1.434091351263E1,1.995588939651E-1));
#3587=CARTESIAN_POINT('',(9.561251299219E0,1.436814739559E1,1.996701401321E-1));
#3588=CARTESIAN_POINT('',(9.469377908293E0,1.436814447768E1,1.997259069437E-1));
#3590=CURVE_STYLE('',#25,POSITIVE_LENGTH_MEASURE(2.E-2),#17);
#3591=PRESENTATION_STYLE_ASSIGNMENT((#3590));
#3592=STYLED_ITEM('',(#3591),#3589);
#3593=DIRECTION('',(-1.E0,0.E0,0.E0));
#3594=VECTOR('',#3593,1.523520801494E1);
#3595=CARTESIAN_POINT('',(9.401233418721E0,1.43E1,1.5E0));
#3596=LINE('',#3595,#3594);
#3597=CURVE_STYLE('',#25,POSITIVE_LENGTH_MEASURE(2.E-2),#17);
#3598=PRESENTATION_STYLE_ASSIGNMENT((#3597));
#3599=STYLED_ITEM('',(#3598),#3596);
#3600=DIRECTION('',(-5.226443678732E-2,-5.226442766379E-2,9.972646881587E-1));
#3601=VECTOR('',#3600,1.303840503424E0);
#3602=CARTESIAN_POINT('',(9.469377908293E0,1.436814447768E1,1.997259069437E-1));
#3603=LINE('',#3602,#3601);
#3604=CURVE_STYLE('',#25,POSITIVE_LENGTH_MEASURE(2.E-2),#17);
#3605=PRESENTATION_STYLE_ASSIGNMENT((#3604));
#3606=STYLED_ITEM('',(#3605),#3603);
#3607=DIRECTION('',(-1.E0,-9.236575818730E-11,1.762444351962E-9));
#3608=VECTOR('',#3607,1.530335250451E1);
#3609=CARTESIAN_POINT('',(9.469377908293E0,1.436814447768E1,1.997259069437E-1));
#3610=LINE('',#3609,#3608);
#3611=CURVE_STYLE('',#25,POSITIVE_LENGTH_MEASURE(2.E-2),#17);
#3612=PRESENTATION_STYLE_ASSIGNMENT((#3611));
#3613=STYLED_ITEM('',(#3612),#3610);
#3614=DIRECTION('',(-2.114615524568E-14,-5.233595624294E-2,9.986295347546E-1));
#3615=VECTOR('',#3614,1.302058491996E0);
#3616=CARTESIAN_POINT('',(-5.833974596216E0,1.436814447626E1,
1.997259339150E-1));
#3617=LINE('',#3616,#3615);
#3618=CURVE_STYLE('',#25,POSITIVE_LENGTH_MEASURE(2.E-2),#17);
#3619=PRESENTATION_STYLE_ASSIGNMENT((#3618));
#3620=STYLED_ITEM('',(#3619),#3617);
#3621=DIRECTION('',(-9.999014169616E-1,-1.404123777164E-2,0.E0));
#3622=VECTOR('',#3621,1.866209380374E0);
#3623=CARTESIAN_POINT('',(-5.833974596216E0,1.436814447626E1,
1.997259339150E-1));
#3624=LINE('',#3623,#3622);
#3625=CURVE_STYLE('',#25,POSITIVE_LENGTH_MEASURE(2.E-2),#17);
#3626=PRESENTATION_STYLE_ASSIGNMENT((#3625));
#3627=STYLED_ITEM('',(#3626),#3624);
#3628=DIRECTION('',(-9.658783610569E-1,0.E0,-2.589961228319E-1));
#3629=VECTOR('',#3628,1.931851619923E0);
#3630=CARTESIAN_POINT('',(-5.833974596216E0,1.43E1,1.5E0));
#3631=LINE('',#3630,#3629);
#3632=CURVE_STYLE('',#25,POSITIVE_LENGTH_MEASURE(2.E-2),#17);
#3633=PRESENTATION_STYLE_ASSIGNMENT((#3632));
#3634=STYLED_ITEM('',(#3633),#3631);
#3635=DIRECTION('',(5.008244419934E-3,-7.253533734100E-1,6.883584830381E-1));
#3636=VECTOR('',#3635,2.901481405931E-1);
#3637=CARTESIAN_POINT('',(-5.835427729022E0,1.457860440883E1,0.E0));
#3638=LINE('',#3637,#3636);
#3639=CURVE_STYLE('',#25,POSITIVE_LENGTH_MEASURE(2.E-2),#17);
#3640=PRESENTATION_STYLE_ASSIGNMENT((#3639));
#3641=STYLED_ITEM('',(#3640),#3638);
#3642=DIRECTION('',(5.008244425591E-3,-7.253533734100E-1,6.883584830381E-1));
#3643=VECTOR('',#3642,2.901481405931E-1);
#3644=CARTESIAN_POINT('',(-7.701453132806E0,1.455240051919E1,0.E0));
#3645=LINE('',#3644,#3643);
#3646=CURVE_STYLE('',#25,POSITIVE_LENGTH_MEASURE(2.E-2),#17);
#3647=PRESENTATION_STYLE_ASSIGNMENT((#3646));
#3648=STYLED_ITEM('',(#3647),#3645);
#3649=DIRECTION('',(-5.008244420078E-3,-7.253533734092E-1,6.883584830389E-1));
#3650=VECTOR('',#3649,2.901481405928E-1);
#3651=CARTESIAN_POINT('',(-9.698546867194E0,1.455240051919E1,0.E0));
#3652=LINE('',#3651,#3650);
#3653=CURVE_STYLE('',#25,POSITIVE_LENGTH_MEASURE(2.E-2),#17);
#3654=PRESENTATION_STYLE_ASSIGNMENT((#3653));
#3655=STYLED_ITEM('',(#3654),#3652);
#3656=DIRECTION('',(-5.745850079997E-1,5.973788588251E-1,-5.594555993203E-1));
#3657=VECTOR('',#3656,3.571842219112E-1);
#3658=CARTESIAN_POINT('',(-9.725163120487E0,1.434228855639E1,
1.998287129371E-1));
#3659=LINE('',#3658,#3657);
#3660=CURVE_STYLE('',#25,POSITIVE_LENGTH_MEASURE(2.E-2),#17);
#3661=PRESENTATION_STYLE_ASSIGNMENT((#3660));
#3662=STYLED_ITEM('',(#3661),#3659);
#3663=CARTESIAN_POINT('',(-9.7E0,1.434194058662E1,1.997259339150E-1));
#3664=CARTESIAN_POINT('',(-9.7E0,1.432794068645E1,4.668599426969E-1));
#3665=CARTESIAN_POINT('',(-9.704180565003E0,1.431399990017E1,
7.339851474915E-1));
#3666=CARTESIAN_POINT('',(-9.704180565003E0,1.43E1,1.001119156273E0));
#3668=CURVE_STYLE('',#25,POSITIVE_LENGTH_MEASURE(2.E-2),#17);
#3669=PRESENTATION_STYLE_ASSIGNMENT((#3668));
#3670=STYLED_ITEM('',(#3669),#3667);
#3671=DIRECTION('',(-9.998960600322E-1,1.382712466739E-2,4.084085648347E-3));
#3672=VECTOR('',#3671,2.516573621326E-2);
#3673=CARTESIAN_POINT('',(-9.7E0,1.434194058662E1,1.997259339150E-1));
#3674=LINE('',#3673,#3672);
#3675=CURVE_STYLE('',#25,POSITIVE_LENGTH_MEASURE(2.E-2),#17);
#3676=PRESENTATION_STYLE_ASSIGNMENT((#3675));
#3677=STYLED_ITEM('',(#3676),#3674);
#3678=DIRECTION('',(2.614062769414E-2,-5.268421233118E-2,9.982690225359E-1));
#3679=VECTOR('',#3678,8.026798640919E-1);
#3680=CARTESIAN_POINT('',(-9.725163120487E0,1.434228855639E1,
1.998287129371E-1));
#3681=LINE('',#3680,#3679);
#3682=CURVE_STYLE('',#25,POSITIVE_LENGTH_MEASURE(2.E-2),#17);
#3683=PRESENTATION_STYLE_ASSIGNMENT((#3682));
#3684=STYLED_ITEM('',(#3683),#3681);
#3685=DIRECTION('',(1.145116224317E-4,-5.235827527991E-2,9.986283582479E-1));
#3686=VECTOR('',#3685,8.010307138104E-1);
#3687=CARTESIAN_POINT('',(-7.699999999998E0,1.434194058662E1,
1.997259339150E-1));
#3688=LINE('',#3687,#3686);
#3689=CURVE_STYLE('',#25,POSITIVE_LENGTH_MEASURE(2.E-2),#17);
#3690=PRESENTATION_STYLE_ASSIGNMENT((#3689));
#3691=STYLED_ITEM('',(#3690),#3688);
#3692=DIRECTION('',(-1.E0,2.362554596400E-13,0.E0));
#3693=VECTOR('',#3692,2.000000000002E0);
#3694=CARTESIAN_POINT('',(-7.699999999998E0,1.434194058662E1,
1.997259339150E-1));
#3695=LINE('',#3694,#3693);
#3696=CURVE_STYLE('',#25,POSITIVE_LENGTH_MEASURE(2.E-2),#17);
#3697=PRESENTATION_STYLE_ASSIGNMENT((#3696));
#3698=STYLED_ITEM('',(#3697),#3695);
#3699=DIRECTION('',(-9.999997342355E-1,0.E0,7.290602864174E-4));
#3700=VECTOR('',#3699,2.004272824995E0);
#3701=CARTESIAN_POINT('',(-7.699908272672E0,1.43E1,9.996579205535E-1));
#3702=LINE('',#3701,#3700);
#3703=CURVE_STYLE('',#25,POSITIVE_LENGTH_MEASURE(2.E-2),#17);
#3704=PRESENTATION_STYLE_ASSIGNMENT((#3703));
#3705=STYLED_ITEM('',(#3704),#3702);
#3706=DIRECTION('',(-6.105386063771E-5,5.232405616974E-2,9.986301564735E-1));
#3707=VECTOR('',#3706,1.502400132542E0);
#3708=CARTESIAN_POINT('',(-7.699908272672E0,1.43E1,9.996579205535E-1));
#3709=LINE('',#3708,#3707);
#3710=CURVE_STYLE('',#25,POSITIVE_LENGTH_MEASURE(2.E-2),#17);
#3711=PRESENTATION_STYLE_ASSIGNMENT((#3710));
#3712=STYLED_ITEM('',(#3711),#3709);
#3713=CARTESIAN_POINT('',(-9.704180565003E0,1.43E1,1.001119156273E0));
#3714=CARTESIAN_POINT('',(-9.704180565003E0,1.432618447613E1,1.500748724415E0));
#3715=CARTESIAN_POINT('',(-9.7E0,1.435242719279E1,2.000370431858E0));
#3716=CARTESIAN_POINT('',(-9.7E0,1.437861166892E1,2.5E0));
#3718=CURVE_STYLE('',#25,POSITIVE_LENGTH_MEASURE(2.E-2),#17);
#3719=PRESENTATION_STYLE_ASSIGNMENT((#3718));
#3720=STYLED_ITEM('',(#3719),#3717);
#3721=DIRECTION('',(9.659254117774E-1,0.E0,-2.588205920761E-1));
#3722=VECTOR('',#3721,6.168379335843E-1);
#3723=CARTESIAN_POINT('',(-1.03E1,1.43E1,1.160769515459E0));
#3724=LINE('',#3723,#3722);
#3725=CURVE_STYLE('',#25,POSITIVE_LENGTH_MEASURE(2.E-2),#17);
#3726=PRESENTATION_STYLE_ASSIGNMENT((#3725));
#3727=STYLED_ITEM('',(#3726),#3724);
#3728=DIRECTION('',(-2.614159854572E-2,5.195197581916E-2,9.983073720222E-1));
#3729=VECTOR('',#3728,1.341501146915E0);
#3730=CARTESIAN_POINT('',(-1.03E1,1.43E1,1.160769515459E0));
#3731=LINE('',#3730,#3729);
#3732=CURVE_STYLE('',#25,POSITIVE_LENGTH_MEASURE(2.E-2),#17);
#3733=PRESENTATION_STYLE_ASSIGNMENT((#3732));
#3734=STYLED_ITEM('',(#3733),#3731);
#3735=DIRECTION('',(0.E0,1.E0,-2.380691743174E-7));
#3736=VECTOR('',#3735,4.295990772510E0);
#3737=CARTESIAN_POINT('',(-9.704180565003E0,1.000400922749E1,1.001120179016E0));
#3738=LINE('',#3737,#3736);
#3739=CURVE_STYLE('',#25,POSITIVE_LENGTH_MEASURE(2.E-2),#17);
#3740=PRESENTATION_STYLE_ASSIGNMENT((#3739));
#3741=STYLED_ITEM('',(#3740),#3738);
#3742=CARTESIAN_POINT('',(-1.020052661713E1,9.500697954646E0,1.134115702851E0));
#3743=CARTESIAN_POINT('',(-1.003733788745E1,9.501842967803E0,1.090389414520E0));
#3744=CARTESIAN_POINT('',(-9.831166912218E0,9.627739333579E0,1.035146068203E0));
#3745=CARTESIAN_POINT('',(-9.704180565003E0,9.835059942672E0,1.001120179016E0));
#3746=CARTESIAN_POINT('',(-9.704180565003E0,1.000400922749E1,1.001120179016E0));
#3748=CURVE_STYLE('',#25,POSITIVE_LENGTH_MEASURE(2.E-2),#17);
#3749=PRESENTATION_STYLE_ASSIGNMENT((#3748));
#3750=STYLED_ITEM('',(#3749),#3747);
#3751=DIRECTION('',(2.616798785191E-2,-2.616798426252E-2,9.993150018945E-1));
#3752=VECTOR('',#3751,9.614966738645E-1);
#3753=CARTESIAN_POINT('',(-1.415033177079E1,9.525160429830E0,
1.999314649942E-1));
#3754=LINE('',#3753,#3752);
#3755=CURVE_STYLE('',#25,POSITIVE_LENGTH_MEASURE(2.E-2),#17);
#3756=PRESENTATION_STYLE_ASSIGNMENT((#3755));
#3757=STYLED_ITEM('',(#3756),#3754);
#3758=DIRECTION('',(-9.659036429454E-1,-6.777259566305E-3,2.588131010935E-1));
#3759=VECTOR('',#3758,1.029847890028E-1);
#3760=CARTESIAN_POINT('',(-1.020052661713E1,9.500697954646E0,1.134115702851E0));
#3761=LINE('',#3760,#3759);
#3762=CURVE_STYLE('',#25,POSITIVE_LENGTH_MEASURE(2.E-2),#17);
#3763=PRESENTATION_STYLE_ASSIGNMENT((#3762));
#3764=STYLED_ITEM('',(#3763),#3761);
#3765=DIRECTION('',(2.616798397207E-2,-2.616798426518E-2,9.993150019960E-1));
#3766=VECTOR('',#3765,9.348245908351E-1);
#3767=CARTESIAN_POINT('',(-1.022498909204E1,9.525160429830E0,
1.999314649950E-1));
#3768=LINE('',#3767,#3766);
#3769=CURVE_STYLE('',#25,POSITIVE_LENGTH_MEASURE(2.E-2),#17);
#3770=PRESENTATION_STYLE_ASSIGNMENT((#3769));
#3771=STYLED_ITEM('',(#3770),#3768);
#3772=DIRECTION('',(1.E0,0.E0,2.215868268906E-13));
#3773=VECTOR('',#3772,3.925342678750E0);
#3774=CARTESIAN_POINT('',(-1.415033177079E1,9.525160429830E0,
1.999314649942E-1));
#3775=LINE('',#3774,#3773);
#3776=CURVE_STYLE('',#25,POSITIVE_LENGTH_MEASURE(2.E-2),#17);
#3777=PRESENTATION_STYLE_ASSIGNMENT((#3776));
#3778=STYLED_ITEM('',(#3777),#3775);
#3779=CARTESIAN_POINT('',(-1.412517133751E1,9.5E0,1.160769515459E0));
#3780=CARTESIAN_POINT('',(-1.419000993113E1,9.5E0,1.160769515459E0));
#3781=CARTESIAN_POINT('',(-1.432022265556E1,9.474526400856E0,1.160769515459E0));
#3782=CARTESIAN_POINT('',(-1.448799925148E1,9.362999251484E0,1.160769515459E0));
#3783=CARTESIAN_POINT('',(-1.459952640086E1,9.195222655564E0,1.160769515459E0));
#3784=CARTESIAN_POINT('',(-1.4625E1,9.065009931132E0,1.160769515459E0));
#3785=CARTESIAN_POINT('',(-1.4625E1,9.000171337512E0,1.160769515459E0));
#3787=CURVE_STYLE('',#25,POSITIVE_LENGTH_MEASURE(2.E-2),#17);
#3788=PRESENTATION_STYLE_ASSIGNMENT((#3787));
#3789=STYLED_ITEM('',(#3788),#3786);
#3790=CARTESIAN_POINT('',(-1.465016042983E1,9.025331768510E0,
1.999314649948E-1));
#3791=CARTESIAN_POINT('',(-1.465016080507E1,9.077717921708E0,
1.999171162495E-1));
#3792=CARTESIAN_POINT('',(-1.463333727836E1,9.183426009125E0,
1.998882194258E-1));
#3793=CARTESIAN_POINT('',(-1.456087540797E1,9.324660144637E0,
1.998618754261E-1));
#3794=CARTESIAN_POINT('',(-1.444801107767E1,9.437590092626E0,
1.998618914648E-1));
#3795=CARTESIAN_POINT('',(-1.430263528797E1,9.510053753512E0,
1.998896545006E-1));
#3796=CARTESIAN_POINT('',(-1.420133465444E1,9.525160794281E0,
1.999174951311E-1));
#3797=CARTESIAN_POINT('',(-1.415033177079E1,9.525160429830E0,
1.999314649942E-1));
#3799=CURVE_STYLE('',#25,POSITIVE_LENGTH_MEASURE(2.E-2),#17);
#3800=PRESENTATION_STYLE_ASSIGNMENT((#3799));
#3801=STYLED_ITEM('',(#3800),#3798);
#3802=DIRECTION('',(2.616798426415E-2,-2.616798547884E-2,9.993150019566E-1));
#3803=VECTOR('',#3802,9.614966738042E-1);
#3804=CARTESIAN_POINT('',(-1.465016042983E1,9.025331768510E0,
1.999314649948E-1));
#3805=LINE('',#3804,#3803);
#3806=CURVE_STYLE('',#25,POSITIVE_LENGTH_MEASURE(2.E-2),#17);
#3807=PRESENTATION_STYLE_ASSIGNMENT((#3806));
#3808=STYLED_ITEM('',(#3807),#3805);
#3809=DIRECTION('',(0.E0,1.E0,3.464629587769E-14));
#3810=VECTOR('',#3809,1.805066353930E1);
#3811=CARTESIAN_POINT('',(-1.465016042983E1,-9.025331770794E0,
1.999314649942E-1));
#3812=LINE('',#3811,#3810);
#3813=CURVE_STYLE('',#25,POSITIVE_LENGTH_MEASURE(2.E-2),#17);
#3814=PRESENTATION_STYLE_ASSIGNMENT((#3813));
#3815=STYLED_ITEM('',(#3814),#3812);
#3816=DIRECTION('',(2.616798426252E-2,2.616798785192E-2,9.993150018945E-1));
#3817=VECTOR('',#3816,9.614966738645E-1);
#3818=CARTESIAN_POINT('',(-1.465016042983E1,-9.025331770794E0,
1.999314649942E-1));
#3819=LINE('',#3818,#3817);
#3820=CURVE_STYLE('',#25,POSITIVE_LENGTH_MEASURE(2.E-2),#17);
#3821=PRESENTATION_STYLE_ASSIGNMENT((#3820));
#3822=STYLED_ITEM('',(#3821),#3819);
#3823=DIRECTION('',(-7.163019435134E-1,-1.206308678649E-8,-6.977904597506E-1));
#3824=VECTOR('',#3823,2.865207774059E-1);
#3825=CARTESIAN_POINT('',(-1.465016042983E1,-9.025331770794E0,
1.999314649942E-1));
#3826=LINE('',#3825,#3824);
#3827=CURVE_STYLE('',#25,POSITIVE_LENGTH_MEASURE(2.E-2),#17);
#3828=PRESENTATION_STYLE_ASSIGNMENT((#3827));
#3829=STYLED_ITEM('',(#3828),#3826);
#3830=DIRECTION('',(-7.163019434589E-1,5.259352283938E-9,-6.977904598065E-1));
#3831=VECTOR('',#3830,2.865207773839E-1);
#3832=CARTESIAN_POINT('',(-1.465016042983E1,9.025331768510E0,
1.999314649948E-1));
#3833=LINE('',#3832,#3831);
#3834=CURVE_STYLE('',#25,POSITIVE_LENGTH_MEASURE(2.E-2),#17);
#3835=PRESENTATION_STYLE_ASSIGNMENT((#3834));
#3836=STYLED_ITEM('',(#3835),#3833);
#3837=DIRECTION('',(-1.206308678649E-8,7.163019435134E-1,-6.977904597506E-1));
#3838=VECTOR('',#3837,2.865207774059E-1);
#3839=CARTESIAN_POINT('',(-1.415033177079E1,9.525160429830E0,
1.999314649942E-1));
#3840=LINE('',#3839,#3838);
#3841=CURVE_STYLE('',#25,POSITIVE_LENGTH_MEASURE(2.E-2),#17);
#3842=PRESENTATION_STYLE_ASSIGNMENT((#3841));
#3843=STYLED_ITEM('',(#3842),#3840);
#3844=DIRECTION('',(-9.552572917305E-10,7.163019434248E-1,-6.977904598415E-1));
#3845=VECTOR('',#3844,2.865207773698E-1);
#3846=CARTESIAN_POINT('',(-1.022498909204E1,9.525160429830E0,
1.999314649950E-1));
#3847=LINE('',#3846,#3845);
#3848=CURVE_STYLE('',#25,POSITIVE_LENGTH_MEASURE(2.E-2),#17);
#3849=PRESENTATION_STYLE_ASSIGNMENT((#3848));
#3850=STYLED_ITEM('',(#3849),#3847);
#3851=CARTESIAN_POINT('',(-1.022498909204E1,9.525160429830E0,
1.999314649950E-1));
#3852=CARTESIAN_POINT('',(-1.015989263753E1,9.525160896882E0,
1.999136345993E-1));
#3853=CARTESIAN_POINT('',(-1.002816414757E1,9.551303973056E0,
1.998776995265E-1));
#3854=CARTESIAN_POINT('',(-9.862344225892E0,9.662476629710E0,
1.998556289399E-1));
#3855=CARTESIAN_POINT('',(-9.751145920816E0,9.828557220674E0,
1.998777871530E-1));
#3856=CARTESIAN_POINT('',(-9.725160896126E0,9.959990221444E0,
1.999136613283E-1));
#3857=CARTESIAN_POINT('',(-9.725160429830E0,1.002498909215E1,
1.999314649951E-1));
#3859=CURVE_STYLE('',#25,POSITIVE_LENGTH_MEASURE(2.E-2),#17);
#3860=PRESENTATION_STYLE_ASSIGNMENT((#3859));
#3861=STYLED_ITEM('',(#3860),#3858);
#3862=DIRECTION('',(2.616798426512E-2,-2.616798405374E-2,9.993150019939E-1));
#3863=VECTOR('',#3862,8.017379028862E-1);
#3864=CARTESIAN_POINT('',(-9.725160429830E0,1.002498909215E1,
1.999314649951E-1));
#3865=LINE('',#3864,#3863);
#3866=CURVE_STYLE('',#25,POSITIVE_LENGTH_MEASURE(2.E-2),#17);
#3867=PRESENTATION_STYLE_ASSIGNMENT((#3866));
#3868=STYLED_ITEM('',(#3867),#3865);
#3869=DIRECTION('',(-6.232269386133E-7,9.999999997166E-1,-2.380007659605E-5));
#3870=VECTOR('',#3869,4.317299465469E0);
#3871=CARTESIAN_POINT('',(-9.725160429830E0,1.002498909215E1,
1.999314649951E-1));
#3872=LINE('',#3871,#3870);
#3873=CURVE_STYLE('',#25,POSITIVE_LENGTH_MEASURE(2.E-2),#17);
#3874=PRESENTATION_STYLE_ASSIGNMENT((#3873));
#3875=STYLED_ITEM('',(#3874),#3872);
#3876=DIRECTION('',(-7.163019434560E-1,-3.027969702585E-9,-6.977904598095E-1));
#3877=VECTOR('',#3876,2.865207773830E-1);
#3878=CARTESIAN_POINT('',(-9.725160429830E0,1.002498909215E1,
1.999314649951E-1));
#3879=LINE('',#3878,#3877);
#3880=CURVE_STYLE('',#25,POSITIVE_LENGTH_MEASURE(2.E-2),#17);
#3881=PRESENTATION_STYLE_ASSIGNMENT((#3880));
#3882=STYLED_ITEM('',(#3881),#3879);
#3883=DIRECTION('',(-5.259370883184E-9,-7.163019434589E-1,-6.977904598065E-1));
#3884=VECTOR('',#3883,2.865207773839E-1);
#3885=CARTESIAN_POINT('',(-1.415033176851E1,-9.525160429830E0,
1.999314649948E-1));
#3886=LINE('',#3885,#3884);
#3887=CURVE_STYLE('',#25,POSITIVE_LENGTH_MEASURE(2.E-2),#17);
#3888=PRESENTATION_STYLE_ASSIGNMENT((#3887));
#3889=STYLED_ITEM('',(#3888),#3886);
#3890=CARTESIAN_POINT('',(-1.415033176851E1,-9.525160429830E0,
1.999314649948E-1));
#3891=CARTESIAN_POINT('',(-1.420271792171E1,-9.525160805065E0,
1.999171162495E-1));
#3892=CARTESIAN_POINT('',(-1.430842600913E1,-9.508337278364E0,
1.998882194258E-1));
#3893=CARTESIAN_POINT('',(-1.444966014464E1,-9.435875407970E0,
1.998618754261E-1));
#3894=CARTESIAN_POINT('',(-1.456259009263E1,-9.323011077665E0,
1.998618914648E-1));
#3895=CARTESIAN_POINT('',(-1.463505375351E1,-9.177635287970E0,
1.998896545006E-1));
#3896=CARTESIAN_POINT('',(-1.465016079428E1,-9.076334654442E0,
1.999174951311E-1));
#3897=CARTESIAN_POINT('',(-1.465016042983E1,-9.025331770794E0,
1.999314649942E-1));
#3899=CURVE_STYLE('',#25,POSITIVE_LENGTH_MEASURE(2.E-2),#17);
#3900=PRESENTATION_STYLE_ASSIGNMENT((#3899));
#3901=STYLED_ITEM('',(#3900),#3898);
#3902=DIRECTION('',(2.616798547884E-2,2.616798426415E-2,9.993150019566E-1));
#3903=VECTOR('',#3902,9.614966738042E-1);
#3904=CARTESIAN_POINT('',(-1.415033176851E1,-9.525160429830E0,
1.999314649948E-1));
#3905=LINE('',#3904,#3903);
#3906=CURVE_STYLE('',#25,POSITIVE_LENGTH_MEASURE(2.E-2),#17);
#3907=PRESENTATION_STYLE_ASSIGNMENT((#3906));
#3908=STYLED_ITEM('',(#3907),#3905);
#3909=DIRECTION('',(-1.E0,0.E0,-6.191958147330E-14));
#3910=VECTOR('',#3909,3.925342676466E0);
#3911=CARTESIAN_POINT('',(-1.022498909204E1,-9.525160429830E0,
1.999314649950E-1));
#3912=LINE('',#3911,#3910);
#3913=CURVE_STYLE('',#25,POSITIVE_LENGTH_MEASURE(2.E-2),#17);
#3914=PRESENTATION_STYLE_ASSIGNMENT((#3913));
#3915=STYLED_ITEM('',(#3914),#3912);
#3916=DIRECTION('',(-2.616798397208E-2,-2.616798426518E-2,-9.993150019960E-1));
#3917=VECTOR('',#3916,9.348245908351E-1);
#3918=CARTESIAN_POINT('',(-1.020052661713E1,-9.500697954646E0,
1.134115702851E0));
#3919=LINE('',#3918,#3917);
#3920=CURVE_STYLE('',#25,POSITIVE_LENGTH_MEASURE(2.E-2),#17);
#3921=PRESENTATION_STYLE_ASSIGNMENT((#3920));
#3922=STYLED_ITEM('',(#3921),#3919);
#3923=DIRECTION('',(9.659036429454E-1,-6.777259566305E-3,-2.588131010935E-1));
#3924=VECTOR('',#3923,1.029847890028E-1);
#3925=CARTESIAN_POINT('',(-1.03E1,-9.5E0,1.160769515459E0));
#3926=LINE('',#3925,#3924);
#3927=CURVE_STYLE('',#25,POSITIVE_LENGTH_MEASURE(2.E-2),#17);
#3928=PRESENTATION_STYLE_ASSIGNMENT((#3927));
#3929=STYLED_ITEM('',(#3928),#3926);
#3930=DIRECTION('',(-9.552696912280E-10,-7.163019434248E-1,-6.977904598415E-1));
#3931=VECTOR('',#3930,2.865207773698E-1);
#3932=CARTESIAN_POINT('',(-1.022498909204E1,-9.525160429830E0,
1.999314649950E-1));
#3933=LINE('',#3932,#3931);
#3934=CURVE_STYLE('',#25,POSITIVE_LENGTH_MEASURE(2.E-2),#17);
#3935=PRESENTATION_STYLE_ASSIGNMENT((#3934));
#3936=STYLED_ITEM('',(#3935),#3933);
#3937=DIRECTION('',(-7.163019434560E-1,3.027969702585E-9,-6.977904598095E-1));
#3938=VECTOR('',#3937,2.865207773830E-1);
#3939=CARTESIAN_POINT('',(-9.725160429830E0,-1.002498909215E1,
1.999314649951E-1));
#3940=LINE('',#3939,#3938);
#3941=CURVE_STYLE('',#25,POSITIVE_LENGTH_MEASURE(2.E-2),#17);
#3942=PRESENTATION_STYLE_ASSIGNMENT((#3941));
#3943=STYLED_ITEM('',(#3942),#3940);
#3944=CARTESIAN_POINT('',(-9.725160429830E0,-1.002498909215E1,
1.999314649951E-1));
#3945=CARTESIAN_POINT('',(-9.725160896710E0,-9.959908813160E0,
1.999136390300E-1));
#3946=CARTESIAN_POINT('',(-9.751274485356E0,-9.828234608283E0,
1.998777148055E-1));
#3947=CARTESIAN_POINT('',(-9.862466121423E0,-9.662347587413E0,
1.998556262743E-1));
#3948=CARTESIAN_POINT('',(-1.002853370677E1,-9.551157004592E0,
1.998777825197E-1));
#3949=CARTESIAN_POINT('',(-1.015998421713E1,-9.525160896225E0,
1.999136596836E-1));
#3950=CARTESIAN_POINT('',(-1.022498909204E1,-9.525160429830E0,
1.999314649950E-1));
#3952=CURVE_STYLE('',#25,POSITIVE_LENGTH_MEASURE(2.E-2),#17);
#3953=PRESENTATION_STYLE_ASSIGNMENT((#3952));
#3954=STYLED_ITEM('',(#3953),#3951);
#3955=DIRECTION('',(-2.616798426512E-2,-2.616798405373E-2,-9.993150019939E-1));
#3956=VECTOR('',#3955,8.017379028862E-1);
#3957=CARTESIAN_POINT('',(-9.704180565003E0,-1.000400922749E1,
1.001120179016E0));
#3958=LINE('',#3957,#3956);
#3959=CURVE_STYLE('',#25,POSITIVE_LENGTH_MEASURE(2.E-2),#17);
#3960=PRESENTATION_STYLE_ASSIGNMENT((#3959));
#3961=STYLED_ITEM('',(#3960),#3958);
#3962=DIRECTION('',(6.232269390247E-7,9.999999997166E-1,2.380007659586E-5));
#3963=VECTOR('',#3962,4.317299465469E0);
#3964=CARTESIAN_POINT('',(-9.725163120487E0,-1.434228855639E1,
1.998287129371E-1));
#3965=LINE('',#3964,#3963);
#3966=CURVE_STYLE('',#25,POSITIVE_LENGTH_MEASURE(2.E-2),#17);
#3967=PRESENTATION_STYLE_ASSIGNMENT((#3966));
#3968=STYLED_ITEM('',(#3967),#3965);
#3969=DIRECTION('',(0.E0,-1.E0,-2.380691743691E-7));
#3970=VECTOR('',#3969,4.295990772510E0);
#3971=CARTESIAN_POINT('',(-9.704180565003E0,-1.000400922749E1,
1.001120179016E0));
#3972=LINE('',#3971,#3970);
#3973=CURVE_STYLE('',#25,POSITIVE_LENGTH_MEASURE(2.E-2),#17);
#3974=PRESENTATION_STYLE_ASSIGNMENT((#3973));
#3975=STYLED_ITEM('',(#3974),#3972);
#3976=DIRECTION('',(-5.745850079997E-1,-5.973788588251E-1,-5.594555993203E-1));
#3977=VECTOR('',#3976,3.571842219113E-1);
#3978=CARTESIAN_POINT('',(-9.725163120487E0,-1.434228855639E1,
1.998287129371E-1));
#3979=LINE('',#3978,#3977);
#3980=CURVE_STYLE('',#25,POSITIVE_LENGTH_MEASURE(2.E-2),#17);
#3981=PRESENTATION_STYLE_ASSIGNMENT((#3980));
#3982=STYLED_ITEM('',(#3981),#3979);
#3983=DIRECTION('',(-5.008244420102E-3,7.253533734092E-1,6.883584830389E-1));
#3984=VECTOR('',#3983,2.901481405928E-1);
#3985=CARTESIAN_POINT('',(-9.698546867194E0,-1.455240051919E1,0.E0));
#3986=LINE('',#3985,#3984);
#3987=CURVE_STYLE('',#25,POSITIVE_LENGTH_MEASURE(2.E-2),#17);
#3988=PRESENTATION_STYLE_ASSIGNMENT((#3987));
#3989=STYLED_ITEM('',(#3988),#3986);
#3990=DIRECTION('',(5.008244420102E-3,7.253533734100E-1,6.883584830381E-1));
#3991=VECTOR('',#3990,2.901481405931E-1);
#3992=CARTESIAN_POINT('',(-7.701453132806E0,-1.455240051919E1,0.E0));
#3993=LINE('',#3992,#3991);
#3994=CURVE_STYLE('',#25,POSITIVE_LENGTH_MEASURE(2.E-2),#17);
#3995=PRESENTATION_STYLE_ASSIGNMENT((#3994));
#3996=STYLED_ITEM('',(#3995),#3993);
#3997=DIRECTION('',(5.008244416747E-3,7.253533734101E-1,6.883584830381E-1));
#3998=VECTOR('',#3997,2.901481405931E-1);
#3999=CARTESIAN_POINT('',(-5.835427729022E0,-1.457860440883E1,0.E0));
#4000=LINE('',#3999,#3998);
#4001=CURVE_STYLE('',#25,POSITIVE_LENGTH_MEASURE(2.E-2),#17);
#4002=PRESENTATION_STYLE_ASSIGNMENT((#4001));
#4003=STYLED_ITEM('',(#4002),#4000);
#4004=DIRECTION('',(-1.899258012364E-8,7.253743713318E-1,6.883545753571E-1));
#4005=VECTOR('',#4004,2.901497485342E-1);
#4006=CARTESIAN_POINT('',(9.469377916251E0,-1.457861166911E1,0.E0));
#4007=LINE('',#4006,#4005);
#4008=CURVE_STYLE('',#25,POSITIVE_LENGTH_MEASURE(2.E-2),#17);
#4009=PRESENTATION_STYLE_ASSIGNMENT((#4008));
#4010=STYLED_ITEM('',(#4009),#4007);
#4011=DIRECTION('',(-7.253743713598E-1,3.425455663931E-8,6.883545753275E-1));
#4012=VECTOR('',#4011,2.901497485488E-1);
#4013=CARTESIAN_POINT('',(1.057861166913E1,-1.346937791823E1,0.E0));
#4014=LINE('',#4013,#4012);
#4015=CURVE_STYLE('',#25,POSITIVE_LENGTH_MEASURE(2.E-2),#17);
#4016=PRESENTATION_STYLE_ASSIGNMENT((#4015));
#4017=STYLED_ITEM('',(#4016),#4014);
#4018=DIRECTION('',(-7.253743711058E-1,7.829828134371E-8,6.883545755953E-1));
#4019=VECTOR('',#4018,2.901497484155E-1);
#4020=CARTESIAN_POINT('',(1.057861166896E1,1.416259427021E0,0.E0));
#4021=LINE('',#4020,#4019);
#4022=CURVE_STYLE('',#25,POSITIVE_LENGTH_MEASURE(2.E-2),#17);
#4023=PRESENTATION_STYLE_ASSIGNMENT((#4022));
#4024=STYLED_ITEM('',(#4023),#4021);
#4025=CARTESIAN_POINT('',(1.036814447768E1,1.416259449739E0,1.997259069296E-1));
#4026=CARTESIAN_POINT('',(1.036814635190E1,1.455221271964E0,1.996903819609E-1));
#4027=CARTESIAN_POINT('',(1.038372203547E1,1.533997688592E0,1.996409780828E-1));
#4028=CARTESIAN_POINT('',(1.045042093298E1,1.633574659142E0,1.996771550240E-1));
#4029=CARTESIAN_POINT('',(1.054989120802E1,1.700249611777E0,1.998016067029E-1));
#4030=CARTESIAN_POINT('',(1.062903702493E1,1.715955586344E0,1.998958160832E-1));
#4031=CARTESIAN_POINT('',(1.066813386932E1,1.715956507308E0,1.999314650165E-1));
#4033=CURVE_STYLE('',#25,POSITIVE_LENGTH_MEASURE(2.E-2),#17);
#4034=PRESENTATION_STYLE_ASSIGNMENT((#4033));
#4035=STYLED_ITEM('',(#4034),#4032);
#4036=CARTESIAN_POINT('',(1.060000014108E1,1.75E0,1.5E0));
#4037=CARTESIAN_POINT('',(1.056115908427E1,1.75E0,1.5E0));
#4038=CARTESIAN_POINT('',(1.048307517113E1,1.734830178464E0,1.5E0));
#4039=CARTESIAN_POINT('',(1.038200925270E1,1.667720917739E0,1.5E0));
#4040=CARTESIAN_POINT('',(1.031520510577E1,1.567028564284E0,1.5E0));
#4041=CARTESIAN_POINT('',(1.03E1,1.489080149770E0,1.5E0));
#4042=CARTESIAN_POINT('',(1.03E1,1.450308301826E0,1.5E0));
#4044=CURVE_STYLE('',#25,POSITIVE_LENGTH_MEASURE(2.E-2),#17);
#4045=PRESENTATION_STYLE_ASSIGNMENT((#4044));
#4046=STYLED_ITEM('',(#4045),#4043);
#4047=CARTESIAN_POINT('',(9.401233418721E0,-1.43E1,1.5E0));
#4048=CARTESIAN_POINT('',(9.494700203543E0,-1.43E1,1.5E0));
#4049=CARTESIAN_POINT('',(9.682109955411E0,-1.427090106220E1,1.5E0));
#4050=CARTESIAN_POINT('',(9.939026874669E0,-1.414016806193E1,1.5E0));
#4051=CARTESIAN_POINT('',(1.014016806193E1,-1.393902687467E1,1.5E0));
#4052=CARTESIAN_POINT('',(1.027090106220E1,-1.368210995541E1,1.5E0));
#4053=CARTESIAN_POINT('',(1.03E1,-1.349470020354E1,1.5E0));
#4054=CARTESIAN_POINT('',(1.03E1,-1.340123341872E1,1.5E0));
#4056=CURVE_STYLE('',#25,POSITIVE_LENGTH_MEASURE(2.E-2),#17);
#4057=PRESENTATION_STYLE_ASSIGNMENT((#4056));
#4058=STYLED_ITEM('',(#4057),#4055);
#4059=CARTESIAN_POINT('',(9.469377910740E0,-1.436814447768E1,
1.997259069422E-1));
#4060=CARTESIAN_POINT('',(9.563562546424E0,-1.436814746773E1,
1.996687372136E-1));
#4061=CARTESIAN_POINT('',(9.753333565510E0,-1.433817474497E1,
1.995536603506E-1));
#4062=CARTESIAN_POINT('',(1.000859445612E1,-1.420711250869E1,
1.994482477319E-1));
#4063=CARTESIAN_POINT('',(1.021042459907E1,-1.400505720524E1,
1.994485911827E-1));
#4064=CARTESIAN_POINT('',(1.034091351263E1,-1.374388096814E1,
1.995588939651E-1));
#4065=CARTESIAN_POINT('',(1.036814739559E1,-1.356125129922E1,
1.996701401321E-1));
#4066=CARTESIAN_POINT('',(1.036814447768E1,-1.346937790829E1,
1.997259069437E-1));
#4068=CURVE_STYLE('',#25,POSITIVE_LENGTH_MEASURE(2.E-2),#17);
#4069=PRESENTATION_STYLE_ASSIGNMENT((#4068));
#4070=STYLED_ITEM('',(#4069),#4067);
#4071=CARTESIAN_POINT('',(1.035240777928E1,-1.345364119800E1,2.5E0));
#4072=CARTESIAN_POINT('',(1.035240777928E1,-1.360343562822E1,2.5E0));
#4073=CARTESIAN_POINT('',(1.028750618772E1,-1.383812289708E1,2.5E0));
#4074=CARTESIAN_POINT('',(1.010256415926E1,-1.410256415926E1,2.5E0));
#4075=CARTESIAN_POINT('',(9.838122897084E0,-1.428750618772E1,2.5E0));
#4076=CARTESIAN_POINT('',(9.603435628217E0,-1.435240777928E1,2.5E0));
#4077=CARTESIAN_POINT('',(9.453641198004E0,-1.435240777928E1,2.5E0));
#4079=CURVE_STYLE('',#25,POSITIVE_LENGTH_MEASURE(2.E-2),#17);
#4080=PRESENTATION_STYLE_ASSIGNMENT((#4079));
#4081=STYLED_ITEM('',(#4080),#4078);
#4082=DIRECTION('',(5.226442768871E-2,-5.226442768872E-2,9.972646886342E-1));
#4083=VECTOR('',#4082,1.002742813816E0);
#4084=CARTESIAN_POINT('',(9.401233418721E0,-1.43E1,1.5E0));
#4085=LINE('',#4084,#4083);
#4086=CURVE_STYLE('',#25,POSITIVE_LENGTH_MEASURE(2.E-2),#17);
#4087=PRESENTATION_STYLE_ASSIGNMENT((#4086));
#4088=STYLED_ITEM('',(#4087),#4085);
#4089=DIRECTION('',(-5.226442768871E-2,5.226442768871E-2,-9.972646886342E-1));
#4090=VECTOR('',#4089,6.517828289801E-1);
#4091=CARTESIAN_POINT('',(2.352407779283E0,-1.435240777928E1,2.5E0));
#4092=LINE('',#4091,#4090);
#4093=CURVE_STYLE('',#25,POSITIVE_LENGTH_MEASURE(2.E-2),#17);
#4094=PRESENTATION_STYLE_ASSIGNMENT((#4093));
#4095=STYLED_ITEM('',(#4094),#4092);
#4096=DIRECTION('',(-1.E0,0.E0,0.E0));
#4097=VECTOR('',#4096,8.152317318965E0);
#4098=CARTESIAN_POINT('',(2.318342722749E0,-1.431834272275E1,1.85E0));
#4099=LINE('',#4098,#4097);
#4100=CURVE_STYLE('',#25,POSITIVE_LENGTH_MEASURE(2.E-2),#17);
#4101=PRESENTATION_STYLE_ASSIGNMENT((#4100));
#4102=STYLED_ITEM('',(#4101),#4099);
#4103=DIRECTION('',(2.619742468168E-4,-5.238701562449E-2,9.986268231744E-1));
#4104=VECTOR('',#4103,3.501387229336E-1);
#4105=CARTESIAN_POINT('',(-5.834066323544E0,-1.43E1,1.500342079446E0));
#4106=LINE('',#4105,#4104);
#4107=CURVE_STYLE('',#25,POSITIVE_LENGTH_MEASURE(2.E-2),#17);
#4108=PRESENTATION_STYLE_ASSIGNMENT((#4107));
#4109=STYLED_ITEM('',(#4108),#4106);
#4110=DIRECTION('',(3.605168319218E-2,7.249028245533E-1,6.879070948127E-1));
#4111=VECTOR('',#4110,7.258462242104E-1);
#4112=CARTESIAN_POINT('',(2.326239801162E0,-1.597376019884E1,2.000685232623E0));
#4113=LINE('',#4112,#4111);
#4114=CURVE_STYLE('',#25,POSITIVE_LENGTH_MEASURE(2.E-2),#17);
#4115=PRESENTATION_STYLE_ASSIGNMENT((#4114));
#4116=STYLED_ITEM('',(#4115),#4113);
#4117=DIRECTION('',(0.E0,-1.E0,0.E0));
#4118=VECTOR('',#4117,1.E0);
#4119=CARTESIAN_POINT('',(2.3E0,-1.5E1,1.5E0));
#4120=LINE('',#4119,#4118);
#4121=CURVE_STYLE('',#25,POSITIVE_LENGTH_MEASURE(2.E-2),#17);
#4122=PRESENTATION_STYLE_ASSIGNMENT((#4121));
#4123=STYLED_ITEM('',(#4122),#4120);
#4124=DIRECTION('',(-3.703247672027E-2,-7.066217501846E-1,-7.066217501846E-1));
#4125=VECTOR('',#4124,4.953145015824E-1);
#4126=CARTESIAN_POINT('',(2.318342722749E0,-1.465E1,1.85E0));
#4127=LINE('',#4126,#4125);
#4128=CURVE_STYLE('',#25,POSITIVE_LENGTH_MEASURE(2.E-2),#17);
#4129=PRESENTATION_STYLE_ASSIGNMENT((#4128));
#4130=STYLED_ITEM('',(#4129),#4127);
#4131=DIRECTION('',(0.E0,-1.E0,0.E0));
#4132=VECTOR('',#4131,3.316572772509E-1);
#4133=CARTESIAN_POINT('',(2.318342722749E0,-1.431834272275E1,1.85E0));
#4134=LINE('',#4133,#4132);
#4135=CURVE_STYLE('',#25,POSITIVE_LENGTH_MEASURE(2.E-2),#17);
#4136=PRESENTATION_STYLE_ASSIGNMENT((#4135));
#4137=STYLED_ITEM('',(#4136),#4134);
#4138=DIRECTION('',(6.112411533049E-12,-7.253743710139E-1,-6.883545756920E-1));
#4139=VECTOR('',#4138,7.253743710105E-1);
#4140=CARTESIAN_POINT('',(1.090349753434E1,-1.544759222072E1,2.5E0));
#4141=LINE('',#4140,#4139);
#4142=CURVE_STYLE('',#25,POSITIVE_LENGTH_MEASURE(2.E-2),#17);
#4143=PRESENTATION_STYLE_ASSIGNMENT((#4142));
#4144=STYLED_ITEM('',(#4143),#4141);
#4145=DIRECTION('',(4.461233968336E-1,-5.719631934536E-1,-6.883545744252E-1));
#4146=VECTOR('',#4145,7.253628533443E-1);
#4147=CARTESIAN_POINT('',(1.180838180700E1,-1.513641501604E1,2.499965562021E0));
#4148=LINE('',#4147,#4146);
#4149=CURVE_STYLE('',#25,POSITIVE_LENGTH_MEASURE(2.E-2),#17);
#4150=PRESENTATION_STYLE_ASSIGNMENT((#4149));
#4151=STYLED_ITEM('',(#4150),#4148);
#4152=CARTESIAN_POINT('',(1.777595481084E1,-7.250000318044E0,2.500003959813E0));
#4153=CARTESIAN_POINT('',(1.787229383082E1,-7.242819355193E0,2.417925178845E0));
#4154=CARTESIAN_POINT('',(1.806644093080E1,-7.228335904574E0,2.252378093982E0));
#4155=CARTESIAN_POINT('',(1.826172920137E1,-7.213678582540E0,2.084844298587E0));
#4156=CARTESIAN_POINT('',(1.836039038999E1,-7.206278149531E0,2.000256962234E0));
#4158=CURVE_STYLE('',#25,POSITIVE_LENGTH_MEASURE(2.E-2),#17);
#4159=PRESENTATION_STYLE_ASSIGNMENT((#4158));
#4160=STYLED_ITEM('',(#4159),#4157);
#4161=DIRECTION('',(8.682659386424E-2,-8.682659386425E-2,9.924325091390E-1));
#4162=VECTOR('',#4161,5.038125972252E-1);
#4163=CARTESIAN_POINT('',(1.529374433176E1,-7.206255668237E0,2.E0));
#4164=LINE('',#4163,#4162);
#4165=CURVE_STYLE('',#25,POSITIVE_LENGTH_MEASURE(2.E-2),#17);
#4166=PRESENTATION_STYLE_ASSIGNMENT((#4165));
#4167=STYLED_ITEM('',(#4166),#4164);
#4168=DIRECTION('',(-8.715574274766E-2,0.E0,-9.961946980917E-1));
#4169=VECTOR('',#4168,5.019099187717E-1);
#4170=CARTESIAN_POINT('',(1.529374433176E1,-1.4E0,2.E0));
#4171=LINE('',#4170,#4169);
#4172=CURVE_STYLE('',#25,POSITIVE_LENGTH_MEASURE(2.E-2),#17);
#4173=PRESENTATION_STYLE_ASSIGNMENT((#4172));
#4174=STYLED_ITEM('',(#4173),#4171);
#4175=CARTESIAN_POINT('',(1.525E1,-1.4E0,1.5E0));
#4176=CARTESIAN_POINT('',(1.525E1,-1.299809008123E0,1.5E0));
#4177=CARTESIAN_POINT('',(1.532616758726E1,-1.175594611630E0,1.5E0));
#4178=CARTESIAN_POINT('',(1.545095495939E1,-1.1E0,1.5E0));
#4179=CARTESIAN_POINT('',(1.555114595126E1,-1.1E0,1.5E0));
#4181=CURVE_STYLE('',#25,POSITIVE_LENGTH_MEASURE(2.E-2),#17);
#4182=PRESENTATION_STYLE_ASSIGNMENT((#4181));
#4183=STYLED_ITEM('',(#4182),#4180);
#4184=CARTESIAN_POINT('',(1.561856281277E1,-1.1E0,1.5E0));
#4185=CARTESIAN_POINT('',(1.561617270275E1,-1.1E0,1.576289518718E0));
#4186=CARTESIAN_POINT('',(1.561299797713E1,-1.100091049257E0,1.740946781626E0));
#4187=CARTESIAN_POINT('',(1.560180352141E1,-1.099817901487E0,1.908805511257E0));
#4188=CARTESIAN_POINT('',(1.559888114969E1,-1.099817901486E0,2.002289016558E0));
#4190=CURVE_STYLE('',#25,POSITIVE_LENGTH_MEASURE(2.E-2),#17);
#4191=PRESENTATION_STYLE_ASSIGNMENT((#4190));
#4192=STYLED_ITEM('',(#4191),#4189);
#4193=DIRECTION('',(-9.460903535263E-2,-3.609111367668E-4,-9.955144399620E-1));
#4194=VECTOR('',#4193,5.045522158142E-1);
#4195=CARTESIAN_POINT('',(1.559888114969E1,-1.099817901486E0,2.002289016558E0));
#4196=LINE('',#4195,#4194);
#4197=CURVE_STYLE('',#25,POSITIVE_LENGTH_MEASURE(2.E-2),#17);
#4198=PRESENTATION_STYLE_ASSIGNMENT((#4197));
#4199=STYLED_ITEM('',(#4198),#4196);
#4200=CARTESIAN_POINT('',(1.090349753434E1,-1.597376019884E1,2.000685232625E0));
#4201=CARTESIAN_POINT('',(1.105004419188E1,-1.597372383833E1,2.001379029453E0));
#4202=CARTESIAN_POINT('',(1.134515877636E1,-1.594068446679E1,2.002318441054E0));
#4203=CARTESIAN_POINT('',(1.175964708466E1,-1.579883253845E1,2.002344356149E0));
#4204=CARTESIAN_POINT('',(1.201550834565E1,-1.564211496511E1,2.001357949276E0));
#4205=CARTESIAN_POINT('',(1.213198314707E1,-1.555129587006E1,2.000658723803E0));
#4207=CURVE_STYLE('',#25,POSITIVE_LENGTH_MEASURE(2.E-2),#17);
#4208=PRESENTATION_STYLE_ASSIGNMENT((#4207));
#4209=STYLED_ITEM('',(#4208),#4206);
#4210=CARTESIAN_POINT('',(1.214022321810E1,-1.557810900638E1,1.5E0));
#4211=CARTESIAN_POINT('',(1.202335979720E1,-1.566918219217E1,1.5E0));
#4212=CARTESIAN_POINT('',(1.177622502963E1,-1.582172833712E1,1.5E0));
#4213=CARTESIAN_POINT('',(1.134972346281E1,-1.596834511771E1,1.5E0));
#4214=CARTESIAN_POINT('',(1.106082700550E1,-1.6E1,1.5E0));
#4215=CARTESIAN_POINT('',(1.091251836098E1,-1.6E1,1.5E0));
#4217=CURVE_STYLE('',#25,POSITIVE_LENGTH_MEASURE(2.E-2),#17);
#4218=PRESENTATION_STYLE_ASSIGNMENT((#4217));
#4219=STYLED_ITEM('',(#4218),#4216);
#4220=DIRECTION('',(-1.E0,-5.166723488200E-13,-9.842183000290E-12));
#4221=VECTOR('',#4220,4.177257723972E0);
#4222=CARTESIAN_POINT('',(-6.726239801162E0,-1.597376019884E1,
2.000685232623E0));
#4223=LINE('',#4222,#4221);
#4224=CURVE_STYLE('',#25,POSITIVE_LENGTH_MEASURE(2.E-2),#17);
#4225=PRESENTATION_STYLE_ASSIGNMENT((#4224));
#4226=STYLED_ITEM('',(#4225),#4223);
#4227=DIRECTION('',(-5.226442768871E-2,5.226442768871E-2,9.972646886342E-1));
#4228=VECTOR('',#4227,5.020585189960E-1);
#4229=CARTESIAN_POINT('',(-6.7E0,-1.6E1,1.5E0));
#4230=LINE('',#4229,#4228);
#4231=CURVE_STYLE('',#25,POSITIVE_LENGTH_MEASURE(2.E-2),#17);
#4232=PRESENTATION_STYLE_ASSIGNMENT((#4231));
#4233=STYLED_ITEM('',(#4232),#4230);
#4234=DIRECTION('',(1.E0,0.E0,0.E0));
#4235=VECTOR('',#4234,4.212518360978E0);
#4236=CARTESIAN_POINT('',(-1.091251836098E1,-1.6E1,1.5E0));
#4237=LINE('',#4236,#4235);
#4238=CURVE_STYLE('',#25,POSITIVE_LENGTH_MEASURE(2.E-2),#17);
#4239=PRESENTATION_STYLE_ASSIGNMENT((#4238));
#4240=STYLED_ITEM('',(#4239),#4237);
#4241=CARTESIAN_POINT('',(-1.091251836098E1,-1.6E1,1.5E0));
#4242=CARTESIAN_POINT('',(-1.091107232481E1,-1.599579202766E1,
1.580292895433E0));
#4243=CARTESIAN_POINT('',(-1.090812286857E1,-1.598721075508E1,
1.744033330498E0));
#4244=CARTESIAN_POINT('',(-1.090505847885E1,-1.597829882684E1,
1.914083051328E0));
#4245=CARTESIAN_POINT('',(-1.090349752513E1,-1.597376019884E1,
2.000685232582E0));
#4247=CURVE_STYLE('',#25,POSITIVE_LENGTH_MEASURE(2.E-2),#17);
#4248=PRESENTATION_STYLE_ASSIGNMENT((#4247));
#4249=STYLED_ITEM('',(#4248),#4246);
#4250=DIRECTION('',(1.E0,1.511835755787E-14,2.889055999072E-13));
#4251=VECTOR('',#4250,8.577257733180E0);
#4252=CARTESIAN_POINT('',(2.326239801162E0,-1.597376019884E1,2.000685232623E0));
#4253=LINE('',#4252,#4251);
#4254=CURVE_STYLE('',#25,POSITIVE_LENGTH_MEASURE(2.E-2),#17);
#4255=PRESENTATION_STYLE_ASSIGNMENT((#4254));
#4256=STYLED_ITEM('',(#4255),#4253);
#4257=CARTESIAN_POINT('',(1.090349753434E1,-1.597376019884E1,2.000685232625E0));
#4258=CARTESIAN_POINT('',(1.090493935930E1,-1.597795244813E1,1.920692350773E0));
#4259=CARTESIAN_POINT('',(1.090788470486E1,-1.598651799758E1,1.757251931049E0));
#4260=CARTESIAN_POINT('',(1.091095329449E1,-1.599544564886E1,1.586902196604E0));
#4261=CARTESIAN_POINT('',(1.091251836098E1,-1.6E1,1.5E0));
#4263=CURVE_STYLE('',#25,POSITIVE_LENGTH_MEASURE(2.E-2),#17);
#4264=PRESENTATION_STYLE_ASSIGNMENT((#4263));
#4265=STYLED_ITEM('',(#4264),#4262);
#4266=DIRECTION('',(1.E0,0.E0,0.E0));
#4267=VECTOR('',#4266,8.612518360978E0);
#4268=CARTESIAN_POINT('',(2.3E0,-1.6E1,1.5E0));
#4269=LINE('',#4268,#4267);
#4270=CURVE_STYLE('',#25,POSITIVE_LENGTH_MEASURE(2.E-2),#17);
#4271=PRESENTATION_STYLE_ASSIGNMENT((#4270));
#4272=STYLED_ITEM('',(#4271),#4269);
#4273=DIRECTION('',(5.226442768871E-2,5.226442768871E-2,9.972646886342E-1));
#4274=VECTOR('',#4273,5.020585189960E-1);
#4275=CARTESIAN_POINT('',(2.3E0,-1.6E1,1.5E0));
#4276=LINE('',#4275,#4274);
#4277=CURVE_STYLE('',#25,POSITIVE_LENGTH_MEASURE(2.E-2),#17);
#4278=PRESENTATION_STYLE_ASSIGNMENT((#4277));
#4279=STYLED_ITEM('',(#4278),#4276);
#4280=DIRECTION('',(3.605168319218E-2,-7.249028245533E-1,-6.879070948127E-1));
#4281=VECTOR('',#4280,7.258462242104E-1);
#4282=CARTESIAN_POINT('',(-6.752407779283E0,-1.544759222072E1,2.5E0));
#4283=LINE('',#4282,#4281);
#4284=CURVE_STYLE('',#25,POSITIVE_LENGTH_MEASURE(2.E-2),#17);
#4285=PRESENTATION_STYLE_ASSIGNMENT((#4284));
#4286=STYLED_ITEM('',(#4285),#4283);
#4287=DIRECTION('',(0.E0,-1.E0,0.E0));
#4288=VECTOR('',#4287,3.192384298209E-1);
#4289=CARTESIAN_POINT('',(-6.718342722749E0,-1.433076157018E1,1.85E0));
#4290=LINE('',#4289,#4288);
#4291=CURVE_STYLE('',#25,POSITIVE_LENGTH_MEASURE(2.E-2),#17);
#4292=PRESENTATION_STYLE_ASSIGNMENT((#4291));
#4293=STYLED_ITEM('',(#4292),#4290);
#4294=DIRECTION('',(3.703247672027E-2,-7.066217501846E-1,-7.066217501846E-1));
#4295=VECTOR('',#4294,4.953145015824E-1);
#4296=CARTESIAN_POINT('',(-6.718342722749E0,-1.465E1,1.85E0));
#4297=LINE('',#4296,#4295);
#4298=CURVE_STYLE('',#25,POSITIVE_LENGTH_MEASURE(2.E-2),#17);
#4299=PRESENTATION_STYLE_ASSIGNMENT((#4298));
#4300=STYLED_ITEM('',(#4299),#4297);
#4301=DIRECTION('',(0.E0,-1.E0,0.E0));
#4302=VECTOR('',#4301,1.E0);
#4303=CARTESIAN_POINT('',(-6.7E0,-1.5E1,1.5E0));
#4304=LINE('',#4303,#4302);
#4305=CURVE_STYLE('',#25,POSITIVE_LENGTH_MEASURE(2.E-2),#17);
#4306=PRESENTATION_STYLE_ASSIGNMENT((#4305));
#4307=STYLED_ITEM('',(#4306),#4304);
#4308=DIRECTION('',(-9.999014169616E-1,-1.404123777164E-2,0.E0));
#4309=VECTOR('',#4308,8.844553188261E-1);
#4310=CARTESIAN_POINT('',(-5.833974596216E0,-1.431834272275E1,1.85E0));
#4311=LINE('',#4310,#4309);
#4312=CURVE_STYLE('',#25,POSITIVE_LENGTH_MEASURE(2.E-2),#17);
#4313=PRESENTATION_STYLE_ASSIGNMENT((#4312));
#4314=STYLED_ITEM('',(#4313),#4311);
#4315=DIRECTION('',(5.226240894910E-2,5.299631020988E-2,-9.972261687877E-1));
#4316=VECTOR('',#4315,6.518080053898E-1);
#4317=CARTESIAN_POINT('',(-6.752407779283E0,-1.436530498943E1,2.5E0));
#4318=LINE('',#4317,#4316);
#4319=CURVE_STYLE('',#25,POSITIVE_LENGTH_MEASURE(2.E-2),#17);
#4320=PRESENTATION_STYLE_ASSIGNMENT((#4319));
#4321=STYLED_ITEM('',(#4320),#4318);
#4322=DIRECTION('',(0.E0,-5.233595624294E-2,9.986295347546E-1));
#4323=VECTOR('',#4322,1.502058518997E0);
#4324=CARTESIAN_POINT('',(-7.7E0,-1.43E1,1.E0));
#4325=LINE('',#4324,#4323);
#4326=CURVE_STYLE('',#25,POSITIVE_LENGTH_MEASURE(2.E-2),#17);
#4327=PRESENTATION_STYLE_ASSIGNMENT((#4326));
#4328=STYLED_ITEM('',(#4327),#4325);
#4329=DIRECTION('',(-1.E0,0.E0,0.E0));
#4330=VECTOR('',#4329,9.036685445498E0);
#4331=CARTESIAN_POINT('',(2.318342722749E0,-1.465E1,1.85E0));
#4332=LINE('',#4331,#4330);
#4333=CURVE_STYLE('',#25,POSITIVE_LENGTH_MEASURE(2.E-2),#17);
#4334=PRESENTATION_STYLE_ASSIGNMENT((#4333));
#4335=STYLED_ITEM('',(#4334),#4332);
#4336=CARTESIAN_POINT('',(-9.704180565003E0,-1.43E1,1.001119156273E0));
#4337=CARTESIAN_POINT('',(-9.704180565003E0,-1.432618447611E1,
1.500748724034E0));
#4338=CARTESIAN_POINT('',(-9.7E0,-1.435242719281E1,2.000370432239E0));
#4339=CARTESIAN_POINT('',(-9.7E0,-1.437861166892E1,2.5E0));
#4341=CURVE_STYLE('',#25,POSITIVE_LENGTH_MEASURE(2.E-2),#17);
#4342=PRESENTATION_STYLE_ASSIGNMENT((#4341));
#4343=STYLED_ITEM('',(#4342),#4340);
#4344=DIRECTION('',(9.659254117774E-1,0.E0,-2.588205920761E-1));
#4345=VECTOR('',#4344,6.168379335843E-1);
#4346=CARTESIAN_POINT('',(-1.03E1,-1.43E1,1.160769515459E0));
#4347=LINE('',#4346,#4345);
#4348=CURVE_STYLE('',#25,POSITIVE_LENGTH_MEASURE(2.E-2),#17);
#4349=PRESENTATION_STYLE_ASSIGNMENT((#4348));
#4350=STYLED_ITEM('',(#4349),#4347);
#4351=DIRECTION('',(2.616798426498E-2,-2.616798426497E-2,-9.993150019884E-1));
#4352=VECTOR('',#4351,1.340148483588E0);
#4353=CARTESIAN_POINT('',(-1.033506898443E1,1.003489764692E1,2.5E0));
#4354=LINE('',#4353,#4352);
#4355=CURVE_STYLE('',#25,POSITIVE_LENGTH_MEASURE(2.E-2),#17);
#4356=PRESENTATION_STYLE_ASSIGNMENT((#4355));
#4357=STYLED_ITEM('',(#4356),#4354);
#4358=DIRECTION('',(0.E0,-1.E0,0.E0));
#4359=VECTOR('',#4358,4.300171337512E0);
#4360=CARTESIAN_POINT('',(-1.03E1,1.43E1,1.160769515459E0));
#4361=LINE('',#4360,#4359);
#4362=CURVE_STYLE('',#25,POSITIVE_LENGTH_MEASURE(2.E-2),#17);
#4363=PRESENTATION_STYLE_ASSIGNMENT((#4362));
#4364=STYLED_ITEM('',(#4363),#4361);
#4365=DIRECTION('',(-2.616798426498E-2,-2.616798426497E-2,9.993150019884E-1));
#4366=VECTOR('',#4365,1.340148483588E0);
#4367=CARTESIAN_POINT('',(-1.03E1,-9.999828662488E0,1.160769515459E0));
#4368=LINE('',#4367,#4366);
#4369=CURVE_STYLE('',#25,POSITIVE_LENGTH_MEASURE(2.E-2),#17);
#4370=PRESENTATION_STYLE_ASSIGNMENT((#4369));
#4371=STYLED_ITEM('',(#4370),#4368);
#4372=DIRECTION('',(0.E0,1.E0,0.E0));
#4373=VECTOR('',#4372,4.300171337512E0);
#4374=CARTESIAN_POINT('',(-1.03E1,-1.43E1,1.160769515459E0));
#4375=LINE('',#4374,#4373);
#4376=CURVE_STYLE('',#25,POSITIVE_LENGTH_MEASURE(2.E-2),#17);
#4377=PRESENTATION_STYLE_ASSIGNMENT((#4376));
#4378=STYLED_ITEM('',(#4377),#4375);
#4379=DIRECTION('',(-2.614159854572E-2,-5.195197581916E-2,9.983073720222E-1));
#4380=VECTOR('',#4379,1.341501146915E0);
#4381=CARTESIAN_POINT('',(-1.03E1,-1.43E1,1.160769515459E0));
#4382=LINE('',#4381,#4380);
#4383=CURVE_STYLE('',#25,POSITIVE_LENGTH_MEASURE(2.E-2),#17);
#4384=PRESENTATION_STYLE_ASSIGNMENT((#4383));
#4385=STYLED_ITEM('',(#4384),#4382);
#4386=CARTESIAN_POINT('',(-1.03E1,9.999828662488E0,1.160769515459E0));
#4387=CARTESIAN_POINT('',(-1.03E1,9.829669036531E0,1.160769515459E0));
#4388=CARTESIAN_POINT('',(-1.042968241402E1,9.624519898480E0,1.195517813567E0));
#4389=CARTESIAN_POINT('',(-1.063900268703E1,9.502378611180E0,1.251605011679E0));
#4390=CARTESIAN_POINT('',(-1.080336048962E1,9.503531827133E0,1.295644552154E0));
#4392=CURVE_STYLE('',#25,POSITIVE_LENGTH_MEASURE(2.E-2),#17);
#4393=PRESENTATION_STYLE_ASSIGNMENT((#4392));
#4394=STYLED_ITEM('',(#4393),#4391);
#4395=DIRECTION('',(2.616798426498E-2,-2.616798426498E-2,-9.993150019884E-1));
#4396=VECTOR('',#4395,1.205180994431E0);
#4397=CARTESIAN_POINT('',(-1.083489764692E1,9.535068984431E0,2.5E0));
#4398=LINE('',#4397,#4396);
#4399=CURVE_STYLE('',#25,POSITIVE_LENGTH_MEASURE(2.E-2),#17);
#4400=PRESENTATION_STYLE_ASSIGNMENT((#4399));
#4401=STYLED_ITEM('',(#4400),#4398);
#4402=DIRECTION('',(9.659036429454E-1,-6.777259566316E-3,-2.588131010935E-1));
#4403=VECTOR('',#4402,5.211290932555E-1);
#4404=CARTESIAN_POINT('',(-1.080336048962E1,9.503531827133E0,1.295644552154E0));
#4405=LINE('',#4404,#4403);
#4406=CURVE_STYLE('',#25,POSITIVE_LENGTH_MEASURE(2.E-2),#17);
#4407=PRESENTATION_STYLE_ASSIGNMENT((#4406));
#4408=STYLED_ITEM('',(#4407),#4405);
#4409=DIRECTION('',(1.E0,0.E0,0.E0));
#4410=VECTOR('',#4409,3.825171337512E0);
#4411=CARTESIAN_POINT('',(-1.412517133751E1,9.5E0,1.160769515459E0));
#4412=LINE('',#4411,#4410);
#4413=CURVE_STYLE('',#25,POSITIVE_LENGTH_MEASURE(2.E-2),#17);
#4414=PRESENTATION_STYLE_ASSIGNMENT((#4413));
#4415=STYLED_ITEM('',(#4414),#4412);
#4416=DIRECTION('',(-2.616798426498E-2,2.616798426498E-2,9.993150019884E-1));
#4417=VECTOR('',#4416,1.340148483588E0);
#4418=CARTESIAN_POINT('',(-1.412517133751E1,9.5E0,1.160769515459E0));
#4419=LINE('',#4418,#4417);
#4420=CURVE_STYLE('',#25,POSITIVE_LENGTH_MEASURE(2.E-2),#17);
#4421=PRESENTATION_STYLE_ASSIGNMENT((#4420));
#4422=STYLED_ITEM('',(#4421),#4419);
#4423=CARTESIAN_POINT('',(-1.466006898443E1,9.035240321943E0,2.5E0));
#4424=CARTESIAN_POINT('',(-1.466006898443E1,9.201849876106E0,2.5E0));
#4425=CARTESIAN_POINT('',(-1.453392722605E1,9.408927226046E0,2.5E0));
#4426=CARTESIAN_POINT('',(-1.432684987611E1,9.535068984431E0,2.5E0));
#4427=CARTESIAN_POINT('',(-1.416024032194E1,9.535068984431E0,2.5E0));
#4429=CURVE_STYLE('',#25,POSITIVE_LENGTH_MEASURE(2.E-2),#17);
#4430=PRESENTATION_STYLE_ASSIGNMENT((#4429));
#4431=STYLED_ITEM('',(#4430),#4428);
#4432=DIRECTION('',(0.E0,1.E0,0.E0));
#4433=VECTOR('',#4432,1.492597044392E1);
#4434=CARTESIAN_POINT('',(-1.463388754949E1,-7.462985221960E0,
1.500171337512E0));
#4435=LINE('',#4434,#4433);
#4436=CURVE_STYLE('',#25,POSITIVE_LENGTH_MEASURE(2.E-2),#17);
#4437=PRESENTATION_STYLE_ASSIGNMENT((#4436));
#4438=STYLED_ITEM('',(#4437),#4435);
#4439=DIRECTION('',(0.E0,1.E0,0.E0));
#4440=VECTOR('',#4439,1.484781426547E0);
#4441=CARTESIAN_POINT('',(-1.466006898443E1,7.550458895396E0,2.5E0));
#4442=LINE('',#4441,#4440);
#4443=CURVE_STYLE('',#25,POSITIVE_LENGTH_MEASURE(2.E-2),#17);
#4444=PRESENTATION_STYLE_ASSIGNMENT((#4443));
#4445=STYLED_ITEM('',(#4444),#4442);
#4446=DIRECTION('',(-2.616798426498E-2,2.616798426498E-2,9.993150019884E-1));
#4447=VECTOR('',#4446,1.340148483588E0);
#4448=CARTESIAN_POINT('',(-1.4625E1,9.000171337512E0,1.160769515459E0));
#4449=LINE('',#4448,#4447);
#4450=CURVE_STYLE('',#25,POSITIVE_LENGTH_MEASURE(2.E-2),#17);
#4451=PRESENTATION_STYLE_ASSIGNMENT((#4450));
#4452=STYLED_ITEM('',(#4451),#4449);
#4453=DIRECTION('',(0.E0,1.E0,0.E0));
#4454=VECTOR('',#4453,1.800034267502E1);
#4455=CARTESIAN_POINT('',(-1.4625E1,-9.000171337512E0,1.160769515459E0));
#4456=LINE('',#4455,#4454);
#4457=CURVE_STYLE('',#25,POSITIVE_LENGTH_MEASURE(2.E-2),#17);
#4458=PRESENTATION_STYLE_ASSIGNMENT((#4457));
#4459=STYLED_ITEM('',(#4458),#4456);
#4460=DIRECTION('',(-2.616798426498E-2,-2.616798426498E-2,9.993150019884E-1));
#4461=VECTOR('',#4460,1.340148483588E0);
#4462=CARTESIAN_POINT('',(-1.4625E1,-9.000171337512E0,1.160769515459E0));
#4463=LINE('',#4462,#4461);
#4464=CURVE_STYLE('',#25,POSITIVE_LENGTH_MEASURE(2.E-2),#17);
#4465=PRESENTATION_STYLE_ASSIGNMENT((#4464));
#4466=STYLED_ITEM('',(#4465),#4463);
#4467=DIRECTION('',(0.E0,1.E0,0.E0));
#4468=VECTOR('',#4467,1.484781426547E0);
#4469=CARTESIAN_POINT('',(-1.466006898443E1,-9.035240321943E0,2.5E0));
#4470=LINE('',#4469,#4468);
#4471=CURVE_STYLE('',#25,POSITIVE_LENGTH_MEASURE(2.E-2),#17);
#4472=PRESENTATION_STYLE_ASSIGNMENT((#4471));
#4473=STYLED_ITEM('',(#4472),#4470);
#4474=CARTESIAN_POINT('',(-1.463388754949E1,-7.462985221960E0,
1.500171337512E0));
#4475=CARTESIAN_POINT('',(-1.463388754949E1,-7.402134796331E0,
1.500171337512E0));
#4476=CARTESIAN_POINT('',(-1.466285066099E1,-7.323411903625E0,
1.528385951580E0));
#4477=CARTESIAN_POINT('',(-1.475509647935E1,-7.216892488717E0,
1.618247849350E0));
#4478=CARTESIAN_POINT('',(-1.485413100363E1,-7.181297165791E0,
1.714723011638E0));
#4479=CARTESIAN_POINT('',(-1.494114356495E1,-7.188713044757E0,
1.799486896100E0));
#4481=CURVE_STYLE('',#25,POSITIVE_LENGTH_MEASURE(2.E-2),#17);
#4482=PRESENTATION_STYLE_ASSIGNMENT((#4481));
#4483=STYLED_ITEM('',(#4482),#4480);
#4484=DIRECTION('',(-7.149708520274E-1,-6.093530891742E-2,6.964937680112E-1));
#4485=VECTOR('',#4484,2.878893008219E-1);
#4486=CARTESIAN_POINT('',(-1.494114356495E1,-7.188713044757E0,
1.799486896100E0));
#4487=LINE('',#4486,#4485);
#4488=CURVE_STYLE('',#25,POSITIVE_LENGTH_MEASURE(2.E-2),#17);
#4489=PRESENTATION_STYLE_ASSIGNMENT((#4488));
#4490=STYLED_ITEM('',(#4489),#4487);
#4491=DIRECTION('',(7.149708520274E-1,-6.093530891742E-2,-6.964937680112E-1));
#4492=VECTOR('',#4491,2.878893008219E-1);
#4493=CARTESIAN_POINT('',(-1.514697602365E1,7.206255668237E0,2.E0));
#4494=LINE('',#4493,#4492);
#4495=CURVE_STYLE('',#25,POSITIVE_LENGTH_MEASURE(2.E-2),#17);
#4496=PRESENTATION_STYLE_ASSIGNMENT((#4495));
#4497=STYLED_ITEM('',(#4496),#4494);
#4498=CARTESIAN_POINT('',(-1.494114356495E1,7.188713044757E0,1.799486896100E0));
#4499=CARTESIAN_POINT('',(-1.485413100363E1,7.181297165791E0,1.714723011638E0));
#4500=CARTESIAN_POINT('',(-1.475509647935E1,7.216892488717E0,1.618247849350E0));
#4501=CARTESIAN_POINT('',(-1.466285066099E1,7.323411903625E0,1.528385951580E0));
#4502=CARTESIAN_POINT('',(-1.463388754949E1,7.402134796331E0,1.500171337512E0));
#4503=CARTESIAN_POINT('',(-1.463388754949E1,7.462985221960E0,1.500171337512E0));
#4505=CURVE_STYLE('',#25,POSITIVE_LENGTH_MEASURE(2.E-2),#17);
#4506=PRESENTATION_STYLE_ASSIGNMENT((#4505));
#4507=STYLED_ITEM('',(#4506),#4504);
#4508=DIRECTION('',(-2.607740498452E-2,-8.712610340223E-2,9.958559188232E-1));
#4509=VECTOR('',#4508,1.003989275546E0);
#4510=CARTESIAN_POINT('',(-1.463388754949E1,-7.462985221960E0,
1.500171337512E0));
#4511=LINE('',#4510,#4509);
#4512=CURVE_STYLE('',#25,POSITIVE_LENGTH_MEASURE(2.E-2),#17);
#4513=PRESENTATION_STYLE_ASSIGNMENT((#4512));
#4514=STYLED_ITEM('',(#4513),#4511);
#4515=DIRECTION('',(-2.607740498452E-2,-8.712610340222E-2,9.958559188232E-1));
#4516=VECTOR('',#4515,7.034281673270E-1);
#4517=CARTESIAN_POINT('',(-1.494114356495E1,-7.188713044757E0,
1.799486896100E0));
#4518=LINE('',#4517,#4516);
#4519=CURVE_STYLE('',#25,POSITIVE_LENGTH_MEASURE(2.E-2),#17);
#4520=PRESENTATION_STYLE_ASSIGNMENT((#4519));
#4521=STYLED_ITEM('',(#4520),#4518);
#4522=CARTESIAN_POINT('',(-1.836039038998E1,-7.206278149531E0,
2.000256962233E0));
#4523=CARTESIAN_POINT('',(-1.826173504085E1,-7.213678144529E0,
2.084839292096E0));
#4524=CARTESIAN_POINT('',(-1.806645025049E1,-7.228335189431E0,
2.252370082128E0));
#4525=CARTESIAN_POINT('',(-1.787230443488E1,-7.242818600095E0,
2.417916223486E0));
#4526=CARTESIAN_POINT('',(-1.777595956611E1,-7.250000000012E0,
2.500000000150E0));
#4528=CURVE_STYLE('',#25,POSITIVE_LENGTH_MEASURE(2.E-2),#17);
#4529=PRESENTATION_STYLE_ASSIGNMENT((#4528));
#4530=STYLED_ITEM('',(#4529),#4527);
#4531=CARTESIAN_POINT('',(-1.777582825512E1,7.250000729424E0,2.500009081755E0));
#4532=CARTESIAN_POINT('',(-1.787216728612E1,7.242819767184E0,2.417930307765E0));
#4533=CARTESIAN_POINT('',(-1.806650421041E1,7.228335698036E0,2.252375523321E0));
#4534=CARTESIAN_POINT('',(-1.826172920427E1,7.213678582323E0,2.084844296102E0));
#4535=CARTESIAN_POINT('',(-1.836039038999E1,7.206278149531E0,2.000256962234E0));
#4537=CURVE_STYLE('',#25,POSITIVE_LENGTH_MEASURE(2.E-2),#17);
#4538=PRESENTATION_STYLE_ASSIGNMENT((#4537));
#4539=STYLED_ITEM('',(#4538),#4536);
#4540=DIRECTION('',(2.607740498452E-2,-8.712610340223E-2,-9.958559188232E-1));
#4541=VECTOR('',#4540,1.003989275546E0);
#4542=CARTESIAN_POINT('',(-1.466006898443E1,7.550458895396E0,2.5E0));
#4543=LINE('',#4542,#4541);
#4544=CURVE_STYLE('',#25,POSITIVE_LENGTH_MEASURE(2.E-2),#17);
#4545=PRESENTATION_STYLE_ASSIGNMENT((#4544));
#4546=STYLED_ITEM('',(#4545),#4543);
#4547=DIRECTION('',(-2.607740498451E-2,8.712610340222E-2,9.958559188232E-1));
#4548=VECTOR('',#4547,7.034281673270E-1);
#4549=CARTESIAN_POINT('',(-1.494114356495E1,7.188713044757E0,1.799486896100E0));
#4550=LINE('',#4549,#4548);
#4551=CURVE_STYLE('',#25,POSITIVE_LENGTH_MEASURE(2.E-2),#17);
#4552=PRESENTATION_STYLE_ASSIGNMENT((#4551));
#4553=STYLED_ITEM('',(#4552),#4550);
#4554=DIRECTION('',(-4.460410870198E-1,5.720273935150E-1,-6.883545668902E-1));
#4555=VECTOR('',#4554,7.253430757668E-1);
#4556=CARTESIAN_POINT('',(-1.180842056096E1,1.513646436154E1,2.499906020213E0));
#4557=LINE('',#4556,#4555);
#4558=CURVE_STYLE('',#25,POSITIVE_LENGTH_MEASURE(2.E-2),#17);
#4559=PRESENTATION_STYLE_ASSIGNMENT((#4558));
#4560=STYLED_ITEM('',(#4559),#4557);
#4561=DIRECTION('',(-6.112411533049E-12,7.253743710139E-1,-6.883545756920E-1));
#4562=VECTOR('',#4561,7.253743710105E-1);
#4563=CARTESIAN_POINT('',(-1.090349753434E1,1.544759222072E1,2.5E0));
#4564=LINE('',#4563,#4562);
#4565=CURVE_STYLE('',#25,POSITIVE_LENGTH_MEASURE(2.E-2),#17);
#4566=PRESENTATION_STYLE_ASSIGNMENT((#4565));
#4567=STYLED_ITEM('',(#4566),#4564);
#4568=CARTESIAN_POINT('',(-1.090349753434E1,1.597376019884E1,2.000685232625E0));
#4569=CARTESIAN_POINT('',(-1.105004419188E1,1.597372383833E1,2.001379029453E0));
#4570=CARTESIAN_POINT('',(-1.134515480674E1,1.594069574686E1,2.002312318074E0));
#4571=CARTESIAN_POINT('',(-1.175966097832E1,1.579879305821E1,2.002365786580E0));
#4572=CARTESIAN_POINT('',(-1.201547857352E1,1.564219956563E1,2.001312026920E0));
#4573=CARTESIAN_POINT('',(-1.213195337494E1,1.555138047058E1,2.000612801447E0));
#4575=CURVE_STYLE('',#25,POSITIVE_LENGTH_MEASURE(2.E-2),#17);
#4576=PRESENTATION_STYLE_ASSIGNMENT((#4575));
#4577=STYLED_ITEM('',(#4576),#4574);
#4578=CARTESIAN_POINT('',(-1.214022321810E1,1.557810900638E1,1.5E0));
#4579=CARTESIAN_POINT('',(-1.202335979720E1,1.566918219217E1,1.5E0));
#4580=CARTESIAN_POINT('',(-1.177622502963E1,1.582172833712E1,1.5E0));
#4581=CARTESIAN_POINT('',(-1.134972346281E1,1.596834511771E1,1.5E0));
#4582=CARTESIAN_POINT('',(-1.106082700550E1,1.6E1,1.5E0));
#4583=CARTESIAN_POINT('',(-1.091251836098E1,1.6E1,1.5E0));
#4585=CURVE_STYLE('',#25,POSITIVE_LENGTH_MEASURE(2.E-2),#17);
#4586=PRESENTATION_STYLE_ASSIGNMENT((#4585));
#4587=STYLED_ITEM('',(#4586),#4584);
#4588=CARTESIAN_POINT('',(1.098602583933E1,1.641248720510E1,1.5E0));
#4589=CARTESIAN_POINT('',(1.087759980640E1,1.648506433400E1,1.5E0));
#4590=CARTESIAN_POINT('',(1.065091801776E1,1.660745883991E1,1.5E0));
#4591=CARTESIAN_POINT('',(1.026209142611E1,1.672559888617E1,1.5E0));
#4592=CARTESIAN_POINT('',(1.000556680579E1,1.675E1,1.5E0));
#4593=CARTESIAN_POINT('',(9.875041548416E0,1.675E1,1.5E0));
#4595=CURVE_STYLE('',#25,POSITIVE_LENGTH_MEASURE(2.E-2),#17);
#4596=PRESENTATION_STYLE_ASSIGNMENT((#4595));
#4597=STYLED_ITEM('',(#4596),#4594);
#4598=CARTESIAN_POINT('',(0.E0,0.E0,1.5E0));
#4599=DIRECTION('',(0.E0,0.E0,-1.E0));
#4600=DIRECTION('',(5.562544728772E-1,8.310120103850E-1,0.E0));
#4601=AXIS2_PLACEMENT_3D('',#4598,#4599,#4600);
#4603=CURVE_STYLE('',#25,POSITIVE_LENGTH_MEASURE(2.E-2),#17);
#4604=PRESENTATION_STYLE_ASSIGNMENT((#4603));
#4605=STYLED_ITEM('',(#4604),#4602);
#4606=DIRECTION('',(1.E0,0.E0,0.E0));
#4607=VECTOR('',#4606,4.212518360978E0);
#4608=CARTESIAN_POINT('',(6.7E0,1.6E1,1.5E0));
#4609=LINE('',#4608,#4607);
#4610=CURVE_STYLE('',#25,POSITIVE_LENGTH_MEASURE(2.E-2),#17);
#4611=PRESENTATION_STYLE_ASSIGNMENT((#4610));
#4612=STYLED_ITEM('',(#4611),#4609);
#4613=DIRECTION('',(1.E0,0.E0,0.E0));
#4614=VECTOR('',#4613,9.E0);
#4615=CARTESIAN_POINT('',(-2.3E0,1.5E1,1.5E0));
#4616=LINE('',#4615,#4614);
#4617=CURVE_STYLE('',#25,POSITIVE_LENGTH_MEASURE(2.E-2),#17);
#4618=PRESENTATION_STYLE_ASSIGNMENT((#4617));
#4619=STYLED_ITEM('',(#4618),#4616);
#4620=DIRECTION('',(1.E0,0.E0,0.E0));
#4621=VECTOR('',#4620,8.612518360978E0);
#4622=CARTESIAN_POINT('',(-1.091251836098E1,1.6E1,1.5E0));
#4623=LINE('',#4622,#4621);
#4624=CURVE_STYLE('',#25,POSITIVE_LENGTH_MEASURE(2.E-2),#17);
#4625=PRESENTATION_STYLE_ASSIGNMENT((#4624));
#4626=STYLED_ITEM('',(#4625),#4623);
#4627=CARTESIAN_POINT('',(0.E0,0.E0,1.5E0));
#4628=DIRECTION('',(0.E0,0.E0,-1.E0));
#4629=DIRECTION('',(-6.146948464862E-1,7.887650129812E-1,0.E0));
#4630=AXIS2_PLACEMENT_3D('',#4627,#4628,#4629);
#4632=CURVE_STYLE('',#25,POSITIVE_LENGTH_MEASURE(2.E-2),#17);
#4633=PRESENTATION_STYLE_ASSIGNMENT((#4632));
#4634=STYLED_ITEM('',(#4633),#4631);
#4635=CARTESIAN_POINT('',(-9.875041548416E0,1.675E1,1.5E0));
#4636=CARTESIAN_POINT('',(-1.000556680579E1,1.675E1,1.5E0));
#4637=CARTESIAN_POINT('',(-1.026209142611E1,1.672559888617E1,1.5E0));
#4638=CARTESIAN_POINT('',(-1.065091801776E1,1.660745883991E1,1.5E0));
#4639=CARTESIAN_POINT('',(-1.087759980640E1,1.648506433400E1,1.5E0));
#4640=CARTESIAN_POINT('',(-1.098602583933E1,1.641248720510E1,1.5E0));
#4642=CURVE_STYLE('',#25,POSITIVE_LENGTH_MEASURE(2.E-2),#17);
#4643=PRESENTATION_STYLE_ASSIGNMENT((#4642));
#4644=STYLED_ITEM('',(#4643),#4641);
#4645=CARTESIAN_POINT('',(9.854317776067E0,1.668185552232E1,1.997259069504E-1));
#4646=CARTESIAN_POINT('',(9.985096702192E0,1.668185494939E1,1.997150045253E-1));
#4647=CARTESIAN_POINT('',(1.024827812625E1,1.665562721377E1,1.996996582159E-1));
#4648=CARTESIAN_POINT('',(1.062192884460E1,1.654246553582E1,1.996994897433E-1));
#4649=CARTESIAN_POINT('',(1.085776814596E1,1.641650592049E1,1.997149137835E-1));
#4650=CARTESIAN_POINT('',(1.096724256312E1,1.634304216639E1,1.997259042857E-1));
#4652=CURVE_STYLE('',#25,POSITIVE_LENGTH_MEASURE(2.E-2),#17);
#4653=PRESENTATION_STYLE_ASSIGNMENT((#4652));
#4654=STYLED_ITEM('',(#4653),#4651);
#4655=CARTESIAN_POINT('',(9.854317776067E0,1.668185552232E1,1.997259069504E-1));
#4656=CARTESIAN_POINT('',(9.856463233794E0,1.668890286306E1,3.341971787900E-1));
#4657=CARTESIAN_POINT('',(9.860858206283E0,1.670334402069E1,6.097508815115E-1));
#4658=CARTESIAN_POINT('',(9.867687567232E0,1.672579930241E1,1.038223181355E0));
#4659=CARTESIAN_POINT('',(9.872547469230E0,1.674179028814E1,1.343349365779E0));
#4660=CARTESIAN_POINT('',(9.875041548416E0,1.675E1,1.5E0));
#4662=CURVE_STYLE('',#25,POSITIVE_LENGTH_MEASURE(2.E-2),#17);
#4663=PRESENTATION_STYLE_ASSIGNMENT((#4662));
#4664=STYLED_ITEM('',(#4663),#4661);
#4665=DIRECTION('',(-1.E0,0.E0,0.E0));
#4666=VECTOR('',#4665,1.975008309683E1);
#4667=CARTESIAN_POINT('',(9.875041548416E0,1.675E1,1.5E0));
#4668=LINE('',#4667,#4666);
#4669=CURVE_STYLE('',#25,POSITIVE_LENGTH_MEASURE(2.E-2),#17);
#4670=PRESENTATION_STYLE_ASSIGNMENT((#4669));
#4671=STYLED_ITEM('',(#4670),#4668);
#4672=CARTESIAN_POINT('',(-9.875041548416E0,1.675E1,1.5E0));
#4673=CARTESIAN_POINT('',(-9.872894243609E0,1.674293175861E1,1.365129919801E0));
#4674=CARTESIAN_POINT('',(-9.868497320219E0,1.672846314714E1,1.089052366788E0));
#4675=CARTESIAN_POINT('',(-9.861679451703E0,1.670604326565E1,
6.612555435736E-1));
#4676=CARTESIAN_POINT('',(-9.856815464126E0,1.669005985960E1,
3.562739878884E-1));
#4677=CARTESIAN_POINT('',(-9.854317776067E0,1.668185552232E1,
1.997259069504E-1));
#4679=CURVE_STYLE('',#25,POSITIVE_LENGTH_MEASURE(2.E-2),#17);
#4680=PRESENTATION_STYLE_ASSIGNMENT((#4679));
#4681=STYLED_ITEM('',(#4680),#4678);
#4682=DIRECTION('',(1.E0,0.E0,0.E0));
#4683=VECTOR('',#4682,1.970863555213E1);
#4684=CARTESIAN_POINT('',(-9.854317776067E0,1.668185552232E1,
1.997259069504E-1));
#4685=LINE('',#4684,#4683);
#4686=CURVE_STYLE('',#25,POSITIVE_LENGTH_MEASURE(2.E-2),#17);
#4687=PRESENTATION_STYLE_ASSIGNMENT((#4686));
#4688=STYLED_ITEM('',(#4687),#4685);
#4689=CARTESIAN_POINT('',(-1.096724256303E1,1.634304216643E1,
1.997259042600E-1));
#4690=CARTESIAN_POINT('',(-1.085854880590E1,1.641598205184E1,
1.997149921308E-1));
#4691=CARTESIAN_POINT('',(-1.062508445567E1,1.654098058122E1,
1.996996410076E-1));
#4692=CARTESIAN_POINT('',(-1.025176896531E1,1.665509152202E1,
1.996995061705E-1));
#4693=CARTESIAN_POINT('',(-9.986043547207E0,1.668185494524E1,
1.997149255913E-1));
#4694=CARTESIAN_POINT('',(-9.854317776067E0,1.668185552232E1,
1.997259069504E-1));
#4696=CURVE_STYLE('',#25,POSITIVE_LENGTH_MEASURE(2.E-2),#17);
#4697=PRESENTATION_STYLE_ASSIGNMENT((#4696));
#4698=STYLED_ITEM('',(#4697),#4695);
#4699=DIRECTION('',(-4.041974729429E-1,6.023224891190E-1,6.883545757588E-1));
#4700=VECTOR('',#4699,2.901497496272E-1);
#4701=CARTESIAN_POINT('',(-1.084996476746E1,1.616827844701E1,
-3.551212065152E-9));
#4702=LINE('',#4701,#4700);
#4703=CURVE_STYLE('',#25,POSITIVE_LENGTH_MEASURE(2.E-2),#17);
#4704=PRESENTATION_STYLE_ASSIGNMENT((#4703));
#4705=STYLED_ITEM('',(#4704),#4702);
#4706=DIRECTION('',(6.047785515066E-9,7.253743710352E-1,6.883545756697E-1));
#4707=VECTOR('',#4706,2.901497484144E-1);
#4708=CARTESIAN_POINT('',(-9.854317777822E0,1.647138833106E1,0.E0));
#4709=LINE('',#4708,#4707);
#4710=CURVE_STYLE('',#25,POSITIVE_LENGTH_MEASURE(2.E-2),#17);
#4711=PRESENTATION_STYLE_ASSIGNMENT((#4710));
#4712=STYLED_ITEM('',(#4711),#4709);
#4713=DIRECTION('',(-6.047748781824E-9,7.253743710352E-1,6.883545756697E-1));
#4714=VECTOR('',#4713,2.901497484144E-1);
#4715=CARTESIAN_POINT('',(9.854317777822E0,1.647138833106E1,0.E0));
#4716=LINE('',#4715,#4714);
#4717=CURVE_STYLE('',#25,POSITIVE_LENGTH_MEASURE(2.E-2),#17);
#4718=PRESENTATION_STYLE_ASSIGNMENT((#4717));
#4719=STYLED_ITEM('',(#4718),#4716);
#4720=DIRECTION('',(4.041974728475E-1,6.023224891612E-1,6.883545757779E-1));
#4721=VECTOR('',#4720,2.901497496168E-1);
#4722=CARTESIAN_POINT('',(1.084996476758E1,1.616827844697E1,
-3.523821826927E-9));
#4723=LINE('',#4722,#4721);
#4724=CURVE_STYLE('',#25,POSITIVE_LENGTH_MEASURE(2.E-2),#17);
#4725=PRESENTATION_STYLE_ASSIGNMENT((#4724));
#4726=STYLED_ITEM('',(#4725),#4723);
#4727=DIRECTION('',(5.703358661536E-1,4.482019403714E-1,6.883545746388E-1));
#4728=VECTOR('',#4727,2.901497487996E-1);
#4729=CARTESIAN_POINT('',(1.530965427795E1,1.203118653366E1,
1.177132465575E-12));
#4730=LINE('',#4729,#4728);
#4731=CURVE_STYLE('',#25,POSITIVE_LENGTH_MEASURE(2.E-2),#17);
#4732=PRESENTATION_STYLE_ASSIGNMENT((#4731));
#4733=STYLED_ITEM('',(#4732),#4730);
#4734=DIRECTION('',(-7.419349008114E-9,-7.193398008114E-1,6.946583699695E-1));
#4735=VECTOR('',#4734,2.877359203292E-1);
#4736=CARTESIAN_POINT('',(1.468832402725E1,1.075238115451E1,0.E0));
#4737=LINE('',#4736,#4735);
#4738=CURVE_STYLE('',#25,POSITIVE_LENGTH_MEASURE(2.E-2),#17);
#4739=PRESENTATION_STYLE_ASSIGNMENT((#4738));
#4740=STYLED_ITEM('',(#4739),#4737);
#4741=DIRECTION('',(6.125406515219E-9,-7.193398002691E-1,6.946583705310E-1));
#4742=VECTOR('',#4741,2.877359201087E-1);
#4743=CARTESIAN_POINT('',(1.086790816969E1,1.075238115420E1,0.E0));
#4744=LINE('',#4743,#4742);
#4745=CURVE_STYLE('',#25,POSITIVE_LENGTH_MEASURE(2.E-2),#17);
#4746=PRESENTATION_STYLE_ASSIGNMENT((#4745));
#4747=STYLED_ITEM('',(#4746),#4744);
#4748=DIRECTION('',(-7.253743713084E-1,2.046260162778E-8,6.883545753817E-1));
#4749=VECTOR('',#4748,2.901497485348E-1);
#4750=CARTESIAN_POINT('',(1.057861166910E1,1.104479753062E1,0.E0));
#4751=LINE('',#4750,#4749);
#4752=CURVE_STYLE('',#25,POSITIVE_LENGTH_MEASURE(2.E-2),#17);
#4753=PRESENTATION_STYLE_ASSIGNMENT((#4752));
#4754=STYLED_ITEM('',(#4753),#4751);
#4755=DIRECTION('',(-7.253743713318E-1,-1.899258012364E-8,6.883545753571E-1));
#4756=VECTOR('',#4755,2.901497485342E-1);
#4757=CARTESIAN_POINT('',(1.057861166911E1,1.346937791625E1,0.E0));
#4758=LINE('',#4757,#4756);
#4759=CURVE_STYLE('',#25,POSITIVE_LENGTH_MEASURE(2.E-2),#17);
#4760=PRESENTATION_STYLE_ASSIGNMENT((#4759));
#4761=STYLED_ITEM('',(#4760),#4758);
#4762=DIRECTION('',(-3.425454439490E-8,-7.253743713598E-1,6.883545753275E-1));
#4763=VECTOR('',#4762,2.901497485488E-1);
#4764=CARTESIAN_POINT('',(9.469377918232E0,1.457861166913E1,0.E0));
#4765=LINE('',#4764,#4763);
#4766=CURVE_STYLE('',#25,POSITIVE_LENGTH_MEASURE(2.E-2),#17);
#4767=PRESENTATION_STYLE_ASSIGNMENT((#4766));
#4768=STYLED_ITEM('',(#4767),#4765);
#4769=CARTESIAN_POINT('',(1.086790817145E1,1.054540125490E1,1.998781654059E-1));
#4770=CARTESIAN_POINT('',(1.080283854198E1,1.054540291028E1,1.998307176743E-1));
#4771=CARTESIAN_POINT('',(1.067120969602E1,1.057143720209E1,1.997186158306E-1));
#4772=CARTESIAN_POINT('',(1.050518401508E1,1.068264563915E1,1.996001247387E-1));
#4773=CARTESIAN_POINT('',(1.039414546296E1,1.084847472367E1,1.995995470527E-1));
#4774=CARTESIAN_POINT('',(1.036814696067E1,1.097984374779E1,1.996785442909E-1));
#4775=CARTESIAN_POINT('',(1.036814447768E1,1.104479753656E1,1.997259069498E-1));
#4777=CURVE_STYLE('',#25,POSITIVE_LENGTH_MEASURE(2.E-2),#17);
#4778=PRESENTATION_STYLE_ASSIGNMENT((#4777));
#4779=STYLED_ITEM('',(#4778),#4776);
#4780=CARTESIAN_POINT('',(1.03E1,1.099939096622E1,1.5E0));
#4781=CARTESIAN_POINT('',(1.03E1,1.083286386011E1,1.5E0));
#4782=CARTESIAN_POINT('',(1.042610545457E1,1.062591510246E1,1.5E0));
#4783=CARTESIAN_POINT('',(1.063324456433E1,1.05E1,1.5E0));
#4784=CARTESIAN_POINT('',(1.079977167044E1,1.05E1,1.5E0));
#4786=CURVE_STYLE('',#25,POSITIVE_LENGTH_MEASURE(2.E-2),#17);
#4787=PRESENTATION_STYLE_ASSIGNMENT((#4786));
#4788=STYLED_ITEM('',(#4787),#4785);
#4789=DIRECTION('',(-5.230416403347E-2,-3.485172628559E-2,9.980228612610E-1));
#4790=VECTOR('',#4789,1.302697448184E0);
#4791=CARTESIAN_POINT('',(1.086790817145E1,1.054540125490E1,1.998781654059E-1));
#4792=LINE('',#4791,#4790);
#4793=CURVE_STYLE('',#25,POSITIVE_LENGTH_MEASURE(2.E-2),#17);
#4794=PRESENTATION_STYLE_ASSIGNMENT((#4793));
#4795=STYLED_ITEM('',(#4794),#4792);
#4796=CARTESIAN_POINT('',(1.481025440474E1,1.05E1,1.5E0));
#4797=CARTESIAN_POINT('',(1.479768062257E1,1.050469787748E1,1.365470390492E0));
#4798=CARTESIAN_POINT('',(1.477189347074E1,1.051432263141E1,1.089853499250E0));
#4799=CARTESIAN_POINT('',(1.473175140469E1,1.052927244048E1,6.617469801282E-1));
#4800=CARTESIAN_POINT('',(1.470307000099E1,1.053992930182E1,3.565743996524E-1));
#4801=CARTESIAN_POINT('',(1.468832402512E1,1.054540125490E1,1.998781653976E-1));
#4803=CURVE_STYLE('',#25,POSITIVE_LENGTH_MEASURE(2.E-2),#17);
#4804=PRESENTATION_STYLE_ASSIGNMENT((#4803));
#4805=STYLED_ITEM('',(#4804),#4802);
#4806=DIRECTION('',(-1.E0,-7.578917476864E-14,2.183297814558E-12));
#4807=VECTOR('',#4806,3.820415853664E0);
#4808=CARTESIAN_POINT('',(1.468832402512E1,1.054540125490E1,1.998781653976E-1));
#4809=LINE('',#4808,#4807);
#4810=CURVE_STYLE('',#25,POSITIVE_LENGTH_MEASURE(2.E-2),#17);
#4811=PRESENTATION_STYLE_ASSIGNMENT((#4810));
#4812=STYLED_ITEM('',(#4811),#4809);
#4813=CARTESIAN_POINT('',(1.547513708625E1,1.216123221407E1,1.997259069177E-1));
#4814=CARTESIAN_POINT('',(1.554085208633E1,1.207760200817E1,1.996314607890E-1));
#4815=CARTESIAN_POINT('',(1.564632308986E1,1.188764526157E1,1.994092957538E-1));
#4816=CARTESIAN_POINT('',(1.570610697742E1,1.157008350910E1,1.991135309573E-1));
#4817=CARTESIAN_POINT('',(1.566338695197E1,1.125035809131E1,1.989697572175E-1));
#4818=CARTESIAN_POINT('',(1.552228877161E1,1.096032117838E1,1.990343789457E-1));
#4819=CARTESIAN_POINT('',(1.529671232723E1,1.072902762143E1,1.992822960479E-1));
#4820=CARTESIAN_POINT('',(1.500965461045E1,1.057986261299E1,1.996159051989E-1));
#4821=CARTESIAN_POINT('',(1.479482955448E1,1.054540367928E1,1.998088589248E-1));
#4822=CARTESIAN_POINT('',(1.468832402512E1,1.054540125490E1,1.998781653976E-1));
#4824=CURVE_STYLE('',#25,POSITIVE_LENGTH_MEASURE(2.E-2),#17);
#4825=PRESENTATION_STYLE_ASSIGNMENT((#4824));
#4826=STYLED_ITEM('',(#4825),#4823);
#4827=CARTESIAN_POINT('',(1.481025440474E1,1.05E1,1.5E0));
#4828=CARTESIAN_POINT('',(1.491869509055E1,1.05E1,1.5E0));
#4829=CARTESIAN_POINT('',(1.512500743829E1,1.053197870684E1,1.5E0));
#4830=CARTESIAN_POINT('',(1.542779408167E1,1.068863815722E1,1.5E0));
#4831=CARTESIAN_POINT('',(1.564883007053E1,1.092301181372E1,1.5E0));
#4832=CARTESIAN_POINT('',(1.578601353666E1,1.120767079777E1,1.5E0));
#4833=CARTESIAN_POINT('',(1.582840232619E1,1.153067377749E1,1.5E0));
#4834=CARTESIAN_POINT('',(1.576537177111E1,1.184653029126E1,1.5E0));
#4835=CARTESIAN_POINT('',(1.566617974714E1,1.202683292530E1,1.5E0));
#4836=CARTESIAN_POINT('',(1.560071089485E1,1.211116507919E1,1.5E0));
#4838=CURVE_STYLE('',#25,POSITIVE_LENGTH_MEASURE(2.E-2),#17);
#4839=PRESENTATION_STYLE_ASSIGNMENT((#4838));
#4840=STYLED_ITEM('',(#4839),#4837);
#4841=DIRECTION('',(-7.176969368797E-1,1.052572409189E-1,6.883545743493E-1));
#4842=VECTOR('',#4841,2.901497488829E-1);
#4843=CARTESIAN_POINT('',(-1.926530044693E1,2.825449026417E0,
-2.703615109567E-12));
#4844=LINE('',#4843,#4842);
#4845=CURVE_STYLE('',#25,POSITIVE_LENGTH_MEASURE(2.E-2),#17);
#4846=PRESENTATION_STYLE_ASSIGNMENT((#4845));
#4847=STYLED_ITEM('',(#4846),#4844);
#4848=DIRECTION('',(1.678493946443E-8,-7.163019429119E-1,6.977904603681E-1));
#4849=VECTOR('',#4848,2.865207771643E-1);
#4850=CARTESIAN_POINT('',(-1.897877870352E1,2.489278882059E0,0.E0));
#4851=LINE('',#4850,#4849);
#4852=CURVE_STYLE('',#25,POSITIVE_LENGTH_MEASURE(2.E-2),#17);
#4853=PRESENTATION_STYLE_ASSIGNMENT((#4852));
#4854=STYLED_ITEM('',(#4853),#4851);
#4855=CARTESIAN_POINT('',(-1.897877869871E1,2.284043492692E0,
1.999314650025E-1));
#4856=CARTESIAN_POINT('',(-1.904983869029E1,2.284044588351E0,
1.998893445175E-1));
#4857=CARTESIAN_POINT('',(-1.919389617410E1,2.315228126270E0,
1.997713378373E-1));
#4858=CARTESIAN_POINT('',(-1.936907234889E1,2.447029937307E0,
1.996182646508E-1));
#4859=CARTESIAN_POINT('',(-1.947388271592E1,2.639197534300E0,
1.995939662654E-1));
#4860=CARTESIAN_POINT('',(-1.948382357437E1,2.785852541770E0,
1.996753546562E-1));
#4861=CARTESIAN_POINT('',(-1.947354003294E1,2.855989388438E0,
1.997259068872E-1));
#4863=CURVE_STYLE('',#25,POSITIVE_LENGTH_MEASURE(2.E-2),#17);
#4864=PRESENTATION_STYLE_ASSIGNMENT((#4863));
#4865=STYLED_ITEM('',(#4864),#4862);
#4866=CARTESIAN_POINT('',(-1.905258337534E1,2.25E0,1.5E0));
#4867=CARTESIAN_POINT('',(-1.910895738898E1,2.25E0,1.499999999995E0));
#4868=CARTESIAN_POINT('',(-1.922232878217E1,2.269158765298E0,1.499999999990E0));
#4869=CARTESIAN_POINT('',(-1.937501962591E1,2.354489195692E0,1.499999999984E0));
#4870=CARTESIAN_POINT('',(-1.949007907631E1,2.487348550405E0,1.499999999984E0));
#4871=CARTESIAN_POINT('',(-1.955264737352E1,2.649852595385E0,1.499999999969E0));
#4872=CARTESIAN_POINT('',(-1.955558896630E1,2.764892587360E0,1.499999999996E0));
#4873=CARTESIAN_POINT('',(-1.954752111759E1,2.820800978010E0,1.499999999997E0));
#4875=CURVE_STYLE('',#25,POSITIVE_LENGTH_MEASURE(2.E-2),#17);
#4876=PRESENTATION_STYLE_ASSIGNMENT((#4875));
#4877=STYLED_ITEM('',(#4876),#4874);
#4878=CARTESIAN_POINT('',(-1.905258337534E1,2.25E0,1.5E0));
#4879=CARTESIAN_POINT('',(-1.904813423798E1,2.252053664495E0,1.578426282965E0));
#4880=CARTESIAN_POINT('',(-1.903895646513E1,2.256289489339E0,1.740185907611E0));
#4881=CARTESIAN_POINT('',(-1.902921925782E1,2.260782305242E0,1.911759624850E0));
#4882=CARTESIAN_POINT('',(-1.902421067892E1,2.263092960785E0,2.E0));
#4884=CURVE_STYLE('',#25,POSITIVE_LENGTH_MEASURE(2.E-2),#17);
#4885=PRESENTATION_STYLE_ASSIGNMENT((#4884));
#4886=STYLED_ITEM('',(#4885),#4883);
#4887=DIRECTION('',(1.E0,0.E0,0.E0));
#4888=VECTOR('',#4887,1.302583375340E0);
#4889=CARTESIAN_POINT('',(-1.905258337534E1,2.25E0,1.5E0));
#4890=LINE('',#4889,#4888);
#4891=CURVE_STYLE('',#25,POSITIVE_LENGTH_MEASURE(2.E-2),#17);
#4892=PRESENTATION_STYLE_ASSIGNMENT((#4891));
#4893=STYLED_ITEM('',(#4892),#4890);
#4894=DIRECTION('',(0.E0,-2.617694830787E-2,-9.996573249756E-1));
#4895=VECTOR('',#4894,5.001713962454E-1);
#4896=CARTESIAN_POINT('',(-1.775E1,2.263092960785E0,2.E0));
#4897=LINE('',#4896,#4895);
#4898=CURVE_STYLE('',#25,POSITIVE_LENGTH_MEASURE(2.E-2),#17);
#4899=PRESENTATION_STYLE_ASSIGNMENT((#4898));
#4900=STYLED_ITEM('',(#4899),#4897);
#4901=CARTESIAN_POINT('',(-1.902421067892E1,-2.263092960785E0,2.E0));
#4902=CARTESIAN_POINT('',(-1.902865091945E1,-2.261044502211E0,
1.921772523133E0));
#4903=CARTESIAN_POINT('',(-1.903782009246E1,-2.256813883729E0,
1.760211721427E0));
#4904=CARTESIAN_POINT('',(-1.904756620345E1,-2.252315861915E0,
1.588439198479E0));
#4905=CARTESIAN_POINT('',(-1.905258337534E1,-2.25E0,1.5E0));
#4907=CURVE_STYLE('',#25,POSITIVE_LENGTH_MEASURE(2.E-2),#17);
#4908=PRESENTATION_STYLE_ASSIGNMENT((#4907));
#4909=STYLED_ITEM('',(#4908),#4906);
#4910=DIRECTION('',(-1.E0,0.E0,0.E0));
#4911=VECTOR('',#4910,1.302583375340E0);
#4912=CARTESIAN_POINT('',(-1.775E1,-2.25E0,1.5E0));
#4913=LINE('',#4912,#4911);
#4914=CURVE_STYLE('',#25,POSITIVE_LENGTH_MEASURE(2.E-2),#17);
#4915=PRESENTATION_STYLE_ASSIGNMENT((#4914));
#4916=STYLED_ITEM('',(#4915),#4913);
#4917=DIRECTION('',(0.E0,2.617694830787E-2,-9.996573249756E-1));
#4918=VECTOR('',#4917,5.001713962454E-1);
#4919=CARTESIAN_POINT('',(-1.775E1,-2.263092960785E0,2.E0));
#4920=LINE('',#4919,#4918);
#4921=CURVE_STYLE('',#25,POSITIVE_LENGTH_MEASURE(2.E-2),#17);
#4922=PRESENTATION_STYLE_ASSIGNMENT((#4921));
#4923=STYLED_ITEM('',(#4922),#4920);
#4924=CARTESIAN_POINT('',(-1.905258337534E1,-2.25E0,1.5E0));
#4925=CARTESIAN_POINT('',(-1.910895738898E1,-2.25E0,1.5E0));
#4926=CARTESIAN_POINT('',(-1.922232878216E1,-2.269158765297E0,1.5E0));
#4927=CARTESIAN_POINT('',(-1.937501962591E1,-2.354489195691E0,
1.500000000001E0));
#4928=CARTESIAN_POINT('',(-1.949007907630E1,-2.487348550404E0,
1.500000000001E0));
#4929=CARTESIAN_POINT('',(-1.955264737352E1,-2.649852595384E0,
1.500000000002E0));
#4930=CARTESIAN_POINT('',(-1.955558896630E1,-2.764892587360E0,1.5E0));
#4931=CARTESIAN_POINT('',(-1.954752111759E1,-2.820800978010E0,1.5E0));
#4933=CURVE_STYLE('',#25,POSITIVE_LENGTH_MEASURE(2.E-2),#17);
#4934=PRESENTATION_STYLE_ASSIGNMENT((#4933));
#4935=STYLED_ITEM('',(#4934),#4932);
#4936=CARTESIAN_POINT('',(-1.947354003296E1,-2.855989388338E0,
1.997259068880E-1));
#4937=CARTESIAN_POINT('',(-1.948385577399E1,-2.785632930553E0,
1.996751963690E-1));
#4938=CARTESIAN_POINT('',(-1.947378556343E1,-2.638425207254E0,
1.995935882972E-1));
#4939=CARTESIAN_POINT('',(-1.936821756938E1,-2.446137151947E0,
1.996188965805E-1));
#4940=CARTESIAN_POINT('',(-1.919366672893E1,-2.315245488489E0,
1.997715705517E-1));
#4941=CARTESIAN_POINT('',(-1.904973001768E1,-2.284044586649E0,
1.998894089327E-1));
#4942=CARTESIAN_POINT('',(-1.897877869871E1,-2.284043492692E0,
1.999314650025E-1));
#4944=CURVE_STYLE('',#25,POSITIVE_LENGTH_MEASURE(2.E-2),#17);
#4945=PRESENTATION_STYLE_ASSIGNMENT((#4944));
#4946=STYLED_ITEM('',(#4945),#4943);
#4947=DIRECTION('',(-7.176969368589E-1,-1.052572410281E-1,6.883545743543E-1));
#4948=VECTOR('',#4947,2.901497488802E-1);
#4949=CARTESIAN_POINT('',(-1.926530044696E1,-2.825449026286E0,
-1.451875656736E-12));
#4950=LINE('',#4949,#4948);
#4951=CURVE_STYLE('',#25,POSITIVE_LENGTH_MEASURE(2.E-2),#17);
#4952=PRESENTATION_STYLE_ASSIGNMENT((#4951));
#4953=STYLED_ITEM('',(#4952),#4950);
#4954=DIRECTION('',(-4.041975215726E-1,-6.023224564865E-1,6.883545757577E-1));
#4955=VECTOR('',#4954,2.901497485357E-1);
#4956=CARTESIAN_POINT('',(-1.084996471095E1,-1.616827848887E1,
-4.428670763446E-10));
#4957=LINE('',#4956,#4955);
#4958=CURVE_STYLE('',#25,POSITIVE_LENGTH_MEASURE(2.E-2),#17);
#4959=PRESENTATION_STYLE_ASSIGNMENT((#4958));
#4960=STYLED_ITEM('',(#4959),#4957);
#4961=DIRECTION('',(6.047748781824E-9,-7.253743710352E-1,6.883545756697E-1));
#4962=VECTOR('',#4961,2.901497484144E-1);
#4963=CARTESIAN_POINT('',(-9.854317777822E0,-1.647138833106E1,0.E0));
#4964=LINE('',#4963,#4962);
#4965=CURVE_STYLE('',#25,POSITIVE_LENGTH_MEASURE(2.E-2),#17);
#4966=PRESENTATION_STYLE_ASSIGNMENT((#4965));
#4967=STYLED_ITEM('',(#4966),#4964);
#4968=DIRECTION('',(-6.047791637273E-9,-7.253743710352E-1,6.883545756697E-1));
#4969=VECTOR('',#4968,2.901497484144E-1);
#4970=CARTESIAN_POINT('',(9.854317777822E0,-1.647138833106E1,0.E0));
#4971=LINE('',#4970,#4969);
#4972=CURVE_STYLE('',#25,POSITIVE_LENGTH_MEASURE(2.E-2),#17);
#4973=PRESENTATION_STYLE_ASSIGNMENT((#4972));
#4974=STYLED_ITEM('',(#4973),#4971);
#4975=DIRECTION('',(4.041975143550E-1,-6.023224613287E-1,6.883545757588E-1));
#4976=VECTOR('',#4975,2.901497484695E-1);
#4977=CARTESIAN_POINT('',(1.084996471972E1,-1.616827848323E1,
-2.567214589059E-10));
#4978=LINE('',#4977,#4976);
#4979=CURVE_STYLE('',#25,POSITIVE_LENGTH_MEASURE(2.E-2),#17);
#4980=PRESENTATION_STYLE_ASSIGNMENT((#4979));
#4981=STYLED_ITEM('',(#4980),#4978);
#4982=CARTESIAN_POINT('',(1.096724252684E1,-1.634304219388E1,
1.997259067575E-1));
#4983=CARTESIAN_POINT('',(1.085854876971E1,-1.641598207929E1,
1.997149946284E-1));
#4984=CARTESIAN_POINT('',(1.062508447256E1,-1.654098056841E1,
1.996996398420E-1));
#4985=CARTESIAN_POINT('',(1.025176896048E1,-1.665509152568E1,
1.996995065035E-1));
#4986=CARTESIAN_POINT('',(9.986043547207E0,-1.668185494524E1,
1.997149255913E-1));
#4987=CARTESIAN_POINT('',(9.854317776067E0,-1.668185552232E1,
1.997259069504E-1));
#4989=CURVE_STYLE('',#25,POSITIVE_LENGTH_MEASURE(2.E-2),#17);
#4990=PRESENTATION_STYLE_ASSIGNMENT((#4989));
#4991=STYLED_ITEM('',(#4990),#4988);
#4992=DIRECTION('',(1.678492706493E-8,7.163019429119E-1,6.977904603681E-1));
#4993=VECTOR('',#4992,2.865207771643E-1);
#4994=CARTESIAN_POINT('',(-1.897877870352E1,-2.489278882059E0,0.E0));
#4995=LINE('',#4994,#4993);
#4996=CURVE_STYLE('',#25,POSITIVE_LENGTH_MEASURE(2.E-2),#17);
#4997=PRESENTATION_STYLE_ASSIGNMENT((#4996));
#4998=STYLED_ITEM('',(#4997),#4995);
#4999=DIRECTION('',(-2.093863521862E-8,7.163019434246E-1,6.977904598417E-1));
#5000=VECTOR('',#4999,2.865207708102E-1);
#5001=CARTESIAN_POINT('',(-1.774999998076E1,-2.489278867286E0,
1.467838680695E-8));
#5002=LINE('',#5001,#5000);
#5003=CURVE_STYLE('',#25,POSITIVE_LENGTH_MEASURE(2.E-2),#17);
#5004=PRESENTATION_STYLE_ASSIGNMENT((#5003));
#5005=STYLED_ITEM('',(#5004),#5002);
#5006=DIRECTION('',(1.397705491906E-7,-7.163019434246E-1,6.977904598417E-1));
#5007=VECTOR('',#5006,2.865207714759E-1);
#5008=CARTESIAN_POINT('',(-1.775000012842E1,2.489278868815E0,
1.318892049740E-8));
#5009=LINE('',#5008,#5007);
#5010=CURVE_STYLE('',#25,POSITIVE_LENGTH_MEASURE(2.E-2),#17);
#5011=PRESENTATION_STYLE_ASSIGNMENT((#5010));
#5012=STYLED_ITEM('',(#5011),#5009);
#5013=DIRECTION('',(-1.E0,7.582110646150E-9,-7.380292633937E-9));
#5014=VECTOR('',#5013,1.228778610335E0);
#5015=CARTESIAN_POINT('',(-1.775000008838E1,2.284043483375E0,
1.999314740713E-1));
#5016=LINE('',#5015,#5014);
#5017=CURVE_STYLE('',#25,POSITIVE_LENGTH_MEASURE(2.E-2),#17);
#5018=PRESENTATION_STYLE_ASSIGNMENT((#5017));
#5019=STYLED_ITEM('',(#5018),#5016);
#5020=CARTESIAN_POINT('',(-1.897877869871E1,2.284043492692E0,
1.999314650025E-1));
#5021=CARTESIAN_POINT('',(-1.898643036502E1,2.280516520959E0,
3.346210814549E-1));
#5022=CARTESIAN_POINT('',(-1.900209656888E1,2.273293766798E0,
6.104469347531E-1));
#5023=CARTESIAN_POINT('',(-1.902639971543E1,2.262083963523E0,1.038532050838E0));
#5024=CARTESIAN_POINT('',(-1.904370360413E1,2.254098788004E0,1.343473601128E0));
#5025=CARTESIAN_POINT('',(-1.905258337534E1,2.25E0,1.5E0));
#5027=CURVE_STYLE('',#25,POSITIVE_LENGTH_MEASURE(2.E-2),#17);
#5028=PRESENTATION_STYLE_ASSIGNMENT((#5027));
#5029=STYLED_ITEM('',(#5028),#5026);
#5030=CARTESIAN_POINT('',(-1.775E1,0.E0,1.999314649951E-1));
#5031=DIRECTION('',(0.E0,0.E0,1.E0));
#5032=DIRECTION('',(0.E0,-1.E0,0.E0));
#5033=AXIS2_PLACEMENT_3D('',#5030,#5031,#5032);
#5035=CURVE_STYLE('',#25,POSITIVE_LENGTH_MEASURE(2.E-2),#17);
#5036=PRESENTATION_STYLE_ASSIGNMENT((#5035));
#5037=STYLED_ITEM('',(#5036),#5034);
#5038=DIRECTION('',(-6.795522485298E-8,2.617694133137E-2,-9.996573251582E-1));
#5039=VECTOR('',#5038,1.300514179419E0);
#5040=CARTESIAN_POINT('',(-1.775E1,2.25E0,1.5E0));
#5041=LINE('',#5040,#5039);
#5042=CURVE_STYLE('',#25,POSITIVE_LENGTH_MEASURE(2.E-2),#17);
#5043=PRESENTATION_STYLE_ASSIGNMENT((#5042));
#5044=STYLED_ITEM('',(#5043),#5041);
#5045=CARTESIAN_POINT('',(-1.775E1,0.E0,1.5E0));
#5046=DIRECTION('',(0.E0,0.E0,-1.E0));
#5047=DIRECTION('',(0.E0,1.E0,0.E0));
#5048=AXIS2_PLACEMENT_3D('',#5045,#5046,#5047);
#5050=CURVE_STYLE('',#25,POSITIVE_LENGTH_MEASURE(2.E-2),#17);
#5051=PRESENTATION_STYLE_ASSIGNMENT((#5050));
#5052=STYLED_ITEM('',(#5051),#5049);
#5053=DIRECTION('',(1.E0,8.438393396355E-9,8.214451036475E-9));
#5054=VECTOR('',#5053,1.228778711953E0);
#5055=CARTESIAN_POINT('',(-1.897877869871E1,-2.284043492692E0,
1.999314650025E-1));
#5056=LINE('',#5055,#5054);
#5057=CURVE_STYLE('',#25,POSITIVE_LENGTH_MEASURE(2.E-2),#17);
#5058=PRESENTATION_STYLE_ASSIGNMENT((#5057));
#5059=STYLED_ITEM('',(#5058),#5056);
#5060=DIRECTION('',(1.018018254731E-8,-2.617694054350E-2,-9.996573251789E-1));
#5061=VECTOR('',#5060,1.300514178367E0);
#5062=CARTESIAN_POINT('',(-1.775E1,-2.25E0,1.5E0));
#5063=LINE('',#5062,#5061);
#5064=CURVE_STYLE('',#25,POSITIVE_LENGTH_MEASURE(2.E-2),#17);
#5065=PRESENTATION_STYLE_ASSIGNMENT((#5064));
#5066=STYLED_ITEM('',(#5065),#5063);
#5067=CARTESIAN_POINT('',(-1.905258337534E1,-2.25E0,1.5E0));
#5068=CARTESIAN_POINT('',(-1.904494676064E1,-2.253524962972E0,
1.365387095022E0));
#5069=CARTESIAN_POINT('',(-1.902930149035E1,-2.260745078880E0,
1.089661992559E0));
#5070=CARTESIAN_POINT('',(-1.900499288412E1,-2.271958194348E0,
6.614503888946E-1));
#5071=CARTESIAN_POINT('',(-1.898767210756E1,-2.279944150100E0,
3.564790427098E-1));
#5072=CARTESIAN_POINT('',(-1.897877869871E1,-2.284043492692E0,
1.999314650025E-1));
#5074=CURVE_STYLE('',#25,POSITIVE_LENGTH_MEASURE(2.E-2),#17);
#5075=PRESENTATION_STYLE_ASSIGNMENT((#5074));
#5076=STYLED_ITEM('',(#5075),#5073);
#5077=DIRECTION('',(1.E0,0.E0,0.E0));
#5078=VECTOR('',#5077,9.036685445498E0);
#5079=CARTESIAN_POINT('',(-2.318342722749E0,1.465E1,1.85E0));
#5080=LINE('',#5079,#5078);
#5081=CURVE_STYLE('',#25,POSITIVE_LENGTH_MEASURE(2.E-2),#17);
#5082=PRESENTATION_STYLE_ASSIGNMENT((#5081));
#5083=STYLED_ITEM('',(#5082),#5080);
#5084=DIRECTION('',(-3.605168319218E-2,-7.249028245533E-1,6.879070948127E-1));
#5085=VECTOR('',#5084,7.258462242104E-1);
#5086=CARTESIAN_POINT('',(-2.326239801162E0,1.597376019884E1,2.000685232623E0));
#5087=LINE('',#5086,#5085);
#5088=CURVE_STYLE('',#25,POSITIVE_LENGTH_MEASURE(2.E-2),#17);
#5089=PRESENTATION_STYLE_ASSIGNMENT((#5088));
#5090=STYLED_ITEM('',(#5089),#5087);
#5091=DIRECTION('',(0.E0,1.E0,0.E0));
#5092=VECTOR('',#5091,1.E0);
#5093=CARTESIAN_POINT('',(-2.3E0,1.5E1,1.5E0));
#5094=LINE('',#5093,#5092);
#5095=CURVE_STYLE('',#25,POSITIVE_LENGTH_MEASURE(2.E-2),#17);
#5096=PRESENTATION_STYLE_ASSIGNMENT((#5095));
#5097=STYLED_ITEM('',(#5096),#5094);
#5098=DIRECTION('',(3.703247672027E-2,7.066217501846E-1,-7.066217501846E-1));
#5099=VECTOR('',#5098,4.953145015824E-1);
#5100=CARTESIAN_POINT('',(-2.318342722749E0,1.465E1,1.85E0));
#5101=LINE('',#5100,#5099);
#5102=CURVE_STYLE('',#25,POSITIVE_LENGTH_MEASURE(2.E-2),#17);
#5103=PRESENTATION_STYLE_ASSIGNMENT((#5102));
#5104=STYLED_ITEM('',(#5103),#5101);
#5105=DIRECTION('',(0.E0,1.E0,0.E0));
#5106=VECTOR('',#5105,3.316572772509E-1);
#5107=CARTESIAN_POINT('',(-2.318342722749E0,1.431834272275E1,1.85E0));
#5108=LINE('',#5107,#5106);
#5109=CURVE_STYLE('',#25,POSITIVE_LENGTH_MEASURE(2.E-2),#17);
#5110=PRESENTATION_STYLE_ASSIGNMENT((#5109));
#5111=STYLED_ITEM('',(#5110),#5108);
#5112=CARTESIAN_POINT('',(-1.412517133751E1,-9.5E0,1.160769515459E0));
#5113=CARTESIAN_POINT('',(-1.419000993113E1,-9.5E0,1.160769515459E0));
#5114=CARTESIAN_POINT('',(-1.432022265556E1,-9.474526400856E0,
1.160769515459E0));
#5115=CARTESIAN_POINT('',(-1.448799925148E1,-9.362999251484E0,
1.160769515459E0));
#5116=CARTESIAN_POINT('',(-1.459952640086E1,-9.195222655564E0,
1.160769515459E0));
#5117=CARTESIAN_POINT('',(-1.4625E1,-9.065009931132E0,1.160769515459E0));
#5118=CARTESIAN_POINT('',(-1.4625E1,-9.000171337512E0,1.160769515459E0));
#5120=CURVE_STYLE('',#25,POSITIVE_LENGTH_MEASURE(2.E-2),#17);
#5121=PRESENTATION_STYLE_ASSIGNMENT((#5120));
#5122=STYLED_ITEM('',(#5121),#5119);
#5123=CARTESIAN_POINT('',(-1.416024032194E1,-9.535068984431E0,2.5E0));
#5124=CARTESIAN_POINT('',(-1.432684987611E1,-9.535068984431E0,2.5E0));
#5125=CARTESIAN_POINT('',(-1.453392722605E1,-9.408927226046E0,2.5E0));
#5126=CARTESIAN_POINT('',(-1.466006898443E1,-9.201849876106E0,2.5E0));
#5127=CARTESIAN_POINT('',(-1.466006898443E1,-9.035240321943E0,2.5E0));
#5129=CURVE_STYLE('',#25,POSITIVE_LENGTH_MEASURE(2.E-2),#17);
#5130=PRESENTATION_STYLE_ASSIGNMENT((#5129));
#5131=STYLED_ITEM('',(#5130),#5128);
#5132=DIRECTION('',(-2.616798426498E-2,-2.616798426498E-2,9.993150019884E-1));
#5133=VECTOR('',#5132,1.205180994431E0);
#5134=CARTESIAN_POINT('',(-1.080336048962E1,-9.503531827133E0,
1.295644552154E0));
#5135=LINE('',#5134,#5133);
#5136=CURVE_STYLE('',#25,POSITIVE_LENGTH_MEASURE(2.E-2),#17);
#5137=PRESENTATION_STYLE_ASSIGNMENT((#5136));
#5138=STYLED_ITEM('',(#5137),#5135);
#5139=DIRECTION('',(-2.616798426498E-2,-2.616798426498E-2,9.993150019884E-1));
#5140=VECTOR('',#5139,1.340148483588E0);
#5141=CARTESIAN_POINT('',(-1.412517133751E1,-9.5E0,1.160769515459E0));
#5142=LINE('',#5141,#5140);
#5143=CURVE_STYLE('',#25,POSITIVE_LENGTH_MEASURE(2.E-2),#17);
#5144=PRESENTATION_STYLE_ASSIGNMENT((#5143));
#5145=STYLED_ITEM('',(#5144),#5142);
#5146=DIRECTION('',(-1.E0,0.E0,0.E0));
#5147=VECTOR('',#5146,3.825171337512E0);
#5148=CARTESIAN_POINT('',(-1.03E1,-9.5E0,1.160769515459E0));
#5149=LINE('',#5148,#5147);
#5150=CURVE_STYLE('',#25,POSITIVE_LENGTH_MEASURE(2.E-2),#17);
#5151=PRESENTATION_STYLE_ASSIGNMENT((#5150));
#5152=STYLED_ITEM('',(#5151),#5149);
#5153=DIRECTION('',(9.659036429454E-1,6.777259566302E-3,-2.588131010935E-1));
#5154=VECTOR('',#5153,5.211290932555E-1);
#5155=CARTESIAN_POINT('',(-1.080336048962E1,-9.503531827133E0,
1.295644552154E0));
#5156=LINE('',#5155,#5154);
#5157=CURVE_STYLE('',#25,POSITIVE_LENGTH_MEASURE(2.E-2),#17);
#5158=PRESENTATION_STYLE_ASSIGNMENT((#5157));
#5159=STYLED_ITEM('',(#5158),#5156);
#5160=CARTESIAN_POINT('',(-1.080336048962E1,-9.503531827133E0,
1.295644552154E0));
#5161=CARTESIAN_POINT('',(-1.063900268703E1,-9.502378611180E0,
1.251605011679E0));
#5162=CARTESIAN_POINT('',(-1.042968241402E1,-9.624519898480E0,
1.195517813567E0));
#5163=CARTESIAN_POINT('',(-1.03E1,-9.829669036531E0,1.160769515459E0));
#5164=CARTESIAN_POINT('',(-1.03E1,-9.999828662488E0,1.160769515459E0));
#5166=CURVE_STYLE('',#25,POSITIVE_LENGTH_MEASURE(2.E-2),#17);
#5167=PRESENTATION_STYLE_ASSIGNMENT((#5166));
#5168=STYLED_ITEM('',(#5167),#5165);
#5169=CARTESIAN_POINT('',(-9.704180565003E0,-1.000400922749E1,
1.001120179016E0));
#5170=CARTESIAN_POINT('',(-9.704180565003E0,-9.835059942672E0,
1.001120179016E0));
#5171=CARTESIAN_POINT('',(-9.831166912218E0,-9.627739333579E0,
1.035146068203E0));
#5172=CARTESIAN_POINT('',(-1.003733788745E1,-9.501842967803E0,
1.090389414520E0));
#5173=CARTESIAN_POINT('',(-1.020052661713E1,-9.500697954646E0,
1.134115702851E0));
#5175=CURVE_STYLE('',#25,POSITIVE_LENGTH_MEASURE(2.E-2),#17);
#5176=PRESENTATION_STYLE_ASSIGNMENT((#5175));
#5177=STYLED_ITEM('',(#5176),#5174);
#5178=DIRECTION('',(9.999998440887E-1,0.E0,-5.584108130993E-4));
#5179=VECTOR('',#5178,2.004180877477E0);
#5180=CARTESIAN_POINT('',(-9.704180565003E0,-1.43E1,1.001119156273E0));
#5181=LINE('',#5180,#5179);
#5182=CURVE_STYLE('',#25,POSITIVE_LENGTH_MEASURE(2.E-2),#17);
#5183=PRESENTATION_STYLE_ASSIGNMENT((#5182));
#5184=STYLED_ITEM('',(#5183),#5181);
#5185=CARTESIAN_POINT('',(-9.7E0,-1.434194058662E1,1.997259339150E-1));
#5186=CARTESIAN_POINT('',(-9.7E0,-1.432794068555E1,4.668599599603E-1));
#5187=CARTESIAN_POINT('',(-9.704180565003E0,-1.431399990108E1,
7.339851302281E-1));
#5188=CARTESIAN_POINT('',(-9.704180565003E0,-1.43E1,1.001119156273E0));
#5190=CURVE_STYLE('',#25,POSITIVE_LENGTH_MEASURE(2.E-2),#17);
#5191=PRESENTATION_STYLE_ASSIGNMENT((#5190));
#5192=STYLED_ITEM('',(#5191),#5189);
#5193=DIRECTION('',(1.E0,2.469136006766E-13,0.E0));
#5194=VECTOR('',#5193,2.E0);
#5195=CARTESIAN_POINT('',(-9.7E0,-1.434194058662E1,1.997259339150E-1));
#5196=LINE('',#5195,#5194);
#5197=CURVE_STYLE('',#25,POSITIVE_LENGTH_MEASURE(2.E-2),#17);
#5198=PRESENTATION_STYLE_ASSIGNMENT((#5197));
#5199=STYLED_ITEM('',(#5198),#5196);
#5200=DIRECTION('',(-4.433287243123E-14,5.233595624294E-2,9.986295347546E-1));
#5201=VECTOR('',#5200,8.013723189968E-1);
#5202=CARTESIAN_POINT('',(-7.7E0,-1.434194058662E1,1.997259339150E-1));
#5203=LINE('',#5202,#5201);
#5204=CURVE_STYLE('',#25,POSITIVE_LENGTH_MEASURE(2.E-2),#17);
#5205=PRESENTATION_STYLE_ASSIGNMENT((#5204));
#5206=STYLED_ITEM('',(#5205),#5203);
#5207=DIRECTION('',(9.999014169616E-1,-1.404123777164E-2,0.E0));
#5208=VECTOR('',#5207,1.866209380374E0);
#5209=CARTESIAN_POINT('',(-7.7E0,-1.434194058662E1,1.997259339150E-1));
#5210=LINE('',#5209,#5208);
#5211=CURVE_STYLE('',#25,POSITIVE_LENGTH_MEASURE(2.E-2),#17);
#5212=PRESENTATION_STYLE_ASSIGNMENT((#5211));
#5213=STYLED_ITEM('',(#5212),#5210);
#5214=DIRECTION('',(9.658783610569E-1,0.E0,2.589961228319E-1));
#5215=VECTOR('',#5214,1.931851619923E0);
#5216=CARTESIAN_POINT('',(-7.7E0,-1.43E1,1.E0));
#5217=LINE('',#5216,#5215);
#5218=CURVE_STYLE('',#25,POSITIVE_LENGTH_MEASURE(2.E-2),#17);
#5219=PRESENTATION_STYLE_ASSIGNMENT((#5218));
#5220=STYLED_ITEM('',(#5219),#5217);
#5221=DIRECTION('',(-7.042945318986E-5,5.232222874488E-2,9.986302516041E-1));
#5222=VECTOR('',#5221,1.302400105987E0);
#5223=CARTESIAN_POINT('',(-5.833974596217E0,-1.436814447626E1,
1.997259339150E-1));
#5224=LINE('',#5223,#5222);
#5225=CURVE_STYLE('',#25,POSITIVE_LENGTH_MEASURE(2.E-2),#17);
#5226=PRESENTATION_STYLE_ASSIGNMENT((#5225));
#5227=STYLED_ITEM('',(#5226),#5224);
#5228=DIRECTION('',(1.E0,-9.237179414116E-11,-1.762541344327E-9));
#5229=VECTOR('',#5228,1.530335250696E1);
#5230=CARTESIAN_POINT('',(-5.833974596217E0,-1.436814447626E1,
1.997259339150E-1));
#5231=LINE('',#5230,#5229);
#5232=CURVE_STYLE('',#25,POSITIVE_LENGTH_MEASURE(2.E-2),#17);
#5233=PRESENTATION_STYLE_ASSIGNMENT((#5232));
#5234=STYLED_ITEM('',(#5233),#5231);
#5235=DIRECTION('',(-5.226443865890E-2,5.226442765867E-2,9.972646880609E-1));
#5236=VECTOR('',#5235,1.303840503554E0);
#5237=CARTESIAN_POINT('',(9.469377910740E0,-1.436814447768E1,
1.997259069422E-1));
#5238=LINE('',#5237,#5236);
#5239=CURVE_STYLE('',#25,POSITIVE_LENGTH_MEASURE(2.E-2),#17);
#5240=PRESENTATION_STYLE_ASSIGNMENT((#5239));
#5241=STYLED_ITEM('',(#5240),#5238);
#5242=DIRECTION('',(9.999999997479E-1,0.E0,-2.245308278498E-5));
#5243=VECTOR('',#5242,1.523529974611E1);
#5244=CARTESIAN_POINT('',(-5.834066323544E0,-1.43E1,1.500342079446E0));
#5245=LINE('',#5244,#5243);
#5246=CURVE_STYLE('',#25,POSITIVE_LENGTH_MEASURE(2.E-2),#17);
#5247=PRESENTATION_STYLE_ASSIGNMENT((#5246));
#5248=STYLED_ITEM('',(#5247),#5245);
#5249=DIRECTION('',(2.614062769414E-2,5.268421233119E-2,9.982690225359E-1));
#5250=VECTOR('',#5249,8.026798640919E-1);
#5251=CARTESIAN_POINT('',(-9.725163120487E0,-1.434228855639E1,
1.998287129371E-1));
#5252=LINE('',#5251,#5250);
#5253=CURVE_STYLE('',#25,POSITIVE_LENGTH_MEASURE(2.E-2),#17);
#5254=PRESENTATION_STYLE_ASSIGNMENT((#5253));
#5255=STYLED_ITEM('',(#5254),#5252);
#5256=DIRECTION('',(9.998960600322E-1,1.382712466747E-2,-4.084085648312E-3));
#5257=VECTOR('',#5256,2.516573621324E-2);
#5258=CARTESIAN_POINT('',(-9.725163120487E0,-1.434228855639E1,
1.998287129371E-1));
#5259=LINE('',#5258,#5257);
#5260=CURVE_STYLE('',#25,POSITIVE_LENGTH_MEASURE(2.E-2),#17);
#5261=PRESENTATION_STYLE_ASSIGNMENT((#5260));
#5262=STYLED_ITEM('',(#5261),#5259);
#5263=DIRECTION('',(0.E0,5.233595624294E-2,9.986295347546E-1));
#5264=VECTOR('',#5263,1.001372345998E0);
#5265=CARTESIAN_POINT('',(-5.833974596216E0,1.43E1,1.5E0));
#5266=LINE('',#5265,#5264);
#5267=CURVE_STYLE('',#25,POSITIVE_LENGTH_MEASURE(2.E-2),#17);
#5268=PRESENTATION_STYLE_ASSIGNMENT((#5267));
#5269=STYLED_ITEM('',(#5268),#5266);
#5270=CARTESIAN_POINT('',(1.060000014108E1,4.75E0,1.5E0));
#5271=CARTESIAN_POINT('',(1.056115908427E1,4.75E0,1.5E0));
#5272=CARTESIAN_POINT('',(1.048307517113E1,4.765169821536E0,1.5E0));
#5273=CARTESIAN_POINT('',(1.038200925270E1,4.832279082261E0,1.5E0));
#5274=CARTESIAN_POINT('',(1.031520510577E1,4.932971435716E0,1.5E0));
#5275=CARTESIAN_POINT('',(1.03E1,5.010919850230E0,1.5E0));
#5276=CARTESIAN_POINT('',(1.03E1,5.049691698174E0,1.5E0));
#5278=CURVE_STYLE('',#25,POSITIVE_LENGTH_MEASURE(2.E-2),#17);
#5279=PRESENTATION_STYLE_ASSIGNMENT((#5278));
#5280=STYLED_ITEM('',(#5279),#5277);
#5281=CARTESIAN_POINT('',(1.066813386932E1,4.784043492692E0,1.999314650165E-1));
#5282=CARTESIAN_POINT('',(1.062908535853E1,4.784044412551E0,1.998958601543E-1));
#5283=CARTESIAN_POINT('',(1.055009585241E1,4.799670277545E0,1.998018688579E-1));
#5284=CARTESIAN_POINT('',(1.045045170282E1,4.866366234772E0,1.996771727444E-1));
#5285=CARTESIAN_POINT('',(1.038372924689E1,4.965983981840E0,1.996409694180E-1));
#5286=CARTESIAN_POINT('',(1.036814635228E1,5.044770753003E0,1.996903746893E-1));
#5287=CARTESIAN_POINT('',(1.036814447768E1,5.083740550261E0,1.997259069296E-1));
#5289=CURVE_STYLE('',#25,POSITIVE_LENGTH_MEASURE(2.E-2),#17);
#5290=PRESENTATION_STYLE_ASSIGNMENT((#5289));
#5291=STYLED_ITEM('',(#5290),#5288);
#5292=DIRECTION('',(-2.616798426498E-2,-2.616798426498E-2,-9.993150019884E-1));
#5293=VECTOR('',#5292,2.532609228876E0);
#5294=CARTESIAN_POINT('',(1.351556760643E1,4.815464803923E0,4.E0));
#5295=LINE('',#5294,#5293);
#5296=CURVE_STYLE('',#25,POSITIVE_LENGTH_MEASURE(2.E-2),#17);
#5297=PRESENTATION_STYLE_ASSIGNMENT((#5296));
#5298=STYLED_ITEM('',(#5297),#5295);
#5299=CARTESIAN_POINT('',(1.339008971843E1,4.75E0,1.5E0));
#5300=CARTESIAN_POINT('',(1.341332025420E1,4.75E0,1.5E0));
#5301=CARTESIAN_POINT('',(1.343086673543E1,4.749561798962E0,1.483265777491E0));
#5302=CARTESIAN_POINT('',(1.344929432798E1,4.749191525472E0,1.469125603410E0));
#5304=CURVE_STYLE('',#25,POSITIVE_LENGTH_MEASURE(2.E-2),#17);
#5305=PRESENTATION_STYLE_ASSIGNMENT((#5304));
#5306=STYLED_ITEM('',(#5305),#5303);
#5307=DIRECTION('',(1.E0,0.E0,0.E0));
#5308=VECTOR('',#5307,2.790089577345E0);
#5309=CARTESIAN_POINT('',(1.060000014108E1,4.75E0,1.5E0));
#5310=LINE('',#5309,#5308);
#5311=CURVE_STYLE('',#25,POSITIVE_LENGTH_MEASURE(2.E-2),#17);
#5312=PRESENTATION_STYLE_ASSIGNMENT((#5311));
#5313=STYLED_ITEM('',(#5312),#5310);
#5314=DIRECTION('',(-5.231807111546E-2,-2.614109824195E-2,-9.982882661924E-1));
#5315=VECTOR('',#5314,2.504286672161E0);
#5316=CARTESIAN_POINT('',(1.073101958929E1,4.815464803923E0,4.E0));
#5317=LINE('',#5316,#5315);
#5318=CURVE_STYLE('',#25,POSITIVE_LENGTH_MEASURE(2.E-2),#17);
#5319=PRESENTATION_STYLE_ASSIGNMENT((#5318));
#5320=STYLED_ITEM('',(#5319),#5317);
#5321=CARTESIAN_POINT('',(1.351556760643E1,4.815464803923E0,4.E0));
#5322=CARTESIAN_POINT('',(1.361553333893E1,4.815464803923E0,4.E0));
#5323=CARTESIAN_POINT('',(1.373977974889E1,4.739779748892E0,4.E0));
#5324=CARTESIAN_POINT('',(1.381546480392E1,4.615533338928E0,4.E0));
#5325=CARTESIAN_POINT('',(1.381546480392E1,4.515567606430E0,4.E0));
#5327=CURVE_STYLE('',#25,POSITIVE_LENGTH_MEASURE(2.E-2),#17);
#5328=PRESENTATION_STYLE_ASSIGNMENT((#5327));
#5329=STYLED_ITEM('',(#5328),#5326);
#5330=CARTESIAN_POINT('',(1.467535095935E1,4.489346633690E0,1.643789165227E-1));
#5331=CARTESIAN_POINT('',(1.467549623204E1,4.515012572010E0,1.641692888565E-1));
#5332=CARTESIAN_POINT('',(1.466696639232E1,4.565025692724E0,1.654462800232E-1));
#5333=CARTESIAN_POINT('',(1.462503535820E1,4.640954578339E0,1.724770846837E-1));
#5334=CARTESIAN_POINT('',(1.454841440306E1,4.711879162895E0,1.835210031353E-1));
#5335=CARTESIAN_POINT('',(1.443684061724E1,4.767769342417E0,1.951608577102E-1));
#5336=CARTESIAN_POINT('',(1.433827856439E1,4.784053462806E0,1.995485471629E-1));
#5337=CARTESIAN_POINT('',(1.429114279303E1,4.784043492718E0,1.999314639979E-1));
#5339=CURVE_STYLE('',#25,POSITIVE_LENGTH_MEASURE(2.E-2),#17);
#5340=PRESENTATION_STYLE_ASSIGNMENT((#5339));
#5341=STYLED_ITEM('',(#5340),#5338);
#5342=CARTESIAN_POINT('',(1.374998752016E1,4.452237463127E0,1.499523414153E0));
#5343=CARTESIAN_POINT('',(1.374998752016E1,4.483529581580E0,1.499523414153E0));
#5344=CARTESIAN_POINT('',(1.373857196216E1,4.545810446437E0,1.498692785166E0));
#5345=CARTESIAN_POINT('',(1.370294635232E1,4.616414687429E0,1.489776599862E0));
#5346=CARTESIAN_POINT('',(1.365555767791E1,4.670916434E0,1.478413293612E0));
#5347=CARTESIAN_POINT('',(1.360472740575E1,4.708101385277E0,1.466646155980E0));
#5348=CARTESIAN_POINT('',(1.354874638094E1,4.733908634553E0,1.455721024146E0));
#5349=CARTESIAN_POINT('',(1.349257184676E1,4.747048616366E0,1.450081085493E0));
#5350=CARTESIAN_POINT('',(1.346179181472E1,4.748940408132E0,1.459535819091E0));
#5351=CARTESIAN_POINT('',(1.344929432798E1,4.749191525472E0,1.469125603410E0));
#5353=CURVE_STYLE('',#25,POSITIVE_LENGTH_MEASURE(2.E-2),#17);
#5354=PRESENTATION_STYLE_ASSIGNMENT((#5353));
#5355=STYLED_ITEM('',(#5354),#5352);
#5356=DIRECTION('',(5.231808904066E-2,2.614109821737E-2,-9.982882652536E-1));
#5357=VECTOR('',#5356,1.302297723247E0);
#5358=CARTESIAN_POINT('',(1.060000014108E1,4.75E0,1.5E0));
#5359=LINE('',#5358,#5357);
#5360=CURVE_STYLE('',#25,POSITIVE_LENGTH_MEASURE(2.E-2),#17);
#5361=PRESENTATION_STYLE_ASSIGNMENT((#5360));
#5362=STYLED_ITEM('',(#5361),#5359);
#5363=DIRECTION('',(-5.695077857603E-1,-2.151708340382E-2,8.217042637593E-1));
#5364=VECTOR('',#5363,1.582161117254E0);
#5365=CARTESIAN_POINT('',(1.429114279303E1,4.784043492718E0,1.999314639979E-1));
#5366=LINE('',#5365,#5364);
#5367=CURVE_STYLE('',#25,POSITIVE_LENGTH_MEASURE(2.E-2),#17);
#5368=PRESENTATION_STYLE_ASSIGNMENT((#5367));
#5369=STYLED_ITEM('',(#5368),#5366);
#5370=DIRECTION('',(-1.E0,-7.34026297E-12,2.811311662304E-10));
#5371=VECTOR('',#5370,3.623008923706E0);
#5372=CARTESIAN_POINT('',(1.429114279303E1,4.784043492718E0,1.999314639979E-1));
#5373=LINE('',#5372,#5371);
#5374=CURVE_STYLE('',#25,POSITIVE_LENGTH_MEASURE(2.E-2),#17);
#5375=PRESENTATION_STYLE_ASSIGNMENT((#5374));
#5376=STYLED_ITEM('',(#5375),#5373);
#5377=DIRECTION('',(0.E0,1.E0,0.E0));
#5378=VECTOR('',#5377,2.478693267379E0);
#5379=CARTESIAN_POINT('',(1.467535095935E1,2.010653366310E0,1.643789165227E-1));
#5380=LINE('',#5379,#5378);
#5381=CURVE_STYLE('',#25,POSITIVE_LENGTH_MEASURE(2.E-2),#17);
#5382=PRESENTATION_STYLE_ASSIGNMENT((#5381));
#5383=STYLED_ITEM('',(#5382),#5380);
#5384=DIRECTION('',(-5.694910436704E-1,-2.283788118112E-2,8.216802190405E-1));
#5385=VECTOR('',#5384,1.624895508850E0);
#5386=CARTESIAN_POINT('',(1.467535095935E1,4.489346633690E0,1.643789165227E-1));
#5387=LINE('',#5386,#5385);
#5388=CURVE_STYLE('',#25,POSITIVE_LENGTH_MEASURE(2.E-2),#17);
#5389=PRESENTATION_STYLE_ASSIGNMENT((#5388));
#5390=STYLED_ITEM('',(#5389),#5387);
#5391=DIRECTION('',(5.694910436704E-1,-2.283788118120E-2,-8.216802190405E-1));
#5392=VECTOR('',#5391,1.624895508850E0);
#5393=CARTESIAN_POINT('',(1.374998752016E1,2.047762536873E0,1.499523414153E0));
#5394=LINE('',#5393,#5392);
#5395=CURVE_STYLE('',#25,POSITIVE_LENGTH_MEASURE(2.E-2),#17);
#5396=PRESENTATION_STYLE_ASSIGNMENT((#5395));
#5397=STYLED_ITEM('',(#5396),#5394);
#5398=CARTESIAN_POINT('',(1.429114279303E1,1.715956507282E0,1.999314639979E-1));
#5399=CARTESIAN_POINT('',(1.433836882773E1,1.715946518293E0,1.995478138485E-1));
#5400=CARTESIAN_POINT('',(1.443723205909E1,1.732348201184E0,1.951317856670E-1));
#5401=CARTESIAN_POINT('',(1.454847382640E1,1.788201814959E0,1.835121421470E-1));
#5402=CARTESIAN_POINT('',(1.462543910785E1,1.859297478969E0,1.724175693547E-1));
#5403=CARTESIAN_POINT('',(1.466755833209E1,1.936702132177E0,1.653467628366E-1));
#5404=CARTESIAN_POINT('',(1.467549395926E1,1.985389094606E0,1.641725693534E-1));
#5405=CARTESIAN_POINT('',(1.467535095935E1,2.010653366310E0,1.643789165227E-1));
#5407=CURVE_STYLE('',#25,POSITIVE_LENGTH_MEASURE(2.E-2),#17);
#5408=PRESENTATION_STYLE_ASSIGNMENT((#5407));
#5409=STYLED_ITEM('',(#5408),#5406);
#5410=CARTESIAN_POINT('',(1.344929432798E1,1.750808474528E0,1.469125603410E0));
#5411=CARTESIAN_POINT('',(1.343086673543E1,1.750438201038E0,1.483265777491E0));
#5412=CARTESIAN_POINT('',(1.341332025420E1,1.75E0,1.5E0));
#5413=CARTESIAN_POINT('',(1.339008971843E1,1.75E0,1.5E0));
#5415=CURVE_STYLE('',#25,POSITIVE_LENGTH_MEASURE(2.E-2),#17);
#5416=PRESENTATION_STYLE_ASSIGNMENT((#5415));
#5417=STYLED_ITEM('',(#5416),#5414);
#5418=CARTESIAN_POINT('',(1.836039038998E1,7.206278149531E0,2.000256962234E0));
#5419=CARTESIAN_POINT('',(1.826173504258E1,7.213678144399E0,2.084839290614E0));
#5420=CARTESIAN_POINT('',(1.806650637783E1,7.228335189165E0,2.252370079077E0));
#5421=CARTESIAN_POINT('',(1.787219218886E1,7.242818599980E0,2.417916222193E0));
#5422=CARTESIAN_POINT('',(1.777584731836E1,7.250000000027E0,2.500000000334E0));
#5424=CURVE_STYLE('',#25,POSITIVE_LENGTH_MEASURE(2.E-2),#17);
#5425=PRESENTATION_STYLE_ASSIGNMENT((#5424));
#5426=STYLED_ITEM('',(#5425),#5423);
#5427=CARTESIAN_POINT('',(1.542421180113E1,5.982539615239E0,1.E0));
#5428=CARTESIAN_POINT('',(1.547761476238E1,5.982539615259E0,1.E0));
#5429=CARTESIAN_POINT('',(1.557873725782E1,5.998526345038E0,9.999999999999E-1));
#5430=CARTESIAN_POINT('',(1.572161489912E1,6.070550252536E0,1.E0));
#5431=CARTESIAN_POINT('',(1.579453395733E1,6.142203339102E0,1.E0));
#5432=CARTESIAN_POINT('',(1.582628061863E1,6.185012770981E0,1.E0));
#5434=CURVE_STYLE('',#25,POSITIVE_LENGTH_MEASURE(2.E-2),#17);
#5435=PRESENTATION_STYLE_ASSIGNMENT((#5434));
#5436=STYLED_ITEM('',(#5435),#5433);
#5437=CARTESIAN_POINT('',(1.841704575449E1,5.476125198020E0,8.250426558737E-1));
#5438=DIRECTION('',(4.422180638935E-2,3.486535583085E-2,9.984131603712E-1));
#5439=DIRECTION('',(9.572115380268E-1,2.846173205435E-1,-5.233595623401E-2));
#5440=AXIS2_PLACEMENT_3D('',#5437,#5438,#5439);
#5442=CURVE_STYLE('',#25,POSITIVE_LENGTH_MEASURE(2.E-2),#17);
#5443=PRESENTATION_STYLE_ASSIGNMENT((#5442));
#5444=STYLED_ITEM('',(#5443),#5441);
#5445=CARTESIAN_POINT('',(1.892659182899E1,5.643281114644E0,1.5E0));
#5446=CARTESIAN_POINT('',(1.891078948969E1,5.696279435969E0,1.5E0));
#5447=CARTESIAN_POINT('',(1.886420774529E1,5.791285917882E0,1.5E0));
#5448=CARTESIAN_POINT('',(1.875188526023E1,5.907941024779E0,1.5E0));
#5449=CARTESIAN_POINT('',(1.860716176818E1,5.982697265190E0,1.5E0));
#5450=CARTESIAN_POINT('',(1.850292367282E1,6.E0,1.5E0));
#5451=CARTESIAN_POINT('',(1.844770826407E1,6.E0,1.5E0));
#5453=CURVE_STYLE('',#25,POSITIVE_LENGTH_MEASURE(2.E-2),#17);
#5454=PRESENTATION_STYLE_ASSIGNMENT((#5453));
#5455=STYLED_ITEM('',(#5454),#5452);
#5456=CARTESIAN_POINT('',(1.905258337534E1,2.25E0,1.5E0));
#5457=CARTESIAN_POINT('',(1.910895738898E1,2.25E0,1.5E0));
#5458=CARTESIAN_POINT('',(1.922232878216E1,2.269158765297E0,1.5E0));
#5459=CARTESIAN_POINT('',(1.937501962591E1,2.354489195691E0,1.500000000001E0));
#5460=CARTESIAN_POINT('',(1.949007907630E1,2.487348550404E0,1.500000000001E0));
#5461=CARTESIAN_POINT('',(1.955264737352E1,2.649852595384E0,1.500000000002E0));
#5462=CARTESIAN_POINT('',(1.955558896630E1,2.764892587360E0,1.5E0));
#5463=CARTESIAN_POINT('',(1.954752111759E1,2.820800978010E0,1.5E0));
#5465=CURVE_STYLE('',#25,POSITIVE_LENGTH_MEASURE(2.E-2),#17);
#5466=PRESENTATION_STYLE_ASSIGNMENT((#5465));
#5467=STYLED_ITEM('',(#5466),#5464);
#5468=CARTESIAN_POINT('',(1.947354005361E1,2.855989391467E0,1.997258848830E-1));
#5469=CARTESIAN_POINT('',(1.948385579463E1,2.785632933682E0,1.996751743639E-1));
#5470=CARTESIAN_POINT('',(1.947378555385E1,2.638425205801E0,1.995935985138E-1));
#5471=CARTESIAN_POINT('',(1.936821757196E1,2.446137152339E0,1.996188938299E-1));
#5472=CARTESIAN_POINT('',(1.919366672820E1,2.315245488377E0,1.997715713376E-1));
#5473=CARTESIAN_POINT('',(1.904973001768E1,2.284044586649E0,1.998894089327E-1));
#5474=CARTESIAN_POINT('',(1.897877869871E1,2.284043492692E0,1.999314650025E-1));
#5476=CURVE_STYLE('',#25,POSITIVE_LENGTH_MEASURE(2.E-2),#17);
#5477=PRESENTATION_STYLE_ASSIGNMENT((#5476));
#5478=STYLED_ITEM('',(#5477),#5475);
#5479=DIRECTION('',(-1.E0,-8.438393034948E-9,8.214451330118E-9));
#5480=VECTOR('',#5479,1.228778711953E0);
#5481=CARTESIAN_POINT('',(1.897877869871E1,2.284043492692E0,1.999314650025E-1));
#5482=LINE('',#5481,#5480);
#5483=CURVE_STYLE('',#25,POSITIVE_LENGTH_MEASURE(2.E-2),#17);
#5484=PRESENTATION_STYLE_ASSIGNMENT((#5483));
#5485=STYLED_ITEM('',(#5484),#5482);
#5486=DIRECTION('',(-1.018018254731E-8,2.617694054350E-2,-9.996573251789E-1));
#5487=VECTOR('',#5486,1.300514178367E0);
#5488=CARTESIAN_POINT('',(1.775E1,2.25E0,1.5E0));
#5489=LINE('',#5488,#5487);
#5490=CURVE_STYLE('',#25,POSITIVE_LENGTH_MEASURE(2.E-2),#17);
#5491=PRESENTATION_STYLE_ASSIGNMENT((#5490));
#5492=STYLED_ITEM('',(#5491),#5489);
#5493=CARTESIAN_POINT('',(1.905258337534E1,2.25E0,1.5E0));
#5494=CARTESIAN_POINT('',(1.904494676064E1,2.253524962972E0,1.365387095021E0));
#5495=CARTESIAN_POINT('',(1.902930149035E1,2.260745078880E0,1.089661992557E0));
#5496=CARTESIAN_POINT('',(1.900499288412E1,2.271958194348E0,6.614503888936E-1));
#5497=CARTESIAN_POINT('',(1.898767210756E1,2.279944150100E0,3.564790427094E-1));
#5498=CARTESIAN_POINT('',(1.897877869871E1,2.284043492692E0,1.999314650025E-1));
#5500=CURVE_STYLE('',#25,POSITIVE_LENGTH_MEASURE(2.E-2),#17);
#5501=PRESENTATION_STYLE_ASSIGNMENT((#5500));
#5502=STYLED_ITEM('',(#5501),#5499);
#5503=CARTESIAN_POINT('',(1.902421067892E1,2.263092960785E0,2.E0));
#5504=CARTESIAN_POINT('',(1.902865091945E1,2.261044502211E0,1.921772523133E0));
#5505=CARTESIAN_POINT('',(1.903782009246E1,2.256813883729E0,1.760211721427E0));
#5506=CARTESIAN_POINT('',(1.904756620345E1,2.252315861915E0,1.588439198479E0));
#5507=CARTESIAN_POINT('',(1.905258337534E1,2.25E0,1.5E0));
#5509=CURVE_STYLE('',#25,POSITIVE_LENGTH_MEASURE(2.E-2),#17);
#5510=PRESENTATION_STYLE_ASSIGNMENT((#5509));
#5511=STYLED_ITEM('',(#5510),#5508);
#5512=DIRECTION('',(1.E0,0.E0,0.E0));
#5513=VECTOR('',#5512,1.302583375340E0);
#5514=CARTESIAN_POINT('',(1.775E1,2.25E0,1.5E0));
#5515=LINE('',#5514,#5513);
#5516=CURVE_STYLE('',#25,POSITIVE_LENGTH_MEASURE(2.E-2),#17);
#5517=PRESENTATION_STYLE_ASSIGNMENT((#5516));
#5518=STYLED_ITEM('',(#5517),#5515);
#5519=DIRECTION('',(0.E0,-2.617694830787E-2,-9.996573249756E-1));
#5520=VECTOR('',#5519,5.001713962454E-1);
#5521=CARTESIAN_POINT('',(1.775E1,2.263092960785E0,2.E0));
#5522=LINE('',#5521,#5520);
#5523=CURVE_STYLE('',#25,POSITIVE_LENGTH_MEASURE(2.E-2),#17);
#5524=PRESENTATION_STYLE_ASSIGNMENT((#5523));
#5525=STYLED_ITEM('',(#5524),#5522);
#5526=DIRECTION('',(-8.715574274766E-2,0.E0,-9.961946980917E-1));
#5527=VECTOR('',#5526,1.003819837543E0);
#5528=CARTESIAN_POINT('',(1.358748866353E1,1.25E1,2.5E0));
#5529=LINE('',#5528,#5527);
#5530=CURVE_STYLE('',#25,POSITIVE_LENGTH_MEASURE(2.E-2),#17);
#5531=PRESENTATION_STYLE_ASSIGNMENT((#5530));
#5532=STYLED_ITEM('',(#5531),#5529);
#5533=DIRECTION('',(8.715574274766E-2,0.E0,-9.961946980917E-1));
#5534=VECTOR('',#5533,1.003819837543E0);
#5535=CARTESIAN_POINT('',(1.141251133647E1,1.25E1,2.5E0));
#5536=LINE('',#5535,#5534);
#5537=CURVE_STYLE('',#25,POSITIVE_LENGTH_MEASURE(2.E-2),#17);
#5538=PRESENTATION_STYLE_ASSIGNMENT((#5537));
#5539=STYLED_ITEM('',(#5538),#5536);
#5540=CARTESIAN_POINT('',(-1.25E1,1.25E1,1.5E0));
#5541=DIRECTION('',(0.E0,0.E0,1.E0));
#5542=DIRECTION('',(1.E0,0.E0,0.E0));
#5543=AXIS2_PLACEMENT_3D('',#5540,#5541,#5542);
#5545=CURVE_STYLE('',#25,POSITIVE_LENGTH_MEASURE(2.E-2),#17);
#5546=PRESENTATION_STYLE_ASSIGNMENT((#5545));
#5547=STYLED_ITEM('',(#5546),#5544);
#5548=CARTESIAN_POINT('',(-1.25E1,1.25E1,1.5E0));
#5549=DIRECTION('',(0.E0,0.E0,1.E0));
#5550=DIRECTION('',(-1.E0,0.E0,0.E0));
#5551=AXIS2_PLACEMENT_3D('',#5548,#5549,#5550);
#5553=CURVE_STYLE('',#25,POSITIVE_LENGTH_MEASURE(2.E-2),#17);
#5554=PRESENTATION_STYLE_ASSIGNMENT((#5553));
#5555=STYLED_ITEM('',(#5554),#5552);
#5556=CARTESIAN_POINT('',(1.25E1,1.25E1,1.5E0));
#5557=DIRECTION('',(0.E0,0.E0,1.E0));
#5558=DIRECTION('',(1.E0,0.E0,0.E0));
#5559=AXIS2_PLACEMENT_3D('',#5556,#5557,#5558);
#5561=CURVE_STYLE('',#25,POSITIVE_LENGTH_MEASURE(2.E-2),#17);
#5562=PRESENTATION_STYLE_ASSIGNMENT((#5561));
#5563=STYLED_ITEM('',(#5562),#5560);
#5564=CARTESIAN_POINT('',(1.25E1,1.25E1,1.5E0));
#5565=DIRECTION('',(0.E0,0.E0,1.E0));
#5566=DIRECTION('',(-1.E0,0.E0,0.E0));
#5567=AXIS2_PLACEMENT_3D('',#5564,#5565,#5566);
#5569=CURVE_STYLE('',#25,POSITIVE_LENGTH_MEASURE(2.E-2),#17);
#5570=PRESENTATION_STYLE_ASSIGNMENT((#5569));
#5571=STYLED_ITEM('',(#5570),#5568);
#5572=CARTESIAN_POINT('',(-1.25E1,-1.25E1,1.5E0));
#5573=DIRECTION('',(0.E0,0.E0,1.E0));
#5574=DIRECTION('',(1.E0,0.E0,0.E0));
#5575=AXIS2_PLACEMENT_3D('',#5572,#5573,#5574);
#5577=CURVE_STYLE('',#25,POSITIVE_LENGTH_MEASURE(2.E-2),#17);
#5578=PRESENTATION_STYLE_ASSIGNMENT((#5577));
#5579=STYLED_ITEM('',(#5578),#5576);
#5580=CARTESIAN_POINT('',(-1.25E1,-1.25E1,1.5E0));
#5581=DIRECTION('',(0.E0,0.E0,1.E0));
#5582=DIRECTION('',(-1.E0,0.E0,0.E0));
#5583=AXIS2_PLACEMENT_3D('',#5580,#5581,#5582);
#5585=CURVE_STYLE('',#25,POSITIVE_LENGTH_MEASURE(2.E-2),#17);
#5586=PRESENTATION_STYLE_ASSIGNMENT((#5585));
#5587=STYLED_ITEM('',(#5586),#5584);
#5588=CARTESIAN_POINT('',(1.25E1,-1.25E1,1.5E0));
#5589=DIRECTION('',(0.E0,0.E0,1.E0));
#5590=DIRECTION('',(1.E0,0.E0,0.E0));
#5591=AXIS2_PLACEMENT_3D('',#5588,#5589,#5590);
#5593=CURVE_STYLE('',#25,POSITIVE_LENGTH_MEASURE(2.E-2),#17);
#5594=PRESENTATION_STYLE_ASSIGNMENT((#5593));
#5595=STYLED_ITEM('',(#5594),#5592);
#5596=CARTESIAN_POINT('',(1.25E1,-1.25E1,1.5E0));
#5597=DIRECTION('',(0.E0,0.E0,1.E0));
#5598=DIRECTION('',(-1.E0,0.E0,0.E0));
#5599=AXIS2_PLACEMENT_3D('',#5596,#5597,#5598);
#5601=CURVE_STYLE('',#25,POSITIVE_LENGTH_MEASURE(2.E-2),#17);
#5602=PRESENTATION_STYLE_ASSIGNMENT((#5601));
#5603=STYLED_ITEM('',(#5602),#5600);
#5604=DIRECTION('',(-8.715574274766E-2,0.E0,-9.961946980917E-1));
#5605=VECTOR('',#5604,1.003819837543E0);
#5606=CARTESIAN_POINT('',(-1.141251133647E1,1.25E1,2.5E0));
#5607=LINE('',#5606,#5605);
#5608=CURVE_STYLE('',#25,POSITIVE_LENGTH_MEASURE(2.E-2),#17);
#5609=PRESENTATION_STYLE_ASSIGNMENT((#5608));
#5610=STYLED_ITEM('',(#5609),#5607);
#5611=DIRECTION('',(8.715574274766E-2,0.E0,-9.961946980917E-1));
#5612=VECTOR('',#5611,1.003819837543E0);
#5613=CARTESIAN_POINT('',(-1.358748866353E1,1.25E1,2.5E0));
#5614=LINE('',#5613,#5612);
#5615=CURVE_STYLE('',#25,POSITIVE_LENGTH_MEASURE(2.E-2),#17);
#5616=PRESENTATION_STYLE_ASSIGNMENT((#5615));
#5617=STYLED_ITEM('',(#5616),#5614);
#5618=DIRECTION('',(-8.715574274766E-2,0.E0,-9.961946980917E-1));
#5619=VECTOR('',#5618,1.003819837543E0);
#5620=CARTESIAN_POINT('',(-1.141251133647E1,-1.25E1,2.5E0));
#5621=LINE('',#5620,#5619);
#5622=CURVE_STYLE('',#25,POSITIVE_LENGTH_MEASURE(2.E-2),#17);
#5623=PRESENTATION_STYLE_ASSIGNMENT((#5622));
#5624=STYLED_ITEM('',(#5623),#5621);
#5625=DIRECTION('',(8.715574274766E-2,0.E0,-9.961946980917E-1));
#5626=VECTOR('',#5625,1.003819837543E0);
#5627=CARTESIAN_POINT('',(-1.358748866353E1,-1.25E1,2.5E0));
#5628=LINE('',#5627,#5626);
#5629=CURVE_STYLE('',#25,POSITIVE_LENGTH_MEASURE(2.E-2),#17);
#5630=PRESENTATION_STYLE_ASSIGNMENT((#5629));
#5631=STYLED_ITEM('',(#5630),#5628);
#5632=DIRECTION('',(-8.715574274766E-2,0.E0,-9.961946980917E-1));
#5633=VECTOR('',#5632,1.003819837543E0);
#5634=CARTESIAN_POINT('',(1.358748866353E1,-1.25E1,2.5E0));
#5635=LINE('',#5634,#5633);
#5636=CURVE_STYLE('',#25,POSITIVE_LENGTH_MEASURE(2.E-2),#17);
#5637=PRESENTATION_STYLE_ASSIGNMENT((#5636));
#5638=STYLED_ITEM('',(#5637),#5635);
#5639=DIRECTION('',(8.715574274766E-2,0.E0,-9.961946980917E-1));
#5640=VECTOR('',#5639,1.003819837543E0);
#5641=CARTESIAN_POINT('',(1.141251133647E1,-1.25E1,2.5E0));
#5642=LINE('',#5641,#5640);
#5643=CURVE_STYLE('',#25,POSITIVE_LENGTH_MEASURE(2.E-2),#17);
#5644=PRESENTATION_STYLE_ASSIGNMENT((#5643));
#5645=STYLED_ITEM('',(#5644),#5642);
#5646=DIRECTION('',(0.E0,1.736481776669E-1,9.848077530122E-1));
#5647=VECTOR('',#5646,1.523139917829E-1);
#5648=CARTESIAN_POINT('',(1.445E1,-1.177644904711E1,0.E0));
#5649=LINE('',#5648,#5647);
#5650=CURVE_STYLE('',#25,POSITIVE_LENGTH_MEASURE(2.E-2),#17);
#5651=PRESENTATION_STYLE_ASSIGNMENT((#5650));
#5652=STYLED_ITEM('',(#5651),#5649);
#5653=DIRECTION('',(0.E0,1.736481776669E-1,9.848077530122E-1));
#5654=VECTOR('',#5653,1.523139917829E-1);
#5655=CARTESIAN_POINT('',(1.13E1,-1.177644904711E1,0.E0));
#5656=LINE('',#5655,#5654);
#5657=CURVE_STYLE('',#25,POSITIVE_LENGTH_MEASURE(2.E-2),#17);
#5658=PRESENTATION_STYLE_ASSIGNMENT((#5657));
#5659=STYLED_ITEM('',(#5658),#5656);
#5660=CARTESIAN_POINT('',(1.445E1,-1.145E1,0.E0));
#5661=DIRECTION('',(0.E0,0.E0,1.E0));
#5662=DIRECTION('',(0.E0,-1.E0,0.E0));
#5663=AXIS2_PLACEMENT_3D('',#5660,#5661,#5662);
#5665=CURVE_STYLE('',#25,POSITIVE_LENGTH_MEASURE(2.E-2),#17);
#5666=PRESENTATION_STYLE_ASSIGNMENT((#5665));
#5667=STYLED_ITEM('',(#5666),#5664);
#5668=CARTESIAN_POINT('',(1.445E1,-1.145E1,1.5E-1));
#5669=DIRECTION('',(0.E0,0.E0,-1.E0));
#5670=DIRECTION('',(1.E0,0.E0,0.E0));
#5671=AXIS2_PLACEMENT_3D('',#5668,#5669,#5670);
#5673=CURVE_STYLE('',#25,POSITIVE_LENGTH_MEASURE(2.E-2),#17);
#5674=PRESENTATION_STYLE_ASSIGNMENT((#5673));
#5675=STYLED_ITEM('',(#5674),#5672);
#5676=DIRECTION('',(0.E0,-1.E0,0.E0));
#5677=VECTOR('',#5676,1.09E1);
#5678=CARTESIAN_POINT('',(1.475E1,-5.5E-1,1.5E-1));
#5679=LINE('',#5678,#5677);
#5680=CURVE_STYLE('',#25,POSITIVE_LENGTH_MEASURE(2.E-2),#17);
#5681=PRESENTATION_STYLE_ASSIGNMENT((#5680));
#5682=STYLED_ITEM('',(#5681),#5679);
#5683=CARTESIAN_POINT('',(1.445E1,-5.5E-1,1.5E-1));
#5684=DIRECTION('',(0.E0,0.E0,-1.E0));
#5685=DIRECTION('',(0.E0,1.E0,0.E0));
#5686=AXIS2_PLACEMENT_3D('',#5683,#5684,#5685);
#5688=CURVE_STYLE('',#25,POSITIVE_LENGTH_MEASURE(2.E-2),#17);
#5689=PRESENTATION_STYLE_ASSIGNMENT((#5688));
#5690=STYLED_ITEM('',(#5689),#5687);
#5691=DIRECTION('',(1.E0,0.E0,0.E0));
#5692=VECTOR('',#5691,3.15E0);
#5693=CARTESIAN_POINT('',(1.13E1,-2.5E-1,1.5E-1));
#5694=LINE('',#5693,#5692);
#5695=CURVE_STYLE('',#25,POSITIVE_LENGTH_MEASURE(2.E-2),#17);
#5696=PRESENTATION_STYLE_ASSIGNMENT((#5695));
#5697=STYLED_ITEM('',(#5696),#5694);
#5698=CARTESIAN_POINT('',(1.13E1,-5.5E-1,1.5E-1));
#5699=DIRECTION('',(0.E0,0.E0,-1.E0));
#5700=DIRECTION('',(-1.E0,0.E0,0.E0));
#5701=AXIS2_PLACEMENT_3D('',#5698,#5699,#5700);
#5703=CURVE_STYLE('',#25,POSITIVE_LENGTH_MEASURE(2.E-2),#17);
#5704=PRESENTATION_STYLE_ASSIGNMENT((#5703));
#5705=STYLED_ITEM('',(#5704),#5702);
#5706=DIRECTION('',(0.E0,1.E0,0.E0));
#5707=VECTOR('',#5706,1.09E1);
#5708=CARTESIAN_POINT('',(1.1E1,-1.145E1,1.5E-1));
#5709=LINE('',#5708,#5707);
#5710=CURVE_STYLE('',#25,POSITIVE_LENGTH_MEASURE(2.E-2),#17);
#5711=PRESENTATION_STYLE_ASSIGNMENT((#5710));
#5712=STYLED_ITEM('',(#5711),#5709);
#5713=CARTESIAN_POINT('',(1.13E1,-1.145E1,1.5E-1));
#5714=DIRECTION('',(0.E0,0.E0,-1.E0));
#5715=DIRECTION('',(0.E0,-1.E0,0.E0));
#5716=AXIS2_PLACEMENT_3D('',#5713,#5714,#5715);
#5718=CURVE_STYLE('',#25,POSITIVE_LENGTH_MEASURE(2.E-2),#17);
#5719=PRESENTATION_STYLE_ASSIGNMENT((#5718));
#5720=STYLED_ITEM('',(#5719),#5717);
#5721=DIRECTION('',(-1.E0,0.E0,0.E0));
#5722=VECTOR('',#5721,3.15E0);
#5723=CARTESIAN_POINT('',(1.445E1,-1.175E1,1.5E-1));
#5724=LINE('',#5723,#5722);
#5725=CURVE_STYLE('',#25,POSITIVE_LENGTH_MEASURE(2.E-2),#17);
#5726=PRESENTATION_STYLE_ASSIGNMENT((#5725));
#5727=STYLED_ITEM('',(#5726),#5724);
#5728=DIRECTION('',(-1.736481776669E-1,0.E0,9.848077530122E-1));
#5729=VECTOR('',#5728,1.523139917829E-1);
#5730=CARTESIAN_POINT('',(1.477644904711E1,-1.145E1,0.E0));
#5731=LINE('',#5730,#5729);
#5732=CURVE_STYLE('',#25,POSITIVE_LENGTH_MEASURE(2.E-2),#17);
#5733=PRESENTATION_STYLE_ASSIGNMENT((#5732));
#5734=STYLED_ITEM('',(#5733),#5731);
#5735=DIRECTION('',(-1.736481776669E-1,0.E0,9.848077530122E-1));
#5736=VECTOR('',#5735,1.523139917829E-1);
#5737=CARTESIAN_POINT('',(1.477644904711E1,-5.5E-1,0.E0));
#5738=LINE('',#5737,#5736);
#5739=CURVE_STYLE('',#25,POSITIVE_LENGTH_MEASURE(2.E-2),#17);
#5740=PRESENTATION_STYLE_ASSIGNMENT((#5739));
#5741=STYLED_ITEM('',(#5740),#5738);
#5742=CARTESIAN_POINT('',(1.445E1,-5.5E-1,0.E0));
#5743=DIRECTION('',(0.E0,0.E0,1.E0));
#5744=DIRECTION('',(1.E0,0.E0,0.E0));
#5745=AXIS2_PLACEMENT_3D('',#5742,#5743,#5744);
#5747=CURVE_STYLE('',#25,POSITIVE_LENGTH_MEASURE(2.E-2),#17);
#5748=PRESENTATION_STYLE_ASSIGNMENT((#5747));
#5749=STYLED_ITEM('',(#5748),#5746);
#5750=DIRECTION('',(0.E0,-1.736481776669E-1,9.848077530122E-1));
#5751=VECTOR('',#5750,1.523139917829E-1);
#5752=CARTESIAN_POINT('',(1.445E1,-2.235509528937E-1,0.E0));
#5753=LINE('',#5752,#5751);
#5754=CURVE_STYLE('',#25,POSITIVE_LENGTH_MEASURE(2.E-2),#17);
#5755=PRESENTATION_STYLE_ASSIGNMENT((#5754));
#5756=STYLED_ITEM('',(#5755),#5753);
#5757=DIRECTION('',(0.E0,-1.736481776669E-1,9.848077530122E-1));
#5758=VECTOR('',#5757,1.523139917829E-1);
#5759=CARTESIAN_POINT('',(1.13E1,-2.235509528937E-1,0.E0));
#5760=LINE('',#5759,#5758);
#5761=CURVE_STYLE('',#25,POSITIVE_LENGTH_MEASURE(2.E-2),#17);
#5762=PRESENTATION_STYLE_ASSIGNMENT((#5761));
#5763=STYLED_ITEM('',(#5762),#5760);
#5764=CARTESIAN_POINT('',(1.13E1,-5.5E-1,0.E0));
#5765=DIRECTION('',(0.E0,0.E0,1.E0));
#5766=DIRECTION('',(0.E0,1.E0,0.E0));
#5767=AXIS2_PLACEMENT_3D('',#5764,#5765,#5766);
#5769=CURVE_STYLE('',#25,POSITIVE_LENGTH_MEASURE(2.E-2),#17);
#5770=PRESENTATION_STYLE_ASSIGNMENT((#5769));
#5771=STYLED_ITEM('',(#5770),#5768);
#5772=DIRECTION('',(1.736481776669E-1,0.E0,9.848077530122E-1));
#5773=VECTOR('',#5772,1.523139917829E-1);
#5774=CARTESIAN_POINT('',(1.097355095289E1,-1.145E1,0.E0));
#5775=LINE('',#5774,#5773);
#5776=CURVE_STYLE('',#25,POSITIVE_LENGTH_MEASURE(2.E-2),#17);
#5777=PRESENTATION_STYLE_ASSIGNMENT((#5776));
#5778=STYLED_ITEM('',(#5777),#5775);
#5779=DIRECTION('',(1.736481776669E-1,0.E0,9.848077530122E-1));
#5780=VECTOR('',#5779,1.523139917829E-1);
#5781=CARTESIAN_POINT('',(1.097355095289E1,-5.5E-1,0.E0));
#5782=LINE('',#5781,#5780);
#5783=CURVE_STYLE('',#25,POSITIVE_LENGTH_MEASURE(2.E-2),#17);
#5784=PRESENTATION_STYLE_ASSIGNMENT((#5783));
#5785=STYLED_ITEM('',(#5784),#5782);
#5786=CARTESIAN_POINT('',(1.13E1,-1.145E1,0.E0));
#5787=DIRECTION('',(0.E0,0.E0,1.E0));
#5788=DIRECTION('',(-1.E0,0.E0,0.E0));
#5789=AXIS2_PLACEMENT_3D('',#5786,#5787,#5788);
#5791=CURVE_STYLE('',#25,POSITIVE_LENGTH_MEASURE(2.E-2),#17);
#5792=PRESENTATION_STYLE_ASSIGNMENT((#5791));
#5793=STYLED_ITEM('',(#5792),#5790);
#5794=DIRECTION('',(3.487826274236E-2,3.487826274237E-2,9.987827659587E-1));
#5795=VECTOR('',#5794,2.002437435011E-1);
#5796=CARTESIAN_POINT('',(1.373051584610E1,1.078122242777E0,0.E0));
#5797=LINE('',#5796,#5795);
#5798=CURVE_STYLE('',#25,POSITIVE_LENGTH_MEASURE(2.E-2),#17);
#5799=PRESENTATION_STYLE_ASSIGNMENT((#5798));
#5800=STYLED_ITEM('',(#5799),#5797);
#5801=DIRECTION('',(3.487826274237E-2,-3.487826274237E-2,9.987827659587E-1));
#5802=VECTOR('',#5801,2.002437435011E-1);
#5803=CARTESIAN_POINT('',(1.373051584610E1,4.218777706343E-1,0.E0));
#5804=LINE('',#5803,#5802);
#5805=CURVE_STYLE('',#25,POSITIVE_LENGTH_MEASURE(2.E-2),#17);
#5806=PRESENTATION_STYLE_ASSIGNMENT((#5805));
#5807=STYLED_ITEM('',(#5806),#5804);
#5808=DIRECTION('',(-4.384880436196E-3,-3.489916119150E-2,9.993812192410E-1));
#5809=VECTOR('',#5808,2.001238327771E-1);
#5810=CARTESIAN_POINT('',(1.340087751908E1,4.218777706343E-1,0.E0));
#5811=LINE('',#5810,#5809);
#5812=CURVE_STYLE('',#25,POSITIVE_LENGTH_MEASURE(2.E-2),#17);
#5813=PRESENTATION_STYLE_ASSIGNMENT((#5812));
#5814=STYLED_ITEM('',(#5813),#5811);
#5815=DIRECTION('',(-1.457331252566E-2,-3.229752849255E-2,9.993720469451E-1));
#5816=VECTOR('',#5815,2.001256695255E-1);
#5817=CARTESIAN_POINT('',(1.332791651181E1,4.405061151370E-1,0.E0));
#5818=LINE('',#5817,#5816);
#5819=CURVE_STYLE('',#25,POSITIVE_LENGTH_MEASURE(2.E-2),#17);
#5820=PRESENTATION_STYLE_ASSIGNMENT((#5819));
#5821=STYLED_ITEM('',(#5820),#5818);
#5822=DIRECTION('',(-2.540889955542E-2,-2.491987120927E-2,9.993664932558E-1));
#5823=VECTOR('',#5822,2.001267816659E-1);
#5824=CARTESIAN_POINT('',(1.327383501918E1,4.773275654341E-1,0.E0));
#5825=LINE('',#5824,#5823);
#5826=CURVE_STYLE('',#25,POSITIVE_LENGTH_MEASURE(2.E-2),#17);
#5827=PRESENTATION_STYLE_ASSIGNMENT((#5826));
#5828=STYLED_ITEM('',(#5827),#5825);
#5829=DIRECTION('',(-3.248107152929E-2,-1.408633295117E-2,9.993730810945E-1));
#5830=VECTOR('',#5829,2.001254624359E-1);
#5831=CARTESIAN_POINT('',(1.323775028946E1,5.326062673677E-1,0.E0));
#5832=LINE('',#5831,#5830);
#5833=CURVE_STYLE('',#25,POSITIVE_LENGTH_MEASURE(2.E-2),#17);
#5834=PRESENTATION_STYLE_ASSIGNMENT((#5833));
#5835=STYLED_ITEM('',(#5834),#5832);
#5836=DIRECTION('',(-3.489918751265E-2,-4.209369595604E-3,9.993819729806E-1));
#5837=VECTOR('',#5836,2.001236818426E-1);
#5838=CARTESIAN_POINT('',(1.321948417178E1,6.072253635635E-1,0.E0));
#5839=LINE('',#5838,#5837);
#5840=CURVE_STYLE('',#25,POSITIVE_LENGTH_MEASURE(2.E-2),#17);
#5841=PRESENTATION_STYLE_ASSIGNMENT((#5840));
#5842=STYLED_ITEM('',(#5841),#5839);
#5843=DIRECTION('',(-3.489918751265E-2,4.209369595604E-3,9.993819729806E-1));
#5844=VECTOR('',#5843,2.001236818426E-1);
#5845=CARTESIAN_POINT('',(1.321948417178E1,8.927746096144E-1,0.E0));
#5846=LINE('',#5845,#5844);
#5847=CURVE_STYLE('',#25,POSITIVE_LENGTH_MEASURE(2.E-2),#17);
#5848=PRESENTATION_STYLE_ASSIGNMENT((#5847));
#5849=STYLED_ITEM('',(#5848),#5846);
#5850=DIRECTION('',(-3.248107335588E-2,1.408632549604E-2,9.993730811402E-1));
#5851=VECTOR('',#5850,2.001254624267E-1);
#5852=CARTESIAN_POINT('',(1.323775028983E1,9.673937073023E-1,0.E0));
#5853=LINE('',#5852,#5851);
#5854=CURVE_STYLE('',#25,POSITIVE_LENGTH_MEASURE(2.E-2),#17);
#5855=PRESENTATION_STYLE_ASSIGNMENT((#5854));
#5856=STYLED_ITEM('',(#5855),#5853);
#5857=DIRECTION('',(-2.540890434915E-2,2.491986931753E-2,9.993664931810E-1));
#5858=VECTOR('',#5857,2.001267816809E-1);
#5859=CARTESIAN_POINT('',(1.327383502013E1,1.022672461766E0,0.E0));
#5860=LINE('',#5859,#5858);
#5861=CURVE_STYLE('',#25,POSITIVE_LENGTH_MEASURE(2.E-2),#17);
#5862=PRESENTATION_STYLE_ASSIGNMENT((#5861));
#5863=STYLED_ITEM('',(#5862),#5860);
#5864=DIRECTION('',(-1.457330968671E-2,3.229752921803E-2,9.993720469631E-1));
#5865=VECTOR('',#5864,2.001256695219E-1);
#5866=CARTESIAN_POINT('',(1.332791651124E1,1.059493898129E0,0.E0));
#5867=LINE('',#5866,#5865);
#5868=CURVE_STYLE('',#25,POSITIVE_LENGTH_MEASURE(2.E-2),#17);
#5869=PRESENTATION_STYLE_ASSIGNMENT((#5868));
#5870=STYLED_ITEM('',(#5869),#5867);
#5871=DIRECTION('',(-4.384880436205E-3,3.489916119150E-2,9.993812192410E-1));
#5872=VECTOR('',#5871,2.001238327771E-1);
#5873=CARTESIAN_POINT('',(1.340087751908E1,1.078122242777E0,0.E0));
#5874=LINE('',#5873,#5872);
#5875=CURVE_STYLE('',#25,POSITIVE_LENGTH_MEASURE(2.E-2),#17);
#5876=PRESENTATION_STYLE_ASSIGNMENT((#5875));
#5877=STYLED_ITEM('',(#5876),#5874);
#5878=DIRECTION('',(-1.E0,0.E0,0.E0));
#5879=VECTOR('',#5878,3.375E-1);
#5880=CARTESIAN_POINT('',(1.37375E1,1.085106396675E0,2.E-1));
#5881=LINE('',#5880,#5879);
#5882=CURVE_STYLE('',#25,POSITIVE_LENGTH_MEASURE(2.E-2),#17);
#5883=PRESENTATION_STYLE_ASSIGNMENT((#5882));
#5884=STYLED_ITEM('',(#5883),#5881);
#5885=DIRECTION('',(0.E0,1.E0,0.E0));
#5886=VECTOR('',#5885,6.702127799392E-1);
#5887=CARTESIAN_POINT('',(1.37375E1,4.148936167359E-1,2.E-1));
#5888=LINE('',#5887,#5886);
#5889=CURVE_STYLE('',#25,POSITIVE_LENGTH_MEASURE(2.E-2),#17);
#5890=PRESENTATION_STYLE_ASSIGNMENT((#5889));
#5891=STYLED_ITEM('',(#5890),#5888);
#5892=DIRECTION('',(1.E0,0.E0,0.E0));
#5893=VECTOR('',#5892,3.375E-1);
#5894=CARTESIAN_POINT('',(1.34E1,4.148936167359E-1,2.E-1));
#5895=LINE('',#5894,#5893);
#5896=CURVE_STYLE('',#25,POSITIVE_LENGTH_MEASURE(2.E-2),#17);
#5897=PRESENTATION_STYLE_ASSIGNMENT((#5896));
#5898=STYLED_ITEM('',(#5897),#5895);
#5899=DIRECTION('',(9.689177035558E-1,-2.473832729514E-1,0.E0));
#5900=VECTOR('',#5899,7.740593637970E-2);
#5901=CARTESIAN_POINT('',(1.332500001788E1,4.340425506234E-1,2.E-1));
#5902=LINE('',#5901,#5900);
#5903=CURVE_STYLE('',#25,POSITIVE_LENGTH_MEASURE(2.E-2),#17);
#5904=PRESENTATION_STYLE_ASSIGNMENT((#5903));
#5905=STYLED_ITEM('',(#5904),#5902);
#5906=DIRECTION('',(8.265991871191E-1,-5.627910658975E-1,0.E0));
#5907=VECTOR('',#5906,6.804990964974E-2);
#5908=CARTESIAN_POINT('',(1.326875001788E1,4.723404318094E-1,2.E-1));
#5909=LINE('',#5908,#5907);
#5910=CURVE_STYLE('',#25,POSITIVE_LENGTH_MEASURE(2.E-2),#17);
#5911=PRESENTATION_STYLE_ASSIGNMENT((#5910));
#5912=STYLED_ITEM('',(#5911),#5909);
#5913=DIRECTION('',(5.466227293958E-1,-8.373790012342E-1,0.E0));
#5914=VECTOR('',#5913,6.860310752691E-2);
#5915=CARTESIAN_POINT('',(1.323125E1,5.297872334719E-1,2.E-1));
#5916=LINE('',#5915,#5914);
#5917=CURVE_STYLE('',#25,POSITIVE_LENGTH_MEASURE(2.E-2),#17);
#5918=PRESENTATION_STYLE_ASSIGNMENT((#5917));
#5919=STYLED_ITEM('',(#5918),#5916);
#5920=DIRECTION('',(2.377711385310E-1,-9.713212062349E-1,0.E0));
#5921=VECTOR('',#5920,7.885726684259E-2);
#5922=CARTESIAN_POINT('',(1.321250001788E1,6.063829690218E-1,2.E-1));
#5923=LINE('',#5922,#5921);
#5924=CURVE_STYLE('',#25,POSITIVE_LENGTH_MEASURE(2.E-2),#17);
#5925=PRESENTATION_STYLE_ASSIGNMENT((#5924));
#5926=STYLED_ITEM('',(#5925),#5923);
#5927=DIRECTION('',(0.E0,-1.E0,0.E0));
#5928=VECTOR('',#5927,2.872340351343E-1);
#5929=CARTESIAN_POINT('',(1.321250001788E1,8.936170041561E-1,2.E-1));
#5930=LINE('',#5929,#5928);
#5931=CURVE_STYLE('',#25,POSITIVE_LENGTH_MEASURE(2.E-2),#17);
#5932=PRESENTATION_STYLE_ASSIGNMENT((#5931));
#5933=STYLED_ITEM('',(#5932),#5930);
#5934=DIRECTION('',(-2.377711385311E-1,-9.713212062349E-1,0.E0));
#5935=VECTOR('',#5934,7.885726684260E-2);
#5936=CARTESIAN_POINT('',(1.323125E1,9.702127397060E-1,2.E-1));
#5937=LINE('',#5936,#5935);
#5938=CURVE_STYLE('',#25,POSITIVE_LENGTH_MEASURE(2.E-2),#17);
#5939=PRESENTATION_STYLE_ASSIGNMENT((#5938));
#5940=STYLED_ITEM('',(#5939),#5937);
#5941=DIRECTION('',(-5.466223714738E-1,-8.373792348777E-1,0.E0));
#5942=VECTOR('',#5941,6.860315244743E-2);
#5943=CARTESIAN_POINT('',(1.326875001788E1,1.027659595013E0,2.E-1));
#5944=LINE('',#5943,#5942);
#5945=CURVE_STYLE('',#25,POSITIVE_LENGTH_MEASURE(2.E-2),#17);
#5946=PRESENTATION_STYLE_ASSIGNMENT((#5945));
#5947=STYLED_ITEM('',(#5946),#5944);
#5948=DIRECTION('',(-8.265992787996E-1,-5.627909312417E-1,0.E0));
#5949=VECTOR('',#5948,6.804990210212E-2);
#5950=CARTESIAN_POINT('',(1.332500001788E1,1.065957462788E0,2.E-1));
#5951=LINE('',#5950,#5949);
#5952=CURVE_STYLE('',#25,POSITIVE_LENGTH_MEASURE(2.E-2),#17);
#5953=PRESENTATION_STYLE_ASSIGNMENT((#5952));
#5954=STYLED_ITEM('',(#5953),#5951);
#5955=DIRECTION('',(-9.689177035558E-1,-2.473832729515E-1,0.E0));
#5956=VECTOR('',#5955,7.740593637970E-2);
#5957=CARTESIAN_POINT('',(1.34E1,1.085106396675E0,2.E-1));
#5958=LINE('',#5957,#5956);
#5959=CURVE_STYLE('',#25,POSITIVE_LENGTH_MEASURE(2.E-2),#17);
#5960=PRESENTATION_STYLE_ASSIGNMENT((#5959));
#5961=STYLED_ITEM('',(#5960),#5958);
#5962=CARTESIAN_POINT('',(1.385E1,3.499695413510E-1,2.E-1));
#5963=CARTESIAN_POINT('',(1.385E1,3.166565137836E-1,2.E-1));
#5964=CARTESIAN_POINT('',(1.383334348622E1,3.E-1,2.E-1));
#5965=CARTESIAN_POINT('',(1.380003045865E1,3.E-1,2.E-1));
#5967=CURVE_STYLE('',#25,POSITIVE_LENGTH_MEASURE(2.E-2),#17);
#5968=PRESENTATION_STYLE_ASSIGNMENT((#5967));
#5969=STYLED_ITEM('',(#5968),#5966);
#5970=DIRECTION('',(0.E0,-1.E0,0.E0));
#5971=VECTOR('',#5970,8.000609172981E-1);
#5972=CARTESIAN_POINT('',(1.385E1,1.150030458649E0,2.E-1));
#5973=LINE('',#5972,#5971);
#5974=CURVE_STYLE('',#25,POSITIVE_LENGTH_MEASURE(2.E-2),#17);
#5975=PRESENTATION_STYLE_ASSIGNMENT((#5974));
#5976=STYLED_ITEM('',(#5975),#5973);
#5977=CARTESIAN_POINT('',(1.380003045865E1,1.2E0,2.E-1));
#5978=CARTESIAN_POINT('',(1.383334348622E1,1.2E0,2.E-1));
#5979=CARTESIAN_POINT('',(1.385E1,1.183343486216E0,2.E-1));
#5980=CARTESIAN_POINT('',(1.385E1,1.150030458649E0,2.E-1));
#5982=CURVE_STYLE('',#25,POSITIVE_LENGTH_MEASURE(2.E-2),#17);
#5983=PRESENTATION_STYLE_ASSIGNMENT((#5982));
#5984=STYLED_ITEM('',(#5983),#5981);
#5985=DIRECTION('',(1.E0,1.110138491328E-14,0.E0));
#5986=VECTOR('',#5985,4.000304586490E-1);
#5987=CARTESIAN_POINT('',(1.34E1,1.2E0,2.E-1));
#5988=LINE('',#5987,#5986);
#5989=CURVE_STYLE('',#25,POSITIVE_LENGTH_MEASURE(2.E-2),#17);
#5990=PRESENTATION_STYLE_ASSIGNMENT((#5989));
#5991=STYLED_ITEM('',(#5990),#5988);
#5992=DIRECTION('',(9.797707167625E-1,2.001233184180E-1,0.E0));
#5993=VECTOR('',#5992,9.568567040988E-2);
#5994=CARTESIAN_POINT('',(1.330624998212E1,1.180851066113E0,2.E-1));
#5995=LINE('',#5994,#5993);
#5996=CURVE_STYLE('',#25,POSITIVE_LENGTH_MEASURE(2.E-2),#17);
#5997=PRESENTATION_STYLE_ASSIGNMENT((#5996));
#5998=STYLED_ITEM('',(#5997),#5995);
#5999=DIRECTION('',(8.906052429498E-1,4.547771995498E-1,0.E0));
#6000=VECTOR('',#5999,8.421237435140E-2);
#6001=CARTESIAN_POINT('',(1.323125E1,1.142553198338E0,2.E-1));
#6002=LINE('',#6001,#6000);
#6003=CURVE_STYLE('',#25,POSITIVE_LENGTH_MEASURE(2.E-2),#17);
#6004=PRESENTATION_STYLE_ASSIGNMENT((#6003));
#6005=STYLED_ITEM('',(#6004),#6002);
#6006=DIRECTION('',(6.996247500295E-1,7.145104681851E-1,0.E0));
#6007=VECTOR('',#6006,1.072002986107E-1);
#6008=CARTESIAN_POINT('',(1.315625001788E1,1.065957462788E0,2.E-1));
#6009=LINE('',#6008,#6007);
#6010=CURVE_STYLE('',#25,POSITIVE_LENGTH_MEASURE(2.E-2),#17);
#6011=PRESENTATION_STYLE_ASSIGNMENT((#6010));
#6012=STYLED_ITEM('',(#6011),#6009);
#6013=DIRECTION('',(4.397136649567E-1,8.981380143666E-1,0.E0));
#6014=VECTOR('',#6013,8.528281213433E-2);
#6015=CARTESIAN_POINT('',(1.311875E1,9.893617272377E-1,2.E-1));
#6016=LINE('',#6015,#6014);
#6017=CURVE_STYLE('',#25,POSITIVE_LENGTH_MEASURE(2.E-2),#17);
#6018=PRESENTATION_STYLE_ASSIGNMENT((#6017));
#6019=STYLED_ITEM('',(#6018),#6016);
#6020=DIRECTION('',(1.921825732045E-1,9.813591893677E-1,0.E0));
#6021=VECTOR('',#6020,9.756338364070E-2);
#6022=CARTESIAN_POINT('',(1.310000001788E1,8.936170041561E-1,2.E-1));
#6023=LINE('',#6022,#6021);
#6024=CURVE_STYLE('',#25,POSITIVE_LENGTH_MEASURE(2.E-2),#17);
#6025=PRESENTATION_STYLE_ASSIGNMENT((#6024));
#6026=STYLED_ITEM('',(#6025),#6023);
#6027=DIRECTION('',(0.E0,1.E0,0.E0));
#6028=VECTOR('',#6027,2.872340351343E-1);
#6029=CARTESIAN_POINT('',(1.310000001788E1,6.063829690218E-1,2.E-1));
#6030=LINE('',#6029,#6028);
#6031=CURVE_STYLE('',#25,POSITIVE_LENGTH_MEASURE(2.E-2),#17);
#6032=PRESENTATION_STYLE_ASSIGNMENT((#6031));
#6033=STYLED_ITEM('',(#6032),#6030);
#6034=DIRECTION('',(-1.921826769043E-1,9.813591690599E-1,0.E0));
#6035=VECTOR('',#6034,9.756333099648E-2);
#6036=CARTESIAN_POINT('',(1.311875E1,5.106382995844E-1,2.E-1));
#6037=LINE('',#6036,#6035);
#6038=CURVE_STYLE('',#25,POSITIVE_LENGTH_MEASURE(2.E-2),#17);
#6039=PRESENTATION_STYLE_ASSIGNMENT((#6038));
#6040=STYLED_ITEM('',(#6039),#6037);
#6041=DIRECTION('',(-4.397136028534E-1,8.981380447713E-1,0.E0));
#6042=VECTOR('',#6041,8.528282417929E-2);
#6043=CARTESIAN_POINT('',(1.315625001788E1,4.340425506234E-1,2.E-1));
#6044=LINE('',#6043,#6042);
#6045=CURVE_STYLE('',#25,POSITIVE_LENGTH_MEASURE(2.E-2),#17);
#6046=PRESENTATION_STYLE_ASSIGNMENT((#6045));
#6047=STYLED_ITEM('',(#6046),#6044);
#6048=DIRECTION('',(-6.996247187607E-1,7.145104988025E-1,0.E0));
#6049=VECTOR('',#6048,1.072003034019E-1);
#6050=CARTESIAN_POINT('',(1.323125E1,3.574468083680E-1,2.E-1));
#6051=LINE('',#6050,#6049);
#6052=CURVE_STYLE('',#25,POSITIVE_LENGTH_MEASURE(2.E-2),#17);
#6053=PRESENTATION_STYLE_ASSIGNMENT((#6052));
#6054=STYLED_ITEM('',(#6053),#6051);
#6055=DIRECTION('',(-8.906052187617E-1,4.547772469181E-1,0.E0));
#6056=VECTOR('',#6055,8.421237663854E-2);
#6057=CARTESIAN_POINT('',(1.330624998212E1,3.191489355639E-1,2.E-1));
#6058=LINE('',#6057,#6056);
#6059=CURVE_STYLE('',#25,POSITIVE_LENGTH_MEASURE(2.E-2),#17);
#6060=PRESENTATION_STYLE_ASSIGNMENT((#6059));
#6061=STYLED_ITEM('',(#6060),#6058);
#6062=DIRECTION('',(-9.797707133274E-1,2.001233352361E-1,0.E0));
#6063=VECTOR('',#6062,9.568567074536E-2);
#6064=CARTESIAN_POINT('',(1.34E1,3.E-1,2.E-1));
#6065=LINE('',#6064,#6063);
#6066=CURVE_STYLE('',#25,POSITIVE_LENGTH_MEASURE(2.E-2),#17);
#6067=PRESENTATION_STYLE_ASSIGNMENT((#6066));
#6068=STYLED_ITEM('',(#6067),#6065);
#6069=DIRECTION('',(-1.E0,1.040754835620E-14,0.E0));
#6070=VECTOR('',#6069,4.000304586490E-1);
#6071=CARTESIAN_POINT('',(1.380003045865E1,3.E-1,2.E-1));
#6072=LINE('',#6071,#6070);
#6073=CURVE_STYLE('',#25,POSITIVE_LENGTH_MEASURE(2.E-2),#17);
#6074=PRESENTATION_STYLE_ASSIGNMENT((#6073));
#6075=STYLED_ITEM('',(#6074),#6072);
#6076=CARTESIAN_POINT('',(1.290003045865E1,1.2E0,2.E-1));
#6077=CARTESIAN_POINT('',(1.293334348622E1,1.2E0,2.E-1));
#6078=CARTESIAN_POINT('',(1.295E1,1.183343486216E0,2.E-1));
#6079=CARTESIAN_POINT('',(1.295E1,1.150030458649E0,2.E-1));
#6081=CURVE_STYLE('',#25,POSITIVE_LENGTH_MEASURE(2.E-2),#17);
#6082=PRESENTATION_STYLE_ASSIGNMENT((#6081));
#6083=STYLED_ITEM('',(#6082),#6080);
#6084=DIRECTION('',(1.E0,0.E0,0.E0));
#6085=VECTOR('',#6084,6.250304586490E-1);
#6086=CARTESIAN_POINT('',(1.2275E1,1.2E0,2.E-1));
#6087=LINE('',#6086,#6085);
#6088=CURVE_STYLE('',#25,POSITIVE_LENGTH_MEASURE(2.E-2),#17);
#6089=PRESENTATION_STYLE_ASSIGNMENT((#6088));
#6090=STYLED_ITEM('',(#6089),#6087);
#6091=DIRECTION('',(0.E0,1.E0,0.E0));
#6092=VECTOR('',#6091,1.148936033249E-1);
#6093=CARTESIAN_POINT('',(1.2275E1,1.085106396675E0,2.E-1));
#6094=LINE('',#6093,#6092);
#6095=CURVE_STYLE('',#25,POSITIVE_LENGTH_MEASURE(2.E-2),#17);
#6096=PRESENTATION_STYLE_ASSIGNMENT((#6095));
#6097=STYLED_ITEM('',(#6096),#6094);
#6098=DIRECTION('',(-1.E0,0.E0,0.E0));
#6099=VECTOR('',#6098,5.625E-1);
#6100=CARTESIAN_POINT('',(1.28375E1,1.085106396675E0,2.E-1));
#6101=LINE('',#6100,#6099);
#6102=CURVE_STYLE('',#25,POSITIVE_LENGTH_MEASURE(2.E-2),#17);
#6103=PRESENTATION_STYLE_ASSIGNMENT((#6102));
#6104=STYLED_ITEM('',(#6103),#6101);
#6105=DIRECTION('',(0.E0,1.E0,0.E0));
#6106=VECTOR('',#6105,2.489361941814E-1);
#6107=CARTESIAN_POINT('',(1.28375E1,8.361702024937E-1,2.E-1));
#6108=LINE('',#6107,#6106);
#6109=CURVE_STYLE('',#25,POSITIVE_LENGTH_MEASURE(2.E-2),#17);
#6110=PRESENTATION_STYLE_ASSIGNMENT((#6109));
#6111=STYLED_ITEM('',(#6110),#6108);
#6112=DIRECTION('',(1.E0,0.E0,0.E0));
#6113=VECTOR('',#6112,4.874999642372E-1);
#6114=CARTESIAN_POINT('',(1.235000003576E1,8.361702024937E-1,2.E-1));
#6115=LINE('',#6114,#6113);
#6116=CURVE_STYLE('',#25,POSITIVE_LENGTH_MEASURE(2.E-2),#17);
#6117=PRESENTATION_STYLE_ASSIGNMENT((#6116));
#6118=STYLED_ITEM('',(#6117),#6115);
#6119=DIRECTION('',(0.E0,1.E0,0.E0));
#6120=VECTOR('',#6119,1.148936033249E-1);
#6121=CARTESIAN_POINT('',(1.235000003576E1,7.212765991688E-1,2.E-1));
#6122=LINE('',#6121,#6120);
#6123=CURVE_STYLE('',#25,POSITIVE_LENGTH_MEASURE(2.E-2),#17);
#6124=PRESENTATION_STYLE_ASSIGNMENT((#6123));
#6125=STYLED_ITEM('',(#6124),#6122);
#6126=DIRECTION('',(-1.E0,0.E0,0.E0));
#6127=VECTOR('',#6126,4.874999642372E-1);
#6128=CARTESIAN_POINT('',(1.28375E1,7.212765991688E-1,2.E-1));
#6129=LINE('',#6128,#6127);
#6130=CURVE_STYLE('',#25,POSITIVE_LENGTH_MEASURE(2.E-2),#17);
#6131=PRESENTATION_STYLE_ASSIGNMENT((#6130));
#6132=STYLED_ITEM('',(#6131),#6129);
#6133=DIRECTION('',(0.E0,1.E0,0.E0));
#6134=VECTOR('',#6133,3.063829824328E-1);
#6135=CARTESIAN_POINT('',(1.28375E1,4.148936167359E-1,2.E-1));
#6136=LINE('',#6135,#6134);
#6137=CURVE_STYLE('',#25,POSITIVE_LENGTH_MEASURE(2.E-2),#17);
#6138=PRESENTATION_STYLE_ASSIGNMENT((#6137));
#6139=STYLED_ITEM('',(#6138),#6136);
#6140=DIRECTION('',(1.E0,0.E0,0.E0));
#6141=VECTOR('',#6140,5.625E-1);
#6142=CARTESIAN_POINT('',(1.2275E1,4.148936167359E-1,2.E-1));
#6143=LINE('',#6142,#6141);
#6144=CURVE_STYLE('',#25,POSITIVE_LENGTH_MEASURE(2.E-2),#17);
#6145=PRESENTATION_STYLE_ASSIGNMENT((#6144));
#6146=STYLED_ITEM('',(#6145),#6143);
#6147=DIRECTION('',(0.E0,1.E0,0.E0));
#6148=VECTOR('',#6147,1.148936167359E-1);
#6149=CARTESIAN_POINT('',(1.2275E1,3.E-1,2.E-1));
#6150=LINE('',#6149,#6148);
#6151=CURVE_STYLE('',#25,POSITIVE_LENGTH_MEASURE(2.E-2),#17);
#6152=PRESENTATION_STYLE_ASSIGNMENT((#6151));
#6153=STYLED_ITEM('',(#6152),#6150);
#6154=DIRECTION('',(-1.E0,0.E0,0.E0));
#6155=VECTOR('',#6154,6.250304586490E-1);
#6156=CARTESIAN_POINT('',(1.290003045865E1,3.E-1,2.E-1));
#6157=LINE('',#6156,#6155);
#6158=CURVE_STYLE('',#25,POSITIVE_LENGTH_MEASURE(2.E-2),#17);
#6159=PRESENTATION_STYLE_ASSIGNMENT((#6158));
#6160=STYLED_ITEM('',(#6159),#6157);
#6161=CARTESIAN_POINT('',(1.295E1,3.499695413510E-1,2.E-1));
#6162=CARTESIAN_POINT('',(1.295E1,3.166565137836E-1,2.E-1));
#6163=CARTESIAN_POINT('',(1.293334348622E1,3.E-1,2.E-1));
#6164=CARTESIAN_POINT('',(1.290003045865E1,3.E-1,2.E-1));
#6166=CURVE_STYLE('',#25,POSITIVE_LENGTH_MEASURE(2.E-2),#17);
#6167=PRESENTATION_STYLE_ASSIGNMENT((#6166));
#6168=STYLED_ITEM('',(#6167),#6165);
#6169=DIRECTION('',(0.E0,-1.E0,0.E0));
#6170=VECTOR('',#6169,8.000609172981E-1);
#6171=CARTESIAN_POINT('',(1.295E1,1.150030458649E0,2.E-1));
#6172=LINE('',#6171,#6170);
#6173=CURVE_STYLE('',#25,POSITIVE_LENGTH_MEASURE(2.E-2),#17);
#6174=PRESENTATION_STYLE_ASSIGNMENT((#6173));
#6175=STYLED_ITEM('',(#6174),#6172);
#6176=DIRECTION('',(3.170949116093E-1,9.483938090432E-1,0.E0));
#6177=VECTOR('',#6176,7.381556051714E-1);
#6178=CARTESIAN_POINT('',(1.177843454210E1,4.999377939449E-1,2.E-1));
#6179=LINE('',#6178,#6177);
#6180=CURVE_STYLE('',#25,POSITIVE_LENGTH_MEASURE(2.E-2),#17);
#6181=PRESENTATION_STYLE_ASSIGNMENT((#6180));
#6182=STYLED_ITEM('',(#6181),#6179);
#6183=DIRECTION('',(3.170951447511E-1,-9.483937310923E-1,0.E0));
#6184=VECTOR('',#6183,7.381556732126E-1);
#6185=CARTESIAN_POINT('',(1.14875E1,1.2E0,2.E-1));
#6186=LINE('',#6185,#6184);
#6187=CURVE_STYLE('',#25,POSITIVE_LENGTH_MEASURE(2.E-2),#17);
#6188=PRESENTATION_STYLE_ASSIGNMENT((#6187));
#6189=STYLED_ITEM('',(#6188),#6186);
#6190=DIRECTION('',(1.E0,0.E0,0.E0));
#6191=VECTOR('',#6190,1.125E-1);
#6192=CARTESIAN_POINT('',(1.1375E1,1.2E0,2.E-1));
#6193=LINE('',#6192,#6191);
#6194=CURVE_STYLE('',#25,POSITIVE_LENGTH_MEASURE(2.E-2),#17);
#6195=PRESENTATION_STYLE_ASSIGNMENT((#6194));
#6196=STYLED_ITEM('',(#6195),#6193);
#6197=DIRECTION('',(-3.162276981617E-1,9.486833206689E-1,0.E0));
#6198=VECTOR('',#6197,9.126672650661E-1);
#6199=CARTESIAN_POINT('',(1.166361066842E1,3.341677883113E-1,2.E-1));
#6200=LINE('',#6199,#6198);
#6201=CURVE_STYLE('',#25,POSITIVE_LENGTH_MEASURE(2.E-2),#17);
#6202=PRESENTATION_STYLE_ASSIGNMENT((#6201));
#6203=STYLED_ITEM('',(#6202),#6200);
#6204=CARTESIAN_POINT('',(1.171101593884E1,3.E-1,2.E-1));
#6205=CARTESIAN_POINT('',(1.168700526526E1,3.E-1,2.E-1));
#6206=CARTESIAN_POINT('',(1.167120350846E1,3.113892627704E-1,2.E-1));
#6207=CARTESIAN_POINT('',(1.166361066842E1,3.341677883113E-1,2.E-1));
#6209=CURVE_STYLE('',#25,POSITIVE_LENGTH_MEASURE(2.E-2),#17);
#6210=PRESENTATION_STYLE_ASSIGNMENT((#6209));
#6211=STYLED_ITEM('',(#6210),#6208);
#6212=DIRECTION('',(-1.E0,0.E0,0.E0));
#6213=VECTOR('',#6212,7.796805486651E-2);
#6214=CARTESIAN_POINT('',(1.178898399371E1,3.E-1,2.E-1));
#6215=LINE('',#6214,#6213);
#6216=CURVE_STYLE('',#25,POSITIVE_LENGTH_MEASURE(2.E-2),#17);
#6217=PRESENTATION_STYLE_ASSIGNMENT((#6216));
#6218=STYLED_ITEM('',(#6217),#6215);
#6219=CARTESIAN_POINT('',(1.183638926243E1,3.341677832253E-1,2.E-1));
#6220=CARTESIAN_POINT('',(1.182879642081E1,3.113892610751E-1,2.E-1));
#6221=CARTESIAN_POINT('',(1.181299466457E1,3.E-1,2.E-1));
#6222=CARTESIAN_POINT('',(1.178898399371E1,3.E-1,2.E-1));
#6224=CURVE_STYLE('',#25,POSITIVE_LENGTH_MEASURE(2.E-2),#17);
#6225=PRESENTATION_STYLE_ASSIGNMENT((#6224));
#6226=STYLED_ITEM('',(#6225),#6223);
#6227=DIRECTION('',(-3.162277999444E-1,-9.486832867413E-1,0.E0));
#6228=VECTOR('',#6227,9.126673030667E-1);
#6229=CARTESIAN_POINT('',(1.212500003576E1,1.2E0,2.E-1));
#6230=LINE('',#6229,#6228);
#6231=CURVE_STYLE('',#25,POSITIVE_LENGTH_MEASURE(2.E-2),#17);
#6232=PRESENTATION_STYLE_ASSIGNMENT((#6231));
#6233=STYLED_ITEM('',(#6232),#6230);
#6234=DIRECTION('',(1.E0,0.E0,0.E0));
#6235=VECTOR('',#6234,1.125001072884E-1);
#6236=CARTESIAN_POINT('',(1.201249992847E1,1.2E0,2.E-1));
#6237=LINE('',#6236,#6235);
#6238=CURVE_STYLE('',#25,POSITIVE_LENGTH_MEASURE(2.E-2),#17);
#6239=PRESENTATION_STYLE_ASSIGNMENT((#6238));
#6240=STYLED_ITEM('',(#6239),#6237);
#6241=CARTESIAN_POINT('',(1.380701461255E1,2.930158461017E-1,0.E0));
#6242=CARTESIAN_POINT('',(1.384032764011E1,2.930158461017E-1,0.E0));
#6243=CARTESIAN_POINT('',(1.385698415390E1,3.096723598853E-1,0.E0));
#6244=CARTESIAN_POINT('',(1.385698415390E1,3.429853874526E-1,0.E0));
#6246=CURVE_STYLE('',#25,POSITIVE_LENGTH_MEASURE(2.E-2),#17);
#6247=PRESENTATION_STYLE_ASSIGNMENT((#6246));
#6248=STYLED_ITEM('',(#6247),#6245);
#6249=DIRECTION('',(-3.487826274245E-2,3.487826274235E-2,9.987827659587E-1));
#6250=VECTOR('',#6249,2.002437435011E-1);
#6251=CARTESIAN_POINT('',(1.380701461255E1,2.930158461017E-1,0.E0));
#6252=LINE('',#6251,#6250);
#6253=CURVE_STYLE('',#25,POSITIVE_LENGTH_MEASURE(2.E-2),#17);
#6254=PRESENTATION_STYLE_ASSIGNMENT((#6253));
#6255=STYLED_ITEM('',(#6254),#6252);
#6256=DIRECTION('',(3.527762165321E-3,3.489927953786E-2,9.993846082374E-1));
#6257=VECTOR('',#6256,2.001231541406E-1);
#6258=CARTESIAN_POINT('',(1.339929401311E1,2.930158461017E-1,0.E0));
#6259=LINE('',#6258,#6257);
#6260=CURVE_STYLE('',#25,POSITIVE_LENGTH_MEASURE(2.E-2),#17);
#6261=PRESENTATION_STYLE_ASSIGNMENT((#6260));
#6262=STYLED_ITEM('',(#6261),#6259);
#6263=DIRECTION('',(1.163955869798E-2,3.324222186095E-2,9.993795451975E-1));
#6264=VECTOR('',#6263,2.001241680011E-1);
#6265=CARTESIAN_POINT('',(1.330392062512E1,3.124963635714E-1,0.E0));
#6266=LINE('',#6265,#6264);
#6267=CURVE_STYLE('',#25,POSITIVE_LENGTH_MEASURE(2.E-2),#17);
#6268=PRESENTATION_STYLE_ASSIGNMENT((#6267));
#6269=STYLED_ITEM('',(#6268),#6266);
#6270=DIRECTION('',(2.094774598537E-2,2.848890951902E-2,9.993745914183E-1));
#6271=VECTOR('',#6270,2.001251599925E-1);
#6272=CARTESIAN_POINT('',(1.322705782898E1,3.517454607925E-1,0.E0));
#6273=LINE('',#6272,#6271);
#6274=CURVE_STYLE('',#25,POSITIVE_LENGTH_MEASURE(2.E-2),#17);
#6275=PRESENTATION_STYLE_ASSIGNMENT((#6274));
#6276=STYLED_ITEM('',(#6275),#6273);
#6277=DIRECTION('',(2.887082387748E-2,2.039727512312E-2,9.993750180469E-1));
#6278=VECTOR('',#6277,2.001250745600E-1);
#6279=CARTESIAN_POINT('',(1.315047224210E1,4.299605444186E-1,0.E0));
#6280=LINE('',#6279,#6278);
#6281=CURVE_STYLE('',#25,POSITIVE_LENGTH_MEASURE(2.E-2),#17);
#6282=PRESENTATION_STYLE_ASSIGNMENT((#6281));
#6283=STYLED_ITEM('',(#6282),#6280);
#6284=DIRECTION('',(3.336526230882E-2,1.121756657628E-2,9.993802707034E-1));
#6285=VECTOR('',#6284,2.001240227198E-1);
#6286=CARTESIAN_POINT('',(1.311207280949E1,5.083933950360E-1,0.E0));
#6287=LINE('',#6286,#6285);
#6288=CURVE_STYLE('',#25,POSITIVE_LENGTH_MEASURE(2.E-2),#17);
#6289=PRESENTATION_STYLE_ASSIGNMENT((#6288));
#6290=STYLED_ITEM('',(#6289),#6287);
#6291=DIRECTION('',(3.489929675048E-2,3.385070398301E-3,9.993851011421E-1));
#6292=VECTOR('',#6291,2.001230554382E-1);
#6293=CARTESIAN_POINT('',(1.309301586398E1,6.057055383908E-1,0.E0));
#6294=LINE('',#6293,#6292);
#6295=CURVE_STYLE('',#25,POSITIVE_LENGTH_MEASURE(2.E-2),#17);
#6296=PRESENTATION_STYLE_ASSIGNMENT((#6295));
#6297=STYLED_ITEM('',(#6296),#6294);
#6298=DIRECTION('',(3.489929675070E-2,-3.385068537076E-3,9.993851011484E-1));
#6299=VECTOR('',#6298,2.001230554370E-1);
#6300=CARTESIAN_POINT('',(1.309301586398E1,8.942944344146E-1,0.E0));
#6301=LINE('',#6300,#6299);
#6302=CURVE_STYLE('',#25,POSITIVE_LENGTH_MEASURE(2.E-2),#17);
#6303=PRESENTATION_STYLE_ASSIGNMENT((#6302));
#6304=STYLED_ITEM('',(#6303),#6301);
#6305=DIRECTION('',(3.336526289729E-2,-1.121756609595E-2,9.993802706891E-1));
#6306=VECTOR('',#6305,2.001240227227E-1);
#6307=CARTESIAN_POINT('',(1.311207280937E1,9.916066316900E-1,0.E0));
#6308=LINE('',#6307,#6306);
#6309=CURVE_STYLE('',#25,POSITIVE_LENGTH_MEASURE(2.E-2),#17);
#6310=PRESENTATION_STYLE_ASSIGNMENT((#6309));
#6311=STYLED_ITEM('',(#6310),#6308);
#6312=DIRECTION('',(2.887082266698E-2,-2.039727671134E-2,9.993750180494E-1));
#6313=VECTOR('',#6312,2.001250745595E-1);
#6314=CARTESIAN_POINT('',(1.315047224234E1,1.070039469310E0,0.E0));
#6315=LINE('',#6314,#6313);
#6316=CURVE_STYLE('',#25,POSITIVE_LENGTH_MEASURE(2.E-2),#17);
#6317=PRESENTATION_STYLE_ASSIGNMENT((#6316));
#6318=STYLED_ITEM('',(#6317),#6315);
#6319=DIRECTION('',(2.094774462047E-2,-2.848891055635E-2,9.993745914174E-1));
#6320=VECTOR('',#6319,2.001251599927E-1);
#6321=CARTESIAN_POINT('',(1.322705782926E1,1.148254546121E0,0.E0));
#6322=LINE('',#6321,#6320);
#6323=CURVE_STYLE('',#25,POSITIVE_LENGTH_MEASURE(2.E-2),#17);
#6324=PRESENTATION_STYLE_ASSIGNMENT((#6323));
#6325=STYLED_ITEM('',(#6324),#6322);
#6326=DIRECTION('',(1.163955750014E-2,-3.324222218897E-2,9.993795452005E-1));
#6327=VECTOR('',#6326,2.001241680005E-1);
#6328=CARTESIAN_POINT('',(1.330392062536E1,1.187503638171E0,0.E0));
#6329=LINE('',#6328,#6327);
#6330=CURVE_STYLE('',#25,POSITIVE_LENGTH_MEASURE(2.E-2),#17);
#6331=PRESENTATION_STYLE_ASSIGNMENT((#6330));
#6332=STYLED_ITEM('',(#6331),#6329);
#6333=DIRECTION('',(-3.487826274244E-2,-3.487826274235E-2,9.987827659587E-1));
#6334=VECTOR('',#6333,2.002437435011E-1);
#6335=CARTESIAN_POINT('',(1.380701461255E1,1.206984153898E0,0.E0));
#6336=LINE('',#6335,#6334);
#6337=CURVE_STYLE('',#25,POSITIVE_LENGTH_MEASURE(2.E-2),#17);
#6338=PRESENTATION_STYLE_ASSIGNMENT((#6337));
#6339=STYLED_ITEM('',(#6338),#6336);
#6340=DIRECTION('',(3.527761862740E-3,-3.489927953790E-2,9.993846082385E-1));
#6341=VECTOR('',#6340,2.001231541403E-1);
#6342=CARTESIAN_POINT('',(1.339929401317E1,1.206984153898E0,0.E0));
#6343=LINE('',#6342,#6341);
#6344=CURVE_STYLE('',#25,POSITIVE_LENGTH_MEASURE(2.E-2),#17);
#6345=PRESENTATION_STYLE_ASSIGNMENT((#6344));
#6346=STYLED_ITEM('',(#6345),#6343);
#6347=CARTESIAN_POINT('',(1.385698415390E1,1.157014612547E0,0.E0));
#6348=CARTESIAN_POINT('',(1.385698415390E1,1.190327640115E0,0.E0));
#6349=CARTESIAN_POINT('',(1.384032764011E1,1.206984153898E0,0.E0));
#6350=CARTESIAN_POINT('',(1.380701461255E1,1.206984153898E0,0.E0));
#6352=CURVE_STYLE('',#25,POSITIVE_LENGTH_MEASURE(2.E-2),#17);
#6353=PRESENTATION_STYLE_ASSIGNMENT((#6352));
#6354=STYLED_ITEM('',(#6353),#6351);
#6355=DIRECTION('',(-3.487826274236E-2,3.487826274245E-2,9.987827659587E-1));
#6356=VECTOR('',#6355,2.002437435011E-1);
#6357=CARTESIAN_POINT('',(1.385698415390E1,3.429853874526E-1,0.E0));
#6358=LINE('',#6357,#6356);
#6359=CURVE_STYLE('',#25,POSITIVE_LENGTH_MEASURE(2.E-2),#17);
#6360=PRESENTATION_STYLE_ASSIGNMENT((#6359));
#6361=STYLED_ITEM('',(#6360),#6358);
#6362=DIRECTION('',(-3.487826274236E-2,-3.487826274245E-2,9.987827659587E-1));
#6363=VECTOR('',#6362,2.002437435011E-1);
#6364=CARTESIAN_POINT('',(1.385698415390E1,1.157014612547E0,0.E0));
#6365=LINE('',#6364,#6363);
#6366=CURVE_STYLE('',#25,POSITIVE_LENGTH_MEASURE(2.E-2),#17);
#6367=PRESENTATION_STYLE_ASSIGNMENT((#6366));
#6368=STYLED_ITEM('',(#6367),#6365);
#6369=CARTESIAN_POINT('',(1.295698415390E1,1.157014612547E0,0.E0));
#6370=CARTESIAN_POINT('',(1.295698415390E1,1.190327640115E0,0.E0));
#6371=CARTESIAN_POINT('',(1.294032764011E1,1.206984153898E0,0.E0));
#6372=CARTESIAN_POINT('',(1.290701461255E1,1.206984153898E0,0.E0));
#6374=CURVE_STYLE('',#25,POSITIVE_LENGTH_MEASURE(2.E-2),#17);
#6375=PRESENTATION_STYLE_ASSIGNMENT((#6374));
#6376=STYLED_ITEM('',(#6375),#6373);
#6377=DIRECTION('',(-3.487826274235E-2,-3.487826274246E-2,9.987827659587E-1));
#6378=VECTOR('',#6377,2.002437435011E-1);
#6379=CARTESIAN_POINT('',(1.295698415390E1,1.157014612547E0,0.E0));
#6380=LINE('',#6379,#6378);
#6381=CURVE_STYLE('',#25,POSITIVE_LENGTH_MEASURE(2.E-2),#17);
#6382=PRESENTATION_STYLE_ASSIGNMENT((#6381));
#6383=STYLED_ITEM('',(#6382),#6380);
#6384=DIRECTION('',(-3.487826274235E-2,3.487826274245E-2,9.987827659587E-1));
#6385=VECTOR('',#6384,2.002437435011E-1);
#6386=CARTESIAN_POINT('',(1.295698415390E1,3.429853874526E-1,0.E0));
#6387=LINE('',#6386,#6385);
#6388=CURVE_STYLE('',#25,POSITIVE_LENGTH_MEASURE(2.E-2),#17);
#6389=PRESENTATION_STYLE_ASSIGNMENT((#6388));
#6390=STYLED_ITEM('',(#6389),#6387);
#6391=CARTESIAN_POINT('',(1.290701461255E1,2.930158461017E-1,0.E0));
#6392=CARTESIAN_POINT('',(1.294032764011E1,2.930158461016E-1,0.E0));
#6393=CARTESIAN_POINT('',(1.295698415390E1,3.096723598853E-1,0.E0));
#6394=CARTESIAN_POINT('',(1.295698415390E1,3.429853874526E-1,0.E0));
#6396=CURVE_STYLE('',#25,POSITIVE_LENGTH_MEASURE(2.E-2),#17);
#6397=PRESENTATION_STYLE_ASSIGNMENT((#6396));
#6398=STYLED_ITEM('',(#6397),#6395);
#6399=DIRECTION('',(-3.487826274244E-2,3.487826274235E-2,9.987827659587E-1));
#6400=VECTOR('',#6399,2.002437435011E-1);
#6401=CARTESIAN_POINT('',(1.290701461255E1,2.930158461017E-1,0.E0));
#6402=LINE('',#6401,#6400);
#6403=CURVE_STYLE('',#25,POSITIVE_LENGTH_MEASURE(2.E-2),#17);
#6404=PRESENTATION_STYLE_ASSIGNMENT((#6403));
#6405=STYLED_ITEM('',(#6404),#6402);
#6406=DIRECTION('',(3.487826274237E-2,3.487826274237E-2,9.987827659587E-1));
#6407=VECTOR('',#6406,2.002437435011E-1);
#6408=CARTESIAN_POINT('',(1.226801584610E1,2.930158461017E-1,0.E0));
#6409=LINE('',#6408,#6407);
#6410=CURVE_STYLE('',#25,POSITIVE_LENGTH_MEASURE(2.E-2),#17);
#6411=PRESENTATION_STYLE_ASSIGNMENT((#6410));
#6412=STYLED_ITEM('',(#6411),#6409);
#6413=DIRECTION('',(3.487826274237E-2,-3.487826274237E-2,9.987827659587E-1));
#6414=VECTOR('',#6413,2.002437435011E-1);
#6415=CARTESIAN_POINT('',(1.226801584610E1,4.218777706343E-1,0.E0));
#6416=LINE('',#6415,#6414);
#6417=CURVE_STYLE('',#25,POSITIVE_LENGTH_MEASURE(2.E-2),#17);
#6418=PRESENTATION_STYLE_ASSIGNMENT((#6417));
#6419=STYLED_ITEM('',(#6418),#6416);
#6420=DIRECTION('',(3.487826274238E-2,-3.487826274237E-2,9.987827659587E-1));
#6421=VECTOR('',#6420,2.002437435011E-1);
#6422=CARTESIAN_POINT('',(1.283051584610E1,4.218777706343E-1,0.E0));
#6423=LINE('',#6422,#6421);
#6424=CURVE_STYLE('',#25,POSITIVE_LENGTH_MEASURE(2.E-2),#17);
#6425=PRESENTATION_STYLE_ASSIGNMENT((#6424));
#6426=STYLED_ITEM('',(#6425),#6423);
#6427=DIRECTION('',(3.487826274238E-2,3.487826274237E-2,9.987827659587E-1));
#6428=VECTOR('',#6427,2.002437435011E-1);
#6429=CARTESIAN_POINT('',(1.283051584610E1,7.142924452704E-1,0.E0));
#6430=LINE('',#6429,#6428);
#6431=CURVE_STYLE('',#25,POSITIVE_LENGTH_MEASURE(2.E-2),#17);
#6432=PRESENTATION_STYLE_ASSIGNMENT((#6431));
#6433=STYLED_ITEM('',(#6432),#6430);
#6434=DIRECTION('',(3.487826274238E-2,3.487826274237E-2,9.987827659587E-1));
#6435=VECTOR('',#6434,2.002437435011E-1);
#6436=CARTESIAN_POINT('',(1.234301588186E1,7.142924452704E-1,0.E0));
#6437=LINE('',#6436,#6435);
#6438=CURVE_STYLE('',#25,POSITIVE_LENGTH_MEASURE(2.E-2),#17);
#6439=PRESENTATION_STYLE_ASSIGNMENT((#6438));
#6440=STYLED_ITEM('',(#6439),#6437);
#6441=DIRECTION('',(3.487826274237E-2,-3.487826274237E-2,9.987827659587E-1));
#6442=VECTOR('',#6441,2.002437435011E-1);
#6443=CARTESIAN_POINT('',(1.234301588186E1,8.431543563920E-1,0.E0));
#6444=LINE('',#6443,#6442);
#6445=CURVE_STYLE('',#25,POSITIVE_LENGTH_MEASURE(2.E-2),#17);
#6446=PRESENTATION_STYLE_ASSIGNMENT((#6445));
#6447=STYLED_ITEM('',(#6446),#6444);
#6448=DIRECTION('',(3.487826274238E-2,-3.487826274237E-2,9.987827659587E-1));
#6449=VECTOR('',#6448,2.002437435011E-1);
#6450=CARTESIAN_POINT('',(1.283051584610E1,8.431543563920E-1,0.E0));
#6451=LINE('',#6450,#6449);
#6452=CURVE_STYLE('',#25,POSITIVE_LENGTH_MEASURE(2.E-2),#17);
#6453=PRESENTATION_STYLE_ASSIGNMENT((#6452));
#6454=STYLED_ITEM('',(#6453),#6451);
#6455=DIRECTION('',(3.487826274238E-2,3.487826274237E-2,9.987827659587E-1));
#6456=VECTOR('',#6455,2.002437435011E-1);
#6457=CARTESIAN_POINT('',(1.283051584610E1,1.078122242777E0,0.E0));
#6458=LINE('',#6457,#6456);
#6459=CURVE_STYLE('',#25,POSITIVE_LENGTH_MEASURE(2.E-2),#17);
#6460=PRESENTATION_STYLE_ASSIGNMENT((#6459));
#6461=STYLED_ITEM('',(#6460),#6458);
#6462=DIRECTION('',(3.487826274237E-2,3.487826274237E-2,9.987827659587E-1));
#6463=VECTOR('',#6462,2.002437435011E-1);
#6464=CARTESIAN_POINT('',(1.226801584610E1,1.078122242777E0,0.E0));
#6465=LINE('',#6464,#6463);
#6466=CURVE_STYLE('',#25,POSITIVE_LENGTH_MEASURE(2.E-2),#17);
#6467=PRESENTATION_STYLE_ASSIGNMENT((#6466));
#6468=STYLED_ITEM('',(#6467),#6465);
#6469=DIRECTION('',(-3.487826274246E-2,-3.487826274235E-2,9.987827659587E-1));
#6470=VECTOR('',#6469,2.002437435011E-1);
#6471=CARTESIAN_POINT('',(1.290701461255E1,1.206984153898E0,0.E0));
#6472=LINE('',#6471,#6470);
#6473=CURVE_STYLE('',#25,POSITIVE_LENGTH_MEASURE(2.E-2),#17);
#6474=PRESENTATION_STYLE_ASSIGNMENT((#6473));
#6475=STYLED_ITEM('',(#6474),#6472);
#6476=DIRECTION('',(3.487826274237E-2,-3.487826274237E-2,9.987827659587E-1));
#6477=VECTOR('',#6476,2.002437435011E-1);
#6478=CARTESIAN_POINT('',(1.226801584610E1,1.206984153898E0,0.E0));
#6479=LINE('',#6478,#6477);
#6480=CURVE_STYLE('',#25,POSITIVE_LENGTH_MEASURE(2.E-2),#17);
#6481=PRESENTATION_STYLE_ASSIGNMENT((#6480));
#6482=STYLED_ITEM('',(#6481),#6479);
#6483=DIRECTION('',(-1.345481483816E-8,1.094653462695E-1,-9.939906126147E-1));
#6484=VECTOR('',#6483,2.012091436899E-1);
#6485=CARTESIAN_POINT('',(1.177843454210E1,4.999377939449E-1,2.E-1));
#6486=LINE('',#6485,#6484);
#6487=CURVE_STYLE('',#25,POSITIVE_LENGTH_MEASURE(2.E-2),#17);
#6488=PRESENTATION_STYLE_ASSIGNMENT((#6487));
#6489=STYLED_ITEM('',(#6488),#6486);
#6490=CARTESIAN_POINT('',(1.172156558005E1,4.999377869549E-1,2.E-1));
#6491=CARTESIAN_POINT('',(1.173104374387E1,4.715897302152E-1,2.E-1));
#6492=CARTESIAN_POINT('',(1.175000006264E1,4.871678199067E-1,2.E-1));
#6493=CARTESIAN_POINT('',(1.176895638524E1,4.715897348752E-1,2.E-1));
#6494=CARTESIAN_POINT('',(1.177843454210E1,4.999377939449E-1,2.E-1));
#6496=CURVE_STYLE('',#25,POSITIVE_LENGTH_MEASURE(2.E-2),#17);
#6497=PRESENTATION_STYLE_ASSIGNMENT((#6496));
#6498=STYLED_ITEM('',(#6497),#6495);
#6499=DIRECTION('',(-1.345484132339E-8,1.094653462695E-1,-9.939906126147E-1));
#6500=VECTOR('',#6499,2.012091436899E-1);
#6501=CARTESIAN_POINT('',(1.172156558005E1,4.999377869549E-1,2.E-1));
#6502=LINE('',#6501,#6500);
#6503=CURVE_STYLE('',#25,POSITIVE_LENGTH_MEASURE(2.E-2),#17);
#6504=PRESENTATION_STYLE_ASSIGNMENT((#6503));
#6505=STYLED_ITEM('',(#6504),#6502);
#6506=DIRECTION('',(-2.512196475486E-2,-3.488848219937E-2,9.990754129177E-1));
#6507=VECTOR('',#6506,2.001850885469E-1);
#6508=CARTESIAN_POINT('',(1.149252904274E1,1.206984153898E0,0.E0));
#6509=LINE('',#6508,#6507);
#6510=CURVE_STYLE('',#25,POSITIVE_LENGTH_MEASURE(2.E-2),#17);
#6511=PRESENTATION_STYLE_ASSIGNMENT((#6510));
#6512=STYLED_ITEM('',(#6511),#6509);
#6513=DIRECTION('',(4.836379924296E-2,-3.485865684945E-2,9.982213266433E-1));
#6514=VECTOR('',#6513,2.003563685346E-1);
#6515=CARTESIAN_POINT('',(1.136531000482E1,1.206984153898E0,0.E0));
#6516=LINE('',#6515,#6514);
#6517=CURVE_STYLE('',#25,POSITIVE_LENGTH_MEASURE(2.E-2),#17);
#6518=PRESENTATION_STYLE_ASSIGNMENT((#6517));
#6519=STYLED_ITEM('',(#6518),#6516);
#6520=DIRECTION('',(2.514618179938E-2,3.488846095028E-2,9.990748044233E-1));
#6521=VECTOR('',#6520,2.001852104713E-1);
#6522=CARTESIAN_POINT('',(1.165857677472E1,3.271836344130E-1,0.E0));
#6523=LINE('',#6522,#6521);
#6524=CURVE_STYLE('',#25,POSITIVE_LENGTH_MEASURE(2.E-2),#17);
#6525=PRESENTATION_STYLE_ASSIGNMENT((#6524));
#6526=STYLED_ITEM('',(#6525),#6523);
#6527=CARTESIAN_POINT('',(1.165857677472E1,3.271836344130E-1,0.E0));
#6528=CARTESIAN_POINT('',(1.166616961476E1,3.044051088721E-1,0.E0));
#6529=CARTESIAN_POINT('',(1.168197137157E1,2.930158461016E-1,0.E0));
#6530=CARTESIAN_POINT('',(1.170598204514E1,2.930158461017E-1,0.E0));
#6532=CURVE_STYLE('',#25,POSITIVE_LENGTH_MEASURE(2.E-2),#17);
#6533=PRESENTATION_STYLE_ASSIGNMENT((#6532));
#6534=STYLED_ITEM('',(#6533),#6531);
#6535=DIRECTION('',(2.514618179937E-2,3.488846095028E-2,9.990748044233E-1));
#6536=VECTOR('',#6535,2.001852104713E-1);
#6537=CARTESIAN_POINT('',(1.170598204514E1,2.930158461017E-1,0.E0));
#6538=LINE('',#6537,#6536);
#6539=CURVE_STYLE('',#25,POSITIVE_LENGTH_MEASURE(2.E-2),#17);
#6540=PRESENTATION_STYLE_ASSIGNMENT((#6539));
#6541=STYLED_ITEM('',(#6540),#6538);
#6542=DIRECTION('',(-2.514617895735E-2,3.488846095277E-2,9.990748044947E-1));
#6543=VECTOR('',#6542,2.001852104569E-1);
#6544=CARTESIAN_POINT('',(1.179401788683E1,2.930158461017E-1,0.E0));
#6545=LINE('',#6544,#6543);
#6546=CURVE_STYLE('',#25,POSITIVE_LENGTH_MEASURE(2.E-2),#17);
#6547=PRESENTATION_STYLE_ASSIGNMENT((#6546));
#6548=STYLED_ITEM('',(#6547),#6545);
#6549=CARTESIAN_POINT('',(1.179401788683E1,2.930158461017E-1,0.E0));
#6550=CARTESIAN_POINT('',(1.181802855770E1,2.930158461017E-1,0.E0));
#6551=CARTESIAN_POINT('',(1.183383031394E1,3.044051071768E-1,0.E0));
#6552=CARTESIAN_POINT('',(1.184142315556E1,3.271836293270E-1,0.E0));
#6554=CURVE_STYLE('',#25,POSITIVE_LENGTH_MEASURE(2.E-2),#17);
#6555=PRESENTATION_STYLE_ASSIGNMENT((#6554));
#6556=STYLED_ITEM('',(#6555),#6553);
#6557=DIRECTION('',(-2.514617895734E-2,3.488846095277E-2,9.990748044947E-1));
#6558=VECTOR('',#6557,2.001852104569E-1);
#6559=CARTESIAN_POINT('',(1.184142315556E1,3.271836293270E-1,0.E0));
#6560=LINE('',#6559,#6558);
#6561=CURVE_STYLE('',#25,POSITIVE_LENGTH_MEASURE(2.E-2),#17);
#6562=PRESENTATION_STYLE_ASSIGNMENT((#6561));
#6563=STYLED_ITEM('',(#6562),#6560);
#6564=DIRECTION('',(-4.836380469970E-2,-3.485865684023E-2,9.982213263792E-1));
#6565=VECTOR('',#6564,2.003563685876E-1);
#6566=CARTESIAN_POINT('',(1.213469003204E1,1.206984153898E0,0.E0));
#6567=LINE('',#6566,#6565);
#6568=CURVE_STYLE('',#25,POSITIVE_LENGTH_MEASURE(2.E-2),#17);
#6569=PRESENTATION_STYLE_ASSIGNMENT((#6568));
#6570=STYLED_ITEM('',(#6569),#6567);
#6571=DIRECTION('',(2.512197126246E-2,-3.488848219366E-2,9.990754127543E-1));
#6572=VECTOR('',#6571,2.001850885797E-1);
#6573=CARTESIAN_POINT('',(1.200747088443E1,1.206984153898E0,0.E0));
#6574=LINE('',#6573,#6572);
#6575=CURVE_STYLE('',#25,POSITIVE_LENGTH_MEASURE(2.E-2),#17);
#6576=PRESENTATION_STYLE_ASSIGNMENT((#6575));
#6577=STYLED_ITEM('',(#6576),#6574);
#6578=CARTESIAN_POINT('',(-2.318342722749E0,1.465E1,1.85E0));
#6579=CARTESIAN_POINT('',(-2.3E0,1.5E1,1.5E0));
#6580=VERTEX_POINT('',#6578);
#6581=VERTEX_POINT('',#6579);
#6582=CARTESIAN_POINT('',(6.718342722749E0,1.465E1,1.85E0));
#6583=CARTESIAN_POINT('',(6.7E0,1.5E1,1.5E0));
#6584=VERTEX_POINT('',#6582);
#6585=VERTEX_POINT('',#6583);
#6586=CARTESIAN_POINT('',(-2.3E0,1.6E1,1.5E0));
#6587=VERTEX_POINT('',#6586);
#6588=CARTESIAN_POINT('',(6.7E0,1.6E1,1.5E0));
#6589=VERTEX_POINT('',#6588);
#6590=CARTESIAN_POINT('',(2.318342722749E0,-1.465E1,1.85E0));
#6591=CARTESIAN_POINT('',(2.3E0,-1.5E1,1.5E0));
#6592=VERTEX_POINT('',#6590);
#6593=VERTEX_POINT('',#6591);
#6594=CARTESIAN_POINT('',(-6.718342722749E0,-1.465E1,1.85E0));
#6595=CARTESIAN_POINT('',(-6.7E0,-1.5E1,1.5E0));
#6596=VERTEX_POINT('',#6594);
#6597=VERTEX_POINT('',#6595);
#6598=CARTESIAN_POINT('',(2.3E0,-1.6E1,1.5E0));
#6599=VERTEX_POINT('',#6598);
#6600=CARTESIAN_POINT('',(-6.7E0,-1.6E1,1.5E0));
#6601=VERTEX_POINT('',#6600);
#6602=CARTESIAN_POINT('',(1.615E1,-5.5E0,2.E0));
#6603=CARTESIAN_POINT('',(1.735E1,-5.5E0,2.E0));
#6604=VERTEX_POINT('',#6602);
#6605=VERTEX_POINT('',#6603);
#6606=CARTESIAN_POINT('',(1.615E1,5.5E0,2.E0));
#6607=CARTESIAN_POINT('',(1.735E1,5.5E0,2.E0));
#6608=VERTEX_POINT('',#6606);
#6609=VERTEX_POINT('',#6607);
#6610=CARTESIAN_POINT('',(1.611507923051E1,-5.5E0,1.E0));
#6611=CARTESIAN_POINT('',(1.738492076949E1,-5.5E0,1.E0));
#6612=VERTEX_POINT('',#6610);
#6613=VERTEX_POINT('',#6611);
#6614=CARTESIAN_POINT('',(1.738492076949E1,5.5E0,1.E0));
#6615=CARTESIAN_POINT('',(1.611507923051E1,5.5E0,1.E0));
#6616=VERTEX_POINT('',#6614);
#6617=VERTEX_POINT('',#6615);
#6618=CARTESIAN_POINT('',(-1.615E1,-5.5E0,2.E0));
#6619=CARTESIAN_POINT('',(-1.735E1,-5.5E0,2.E0));
#6620=VERTEX_POINT('',#6618);
#6621=VERTEX_POINT('',#6619);
#6622=CARTESIAN_POINT('',(-1.615E1,5.5E0,2.E0));
#6623=CARTESIAN_POINT('',(-1.735E1,5.5E0,2.E0));
#6624=VERTEX_POINT('',#6622);
#6625=VERTEX_POINT('',#6623);
#6626=CARTESIAN_POINT('',(-1.611507923051E1,-5.5E0,1.E0));
#6627=CARTESIAN_POINT('',(-1.738492076949E1,-5.5E0,1.E0));
#6628=VERTEX_POINT('',#6626);
#6629=VERTEX_POINT('',#6627);
#6630=CARTESIAN_POINT('',(-1.611507923051E1,5.5E0,1.E0));
#6631=CARTESIAN_POINT('',(-1.738492076949E1,5.5E0,1.E0));
#6632=VERTEX_POINT('',#6630);
#6633=VERTEX_POINT('',#6631);
#6634=CARTESIAN_POINT('',(1.56E1,-5.5E0,1.E0));
#6635=CARTESIAN_POINT('',(1.79E1,-5.5E0,1.E0));
#6636=VERTEX_POINT('',#6634);
#6637=VERTEX_POINT('',#6635);
#6638=CARTESIAN_POINT('',(-1.56E1,5.5E0,1.E0));
#6639=CARTESIAN_POINT('',(-1.79E1,5.5E0,1.E0));
#6640=VERTEX_POINT('',#6638);
#6641=VERTEX_POINT('',#6639);
#6642=CARTESIAN_POINT('',(-1.56E1,-5.5E0,1.E0));
#6643=CARTESIAN_POINT('',(-1.79E1,-5.5E0,1.E0));
#6644=VERTEX_POINT('',#6642);
#6645=VERTEX_POINT('',#6643);
#6646=VERTEX_POINT('',#4210);
#6647=VERTEX_POINT('',#4215);
#6648=VERTEX_POINT('',#1702);
#6649=VERTEX_POINT('',#1707);
#6650=VERTEX_POINT('',#4578);
#6651=VERTEX_POINT('',#4583);
#6652=VERTEX_POINT('',#1226);
#6653=VERTEX_POINT('',#1231);
#6654=VERTEX_POINT('',#1173);
#6655=VERTEX_POINT('',#1178);
#6656=VERTEX_POINT('',#1206);
#6657=VERTEX_POINT('',#1211);
#6658=VERTEX_POINT('',#4588);
#6659=VERTEX_POINT('',#4593);
#6660=VERTEX_POINT('',#4635);
#6661=VERTEX_POINT('',#4640);
#6662=CARTESIAN_POINT('',(1.134759222072E1,8.25E0,1.5E0));
#6663=CARTESIAN_POINT('',(1.365240777928E1,8.25E0,1.5E0));
#6664=VERTEX_POINT('',#6662);
#6665=VERTEX_POINT('',#6663);
#6666=CARTESIAN_POINT('',(-1.03E1,1.43E1,1.160769515459E0));
#6667=CARTESIAN_POINT('',(-1.033506898443E1,1.436969363515E1,2.5E0));
#6668=VERTEX_POINT('',#6666);
#6669=VERTEX_POINT('',#6667);
#6670=CARTESIAN_POINT('',(-5.833974596216E0,1.43E1,1.5E0));
#6671=CARTESIAN_POINT('',(-5.833974596216E0,1.435240777928E1,2.5E0));
#6672=VERTEX_POINT('',#6670);
#6673=VERTEX_POINT('',#6671);
#6674=CARTESIAN_POINT('',(-7.699908272672E0,1.43E1,9.996579205535E-1));
#6675=CARTESIAN_POINT('',(-7.7E0,1.437861166892E1,2.5E0));
#6676=VERTEX_POINT('',#6674);
#6677=VERTEX_POINT('',#6675);
#6678=VERTEX_POINT('',#3713);
#6679=VERTEX_POINT('',#3716);
#6680=CARTESIAN_POINT('',(-1.03E1,-1.43E1,1.160769515459E0));
#6681=CARTESIAN_POINT('',(-1.033506898443E1,-1.436969363515E1,2.5E0));
#6682=VERTEX_POINT('',#6680);
#6683=VERTEX_POINT('',#6681);
#6684=VERTEX_POINT('',#4336);
#6685=VERTEX_POINT('',#4339);
#6686=CARTESIAN_POINT('',(-7.7E0,-1.43E1,1.E0));
#6687=CARTESIAN_POINT('',(-7.7E0,-1.437861166892E1,2.5E0));
#6688=VERTEX_POINT('',#6686);
#6689=VERTEX_POINT('',#6687);
#6690=CARTESIAN_POINT('',(-5.834066323544E0,-1.43E1,1.500342079446E0));
#6691=CARTESIAN_POINT('',(-5.833974596216E0,-1.431834272275E1,1.85E0));
#6692=VERTEX_POINT('',#6690);
#6693=VERTEX_POINT('',#6691);
#6694=CARTESIAN_POINT('',(-2.352407779283E0,1.435240777928E1,2.5E0));
#6695=CARTESIAN_POINT('',(-2.318342722749E0,1.431834272275E1,1.85E0));
#6696=VERTEX_POINT('',#6694);
#6697=VERTEX_POINT('',#6695);
#6698=CARTESIAN_POINT('',(6.752407779283E0,1.435240777928E1,2.5E0));
#6699=CARTESIAN_POINT('',(6.718342722749E0,1.431834272275E1,1.85E0));
#6700=VERTEX_POINT('',#6698);
#6701=VERTEX_POINT('',#6699);
#6702=CARTESIAN_POINT('',(2.352407779283E0,-1.435240777928E1,2.5E0));
#6703=CARTESIAN_POINT('',(2.318342722749E0,-1.431834272275E1,1.85E0));
#6704=VERTEX_POINT('',#6702);
#6705=VERTEX_POINT('',#6703);
#6706=CARTESIAN_POINT('',(-6.752407779283E0,-1.436530498943E1,2.5E0));
#6707=CARTESIAN_POINT('',(-6.718342722749E0,-1.433076157018E1,1.85E0));
#6708=VERTEX_POINT('',#6706);
#6709=VERTEX_POINT('',#6707);
#6710=CARTESIAN_POINT('',(1.03E1,1.340123341872E1,1.5E0));
#6711=CARTESIAN_POINT('',(1.035240777928E1,1.345364119800E1,2.5E0));
#6712=VERTEX_POINT('',#6710);
#6713=VERTEX_POINT('',#6711);
#6714=CARTESIAN_POINT('',(9.401233418721E0,1.43E1,1.5E0));
#6715=CARTESIAN_POINT('',(9.453641198004E0,1.435240777928E1,2.5E0));
#6716=VERTEX_POINT('',#6714);
#6717=VERTEX_POINT('',#6715);
#6718=CARTESIAN_POINT('',(9.401233418721E0,-1.43E1,1.5E0));
#6719=CARTESIAN_POINT('',(9.453641198004E0,-1.435240777928E1,2.5E0));
#6720=VERTEX_POINT('',#6718);
#6721=VERTEX_POINT('',#6719);
#6722=CARTESIAN_POINT('',(1.03E1,-1.340123341872E1,1.5E0));
#6723=CARTESIAN_POINT('',(1.035240777928E1,-1.345364119800E1,2.5E0));
#6724=VERTEX_POINT('',#6722);
#6725=VERTEX_POINT('',#6723);
#6726=CARTESIAN_POINT('',(-1.412517133751E1,9.5E0,1.160769515459E0));
#6727=CARTESIAN_POINT('',(-1.416024032194E1,9.535068984431E0,2.5E0));
#6728=VERTEX_POINT('',#6726);
#6729=VERTEX_POINT('',#6727);
#6730=CARTESIAN_POINT('',(-1.4625E1,9.000171337512E0,1.160769515459E0));
#6731=CARTESIAN_POINT('',(-1.466006898443E1,9.035240321943E0,2.5E0));
#6732=VERTEX_POINT('',#6730);
#6733=VERTEX_POINT('',#6731);
#6734=CARTESIAN_POINT('',(-1.4625E1,-9.000171337512E0,1.160769515459E0));
#6735=CARTESIAN_POINT('',(-1.466006898443E1,-9.035240321943E0,2.5E0));
#6736=VERTEX_POINT('',#6734);
#6737=VERTEX_POINT('',#6735);
#6738=CARTESIAN_POINT('',(-1.412517133751E1,-9.5E0,1.160769515459E0));
#6739=CARTESIAN_POINT('',(-1.416024032194E1,-9.535068984431E0,2.5E0));
#6740=VERTEX_POINT('',#6738);
#6741=VERTEX_POINT('',#6739);
#6742=CARTESIAN_POINT('',(1.085081013282E1,-1.058748866353E1,2.5E0));
#6743=CARTESIAN_POINT('',(1.079840235353E1,-1.05E1,1.5E0));
#6744=VERTEX_POINT('',#6742);
#6745=VERTEX_POINT('',#6743);
#6746=VERTEX_POINT('',#1445);
#6747=CARTESIAN_POINT('',(1.03E1,-1.099962051734E1,1.5E0));
#6748=VERTEX_POINT('',#6747);
#6749=VERTEX_POINT('',#3742);
#6750=VERTEX_POINT('',#3746);
#6751=CARTESIAN_POINT('',(-1.083489764692E1,9.535068984431E0,2.5E0));
#6752=CARTESIAN_POINT('',(-1.080336048962E1,9.503531827133E0,1.295644552154E0));
#6753=VERTEX_POINT('',#6751);
#6754=VERTEX_POINT('',#6752);
#6755=VERTEX_POINT('',#1666);
#6756=CARTESIAN_POINT('',(-1.03E1,9.999828662488E0,1.160769515459E0));
#6757=VERTEX_POINT('',#6756);
#6758=CARTESIAN_POINT('',(-1.03E1,9.5E0,1.160769515459E0));
#6759=VERTEX_POINT('',#6758);
#6760=VERTEX_POINT('',#1503);
#6761=VERTEX_POINT('',#1507);
#6762=CARTESIAN_POINT('',(-1.080336048962E1,-9.503531827133E0,
1.295644552154E0));
#6763=VERTEX_POINT('',#6762);
#6764=CARTESIAN_POINT('',(-1.03E1,-9.999828662488E0,1.160769515459E0));
#6765=VERTEX_POINT('',#6764);
#6766=CARTESIAN_POINT('',(-1.03E1,-9.5E0,1.160769515459E0));
#6767=VERTEX_POINT('',#6766);
#6768=VERTEX_POINT('',#5169);
#6769=VERTEX_POINT('',#5173);
#6770=VERTEX_POINT('',#2644);
#6771=VERTEX_POINT('',#2648);
#6772=CARTESIAN_POINT('',(1.889565152324E1,5.618433860551E0,7.988746717092E-1));
#6773=CARTESIAN_POINT('',(1.892659182899E1,5.643281114644E0,1.5E0));
#6774=VERTEX_POINT('',#6772);
#6775=VERTEX_POINT('',#6773);
#6776=CARTESIAN_POINT('',(1.533748866353E1,-1.058748866353E1,2.5E0));
#6777=VERTEX_POINT('',#6776);
#6778=VERTEX_POINT('',#3498);
#6779=VERTEX_POINT('',#3502);
#6780=VERTEX_POINT('',#4827);
#6781=VERTEX_POINT('',#4836);
#6782=VERTEX_POINT('',#1139);
#6783=VERTEX_POINT('',#942);
#6784=VERTEX_POINT('',#1161);
#6785=VERTEX_POINT('',#983);
#6786=VERTEX_POINT('',#4655);
#6787=VERTEX_POINT('',#1014);
#6788=VERTEX_POINT('',#4677);
#6789=VERTEX_POINT('',#1055);
#6790=CARTESIAN_POINT('',(-5.833974596216E0,1.436814447626E1,
1.997259339150E-1));
#6791=VERTEX_POINT('',#6790);
#6792=CARTESIAN_POINT('',(-7.699999999998E0,1.434194058662E1,
1.997259339150E-1));
#6793=VERTEX_POINT('',#6792);
#6794=CARTESIAN_POINT('',(-7.7E0,-1.434194058662E1,1.997259339150E-1));
#6795=VERTEX_POINT('',#6794);
#6796=CARTESIAN_POINT('',(-5.833974596217E0,-1.436814447626E1,
1.997259339150E-1));
#6797=VERTEX_POINT('',#6796);
#6798=VERTEX_POINT('',#5185);
#6799=VERTEX_POINT('',#3663);
#6800=CARTESIAN_POINT('',(9.469377908293E0,1.436814447768E1,1.997259069437E-1));
#6801=VERTEX_POINT('',#6800);
#6802=CARTESIAN_POINT('',(1.036814447768E1,1.346937791074E1,1.997259069422E-1));
#6803=VERTEX_POINT('',#6802);
#6804=CARTESIAN_POINT('',(1.036814447768E1,-1.346937790829E1,
1.997259069437E-1));
#6805=VERTEX_POINT('',#6804);
#6806=CARTESIAN_POINT('',(9.469377910740E0,-1.436814447768E1,
1.997259069422E-1));
#6807=VERTEX_POINT('',#6806);
#6808=CARTESIAN_POINT('',(-1.465016042983E1,9.025331768510E0,
1.999314649948E-1));
#6809=VERTEX_POINT('',#6808);
#6810=CARTESIAN_POINT('',(-1.415033177079E1,9.525160429830E0,
1.999314649942E-1));
#6811=VERTEX_POINT('',#6810);
#6812=CARTESIAN_POINT('',(-1.415033176851E1,-9.525160429830E0,
1.999314649948E-1));
#6813=VERTEX_POINT('',#6812);
#6814=CARTESIAN_POINT('',(-1.465016042983E1,-9.025331770794E0,
1.999314649942E-1));
#6815=VERTEX_POINT('',#6814);
#6816=CARTESIAN_POINT('',(1.086790817145E1,1.054540125490E1,1.998781654059E-1));
#6817=CARTESIAN_POINT('',(1.079977167044E1,1.05E1,1.5E0));
#6818=VERTEX_POINT('',#6816);
#6819=VERTEX_POINT('',#6817);
#6820=CARTESIAN_POINT('',(1.036814447768E1,1.104479753656E1,1.997259069498E-1));
#6821=CARTESIAN_POINT('',(1.03E1,1.099939096622E1,1.5E0));
#6822=VERTEX_POINT('',#6820);
#6823=VERTEX_POINT('',#6821);
#6824=CARTESIAN_POINT('',(-9.725160429830E0,1.002498909215E1,
1.999314649951E-1));
#6825=VERTEX_POINT('',#6824);
#6826=CARTESIAN_POINT('',(-1.022498909204E1,9.525160429830E0,
1.999314649950E-1));
#6827=VERTEX_POINT('',#6826);
#6828=CARTESIAN_POINT('',(-9.725160429830E0,-1.002498909215E1,
1.999314649951E-1));
#6829=VERTEX_POINT('',#6828);
#6830=CARTESIAN_POINT('',(-1.022498909204E1,-9.525160429830E0,
1.999314649950E-1));
#6831=VERTEX_POINT('',#6830);
#6832=CARTESIAN_POINT('',(1.086790817145E1,5.954598745103E0,1.998781654059E-1));
#6833=VERTEX_POINT('',#6832);
#6834=CARTESIAN_POINT('',(1.036814447768E1,5.455202463444E0,1.997259069498E-1));
#6835=VERTEX_POINT('',#6834);
#6836=CARTESIAN_POINT('',(-1.531251133647E1,5.5E0,0.E0));
#6837=CARTESIAN_POINT('',(-1.818748866353E1,5.5E0,0.E0));
#6838=VERTEX_POINT('',#6836);
#6839=VERTEX_POINT('',#6837);
#6840=CARTESIAN_POINT('',(-1.552994248502E1,5.5E0,1.992389396183E-1));
#6841=CARTESIAN_POINT('',(-1.797005751498E1,5.5E0,1.992389396183E-1));
#6842=VERTEX_POINT('',#6840);
#6843=VERTEX_POINT('',#6841);
#6844=CARTESIAN_POINT('',(-1.818748866353E1,-5.5E0,0.E0));
#6845=CARTESIAN_POINT('',(-1.531251133647E1,-5.5E0,0.E0));
#6846=VERTEX_POINT('',#6844);
#6847=VERTEX_POINT('',#6845);
#6848=CARTESIAN_POINT('',(-1.797005751498E1,-5.5E0,1.992389396183E-1));
#6849=CARTESIAN_POINT('',(-1.552994248502E1,-5.5E0,1.992389396183E-1));
#6850=VERTEX_POINT('',#6848);
#6851=VERTEX_POINT('',#6849);
#6852=CARTESIAN_POINT('',(1.947354002041E1,-2.855989473950E0,
1.997259069511E-1));
#6853=VERTEX_POINT('',#6852);
#6854=CARTESIAN_POINT('',(1.926530044324E1,-2.825449056552E0,0.E0));
#6855=CARTESIAN_POINT('',(1.084996474498E1,-1.616827846656E1,0.E0));
#6856=VERTEX_POINT('',#6854);
#6857=VERTEX_POINT('',#6855);
#6858=VERTEX_POINT('',#508);
#6859=VERTEX_POINT('',#513);
#6860=CARTESIAN_POINT('',(9.854317777822E0,-1.647138833106E1,0.E0));
#6861=VERTEX_POINT('',#6860);
#6862=CARTESIAN_POINT('',(1.872877578023E1,5.326154881648E0,0.E0));
#6863=CARTESIAN_POINT('',(1.926530093862E1,2.825449129205E0,0.E0));
#6864=VERTEX_POINT('',#6862);
#6865=VERTEX_POINT('',#6863);
#6866=CARTESIAN_POINT('',(1.893121587880E1,5.383725657171E0,1.997258099794E-1));
#6867=CARTESIAN_POINT('',(1.947354001538E1,2.855989473216E0,1.997258099794E-1));
#6868=VERTEX_POINT('',#6866);
#6869=VERTEX_POINT('',#6867);
#6870=CARTESIAN_POINT('',(1.086790816969E1,5.747618845802E0,0.E0));
#6871=CARTESIAN_POINT('',(1.503020630504E1,5.747618845811E0,0.E0));
#6872=VERTEX_POINT('',#6870);
#6873=VERTEX_POINT('',#6871);
#6874=CARTESIAN_POINT('',(1.503020630411E1,5.954598745103E0,1.998781654059E-1));
#6875=VERTEX_POINT('',#6874);
#6876=VERTEX_POINT('',#121);
#6877=CARTESIAN_POINT('',(1.057861166913E1,-1.346937791823E1,0.E0));
#6878=CARTESIAN_POINT('',(1.057861166896E1,1.416259427021E0,0.E0));
#6879=VERTEX_POINT('',#6877);
#6880=VERTEX_POINT('',#6878);
#6881=CARTESIAN_POINT('',(1.036814447768E1,1.416259449739E0,1.997259069296E-1));
#6882=VERTEX_POINT('',#6881);
#6883=VERTEX_POINT('',#213);
#6884=CARTESIAN_POINT('',(-5.835427729022E0,-1.457860440883E1,0.E0));
#6885=VERTEX_POINT('',#6884);
#6886=CARTESIAN_POINT('',(-7.701453132806E0,-1.455240051919E1,0.E0));
#6887=VERTEX_POINT('',#6886);
#6888=CARTESIAN_POINT('',(-9.698546867194E0,-1.455240051919E1,0.E0));
#6889=VERTEX_POINT('',#6888);
#6890=CARTESIAN_POINT('',(-9.930395819492E0,-1.455566285927E1,0.E0));
#6891=VERTEX_POINT('',#6890);
#6892=CARTESIAN_POINT('',(-9.725163120487E0,-1.434228855639E1,
1.998287129371E-1));
#6893=VERTEX_POINT('',#6892);
#6894=CARTESIAN_POINT('',(1.180835958019E1,1.513638632890E1,2.5E0));
#6895=CARTESIAN_POINT('',(1.777591650430E1,7.250126861299E0,2.5E0));
#6896=VERTEX_POINT('',#6894);
#6897=VERTEX_POINT('',#6895);
#6898=CARTESIAN_POINT('',(1.213200332748E1,1.555124469755E1,2.000685232623E0));
#6899=CARTESIAN_POINT('',(1.836018132152E1,7.206279083006E0,2.000685232623E0));
#6900=VERTEX_POINT('',#6898);
#6901=VERTEX_POINT('',#6899);
#6902=VERTEX_POINT('',#1692);
#6903=VERTEX_POINT('',#1337);
#6904=CARTESIAN_POINT('',(6.752407779283E0,1.544759222072E1,2.5E0));
#6905=CARTESIAN_POINT('',(6.726239801162E0,1.597376019884E1,2.000685232623E0));
#6906=VERTEX_POINT('',#6904);
#6907=VERTEX_POINT('',#6905);
#6908=CARTESIAN_POINT('',(-1.213200332748E1,1.555124469755E1,2.000685232623E0));
#6909=CARTESIAN_POINT('',(-1.836018132152E1,7.206279083006E0,2.000685232623E0));
#6910=VERTEX_POINT('',#6908);
#6911=VERTEX_POINT('',#6909);
#6912=CARTESIAN_POINT('',(-1.180835958019E1,1.513638632890E1,2.5E0));
#6913=CARTESIAN_POINT('',(-1.777591289698E1,7.250135705757E0,2.5E0));
#6914=VERTEX_POINT('',#6912);
#6915=VERTEX_POINT('',#6913);
#6916=VERTEX_POINT('',#1603);
#6917=VERTEX_POINT('',#4568);
#6918=CARTESIAN_POINT('',(-2.326239801162E0,1.597376019884E1,2.000685232623E0));
#6919=CARTESIAN_POINT('',(-2.352407779283E0,1.544759222072E1,2.5E0));
#6920=VERTEX_POINT('',#6918);
#6921=VERTEX_POINT('',#6919);
#6922=CARTESIAN_POINT('',(-1.180835958019E1,-1.513638632890E1,2.5E0));
#6923=CARTESIAN_POINT('',(-1.777596453212E1,-7.250009105227E0,2.5E0));
#6924=VERTEX_POINT('',#6922);
#6925=VERTEX_POINT('',#6923);
#6926=CARTESIAN_POINT('',(-1.213200332748E1,-1.555124469755E1,
2.000685232623E0));
#6927=CARTESIAN_POINT('',(-1.836018132152E1,-7.206279083006E0,
2.000685232623E0));
#6928=VERTEX_POINT('',#6926);
#6929=VERTEX_POINT('',#6927);
#6930=VERTEX_POINT('',#1216);
#6931=VERTEX_POINT('',#1554);
#6932=CARTESIAN_POINT('',(-6.752407779283E0,-1.544759222072E1,2.5E0));
#6933=CARTESIAN_POINT('',(-6.726239801162E0,-1.597376019884E1,
2.000685232623E0));
#6934=VERTEX_POINT('',#6932);
#6935=VERTEX_POINT('',#6933);
#6936=CARTESIAN_POINT('',(1.213200332748E1,-1.555124469755E1,2.000685232623E0));
#6937=CARTESIAN_POINT('',(1.836018132152E1,-7.206279083006E0,2.000685232623E0));
#6938=VERTEX_POINT('',#6936);
#6939=VERTEX_POINT('',#6937);
#6940=CARTESIAN_POINT('',(1.180835958019E1,-1.513638632890E1,2.5E0));
#6941=CARTESIAN_POINT('',(1.777596448109E1,-7.250009230325E0,2.5E0));
#6942=VERTEX_POINT('',#6940);
#6943=VERTEX_POINT('',#6941);
#6944=VERTEX_POINT('',#1403);
#6945=VERTEX_POINT('',#4200);
#6946=CARTESIAN_POINT('',(2.326239801162E0,-1.597376019884E1,2.000685232623E0));
#6947=CARTESIAN_POINT('',(2.352407779283E0,-1.544759222072E1,2.5E0));
#6948=VERTEX_POINT('',#6946);
#6949=VERTEX_POINT('',#6947);
#6950=CARTESIAN_POINT('',(-9.725163120487E0,1.434228855639E1,
1.998287129371E-1));
#6951=VERTEX_POINT('',#6950);
#6952=CARTESIAN_POINT('',(-9.698546867194E0,1.455240051919E1,0.E0));
#6953=CARTESIAN_POINT('',(-9.930395819492E0,1.455566285927E1,0.E0));
#6954=VERTEX_POINT('',#6952);
#6955=VERTEX_POINT('',#6953);
#6956=CARTESIAN_POINT('',(-7.701453132806E0,1.455240051919E1,0.E0));
#6957=VERTEX_POINT('',#6956);
#6958=CARTESIAN_POINT('',(-5.835427729022E0,1.457860440883E1,0.E0));
#6959=VERTEX_POINT('',#6958);
#6960=CARTESIAN_POINT('',(9.469377918232E0,1.457861166913E1,0.E0));
#6961=VERTEX_POINT('',#6960);
#6962=VERTEX_POINT('',#362);
#6963=CARTESIAN_POINT('',(1.057861166896E1,5.083740572979E0,0.E0));
#6964=VERTEX_POINT('',#6963);
#6965=CARTESIAN_POINT('',(1.036814447768E1,5.083740550261E0,1.997259069296E-1));
#6966=VERTEX_POINT('',#6965);
#6967=VERTEX_POINT('',#381);
#6968=VERTEX_POINT('',#387);
#6969=CARTESIAN_POINT('',(1.468832402725E1,1.075238115451E1,0.E0));
#6970=VERTEX_POINT('',#6969);
#6971=CARTESIAN_POINT('',(1.468832402512E1,1.054540125490E1,1.998781653976E-1));
#6972=VERTEX_POINT('',#6971);
#6973=CARTESIAN_POINT('',(1.084996474499E1,1.616827846658E1,0.E0));
#6974=CARTESIAN_POINT('',(1.530965426073E1,1.203118655656E1,0.E0));
#6975=VERTEX_POINT('',#6973);
#6976=VERTEX_POINT('',#6974);
#6977=CARTESIAN_POINT('',(1.547513706430E1,1.216123224195E1,1.997259069427E-1));
#6978=VERTEX_POINT('',#6977);
#6979=CARTESIAN_POINT('',(-1.926530044324E1,2.825449056552E0,0.E0));
#6980=CARTESIAN_POINT('',(-1.084996474498E1,1.616827846656E1,0.E0));
#6981=VERTEX_POINT('',#6979);
#6982=VERTEX_POINT('',#6980);
#6983=CARTESIAN_POINT('',(-1.947354002041E1,2.855989473950E0,
1.997259069511E-1));
#6984=VERTEX_POINT('',#6983);
#6985=VERTEX_POINT('',#421);
#6986=CARTESIAN_POINT('',(-9.854317777822E0,1.647138833106E1,0.E0));
#6987=VERTEX_POINT('',#6986);
#6988=CARTESIAN_POINT('',(-1.926530044325E1,-2.825449056554E0,0.E0));
#6989=VERTEX_POINT('',#6988);
#6990=CARTESIAN_POINT('',(-1.947354002041E1,-2.855989473950E0,
1.997259069506E-1));
#6991=VERTEX_POINT('',#6990);
#6992=CARTESIAN_POINT('',(-1.775E1,2.263092960785E0,2.E0));
#6993=CARTESIAN_POINT('',(-1.775E1,-2.263092960785E0,2.E0));
#6994=VERTEX_POINT('',#6992);
#6995=VERTEX_POINT('',#6993);
#6996=CARTESIAN_POINT('',(1.775E1,2.263092960785E0,2.E0));
#6997=CARTESIAN_POINT('',(1.775E1,2.25E0,1.5E0));
#6998=VERTEX_POINT('',#6996);
#6999=VERTEX_POINT('',#6997);
#7000=CARTESIAN_POINT('',(1.775E1,-2.263092960785E0,2.E0));
#7001=CARTESIAN_POINT('',(1.775E1,-2.25E0,1.5E0));
#7002=VERTEX_POINT('',#7000);
#7003=VERTEX_POINT('',#7001);
#7004=CARTESIAN_POINT('',(-1.775E1,2.25E0,1.5E0));
#7005=CARTESIAN_POINT('',(-1.775E1,-2.25E0,1.5E0));
#7006=VERTEX_POINT('',#7004);
#7007=VERTEX_POINT('',#7005);
#7008=VERTEX_POINT('',#2124);
#7009=VERTEX_POINT('',#2131);
#7010=VERTEX_POINT('',#2805);
#7011=CARTESIAN_POINT('',(1.954752111759E1,-2.820800978010E0,1.499999999997E0));
#7012=VERTEX_POINT('',#7011);
#7013=VERTEX_POINT('',#2185);
#7014=VERTEX_POINT('',#2192);
#7015=CARTESIAN_POINT('',(1.954752111759E1,2.820800978010E0,1.5E0));
#7016=VERTEX_POINT('',#7015);
#7017=VERTEX_POINT('',#5507);
#7018=CARTESIAN_POINT('',(-1.951908552207E1,-2.834331205946E0,2.E0));
#7019=CARTESIAN_POINT('',(-1.954752111759E1,-2.820800978010E0,1.5E0));
#7020=VERTEX_POINT('',#7018);
#7021=VERTEX_POINT('',#7019);
#7022=VERTEX_POINT('',#4901);
#7023=VERTEX_POINT('',#4905);
#7024=VERTEX_POINT('',#4878);
#7025=VERTEX_POINT('',#4882);
#7026=CARTESIAN_POINT('',(-1.954752111759E1,2.820800978010E0,1.499999999997E0));
#7027=CARTESIAN_POINT('',(-1.951908552207E1,2.834331205946E0,2.E0));
#7028=VERTEX_POINT('',#7026);
#7029=VERTEX_POINT('',#7027);
#7030=VERTEX_POINT('',#29);
#7031=VERTEX_POINT('',#2782);
#7032=CARTESIAN_POINT('',(1.775000012842E1,-2.489278868815E0,
1.318892043263E-8));
#7033=VERTEX_POINT('',#7032);
#7034=CARTESIAN_POINT('',(1.775000008838E1,-2.284043483375E0,
1.999314740713E-1));
#7035=VERTEX_POINT('',#7034);
#7036=CARTESIAN_POINT('',(1.775E1,2.489278882354E0,0.E0));
#7037=VERTEX_POINT('',#7036);
#7038=CARTESIAN_POINT('',(1.775E1,2.284043492692E0,1.999314649951E-1));
#7039=VERTEX_POINT('',#7038);
#7040=CARTESIAN_POINT('',(1.897877870352E1,2.489278882059E0,0.E0));
#7041=VERTEX_POINT('',#7040);
#7042=CARTESIAN_POINT('',(1.897877869871E1,2.284043492692E0,1.999314650025E-1));
#7043=VERTEX_POINT('',#7042);
#7044=VERTEX_POINT('',#456);
#7045=VERTEX_POINT('',#4855);
#7046=CARTESIAN_POINT('',(-1.775000012842E1,2.489278868815E0,
1.318892049740E-8));
#7047=VERTEX_POINT('',#7046);
#7048=CARTESIAN_POINT('',(-1.775000008838E1,2.284043483375E0,
1.999314740713E-1));
#7049=VERTEX_POINT('',#7048);
#7050=CARTESIAN_POINT('',(-1.775E1,-2.489278882354E0,0.E0));
#7051=VERTEX_POINT('',#7050);
#7052=CARTESIAN_POINT('',(-1.775E1,-2.284043492692E0,1.999314649951E-1));
#7053=VERTEX_POINT('',#7052);
#7054=CARTESIAN_POINT('',(-1.897877870352E1,-2.489278882059E0,0.E0));
#7055=VERTEX_POINT('',#7054);
#7056=CARTESIAN_POINT('',(-1.897877869871E1,-2.284043492692E0,
1.999314650025E-1));
#7057=VERTEX_POINT('',#7056);
#7058=VERTEX_POINT('',#2099);
#7059=VERTEX_POINT('',#2104);
#7060=VERTEX_POINT('',#4184);
#7061=CARTESIAN_POINT('',(1.586946140723E1,-1.235343920177E0,1.499999999992E0));
#7062=VERTEX_POINT('',#7061);
#7063=CARTESIAN_POINT('',(1.555114595126E1,-1.1E0,1.5E0));
#7064=VERTEX_POINT('',#7063);
#7065=VERTEX_POINT('',#2156);
#7066=CARTESIAN_POINT('',(1.525E1,-1.4E0,1.5E0));
#7067=VERTEX_POINT('',#7066);
#7068=VERTEX_POINT('',#1487);
#7069=VERTEX_POINT('',#1491);
#7070=VERTEX_POINT('',#1579);
#7071=VERTEX_POINT('',#1583);
#7072=CARTESIAN_POINT('',(1.583270439420E1,1.177487817345E0,1.5E0));
#7073=VERTEX_POINT('',#7072);
#7074=CARTESIAN_POINT('',(1.040481555857E1,5.75E0,3.5E0));
#7075=CARTESIAN_POINT('',(1.459518444143E1,5.75E0,3.5E0));
#7076=VERTEX_POINT('',#7074);
#7077=VERTEX_POINT('',#7075);
#7078=CARTESIAN_POINT('',(1.043101944821E1,5.75E0,4.E0));
#7079=VERTEX_POINT('',#7078);
#7080=CARTESIAN_POINT('',(1.040481555857E1,8.25E0,3.5E0));
#7081=VERTEX_POINT('',#7080);
#7082=CARTESIAN_POINT('',(1.186044008233E1,1.024518444143E1,3.5E0));
#7083=VERTEX_POINT('',#7082);
#7084=CARTESIAN_POINT('',(1.185229756512E1,1.029759222072E1,2.5E0));
#7085=CARTESIAN_POINT('',(1.035240777928E1,8.25E0,2.5E0));
#7086=VERTEX_POINT('',#7084);
#7087=VERTEX_POINT('',#7085);
#7088=CARTESIAN_POINT('',(1.525E1,-1.05E1,1.5E0));
#7089=VERTEX_POINT('',#7088);
#7090=CARTESIAN_POINT('',(1.145240777928E1,8.25E0,3.5E0));
#7091=CARTESIAN_POINT('',(1.354759222072E1,8.25E0,3.5E0));
#7092=VERTEX_POINT('',#7090);
#7093=VERTEX_POINT('',#7091);
#7094=CARTESIAN_POINT('',(1.533748866353E1,-7.25E0,2.5E0));
#7095=VERTEX_POINT('',#7094);
#7096=CARTESIAN_POINT('',(1.529374433176E1,-7.206255668237E0,2.E0));
#7097=VERTEX_POINT('',#7096);
#7098=CARTESIAN_POINT('',(1.789994414453E1,5.488665783577E0,1.E0));
#7099=CARTESIAN_POINT('',(1.560005585547E1,5.488665783665E0,1.E0));
#7100=VERTEX_POINT('',#7098);
#7101=VERTEX_POINT('',#7099);
#7102=VERTEX_POINT('',#3493);
#7103=VERTEX_POINT('',#2700);
#7104=CARTESIAN_POINT('',(1.791899945438E1,5.483256548779E0,7.814648315581E-1));
#7105=VERTEX_POINT('',#7104);
#7106=VERTEX_POINT('',#2619);
#7107=VERTEX_POINT('',#2623);
#7108=VERTEX_POINT('',#3002);
#7109=CARTESIAN_POINT('',(1.767371937783E1,6.185012774475E0,1.E0));
#7110=VERTEX_POINT('',#7109);
#7111=VERTEX_POINT('',#2987);
#7112=VERTEX_POINT('',#2992);
#7113=VERTEX_POINT('',#2683);
#7114=CARTESIAN_POINT('',(1.582628061863E1,6.185012770981E0,1.E0));
#7115=VERTEX_POINT('',#7114);
#7116=VERTEX_POINT('',#81);
#7117=VERTEX_POINT('',#2719);
#7118=CARTESIAN_POINT('',(1.531298392196E1,5.463014627498E0,0.E0));
#7119=VERTEX_POINT('',#7118);
#7120=CARTESIAN_POINT('',(1.553034639561E1,5.468609019327E0,1.992390871186E-1));
#7121=VERTEX_POINT('',#7120);
#7122=CARTESIAN_POINT('',(1.531251133647E1,-5.5E0,0.E0));
#7123=CARTESIAN_POINT('',(1.818748866353E1,-5.5E0,0.E0));
#7124=VERTEX_POINT('',#7122);
#7125=VERTEX_POINT('',#7123);
#7126=CARTESIAN_POINT('',(1.552994248502E1,-5.5E0,1.992389396183E-1));
#7127=CARTESIAN_POINT('',(1.797005751498E1,-5.5E0,1.992389396183E-1));
#7128=VERTEX_POINT('',#7126);
#7129=VERTEX_POINT('',#7127);
#7130=CARTESIAN_POINT('',(1.03E1,5.049691698174E0,1.5E0));
#7131=VERTEX_POINT('',#7130);
#7132=CARTESIAN_POINT('',(1.381546480392E1,4.515567606430E0,4.E0));
#7133=CARTESIAN_POINT('',(1.381546480392E1,1.984432393570E0,4.E0));
#7134=VERTEX_POINT('',#7132);
#7135=VERTEX_POINT('',#7133);
#7136=CARTESIAN_POINT('',(-9.930395819510E0,1.002498909128E1,0.E0));
#7137=VERTEX_POINT('',#7136);
#7138=VERTEX_POINT('',#316);
#7139=CARTESIAN_POINT('',(-1.415033177425E1,9.730395819543E0,0.E0));
#7140=VERTEX_POINT('',#7139);
#7141=VERTEX_POINT('',#297);
#7142=CARTESIAN_POINT('',(-1.485539581954E1,-9.025331774250E0,0.E0));
#7143=VERTEX_POINT('',#7142);
#7144=VERTEX_POINT('',#278);
#7145=CARTESIAN_POINT('',(-1.022498909232E1,-9.730395819492E0,0.E0));
#7146=VERTEX_POINT('',#7145);
#7147=VERTEX_POINT('',#260);
#7148=CARTESIAN_POINT('',(1.459518444143E1,8.25E0,3.5E0));
#7149=CARTESIAN_POINT('',(1.313955991767E1,1.024518444143E1,3.5E0));
#7150=VERTEX_POINT('',#7148);
#7151=VERTEX_POINT('',#7149);
#7152=CARTESIAN_POINT('',(1.464759222072E1,5.75E0,2.5E0));
#7153=CARTESIAN_POINT('',(1.464759222072E1,8.25E0,2.5E0));
#7154=VERTEX_POINT('',#7152);
#7155=VERTEX_POINT('',#7153);
#7156=CARTESIAN_POINT('',(1.314770243488E1,1.029759222072E1,2.5E0));
#7157=VERTEX_POINT('',#7156);
#7158=VERTEX_POINT('',#3213);
#7159=VERTEX_POINT('',#3217);
#7160=CARTESIAN_POINT('',(1.060000014108E1,4.75E0,1.5E0));
#7161=VERTEX_POINT('',#7160);
#7162=VERTEX_POINT('',#3257);
#7163=VERTEX_POINT('',#3261);
#7164=CARTESIAN_POINT('',(1.03E1,1.450308301826E0,1.5E0));
#7165=VERTEX_POINT('',#7164);
#7166=CARTESIAN_POINT('',(1.060000014108E1,1.75E0,1.5E0));
#7167=VERTEX_POINT('',#7166);
#7168=CARTESIAN_POINT('',(1.374998752016E1,4.452237463127E0,1.499523414153E0));
#7169=VERTEX_POINT('',#7168);
#7170=CARTESIAN_POINT('',(1.351556760643E1,4.815464803923E0,4.E0));
#7171=VERTEX_POINT('',#7170);
#7172=CARTESIAN_POINT('',(1.351556760643E1,1.684535196077E0,4.E0));
#7173=VERTEX_POINT('',#7172);
#7174=CARTESIAN_POINT('',(1.066813386932E1,4.784043492692E0,1.999314650165E-1));
#7175=VERTEX_POINT('',#7174);
#7176=CARTESIAN_POINT('',(1.374998752016E1,2.047762536873E0,1.499523414153E0));
#7177=VERTEX_POINT('',#7176);
#7178=CARTESIAN_POINT('',(1.339008971843E1,4.75E0,1.5E0));
#7179=VERTEX_POINT('',#7178);
#7180=CARTESIAN_POINT('',(1.339008971843E1,1.75E0,1.5E0));
#7181=VERTEX_POINT('',#7180);
#7182=VERTEX_POINT('',#5410);
#7183=VERTEX_POINT('',#5302);
#7184=VERTEX_POINT('',#139);
#7185=CARTESIAN_POINT('',(1.429114277065E1,4.989278903699E0,0.E0));
#7186=VERTEX_POINT('',#7185);
#7187=CARTESIAN_POINT('',(1.429114279303E1,4.784043492718E0,1.999314639979E-1));
#7188=VERTEX_POINT('',#7187);
#7189=VERTEX_POINT('',#157);
#7190=VERTEX_POINT('',#5330);
#7191=CARTESIAN_POINT('',(1.498927888333E1,2.010653280636E0,0.E0));
#7192=VERTEX_POINT('',#7191);
#7193=CARTESIAN_POINT('',(1.467535095935E1,2.010653366310E0,1.643789165227E-1));
#7194=VERTEX_POINT('',#7193);
#7195=VERTEX_POINT('',#176);
#7196=VERTEX_POINT('',#5398);
#7197=CARTESIAN_POINT('',(1.066813385077E1,1.510721118179E0,0.E0));
#7198=VERTEX_POINT('',#7197);
#7199=CARTESIAN_POINT('',(1.066813386932E1,1.715956507308E0,1.999314650165E-1));
#7200=VERTEX_POINT('',#7199);
#7201=CARTESIAN_POINT('',(1.03E1,1.034535196077E0,1.5E0));
#7202=CARTESIAN_POINT('',(1.043101944821E1,1.1E0,4.E0));
#7203=VERTEX_POINT('',#7201);
#7204=VERTEX_POINT('',#7202);
#7205=CARTESIAN_POINT('',(1.513690703922E1,5.75E0,2.5E0));
#7206=CARTESIAN_POINT('',(1.509762815686E1,5.75E0,4.E0));
#7207=VERTEX_POINT('',#7205);
#7208=VERTEX_POINT('',#7206);
#7209=CARTESIAN_POINT('',(1.513690703922E1,7.25E0,2.5E0));
#7210=CARTESIAN_POINT('',(1.515E1,7.206255668237E0,2.E0));
#7211=VERTEX_POINT('',#7209);
#7212=VERTEX_POINT('',#7210);
#7213=CARTESIAN_POINT('',(1.509762815686E1,1.1E0,4.E0));
#7214=VERTEX_POINT('',#7213);
#7215=CARTESIAN_POINT('',(1.515E1,1.047628156862E0,2.E0));
#7216=VERTEX_POINT('',#7215);
#7217=VERTEX_POINT('',#3159);
#7218=VERTEX_POINT('',#3163);
#7219=VERTEX_POINT('',#2166);
#7220=CARTESIAN_POINT('',(-1.463388754949E1,-7.462985221960E0,
1.500171337512E0));
#7221=CARTESIAN_POINT('',(-1.463388754949E1,7.462985221960E0,1.500171337512E0));
#7222=VERTEX_POINT('',#7220);
#7223=VERTEX_POINT('',#7221);
#7224=CARTESIAN_POINT('',(-1.514697602365E1,-7.206255668237E0,2.E0));
#7225=CARTESIAN_POINT('',(-1.514697602365E1,7.206255668237E0,2.E0));
#7226=VERTEX_POINT('',#7224);
#7227=VERTEX_POINT('',#7225);
#7228=VERTEX_POINT('',#4479);
#7229=CARTESIAN_POINT('',(-1.494114356495E1,7.188713044757E0,1.799486896100E0));
#7230=VERTEX_POINT('',#7229);
#7231=CARTESIAN_POINT('',(-1.15E1,1.25E1,1.5E0));
#7232=CARTESIAN_POINT('',(-1.35E1,1.25E1,1.5E0));
#7233=VERTEX_POINT('',#7231);
#7234=VERTEX_POINT('',#7232);
#7235=CARTESIAN_POINT('',(1.35E1,1.25E1,1.5E0));
#7236=CARTESIAN_POINT('',(1.15E1,1.25E1,1.5E0));
#7237=VERTEX_POINT('',#7235);
#7238=VERTEX_POINT('',#7236);
#7239=CARTESIAN_POINT('',(-1.15E1,-1.25E1,1.5E0));
#7240=CARTESIAN_POINT('',(-1.35E1,-1.25E1,1.5E0));
#7241=VERTEX_POINT('',#7239);
#7242=VERTEX_POINT('',#7240);
#7243=CARTESIAN_POINT('',(1.35E1,-1.25E1,1.5E0));
#7244=CARTESIAN_POINT('',(1.15E1,-1.25E1,1.5E0));
#7245=VERTEX_POINT('',#7243);
#7246=VERTEX_POINT('',#7244);
#7247=CARTESIAN_POINT('',(-1.141251133647E1,1.25E1,2.5E0));
#7248=CARTESIAN_POINT('',(-1.358748866353E1,1.25E1,2.5E0));
#7249=VERTEX_POINT('',#7247);
#7250=VERTEX_POINT('',#7248);
#7251=CARTESIAN_POINT('',(1.358748866353E1,1.25E1,2.5E0));
#7252=CARTESIAN_POINT('',(1.141251133647E1,1.25E1,2.5E0));
#7253=VERTEX_POINT('',#7251);
#7254=VERTEX_POINT('',#7252);
#7255=CARTESIAN_POINT('',(-1.141251133647E1,-1.25E1,2.5E0));
#7256=CARTESIAN_POINT('',(-1.358748866353E1,-1.25E1,2.5E0));
#7257=VERTEX_POINT('',#7255);
#7258=VERTEX_POINT('',#7256);
#7259=CARTESIAN_POINT('',(1.358748866353E1,-1.25E1,2.5E0));
#7260=CARTESIAN_POINT('',(1.141251133647E1,-1.25E1,2.5E0));
#7261=VERTEX_POINT('',#7259);
#7262=VERTEX_POINT('',#7260);
#7263=CARTESIAN_POINT('',(1.475E1,-1.145E1,1.5E-1));
#7264=CARTESIAN_POINT('',(1.445E1,-1.175E1,1.5E-1));
#7265=VERTEX_POINT('',#7263);
#7266=VERTEX_POINT('',#7264);
#7267=CARTESIAN_POINT('',(1.445E1,-1.177644904711E1,0.E0));
#7268=VERTEX_POINT('',#7267);
#7269=CARTESIAN_POINT('',(1.477644904711E1,-1.145E1,0.E0));
#7270=VERTEX_POINT('',#7269);
#7271=CARTESIAN_POINT('',(1.13E1,-1.175E1,1.5E-1));
#7272=CARTESIAN_POINT('',(1.1E1,-1.145E1,1.5E-1));
#7273=VERTEX_POINT('',#7271);
#7274=VERTEX_POINT('',#7272);
#7275=CARTESIAN_POINT('',(1.097355095289E1,-1.145E1,0.E0));
#7276=VERTEX_POINT('',#7275);
#7277=CARTESIAN_POINT('',(1.13E1,-1.177644904711E1,0.E0));
#7278=VERTEX_POINT('',#7277);
#7279=CARTESIAN_POINT('',(1.445E1,-2.5E-1,1.5E-1));
#7280=CARTESIAN_POINT('',(1.475E1,-5.5E-1,1.5E-1));
#7281=VERTEX_POINT('',#7279);
#7282=VERTEX_POINT('',#7280);
#7283=CARTESIAN_POINT('',(1.477644904711E1,-5.5E-1,0.E0));
#7284=VERTEX_POINT('',#7283);
#7285=CARTESIAN_POINT('',(1.445E1,-2.235509528937E-1,0.E0));
#7286=VERTEX_POINT('',#7285);
#7287=CARTESIAN_POINT('',(1.1E1,-5.5E-1,1.5E-1));
#7288=CARTESIAN_POINT('',(1.13E1,-2.5E-1,1.5E-1));
#7289=VERTEX_POINT('',#7287);
#7290=VERTEX_POINT('',#7288);
#7291=CARTESIAN_POINT('',(1.13E1,-2.235509528937E-1,0.E0));
#7292=VERTEX_POINT('',#7291);
#7293=CARTESIAN_POINT('',(1.097355095289E1,-5.5E-1,0.E0));
#7294=VERTEX_POINT('',#7293);
#7295=CARTESIAN_POINT('',(1.34E1,3.E-1,2.E-1));
#7296=CARTESIAN_POINT('',(1.330624998212E1,3.191489355639E-1,2.E-1));
#7297=VERTEX_POINT('',#7295);
#7298=VERTEX_POINT('',#7296);
#7299=CARTESIAN_POINT('',(1.323125E1,3.574468083680E-1,2.E-1));
#7300=VERTEX_POINT('',#7299);
#7301=CARTESIAN_POINT('',(1.315625001788E1,4.340425506234E-1,2.E-1));
#7302=VERTEX_POINT('',#7301);
#7303=CARTESIAN_POINT('',(1.311875E1,5.106382995844E-1,2.E-1));
#7304=VERTEX_POINT('',#7303);
#7305=CARTESIAN_POINT('',(1.310000001788E1,6.063829690218E-1,2.E-1));
#7306=VERTEX_POINT('',#7305);
#7307=CARTESIAN_POINT('',(1.310000001788E1,8.936170041561E-1,2.E-1));
#7308=VERTEX_POINT('',#7307);
#7309=CARTESIAN_POINT('',(1.311875E1,9.893617272377E-1,2.E-1));
#7310=VERTEX_POINT('',#7309);
#7311=CARTESIAN_POINT('',(1.315625001788E1,1.065957462788E0,2.E-1));
#7312=VERTEX_POINT('',#7311);
#7313=CARTESIAN_POINT('',(1.323125E1,1.142553198338E0,2.E-1));
#7314=VERTEX_POINT('',#7313);
#7315=CARTESIAN_POINT('',(1.330624998212E1,1.180851066113E0,2.E-1));
#7316=VERTEX_POINT('',#7315);
#7317=CARTESIAN_POINT('',(1.34E1,1.2E0,2.E-1));
#7318=VERTEX_POINT('',#7317);
#7319=CARTESIAN_POINT('',(1.37375E1,1.085106396675E0,2.E-1));
#7320=CARTESIAN_POINT('',(1.34E1,1.085106396675E0,2.E-1));
#7321=VERTEX_POINT('',#7319);
#7322=VERTEX_POINT('',#7320);
#7323=CARTESIAN_POINT('',(1.332500001788E1,1.065957462788E0,2.E-1));
#7324=VERTEX_POINT('',#7323);
#7325=CARTESIAN_POINT('',(1.326875001788E1,1.027659595013E0,2.E-1));
#7326=VERTEX_POINT('',#7325);
#7327=CARTESIAN_POINT('',(1.323125E1,9.702127397060E-1,2.E-1));
#7328=VERTEX_POINT('',#7327);
#7329=CARTESIAN_POINT('',(1.321250001788E1,8.936170041561E-1,2.E-1));
#7330=VERTEX_POINT('',#7329);
#7331=CARTESIAN_POINT('',(1.321250001788E1,6.063829690218E-1,2.E-1));
#7332=VERTEX_POINT('',#7331);
#7333=CARTESIAN_POINT('',(1.323125E1,5.297872334719E-1,2.E-1));
#7334=VERTEX_POINT('',#7333);
#7335=CARTESIAN_POINT('',(1.326875001788E1,4.723404318094E-1,2.E-1));
#7336=VERTEX_POINT('',#7335);
#7337=CARTESIAN_POINT('',(1.332500001788E1,4.340425506234E-1,2.E-1));
#7338=VERTEX_POINT('',#7337);
#7339=CARTESIAN_POINT('',(1.34E1,4.148936167359E-1,2.E-1));
#7340=VERTEX_POINT('',#7339);
#7341=CARTESIAN_POINT('',(1.37375E1,4.148936167359E-1,2.E-1));
#7342=VERTEX_POINT('',#7341);
#7343=CARTESIAN_POINT('',(1.2275E1,4.148936167359E-1,2.E-1));
#7344=CARTESIAN_POINT('',(1.28375E1,4.148936167359E-1,2.E-1));
#7345=VERTEX_POINT('',#7343);
#7346=VERTEX_POINT('',#7344);
#7347=CARTESIAN_POINT('',(1.28375E1,7.212765991688E-1,2.E-1));
#7348=VERTEX_POINT('',#7347);
#7349=CARTESIAN_POINT('',(1.235000003576E1,7.212765991688E-1,2.E-1));
#7350=VERTEX_POINT('',#7349);
#7351=CARTESIAN_POINT('',(1.235000003576E1,8.361702024937E-1,2.E-1));
#7352=VERTEX_POINT('',#7351);
#7353=CARTESIAN_POINT('',(1.28375E1,8.361702024937E-1,2.E-1));
#7354=VERTEX_POINT('',#7353);
#7355=CARTESIAN_POINT('',(1.28375E1,1.085106396675E0,2.E-1));
#7356=VERTEX_POINT('',#7355);
#7357=CARTESIAN_POINT('',(1.2275E1,1.085106396675E0,2.E-1));
#7358=VERTEX_POINT('',#7357);
#7359=CARTESIAN_POINT('',(1.2275E1,1.2E0,2.E-1));
#7360=VERTEX_POINT('',#7359);
#7361=CARTESIAN_POINT('',(1.2275E1,3.E-1,2.E-1));
#7362=VERTEX_POINT('',#7361);
#7363=CARTESIAN_POINT('',(1.1375E1,1.2E0,2.E-1));
#7364=CARTESIAN_POINT('',(1.14875E1,1.2E0,2.E-1));
#7365=VERTEX_POINT('',#7363);
#7366=VERTEX_POINT('',#7364);
#7367=CARTESIAN_POINT('',(1.201249992847E1,1.2E0,2.E-1));
#7368=CARTESIAN_POINT('',(1.212500003576E1,1.2E0,2.E-1));
#7369=VERTEX_POINT('',#7367);
#7370=VERTEX_POINT('',#7368);
#7371=CARTESIAN_POINT('',(1.339929401311E1,2.930158461017E-1,0.E0));
#7372=CARTESIAN_POINT('',(1.330392062512E1,3.124963635714E-1,0.E0));
#7373=VERTEX_POINT('',#7371);
#7374=VERTEX_POINT('',#7372);
#7375=CARTESIAN_POINT('',(1.322705782898E1,3.517454607925E-1,0.E0));
#7376=VERTEX_POINT('',#7375);
#7377=CARTESIAN_POINT('',(1.315047224210E1,4.299605444186E-1,0.E0));
#7378=VERTEX_POINT('',#7377);
#7379=CARTESIAN_POINT('',(1.311207280949E1,5.083933950360E-1,0.E0));
#7380=VERTEX_POINT('',#7379);
#7381=CARTESIAN_POINT('',(1.309301586398E1,6.057055383908E-1,0.E0));
#7382=VERTEX_POINT('',#7381);
#7383=CARTESIAN_POINT('',(1.309301586398E1,8.942944344146E-1,0.E0));
#7384=VERTEX_POINT('',#7383);
#7385=CARTESIAN_POINT('',(1.311207280937E1,9.916066316900E-1,0.E0));
#7386=VERTEX_POINT('',#7385);
#7387=CARTESIAN_POINT('',(1.315047224234E1,1.070039469310E0,0.E0));
#7388=VERTEX_POINT('',#7387);
#7389=CARTESIAN_POINT('',(1.322705782926E1,1.148254546121E0,0.E0));
#7390=VERTEX_POINT('',#7389);
#7391=CARTESIAN_POINT('',(1.330392062536E1,1.187503638171E0,0.E0));
#7392=VERTEX_POINT('',#7391);
#7393=CARTESIAN_POINT('',(1.339929401317E1,1.206984153898E0,0.E0));
#7394=VERTEX_POINT('',#7393);
#7395=CARTESIAN_POINT('',(1.373051584610E1,1.078122242777E0,0.E0));
#7396=CARTESIAN_POINT('',(1.340087751908E1,1.078122242777E0,0.E0));
#7397=VERTEX_POINT('',#7395);
#7398=VERTEX_POINT('',#7396);
#7399=CARTESIAN_POINT('',(1.332791651124E1,1.059493898129E0,0.E0));
#7400=VERTEX_POINT('',#7399);
#7401=CARTESIAN_POINT('',(1.327383502013E1,1.022672461766E0,0.E0));
#7402=VERTEX_POINT('',#7401);
#7403=CARTESIAN_POINT('',(1.323775028983E1,9.673937073023E-1,0.E0));
#7404=VERTEX_POINT('',#7403);
#7405=CARTESIAN_POINT('',(1.321948417178E1,8.927746096144E-1,0.E0));
#7406=VERTEX_POINT('',#7405);
#7407=CARTESIAN_POINT('',(1.321948417178E1,6.072253635635E-1,0.E0));
#7408=VERTEX_POINT('',#7407);
#7409=CARTESIAN_POINT('',(1.323775028946E1,5.326062673677E-1,0.E0));
#7410=VERTEX_POINT('',#7409);
#7411=CARTESIAN_POINT('',(1.327383501918E1,4.773275654341E-1,0.E0));
#7412=VERTEX_POINT('',#7411);
#7413=CARTESIAN_POINT('',(1.332791651181E1,4.405061151370E-1,0.E0));
#7414=VERTEX_POINT('',#7413);
#7415=CARTESIAN_POINT('',(1.340087751908E1,4.218777706343E-1,0.E0));
#7416=VERTEX_POINT('',#7415);
#7417=CARTESIAN_POINT('',(1.373051584610E1,4.218777706343E-1,0.E0));
#7418=VERTEX_POINT('',#7417);
#7419=CARTESIAN_POINT('',(1.226801584610E1,4.218777706343E-1,0.E0));
#7420=CARTESIAN_POINT('',(1.283051584610E1,4.218777706343E-1,0.E0));
#7421=VERTEX_POINT('',#7419);
#7422=VERTEX_POINT('',#7420);
#7423=CARTESIAN_POINT('',(1.283051584610E1,7.142924452704E-1,0.E0));
#7424=VERTEX_POINT('',#7423);
#7425=CARTESIAN_POINT('',(1.234301588186E1,7.142924452704E-1,0.E0));
#7426=VERTEX_POINT('',#7425);
#7427=CARTESIAN_POINT('',(1.234301588186E1,8.431543563920E-1,0.E0));
#7428=VERTEX_POINT('',#7427);
#7429=CARTESIAN_POINT('',(1.283051584610E1,8.431543563920E-1,0.E0));
#7430=VERTEX_POINT('',#7429);
#7431=CARTESIAN_POINT('',(1.283051584610E1,1.078122242777E0,0.E0));
#7432=VERTEX_POINT('',#7431);
#7433=CARTESIAN_POINT('',(1.226801584610E1,1.078122242777E0,0.E0));
#7434=VERTEX_POINT('',#7433);
#7435=CARTESIAN_POINT('',(1.226801584610E1,1.206984153898E0,0.E0));
#7436=VERTEX_POINT('',#7435);
#7437=CARTESIAN_POINT('',(1.226801584610E1,2.930158461017E-1,0.E0));
#7438=VERTEX_POINT('',#7437);
#7439=CARTESIAN_POINT('',(1.136531000482E1,1.206984153898E0,0.E0));
#7440=CARTESIAN_POINT('',(1.149252904274E1,1.206984153898E0,0.E0));
#7441=VERTEX_POINT('',#7439);
#7442=VERTEX_POINT('',#7440);
#7443=CARTESIAN_POINT('',(1.200747088443E1,1.206984153898E0,0.E0));
#7444=CARTESIAN_POINT('',(1.213469003204E1,1.206984153898E0,0.E0));
#7445=VERTEX_POINT('',#7443);
#7446=VERTEX_POINT('',#7444);
#7447=VERTEX_POINT('',#6204);
#7448=VERTEX_POINT('',#6207);
#7449=CARTESIAN_POINT('',(1.165857677472E1,3.271836344130E-1,0.E0));
#7450=VERTEX_POINT('',#7449);
#7451=CARTESIAN_POINT('',(1.170598204514E1,2.930158461017E-1,0.E0));
#7452=VERTEX_POINT('',#7451);
#7453=VERTEX_POINT('',#6219);
#7454=VERTEX_POINT('',#6222);
#7455=CARTESIAN_POINT('',(1.179401788683E1,2.930158461017E-1,0.E0));
#7456=VERTEX_POINT('',#7455);
#7457=CARTESIAN_POINT('',(1.184142315556E1,3.271836293270E-1,0.E0));
#7458=VERTEX_POINT('',#7457);
#7459=VERTEX_POINT('',#5962);
#7460=VERTEX_POINT('',#5965);
#7461=CARTESIAN_POINT('',(1.380701461255E1,2.930158461017E-1,0.E0));
#7462=VERTEX_POINT('',#7461);
#7463=CARTESIAN_POINT('',(1.385698415390E1,3.429853874526E-1,0.E0));
#7464=VERTEX_POINT('',#7463);
#7465=VERTEX_POINT('',#5977);
#7466=VERTEX_POINT('',#5980);
#7467=CARTESIAN_POINT('',(1.385698415390E1,1.157014612547E0,0.E0));
#7468=VERTEX_POINT('',#7467);
#7469=CARTESIAN_POINT('',(1.380701461255E1,1.206984153898E0,0.E0));
#7470=VERTEX_POINT('',#7469);
#7471=VERTEX_POINT('',#6076);
#7472=VERTEX_POINT('',#6079);
#7473=CARTESIAN_POINT('',(1.295698415390E1,1.157014612547E0,0.E0));
#7474=VERTEX_POINT('',#7473);
#7475=CARTESIAN_POINT('',(1.290701461255E1,1.206984153898E0,0.E0));
#7476=VERTEX_POINT('',#7475);
#7477=VERTEX_POINT('',#6161);
#7478=VERTEX_POINT('',#6164);
#7479=CARTESIAN_POINT('',(1.290701461255E1,2.930158461017E-1,0.E0));
#7480=VERTEX_POINT('',#7479);
#7481=CARTESIAN_POINT('',(1.295698415390E1,3.429853874526E-1,0.E0));
#7482=VERTEX_POINT('',#7481);
#7483=VERTEX_POINT('',#877);
#7484=VERTEX_POINT('',#881);
#7485=CARTESIAN_POINT('',(1.172156558005E1,4.999377869549E-1,2.E-1));
#7486=VERTEX_POINT('',#7485);
#7487=CARTESIAN_POINT('',(1.177843454210E1,4.999377939449E-1,2.E-1));
#7488=VERTEX_POINT('',#7487);
#7489=CARTESIAN_POINT('',(0.E0,0.E0,0.E0));
#7490=DIRECTION('',(0.E0,0.E0,1.E0));
#7491=DIRECTION('',(1.E0,0.E0,0.E0));
#7492=AXIS2_PLACEMENT_3D('',#7489,#7490,#7491);
#7493=PLANE('',#7492);
#7495=ORIENTED_EDGE('',*,*,#7494,.F.);
#7497=ORIENTED_EDGE('',*,*,#7496,.F.);
#7499=ORIENTED_EDGE('',*,*,#7498,.F.);
#7501=ORIENTED_EDGE('',*,*,#7500,.F.);
#7503=ORIENTED_EDGE('',*,*,#7502,.F.);
#7505=ORIENTED_EDGE('',*,*,#7504,.F.);
#7507=ORIENTED_EDGE('',*,*,#7506,.F.);
#7509=ORIENTED_EDGE('',*,*,#7508,.F.);
#7511=ORIENTED_EDGE('',*,*,#7510,.F.);
#7513=ORIENTED_EDGE('',*,*,#7512,.F.);
#7515=ORIENTED_EDGE('',*,*,#7514,.F.);
#7517=ORIENTED_EDGE('',*,*,#7516,.F.);
#7519=ORIENTED_EDGE('',*,*,#7518,.F.);
#7521=ORIENTED_EDGE('',*,*,#7520,.F.);
#7523=ORIENTED_EDGE('',*,*,#7522,.F.);
#7525=ORIENTED_EDGE('',*,*,#7524,.F.);
#7527=ORIENTED_EDGE('',*,*,#7526,.F.);
#7529=ORIENTED_EDGE('',*,*,#7528,.F.);
#7531=ORIENTED_EDGE('',*,*,#7530,.F.);
#7533=ORIENTED_EDGE('',*,*,#7532,.F.);
#7535=ORIENTED_EDGE('',*,*,#7534,.F.);
#7537=ORIENTED_EDGE('',*,*,#7536,.F.);
#7539=ORIENTED_EDGE('',*,*,#7538,.F.);
#7541=ORIENTED_EDGE('',*,*,#7540,.F.);
#7543=ORIENTED_EDGE('',*,*,#7542,.F.);
#7545=ORIENTED_EDGE('',*,*,#7544,.F.);
#7547=ORIENTED_EDGE('',*,*,#7546,.T.);
#7549=ORIENTED_EDGE('',*,*,#7548,.T.);
#7551=ORIENTED_EDGE('',*,*,#7550,.T.);
#7553=ORIENTED_EDGE('',*,*,#7552,.T.);
#7555=ORIENTED_EDGE('',*,*,#7554,.T.);
#7557=ORIENTED_EDGE('',*,*,#7556,.T.);
#7559=ORIENTED_EDGE('',*,*,#7558,.T.);
#7561=ORIENTED_EDGE('',*,*,#7560,.T.);
#7563=ORIENTED_EDGE('',*,*,#7562,.T.);
#7565=ORIENTED_EDGE('',*,*,#7564,.F.);
#7567=ORIENTED_EDGE('',*,*,#7566,.F.);
#7569=ORIENTED_EDGE('',*,*,#7568,.F.);
#7571=ORIENTED_EDGE('',*,*,#7570,.F.);
#7573=ORIENTED_EDGE('',*,*,#7572,.F.);
#7575=ORIENTED_EDGE('',*,*,#7574,.F.);
#7577=ORIENTED_EDGE('',*,*,#7576,.F.);
#7579=ORIENTED_EDGE('',*,*,#7578,.F.);
#7581=ORIENTED_EDGE('',*,*,#7580,.F.);
#7583=ORIENTED_EDGE('',*,*,#7582,.F.);
#7585=ORIENTED_EDGE('',*,*,#7584,.F.);
#7587=ORIENTED_EDGE('',*,*,#7586,.F.);
#7589=ORIENTED_EDGE('',*,*,#7588,.F.);
#7591=ORIENTED_EDGE('',*,*,#7590,.F.);
#7593=ORIENTED_EDGE('',*,*,#7592,.F.);
#7595=ORIENTED_EDGE('',*,*,#7594,.F.);
#7597=ORIENTED_EDGE('',*,*,#7596,.F.);
#7599=ORIENTED_EDGE('',*,*,#7598,.F.);
#7601=ORIENTED_EDGE('',*,*,#7600,.F.);
#7603=ORIENTED_EDGE('',*,*,#7602,.F.);
#7605=ORIENTED_EDGE('',*,*,#7604,.F.);
#7607=ORIENTED_EDGE('',*,*,#7606,.F.);
#7609=ORIENTED_EDGE('',*,*,#7608,.F.);
#7610=EDGE_LOOP('',(#7495,#7497,#7499,#7501,#7503,#7505,#7507,#7509,#7511,#7513,
#7515,#7517,#7519,#7521,#7523,#7525,#7527,#7529,#7531,#7533,#7535,#7537,#7539,
#7541,#7543,#7545,#7547,#7549,#7551,#7553,#7555,#7557,#7559,#7561,#7563,#7565,
#7567,#7569,#7571,#7573,#7575,#7577,#7579,#7581,#7583,#7585,#7587,#7589,#7591,
#7593,#7595,#7597,#7599,#7601,#7603,#7605,#7607,#7609));
#7611=FACE_OUTER_BOUND('',#7610,.F.);
#7613=ORIENTED_EDGE('',*,*,#7612,.F.);
#7615=ORIENTED_EDGE('',*,*,#7614,.F.);
#7616=EDGE_LOOP('',(#7613,#7615));
#7617=FACE_BOUND('',#7616,.F.);
#7619=ORIENTED_EDGE('',*,*,#7618,.F.);
#7621=ORIENTED_EDGE('',*,*,#7620,.F.);
#7622=EDGE_LOOP('',(#7619,#7621));
#7623=FACE_BOUND('',#7622,.F.);
#7625=ORIENTED_EDGE('',*,*,#7624,.F.);
#7627=ORIENTED_EDGE('',*,*,#7626,.F.);
#7628=EDGE_LOOP('',(#7625,#7627));
#7629=FACE_BOUND('',#7628,.F.);
#7631=ORIENTED_EDGE('',*,*,#7630,.T.);
#7633=ORIENTED_EDGE('',*,*,#7632,.F.);
#7635=ORIENTED_EDGE('',*,*,#7634,.T.);
#7637=ORIENTED_EDGE('',*,*,#7636,.F.);
#7639=ORIENTED_EDGE('',*,*,#7638,.T.);
#7641=ORIENTED_EDGE('',*,*,#7640,.F.);
#7643=ORIENTED_EDGE('',*,*,#7642,.T.);
#7645=ORIENTED_EDGE('',*,*,#7644,.F.);
#7646=EDGE_LOOP('',(#7631,#7633,#7635,#7637,#7639,#7641,#7643,#7645));
#7647=FACE_BOUND('',#7646,.F.);
#7649=ORIENTED_EDGE('',*,*,#7648,.T.);
#7651=ORIENTED_EDGE('',*,*,#7650,.F.);
#7653=ORIENTED_EDGE('',*,*,#7652,.T.);
#7655=ORIENTED_EDGE('',*,*,#7654,.T.);
#7657=ORIENTED_EDGE('',*,*,#7656,.T.);
#7659=ORIENTED_EDGE('',*,*,#7658,.T.);
#7661=ORIENTED_EDGE('',*,*,#7660,.T.);
#7663=ORIENTED_EDGE('',*,*,#7662,.T.);
#7665=ORIENTED_EDGE('',*,*,#7664,.T.);
#7667=ORIENTED_EDGE('',*,*,#7666,.T.);
#7669=ORIENTED_EDGE('',*,*,#7668,.T.);
#7671=ORIENTED_EDGE('',*,*,#7670,.T.);
#7673=ORIENTED_EDGE('',*,*,#7672,.T.);
#7675=ORIENTED_EDGE('',*,*,#7674,.T.);
#7677=ORIENTED_EDGE('',*,*,#7676,.T.);
#7679=ORIENTED_EDGE('',*,*,#7678,.F.);
#7680=EDGE_LOOP('',(#7649,#7651,#7653,#7655,#7657,#7659,#7661,#7663,#7665,#7667,
#7669,#7671,#7673,#7675,#7677,#7679));
#7681=FACE_BOUND('',#7680,.F.);
#7683=ORIENTED_EDGE('',*,*,#7682,.T.);
#7685=ORIENTED_EDGE('',*,*,#7684,.F.);
#7687=ORIENTED_EDGE('',*,*,#7686,.T.);
#7689=ORIENTED_EDGE('',*,*,#7688,.F.);
#7691=ORIENTED_EDGE('',*,*,#7690,.T.);
#7693=ORIENTED_EDGE('',*,*,#7692,.T.);
#7695=ORIENTED_EDGE('',*,*,#7694,.T.);
#7697=ORIENTED_EDGE('',*,*,#7696,.T.);
#7699=ORIENTED_EDGE('',*,*,#7698,.T.);
#7701=ORIENTED_EDGE('',*,*,#7700,.T.);
#7703=ORIENTED_EDGE('',*,*,#7702,.T.);
#7705=ORIENTED_EDGE('',*,*,#7704,.T.);
#7707=ORIENTED_EDGE('',*,*,#7706,.T.);
#7709=ORIENTED_EDGE('',*,*,#7708,.T.);
#7710=EDGE_LOOP('',(#7683,#7685,#7687,#7689,#7691,#7693,#7695,#7697,#7699,#7701,
#7703,#7705,#7707,#7709));
#7711=FACE_BOUND('',#7710,.F.);
#7713=ORIENTED_EDGE('',*,*,#7712,.F.);
#7715=ORIENTED_EDGE('',*,*,#7714,.T.);
#7717=ORIENTED_EDGE('',*,*,#7716,.T.);
#7719=ORIENTED_EDGE('',*,*,#7718,.T.);
#7721=ORIENTED_EDGE('',*,*,#7720,.F.);
#7723=ORIENTED_EDGE('',*,*,#7722,.T.);
#7725=ORIENTED_EDGE('',*,*,#7724,.F.);
#7727=ORIENTED_EDGE('',*,*,#7726,.T.);
#7729=ORIENTED_EDGE('',*,*,#7728,.T.);
#7731=ORIENTED_EDGE('',*,*,#7730,.T.);
#7732=EDGE_LOOP('',(#7713,#7715,#7717,#7719,#7721,#7723,#7725,#7727,#7729,
#7731));
#7733=FACE_BOUND('',#7732,.F.);
#7735=CARTESIAN_POINT('',(0.E0,0.E0,0.E0));
#7736=DIRECTION('',(0.E0,0.E0,1.E0));
#7737=DIRECTION('',(1.E0,0.E0,0.E0));
#7738=AXIS2_PLACEMENT_3D('',#7735,#7736,#7737);
#7739=PLANE('',#7738);
#7741=ORIENTED_EDGE('',*,*,#7740,.T.);
#7743=ORIENTED_EDGE('',*,*,#7742,.T.);
#7745=ORIENTED_EDGE('',*,*,#7744,.T.);
#7747=ORIENTED_EDGE('',*,*,#7746,.T.);
#7749=ORIENTED_EDGE('',*,*,#7748,.T.);
#7751=ORIENTED_EDGE('',*,*,#7750,.T.);
#7753=ORIENTED_EDGE('',*,*,#7752,.T.);
#7755=ORIENTED_EDGE('',*,*,#7754,.T.);
#7757=ORIENTED_EDGE('',*,*,#7756,.T.);
#7759=ORIENTED_EDGE('',*,*,#7758,.T.);
#7761=ORIENTED_EDGE('',*,*,#7760,.T.);
#7763=ORIENTED_EDGE('',*,*,#7762,.T.);
#7764=EDGE_LOOP('',(#7741,#7743,#7745,#7747,#7749,#7751,#7753,#7755,#7757,#7759,
#7761,#7763));
#7765=FACE_OUTER_BOUND('',#7764,.F.);
#7767=CARTESIAN_POINT('',(-6.046718681318E-12,-4.699796107843E-12,
9.986295309133E-2));
#7768=DIRECTION('',(0.E0,0.E0,1.E0));
#7769=DIRECTION('',(0.E0,-1.E0,0.E0));
#7770=AXIS2_PLACEMENT_3D('',#7767,#7768,#7769);
#7771=CONICAL_SURFACE('',#7770,1.957662192630E1,4.650000000003E1);
#7773=ORIENTED_EDGE('',*,*,#7772,.F.);
#7775=ORIENTED_EDGE('',*,*,#7774,.F.);
#7776=ORIENTED_EDGE('',*,*,#7494,.T.);
#7778=ORIENTED_EDGE('',*,*,#7777,.T.);
#7779=EDGE_LOOP('',(#7773,#7775,#7776,#7778));
#7780=FACE_OUTER_BOUND('',#7779,.F.);
#7782=CARTESIAN_POINT('',(0.E0,0.E0,8.498628728032E-1));
#7783=DIRECTION('',(0.E0,0.E0,1.E0));
#7784=DIRECTION('',(1.E0,0.E0,0.E0));
#7785=AXIS2_PLACEMENT_3D('',#7782,#7783,#7784);
#7786=CONICAL_SURFACE('',#7785,1.971592775693E1,3.E0);
#7788=ORIENTED_EDGE('',*,*,#7787,.F.);
#7790=ORIENTED_EDGE('',*,*,#7789,.T.);
#7792=ORIENTED_EDGE('',*,*,#7791,.F.);
#7794=ORIENTED_EDGE('',*,*,#7793,.T.);
#7796=ORIENTED_EDGE('',*,*,#7795,.F.);
#7797=EDGE_LOOP('',(#7788,#7790,#7792,#7794,#7796));
#7798=FACE_OUTER_BOUND('',#7797,.F.);
#7800=CARTESIAN_POINT('',(0.E0,0.E0,8.498628728032E-1));
#7801=DIRECTION('',(0.E0,0.E0,1.E0));
#7802=DIRECTION('',(1.E0,0.E0,0.E0));
#7803=AXIS2_PLACEMENT_3D('',#7800,#7801,#7802);
#7804=CONICAL_SURFACE('',#7803,1.971592775693E1,3.E0);
#7806=ORIENTED_EDGE('',*,*,#7805,.F.);
#7808=ORIENTED_EDGE('',*,*,#7807,.F.);
#7810=ORIENTED_EDGE('',*,*,#7809,.T.);
#7812=ORIENTED_EDGE('',*,*,#7811,.F.);
#7813=ORIENTED_EDGE('',*,*,#7772,.T.);
#7814=EDGE_LOOP('',(#7806,#7808,#7810,#7812,#7813));
#7815=FACE_OUTER_BOUND('',#7814,.F.);
#7817=CARTESIAN_POINT('',(0.E0,0.E0,8.498628728032E-1));
#7818=DIRECTION('',(0.E0,0.E0,1.E0));
#7819=DIRECTION('',(1.E0,0.E0,0.E0));
#7820=AXIS2_PLACEMENT_3D('',#7817,#7818,#7819);
#7821=CONICAL_SURFACE('',#7820,1.971592775693E1,3.E0);
#7823=ORIENTED_EDGE('',*,*,#7822,.F.);
#7825=ORIENTED_EDGE('',*,*,#7824,.T.);
#7827=ORIENTED_EDGE('',*,*,#7826,.F.);
#7829=ORIENTED_EDGE('',*,*,#7828,.T.);
#7831=ORIENTED_EDGE('',*,*,#7830,.F.);
#7832=EDGE_LOOP('',(#7823,#7825,#7827,#7829,#7831));
#7833=FACE_OUTER_BOUND('',#7832,.F.);
#7835=CARTESIAN_POINT('',(0.E0,0.E0,8.498628728032E-1));
#7836=DIRECTION('',(0.E0,0.E0,1.E0));
#7837=DIRECTION('',(1.E0,0.E0,0.E0));
#7838=AXIS2_PLACEMENT_3D('',#7835,#7836,#7837);
#7839=CONICAL_SURFACE('',#7838,1.971592775693E1,3.E0);
#7841=ORIENTED_EDGE('',*,*,#7840,.F.);
#7843=ORIENTED_EDGE('',*,*,#7842,.F.);
#7845=ORIENTED_EDGE('',*,*,#7844,.T.);
#7847=ORIENTED_EDGE('',*,*,#7846,.F.);
#7849=ORIENTED_EDGE('',*,*,#7848,.T.);
#7850=EDGE_LOOP('',(#7841,#7843,#7845,#7847,#7849));
#7851=FACE_OUTER_BOUND('',#7850,.F.);
#7853=CARTESIAN_POINT('',(0.E0,0.E0,8.498628728032E-1));
#7854=DIRECTION('',(0.E0,0.E0,1.E0));
#7855=DIRECTION('',(1.E0,0.E0,0.E0));
#7856=AXIS2_PLACEMENT_3D('',#7853,#7854,#7855);
#7857=CONICAL_SURFACE('',#7856,1.971592775693E1,3.E0);
#7859=ORIENTED_EDGE('',*,*,#7858,.T.);
#7861=ORIENTED_EDGE('',*,*,#7860,.F.);
#7863=ORIENTED_EDGE('',*,*,#7862,.T.);
#7865=ORIENTED_EDGE('',*,*,#7864,.F.);
#7867=ORIENTED_EDGE('',*,*,#7866,.F.);
#7868=EDGE_LOOP('',(#7859,#7861,#7863,#7865,#7867));
#7869=FACE_OUTER_BOUND('',#7868,.F.);
#7871=CARTESIAN_POINT('',(-1.106391434102E1,-1.627017948220E1,
1.419078298744E-1));
#7872=CARTESIAN_POINT('',(-1.106675137943E1,-1.627949760422E1,
3.197081897054E-1));
#7873=CARTESIAN_POINT('',(-1.107265244091E1,-1.629888774297E1,
6.896940776968E-1));
#7874=CARTESIAN_POINT('',(-1.108022157101E1,-1.632378126682E1,
1.164690808942E0));
#7875=CARTESIAN_POINT('',(-1.108495402597E1,-1.633935666842E1,
1.461887175758E0));
#7876=CARTESIAN_POINT('',(-1.108662575813E1,-1.634486005111E1,
1.566897973106E0));
#7877=CARTESIAN_POINT('',(-1.067895461856E1,-1.656291168450E1,
1.327089235334E-1));
#7878=CARTESIAN_POINT('',(-1.068179162884E1,-1.657222971411E1,
3.105075201154E-1));
#7879=CARTESIAN_POINT('',(-1.068769263187E1,-1.659161966082E1,
6.804897437031E-1));
#7880=CARTESIAN_POINT('',(-1.069526168721E1,-1.661651293879E1,
1.155481783141E0));
#7881=CARTESIAN_POINT('',(-1.069999409552E1,-1.663208818687E1,
1.452675220707E0));
#7882=CARTESIAN_POINT('',(-1.070166581122E1,-1.663759151535E1,
1.557684983827E0));
#7883=CARTESIAN_POINT('',(-1.021621771779E1,-1.670378506992E1,
1.327096376488E-1));
#7884=CARTESIAN_POINT('',(-1.021905469425E1,-1.671310298845E1,
3.105061147351E-1));
#7885=CARTESIAN_POINT('',(-1.022495562703E1,-1.673249270432E1,
6.804839335639E-1));
#7886=CARTESIAN_POINT('',(-1.023252459249E1,-1.675738568672E1,
1.155470333263E0));
#7887=CARTESIAN_POINT('',(-1.023725694474E1,-1.677296075027E1,
1.452660249754E0));
#7888=CARTESIAN_POINT('',(-1.023892864064E1,-1.677846401360E1,
1.557668769690E0));
#7889=CARTESIAN_POINT('',(-9.733444250896E0,-1.667522136557E1,
1.419098831126E-1));
#7890=CARTESIAN_POINT('',(-9.736281192074E0,-1.668453916822E1,
3.197041489290E-1));
#7891=CARTESIAN_POINT('',(-9.742182051556E0,-1.670392864325E1,
6.896773722721E-1));
#7892=CARTESIAN_POINT('',(-9.749750923259E0,-1.672882131728E1,
1.164657888030E0));
#7893=CARTESIAN_POINT('',(-9.754483217012E0,-1.674439618831E1,
1.461844130983E0));
#7894=CARTESIAN_POINT('',(-9.756154892267E0,-1.674989938367E1,
1.566851353907E0));
#7895=(BOUNDED_SURFACE()B_SPLINE_SURFACE(3,3,((#7871,#7872,#7873,#7874,#7875,
#7876),(#7877,#7878,#7879,#7880,#7881,#7882),(#7883,#7884,#7885,#7886,#7887,
#7888),(#7889,#7890,#7891,#7892,#7893,#7894)),.UNSPECIFIED.,.F.,.F.,.F.)B_SPLINE_SURFACE_WITH_KNOTS((4,4),(4,1,1,4),(0.E0,1.E0),(3.752264912265E-1,
4.118684250710E-1,4.514749154326E-1,4.731160241767E-1),.UNSPECIFIED.)GEOMETRIC_REPRESENTATION_ITEM()RATIONAL_B_SPLINE_SURFACE(((1.032199635898E0,
1.032199635898E0,1.032199635898E0,1.032199635898E0,1.032199635898E0,
1.032199635898E0),(9.892667880339E-1,9.892667880339E-1,9.892667880339E-1,
9.892667880339E-1,9.892667880339E-1,9.892667880339E-1),(9.892667880339E-1,
9.892667880339E-1,9.892667880339E-1,9.892667880339E-1,9.892667880339E-1,
9.892667880339E-1),(1.032199635898E0,1.032199635898E0,1.032199635898E0,
1.032199635898E0,1.032199635898E0,1.032199635898E0)))REPRESENTATION_ITEM('')SURFACE());
#7897=ORIENTED_EDGE('',*,*,#7896,.F.);
#7899=ORIENTED_EDGE('',*,*,#7898,.T.);
#7900=ORIENTED_EDGE('',*,*,#7787,.T.);
#7902=ORIENTED_EDGE('',*,*,#7901,.T.);
#7903=EDGE_LOOP('',(#7897,#7899,#7900,#7902));
#7904=FACE_OUTER_BOUND('',#7903,.F.);
#7906=CARTESIAN_POINT('',(-1.046422476823E1,-1.675E1,1.5E0));
#7907=DIRECTION('',(0.E0,9.986295347546E-1,5.233595624294E-2));
#7908=DIRECTION('',(-1.E0,0.E0,0.E0));
#7909=AXIS2_PLACEMENT_3D('',#7906,#7907,#7908);
#7910=PLANE('',#7909);
#7911=ORIENTED_EDGE('',*,*,#7896,.T.);
#7913=ORIENTED_EDGE('',*,*,#7912,.T.);
#7915=ORIENTED_EDGE('',*,*,#7914,.T.);
#7917=ORIENTED_EDGE('',*,*,#7916,.T.);
#7918=EDGE_LOOP('',(#7911,#7913,#7915,#7917));
#7919=FACE_OUTER_BOUND('',#7918,.F.);
#7921=CARTESIAN_POINT('',(-2.37E1,-1.8E1,1.5E0));
#7922=DIRECTION('',(0.E0,0.E0,-1.E0));
#7923=DIRECTION('',(0.E0,1.E0,0.E0));
#7924=AXIS2_PLACEMENT_3D('',#7921,#7922,#7923);
#7925=PLANE('',#7924);
#7926=ORIENTED_EDGE('',*,*,#7901,.F.);
#7927=ORIENTED_EDGE('',*,*,#7795,.T.);
#7929=ORIENTED_EDGE('',*,*,#7928,.F.);
#7931=ORIENTED_EDGE('',*,*,#7930,.T.);
#7933=ORIENTED_EDGE('',*,*,#7932,.F.);
#7935=ORIENTED_EDGE('',*,*,#7934,.F.);
#7937=ORIENTED_EDGE('',*,*,#7936,.T.);
#7939=ORIENTED_EDGE('',*,*,#7938,.T.);
#7941=ORIENTED_EDGE('',*,*,#7940,.F.);
#7942=ORIENTED_EDGE('',*,*,#7807,.T.);
#7944=ORIENTED_EDGE('',*,*,#7943,.F.);
#7945=ORIENTED_EDGE('',*,*,#7912,.F.);
#7946=EDGE_LOOP('',(#7926,#7927,#7929,#7931,#7933,#7935,#7937,#7939,#7941,#7942,
#7944,#7945));
#7947=FACE_OUTER_BOUND('',#7946,.F.);
#7949=CARTESIAN_POINT('',(-1.223461928008E1,-1.550444592223E1,
1.431549632699E0));
#7950=CARTESIAN_POINT('',(-1.223437326962E1,-1.550372995252E1,
1.445211148603E0));
#7951=CARTESIAN_POINT('',(-1.223163133846E1,-1.549575031905E1,
1.597471625665E0));
#7952=CARTESIAN_POINT('',(-1.222786798792E1,-1.548480225277E1,
1.806373174755E0));
#7953=CARTESIAN_POINT('',(-1.222434904662E1,-1.547457015740E1,
2.001613185186E0));
#7954=CARTESIAN_POINT('',(-1.222332802316E1,-1.547160172430E1,
2.058254262830E0));
#7955=CARTESIAN_POINT('',(-1.183319969392E1,-1.585758362447E1,
1.442828211383E0));
#7956=CARTESIAN_POINT('',(-1.183295368639E1,-1.585686766327E1,
1.456489564849E0));
#7957=CARTESIAN_POINT('',(-1.183021178783E1,-1.584888812468E1,
1.608748231329E0));
#7958=CARTESIAN_POINT('',(-1.182644848209E1,-1.583794018874E1,
1.817647293490E0));
#7959=CARTESIAN_POINT('',(-1.182292958274E1,-1.582770821535E1,
2.012884976254E0));
#7960=CARTESIAN_POINT('',(-1.182190857146E1,-1.582473981766E1,
2.069525378334E0));
#7961=CARTESIAN_POINT('',(-1.132750905786E1,-1.603150345587E1,
1.442836713094E0));
#7962=CARTESIAN_POINT('',(-1.132726305401E1,-1.603078750539E1,
1.456497861929E0));
#7963=CARTESIAN_POINT('',(-1.132452119653E1,-1.602280808634E1,
1.608754247519E0));
#7964=CARTESIAN_POINT('',(-1.132075794723E1,-1.601186031459E1,
1.817650176757E0));
#7965=CARTESIAN_POINT('',(-1.131723910073E1,-1.600162849488E1,
2.012884927229E0));
#7966=CARTESIAN_POINT('',(-1.131621810479E1,-1.599866014179E1,
2.069524478263E0));
#7967=CARTESIAN_POINT('',(-1.079379502606E1,-1.599998191492E1,
1.431573855953E0));
#7968=CARTESIAN_POINT('',(-1.079354902610E1,-1.599926597577E1,
1.445234788816E0));
#7969=CARTESIAN_POINT('',(-1.079080721197E1,-1.599128668288E1,
1.597488767117E0));
#7970=CARTESIAN_POINT('',(-1.078704402224E1,-1.598033908441E1,
1.806381389819E0));
#7971=CARTESIAN_POINT('',(-1.078352523152E1,-1.597010742689E1,
2.001613045501E0));
#7972=CARTESIAN_POINT('',(-1.078250425177E1,-1.596713912088E1,
2.058251698328E0));
#7973=(BOUNDED_SURFACE()B_SPLINE_SURFACE(3,3,((#7949,#7950,#7951,#7952,#7953,
#7954),(#7955,#7956,#7957,#7958,#7959,#7960),(#7961,#7962,#7963,#7964,#7965,
#7966),(#7967,#7968,#7969,#7970,#7971,#7972)),.UNSPECIFIED.,.F.,.F.,.F.)B_SPLINE_SURFACE_WITH_KNOTS((4,4),(4,1,1,4),(0.E0,1.E0),(4.497442141082E-1,
4.525596174464E-1,4.811224785795E-1,4.927952330853E-1),.UNSPECIFIED.)GEOMETRIC_REPRESENTATION_ITEM()RATIONAL_B_SPLINE_SURFACE(((1.039171369590E0,
1.039171369590E0,1.039171369590E0,1.039171369590E0,1.039171369590E0,
1.039171369590E0),(9.869428768032E-1,9.869428768032E-1,9.869428768032E-1,
9.869428768032E-1,9.869428768032E-1,9.869428768032E-1),(9.869428768032E-1,
9.869428768032E-1,9.869428768032E-1,9.869428768032E-1,9.869428768032E-1,
9.869428768032E-1),(1.039171369590E0,1.039171369590E0,1.039171369590E0,
1.039171369590E0,1.039171369590E0,1.039171369590E0)))REPRESENTATION_ITEM('')SURFACE());
#7975=ORIENTED_EDGE('',*,*,#7974,.F.);
#7977=ORIENTED_EDGE('',*,*,#7976,.F.);
#7978=ORIENTED_EDGE('',*,*,#7928,.T.);
#7980=ORIENTED_EDGE('',*,*,#7979,.T.);
#7981=EDGE_LOOP('',(#7975,#7977,#7978,#7980));
#7982=FACE_OUTER_BOUND('',#7981,.F.);
#7984=CARTESIAN_POINT('',(-1.081830833582E1,-1.605903770786E1,
1.917601363098E0));
#7985=CARTESIAN_POINT('',(-1.082784776780E1,-1.582580769374E1,
2.139292145243E0));
#7986=CARTESIAN_POINT('',(-1.083738719979E1,-1.559257767962E1,
2.360982927389E0));
#7987=CARTESIAN_POINT('',(-1.084692663177E1,-1.535934766550E1,
2.582673709534E0));
#7988=CARTESIAN_POINT('',(-1.084664094117E1,-1.606022874435E1,
1.917769606883E0));
#7989=CARTESIAN_POINT('',(-1.085300761643E1,-1.582686772173E1,
2.139396346818E0));
#7990=CARTESIAN_POINT('',(-1.085937429169E1,-1.559350669911E1,
2.361023086752E0));
#7991=CARTESIAN_POINT('',(-1.086574096695E1,-1.536014567649E1,
2.582649826686E0));
#7992=CARTESIAN_POINT('',(-1.102787678817E1,-1.606397821124E1,
1.918786285565E0));
#7993=CARTESIAN_POINT('',(-1.101394884895E1,-1.583021161759E1,
2.140026025466E0));
#7994=CARTESIAN_POINT('',(-1.100002090972E1,-1.559644502394E1,
2.361265765366E0));
#7995=CARTESIAN_POINT('',(-1.098609297050E1,-1.536267843029E1,
2.582505505267E0));
#7996=CARTESIAN_POINT('',(-1.136477218714E1,-1.602620865580E1,
1.919987833148E0));
#7997=CARTESIAN_POINT('',(-1.131312434436E1,-1.579668862389E1,
2.140770202432E0));
#7998=CARTESIAN_POINT('',(-1.126147650159E1,-1.556716859199E1,
2.361552571717E0));
#7999=CARTESIAN_POINT('',(-1.120982865882E1,-1.533764856008E1,
2.582334941001E0));
#8000=CARTESIAN_POINT('',(-1.179723302969E1,-1.587811583422E1,
1.919997685628E0));
#8001=CARTESIAN_POINT('',(-1.169715194006E1,-1.566518155025E1,
2.140776304553E0));
#8002=CARTESIAN_POINT('',(-1.159707085042E1,-1.545224726628E1,
2.361554923479E0));
#8003=CARTESIAN_POINT('',(-1.149698976078E1,-1.523931298232E1,
2.582333542404E0));
#8004=CARTESIAN_POINT('',(-1.208862607076E1,-1.569954416265E1,
1.918792195788E0));
#8005=CARTESIAN_POINT('',(-1.195590868159E1,-1.550658929477E1,
2.140029685955E0));
#8006=CARTESIAN_POINT('',(-1.182319129242E1,-1.531363442690E1,
2.361267176121E0));
#8007=CARTESIAN_POINT('',(-1.169047390324E1,-1.512067955902E1,
2.582504666288E0));
#8008=CARTESIAN_POINT('',(-1.222987293868E1,-1.558456294316E1,
1.917770602151E0));
#8009=CARTESIAN_POINT('',(-1.208133002292E1,-1.540447224472E1,
2.139396963235E0));
#8010=CARTESIAN_POINT('',(-1.193278710715E1,-1.522438154629E1,
2.361023324320E0));
#8011=CARTESIAN_POINT('',(-1.178424419139E1,-1.504429084785E1,
2.582649685404E0));
#8012=CARTESIAN_POINT('',(-1.225138855517E1,-1.556626668603E1,
1.917602962381E0));
#8013=CARTESIAN_POINT('',(-1.210043481550E1,-1.538822298979E1,
2.139293135757E0));
#8014=CARTESIAN_POINT('',(-1.194948107582E1,-1.521017929356E1,
2.360983309133E0));
#8015=CARTESIAN_POINT('',(-1.179852733615E1,-1.503213559733E1,
2.582673482509E0));
#8016=B_SPLINE_SURFACE_WITH_KNOTS('',3,3,((#7984,#7985,#7986,#7987),(#7988,
#7989,#7990,#7991),(#7992,#7993,#7994,#7995),(#7996,#7997,#7998,#7999),(#8000,
#8001,#8002,#8003),(#8004,#8005,#8006,#8007),(#8008,#8009,#8010,#8011),(#8012,
#8013,#8014,#8015)),.UNSPECIFIED.,.F.,.F.,.F.,(4,1,1,1,1,4),(4,4),(
-6.196443853800E-2,0.E0,3.333333333333E-1,6.666666666667E-1,1.E0,
1.061368061960E0),(-1.654384342385E-1,1.165438434239E0),.UNSPECIFIED.);
#8017=ORIENTED_EDGE('',*,*,#7974,.T.);
#8019=ORIENTED_EDGE('',*,*,#8018,.T.);
#8021=ORIENTED_EDGE('',*,*,#8020,.F.);
#8023=ORIENTED_EDGE('',*,*,#8022,.F.);
#8024=EDGE_LOOP('',(#8017,#8019,#8021,#8023));
#8025=FACE_OUTER_BOUND('',#8024,.F.);
#8027=CARTESIAN_POINT('',(-2.744471316873E-13,-3.161915174132E-13,
2.250296049901E0));
#8028=DIRECTION('',(0.E0,0.E0,-1.E0));
#8029=DIRECTION('',(0.E0,-1.E0,0.E0));
#8030=AXIS2_PLACEMENT_3D('',#8027,#8028,#8029);
#8031=CONICAL_SURFACE('',#8030,1.946072528053E1,4.65E1);
#8033=ORIENTED_EDGE('',*,*,#8032,.F.);
#8034=ORIENTED_EDGE('',*,*,#8018,.F.);
#8036=ORIENTED_EDGE('',*,*,#8035,.T.);
#8038=ORIENTED_EDGE('',*,*,#8037,.T.);
#8039=EDGE_LOOP('',(#8033,#8034,#8036,#8038));
#8040=FACE_OUTER_BOUND('',#8039,.F.);
#8042=CARTESIAN_POINT('',(0.E0,0.E0,2.5E0));
#8043=DIRECTION('',(0.E0,0.E0,1.E0));
#8044=DIRECTION('',(1.E0,0.E0,0.E0));
#8045=AXIS2_PLACEMENT_3D('',#8042,#8043,#8044);
#8046=PLANE('',#8045);
#8048=ORIENTED_EDGE('',*,*,#8047,.T.);
#8050=ORIENTED_EDGE('',*,*,#8049,.T.);
#8052=ORIENTED_EDGE('',*,*,#8051,.T.);
#8054=ORIENTED_EDGE('',*,*,#8053,.T.);
#8056=ORIENTED_EDGE('',*,*,#8055,.T.);
#8058=ORIENTED_EDGE('',*,*,#8057,.T.);
#8060=ORIENTED_EDGE('',*,*,#8059,.T.);
#8062=ORIENTED_EDGE('',*,*,#8061,.T.);
#8064=ORIENTED_EDGE('',*,*,#8063,.F.);
#8066=ORIENTED_EDGE('',*,*,#8065,.F.);
#8068=ORIENTED_EDGE('',*,*,#8067,.F.);
#8070=ORIENTED_EDGE('',*,*,#8069,.F.);
#8072=ORIENTED_EDGE('',*,*,#8071,.T.);
#8074=ORIENTED_EDGE('',*,*,#8073,.T.);
#8075=EDGE_LOOP('',(#8048,#8050,#8052,#8054,#8056,#8058,#8060,#8062,#8064,#8066,
#8068,#8070,#8072,#8074));
#8076=FACE_OUTER_BOUND('',#8075,.F.);
#8078=ORIENTED_EDGE('',*,*,#8077,.T.);
#8080=ORIENTED_EDGE('',*,*,#8079,.T.);
#8081=EDGE_LOOP('',(#8078,#8080));
#8082=FACE_BOUND('',#8081,.F.);
#8084=CARTESIAN_POINT('',(0.E0,0.E0,2.5E0));
#8085=DIRECTION('',(0.E0,0.E0,1.E0));
#8086=DIRECTION('',(1.E0,0.E0,0.E0));
#8087=AXIS2_PLACEMENT_3D('',#8084,#8085,#8086);
#8088=PLANE('',#8087);
#8090=ORIENTED_EDGE('',*,*,#8089,.F.);
#8092=ORIENTED_EDGE('',*,*,#8091,.F.);
#8094=ORIENTED_EDGE('',*,*,#8093,.F.);
#8096=ORIENTED_EDGE('',*,*,#8095,.T.);
#8098=ORIENTED_EDGE('',*,*,#8097,.F.);
#8100=ORIENTED_EDGE('',*,*,#8099,.F.);
#8102=ORIENTED_EDGE('',*,*,#8101,.F.);
#8104=ORIENTED_EDGE('',*,*,#8103,.F.);
#8106=ORIENTED_EDGE('',*,*,#8105,.F.);
#8108=ORIENTED_EDGE('',*,*,#8107,.T.);
#8110=ORIENTED_EDGE('',*,*,#8109,.F.);
#8111=EDGE_LOOP('',(#8090,#8092,#8094,#8096,#8098,#8100,#8102,#8104,#8106,#8108,
#8110));
#8112=FACE_OUTER_BOUND('',#8111,.F.);
#8114=ORIENTED_EDGE('',*,*,#8113,.T.);
#8116=ORIENTED_EDGE('',*,*,#8115,.T.);
#8117=EDGE_LOOP('',(#8114,#8116));
#8118=FACE_BOUND('',#8117,.F.);
#8120=CARTESIAN_POINT('',(0.E0,0.E0,2.5E0));
#8121=DIRECTION('',(0.E0,0.E0,1.E0));
#8122=DIRECTION('',(1.E0,0.E0,0.E0));
#8123=AXIS2_PLACEMENT_3D('',#8120,#8121,#8122);
#8124=PLANE('',#8123);
#8126=ORIENTED_EDGE('',*,*,#8125,.F.);
#8128=ORIENTED_EDGE('',*,*,#8127,.F.);
#8130=ORIENTED_EDGE('',*,*,#8129,.F.);
#8132=ORIENTED_EDGE('',*,*,#8131,.F.);
#8134=ORIENTED_EDGE('',*,*,#8133,.F.);
#8136=ORIENTED_EDGE('',*,*,#8135,.F.);
#8138=ORIENTED_EDGE('',*,*,#8137,.F.);
#8140=ORIENTED_EDGE('',*,*,#8139,.F.);
#8142=ORIENTED_EDGE('',*,*,#8141,.F.);
#8144=ORIENTED_EDGE('',*,*,#8143,.F.);
#8146=ORIENTED_EDGE('',*,*,#8145,.T.);
#8147=ORIENTED_EDGE('',*,*,#8020,.T.);
#8148=ORIENTED_EDGE('',*,*,#8032,.T.);
#8150=ORIENTED_EDGE('',*,*,#8149,.T.);
#8151=EDGE_LOOP('',(#8126,#8128,#8130,#8132,#8134,#8136,#8138,#8140,#8142,#8144,
#8146,#8147,#8148,#8150));
#8152=FACE_OUTER_BOUND('',#8151,.F.);
#8154=ORIENTED_EDGE('',*,*,#8153,.T.);
#8156=ORIENTED_EDGE('',*,*,#8155,.T.);
#8157=EDGE_LOOP('',(#8154,#8156));
#8158=FACE_BOUND('',#8157,.F.);
#8160=CARTESIAN_POINT('',(0.E0,0.E0,2.5E0));
#8161=DIRECTION('',(0.E0,0.E0,1.E0));
#8162=DIRECTION('',(1.E0,0.E0,0.E0));
#8163=AXIS2_PLACEMENT_3D('',#8160,#8161,#8162);
#8164=PLANE('',#8163);
#8166=ORIENTED_EDGE('',*,*,#8165,.F.);
#8168=ORIENTED_EDGE('',*,*,#8167,.F.);
#8170=ORIENTED_EDGE('',*,*,#8169,.F.);
#8172=ORIENTED_EDGE('',*,*,#8171,.F.);
#8174=ORIENTED_EDGE('',*,*,#8173,.F.);
#8176=ORIENTED_EDGE('',*,*,#8175,.T.);
#8178=ORIENTED_EDGE('',*,*,#8177,.F.);
#8180=ORIENTED_EDGE('',*,*,#8179,.F.);
#8182=ORIENTED_EDGE('',*,*,#8181,.F.);
#8184=ORIENTED_EDGE('',*,*,#8183,.F.);
#8186=ORIENTED_EDGE('',*,*,#8185,.F.);
#8188=ORIENTED_EDGE('',*,*,#8187,.F.);
#8190=ORIENTED_EDGE('',*,*,#8189,.F.);
#8192=ORIENTED_EDGE('',*,*,#8191,.F.);
#8194=ORIENTED_EDGE('',*,*,#8193,.F.);
#8195=EDGE_LOOP('',(#8166,#8168,#8170,#8172,#8174,#8176,#8178,#8180,#8182,#8184,
#8186,#8188,#8190,#8192,#8194));
#8196=FACE_OUTER_BOUND('',#8195,.F.);
#8198=ORIENTED_EDGE('',*,*,#8197,.T.);
#8200=ORIENTED_EDGE('',*,*,#8199,.T.);
#8201=EDGE_LOOP('',(#8198,#8200));
#8202=FACE_BOUND('',#8201,.F.);
#8204=CARTESIAN_POINT('',(8.792966355031E-14,2.340350135910E-13,
2.250213907187E0));
#8205=DIRECTION('',(0.E0,0.E0,-1.E0));
#8206=DIRECTION('',(0.E0,-1.E0,0.E0));
#8207=AXIS2_PLACEMENT_3D('',#8204,#8205,#8206);
#8208=CONICAL_SURFACE('',#8207,1.946081184090E1,4.65E1);
#8209=ORIENTED_EDGE('',*,*,#8047,.F.);
#8211=ORIENTED_EDGE('',*,*,#8210,.F.);
#8213=ORIENTED_EDGE('',*,*,#8212,.T.);
#8215=ORIENTED_EDGE('',*,*,#8214,.T.);
#8216=EDGE_LOOP('',(#8209,#8211,#8213,#8215));
#8217=FACE_OUTER_BOUND('',#8216,.F.);
#8219=CARTESIAN_POINT('',(1.081830833582E1,1.605903770786E1,1.917601363098E0));
#8220=CARTESIAN_POINT('',(1.082784776780E1,1.582580769374E1,2.139292145243E0));
#8221=CARTESIAN_POINT('',(1.083738719979E1,1.559257767962E1,2.360982927389E0));
#8222=CARTESIAN_POINT('',(1.084692663177E1,1.535934766550E1,2.582673709534E0));
#8223=CARTESIAN_POINT('',(1.084664094117E1,1.606022874435E1,1.917769606883E0));
#8224=CARTESIAN_POINT('',(1.085300761643E1,1.582686772173E1,2.139396346818E0));
#8225=CARTESIAN_POINT('',(1.085937429169E1,1.559350669911E1,2.361023086752E0));
#8226=CARTESIAN_POINT('',(1.086574096695E1,1.536014567649E1,2.582649826686E0));
#8227=CARTESIAN_POINT('',(1.102787678817E1,1.606397821124E1,1.918786285565E0));
#8228=CARTESIAN_POINT('',(1.101394884895E1,1.583021161759E1,2.140026025466E0));
#8229=CARTESIAN_POINT('',(1.100002090972E1,1.559644502394E1,2.361265765366E0));
#8230=CARTESIAN_POINT('',(1.098609297050E1,1.536267843029E1,2.582505505267E0));
#8231=CARTESIAN_POINT('',(1.136477218714E1,1.602620865580E1,1.919987833147E0));
#8232=CARTESIAN_POINT('',(1.131312434436E1,1.579668862389E1,2.140770202432E0));
#8233=CARTESIAN_POINT('',(1.126147650159E1,1.556716859199E1,2.361552571717E0));
#8234=CARTESIAN_POINT('',(1.120982865882E1,1.533764856008E1,2.582334941001E0));
#8235=CARTESIAN_POINT('',(1.179723302969E1,1.587811583422E1,1.919997685628E0));
#8236=CARTESIAN_POINT('',(1.169715194006E1,1.566518155025E1,2.140776304553E0));
#8237=CARTESIAN_POINT('',(1.159707085042E1,1.545224726628E1,2.361554923479E0));
#8238=CARTESIAN_POINT('',(1.149698976078E1,1.523931298232E1,2.582333542404E0));
#8239=CARTESIAN_POINT('',(1.208862607076E1,1.569954416265E1,1.918792195788E0));
#8240=CARTESIAN_POINT('',(1.195590868159E1,1.550658929477E1,2.140029685955E0));
#8241=CARTESIAN_POINT('',(1.182319129242E1,1.531363442690E1,2.361267176121E0));
#8242=CARTESIAN_POINT('',(1.169047390324E1,1.512067955902E1,2.582504666288E0));
#8243=CARTESIAN_POINT('',(1.222987293868E1,1.558456294316E1,1.917770602151E0));
#8244=CARTESIAN_POINT('',(1.208133002292E1,1.540447224472E1,2.139396963235E0));
#8245=CARTESIAN_POINT('',(1.193278710715E1,1.522438154629E1,2.361023324320E0));
#8246=CARTESIAN_POINT('',(1.178424419139E1,1.504429084785E1,2.582649685404E0));
#8247=CARTESIAN_POINT('',(1.225138855517E1,1.556626668603E1,1.917602962381E0));
#8248=CARTESIAN_POINT('',(1.210043481550E1,1.538822298979E1,2.139293135757E0));
#8249=CARTESIAN_POINT('',(1.194948107582E1,1.521017929356E1,2.360983309133E0));
#8250=CARTESIAN_POINT('',(1.179852733615E1,1.503213559733E1,2.582673482509E0));
#8251=B_SPLINE_SURFACE_WITH_KNOTS('',3,3,((#8219,#8220,#8221,#8222),(#8223,
#8224,#8225,#8226),(#8227,#8228,#8229,#8230),(#8231,#8232,#8233,#8234),(#8235,
#8236,#8237,#8238),(#8239,#8240,#8241,#8242),(#8243,#8244,#8245,#8246),(#8247,
#8248,#8249,#8250)),.UNSPECIFIED.,.F.,.F.,.F.,(4,1,1,1,1,4),(4,4),(
-6.196443853800E-2,0.E0,3.333333333333E-1,6.666666666667E-1,1.E0,
1.061368061960E0),(-1.654384342385E-1,1.165438434239E0),.UNSPECIFIED.);
#8253=ORIENTED_EDGE('',*,*,#8252,.T.);
#8254=ORIENTED_EDGE('',*,*,#8210,.T.);
#8255=ORIENTED_EDGE('',*,*,#8073,.F.);
#8257=ORIENTED_EDGE('',*,*,#8256,.F.);
#8258=EDGE_LOOP('',(#8253,#8254,#8255,#8257));
#8259=FACE_OUTER_BOUND('',#8258,.F.);
#8261=CARTESIAN_POINT('',(1.223461928008E1,1.550444592223E1,1.431549632687E0));
#8262=CARTESIAN_POINT('',(1.223437326788E1,1.550372994743E1,1.445211245688E0));
#8263=CARTESIAN_POINT('',(1.223163133503E1,1.549575030906E1,1.597471816276E0));
#8264=CARTESIAN_POINT('',(1.222786798449E1,1.548480224278E1,1.806373365374E0));
#8265=CARTESIAN_POINT('',(1.222434904493E1,1.547457015249E1,2.001613278716E0));
#8266=CARTESIAN_POINT('',(1.222332802316E1,1.547160172430E1,2.058254262842E0));
#8267=CARTESIAN_POINT('',(1.183319969392E1,1.585758362447E1,1.442828211371E0));
#8268=CARTESIAN_POINT('',(1.183295368464E1,1.585686765818E1,1.456489661933E0));
#8269=CARTESIAN_POINT('',(1.183021178440E1,1.584888811469E1,1.608748421938E0));
#8270=CARTESIAN_POINT('',(1.182644847866E1,1.583794017875E1,1.817647484107E0));
#8271=CARTESIAN_POINT('',(1.182292958105E1,1.582770821045E1,2.012885069783E0));
#8272=CARTESIAN_POINT('',(1.182190857146E1,1.582473981766E1,2.069525378346E0));
#8273=CARTESIAN_POINT('',(1.132750905786E1,1.603150345587E1,1.442836713082E0));
#8274=CARTESIAN_POINT('',(1.132726305226E1,1.603078750030E1,1.456497959012E0));
#8275=CARTESIAN_POINT('',(1.132452119309E1,1.602280807635E1,1.608754438124E0));
#8276=CARTESIAN_POINT('',(1.132075794379E1,1.601186030460E1,1.817650367371E0));
#8277=CARTESIAN_POINT('',(1.131723909904E1,1.600162848998E1,2.012885020756E0));
#8278=CARTESIAN_POINT('',(1.131621810479E1,1.599866014179E1,2.069524478275E0));
#8279=CARTESIAN_POINT('',(1.079379502606E1,1.599998191492E1,1.431573855941E0));
#8280=CARTESIAN_POINT('',(1.079354902435E1,1.599926597068E1,1.445234885898E0));
#8281=CARTESIAN_POINT('',(1.079080720854E1,1.599128667289E1,1.597488957719E0));
#8282=CARTESIAN_POINT('',(1.078704401880E1,1.598033907442E1,1.806381580429E0));
#8283=CARTESIAN_POINT('',(1.078352522983E1,1.597010742199E1,2.001613139027E0));
#8284=CARTESIAN_POINT('',(1.078250425177E1,1.596713912088E1,2.058251698341E0));
#8285=(BOUNDED_SURFACE()B_SPLINE_SURFACE(3,3,((#8261,#8262,#8263,#8264,#8265,
#8266),(#8267,#8268,#8269,#8270,#8271,#8272),(#8273,#8274,#8275,#8276,#8277,
#8278),(#8279,#8280,#8281,#8282,#8283,#8284)),.UNSPECIFIED.,.F.,.F.,.F.)B_SPLINE_SURFACE_WITH_KNOTS((4,4),(4,1,1,4),(0.E0,1.E0),(4.497442141073E-1,
4.525596374556E-1,4.811224978527E-1,4.927952330861E-1),.UNSPECIFIED.)GEOMETRIC_REPRESENTATION_ITEM()RATIONAL_B_SPLINE_SURFACE(((1.039171369590E0,
1.039171369590E0,1.039171369590E0,1.039171369590E0,1.039171369590E0,
1.039171369590E0),(9.869428768032E-1,9.869428768032E-1,9.869428768032E-1,
9.869428768032E-1,9.869428768032E-1,9.869428768032E-1),(9.869428768032E-1,
9.869428768032E-1,9.869428768032E-1,9.869428768032E-1,9.869428768032E-1,
9.869428768032E-1),(1.039171369590E0,1.039171369590E0,1.039171369590E0,
1.039171369590E0,1.039171369590E0,1.039171369590E0)))REPRESENTATION_ITEM('')SURFACE());
#8286=ORIENTED_EDGE('',*,*,#8252,.F.);
#8288=ORIENTED_EDGE('',*,*,#8287,.F.);
#8290=ORIENTED_EDGE('',*,*,#8289,.T.);
#8292=ORIENTED_EDGE('',*,*,#8291,.T.);
#8293=EDGE_LOOP('',(#8286,#8288,#8290,#8292));
#8294=FACE_OUTER_BOUND('',#8293,.F.);
#8296=CARTESIAN_POINT('',(-2.490004800192E1,1.6E1,1.5E0));
#8297=DIRECTION('',(0.E0,-9.986295347546E-1,-5.233595624294E-2));
#8298=DIRECTION('',(1.E0,0.E0,0.E0));
#8299=AXIS2_PLACEMENT_3D('',#8296,#8297,#8298);
#8300=PLANE('',#8299);
#8302=ORIENTED_EDGE('',*,*,#8301,.F.);
#8304=ORIENTED_EDGE('',*,*,#8303,.T.);
#8306=ORIENTED_EDGE('',*,*,#8305,.T.);
#8307=ORIENTED_EDGE('',*,*,#8287,.T.);
#8308=EDGE_LOOP('',(#8302,#8304,#8306,#8307));
#8309=FACE_OUTER_BOUND('',#8308,.F.);
#8311=CARTESIAN_POINT('',(-2.490004800192E1,1.6E1,1.5E0));
#8312=DIRECTION('',(0.E0,-9.986295347546E-1,-5.233595624294E-2));
#8313=DIRECTION('',(1.E0,0.E0,0.E0));
#8314=AXIS2_PLACEMENT_3D('',#8311,#8312,#8313);
#8315=PLANE('',#8314);
#8317=ORIENTED_EDGE('',*,*,#8316,.T.);
#8319=ORIENTED_EDGE('',*,*,#8318,.T.);
#8321=ORIENTED_EDGE('',*,*,#8320,.T.);
#8323=ORIENTED_EDGE('',*,*,#8322,.F.);
#8324=EDGE_LOOP('',(#8317,#8319,#8321,#8323));
#8325=FACE_OUTER_BOUND('',#8324,.F.);
#8327=CARTESIAN_POINT('',(8.827952656550E0,1.571067620978E1,2.250342616311E0));
#8328=DIRECTION('',(0.E0,6.883545756938E-1,7.253743710123E-1));
#8329=DIRECTION('',(0.E0,-7.253743710123E-1,6.883545756938E-1));
#8330=AXIS2_PLACEMENT_3D('',#8327,#8328,#8329);
#8331=PLANE('',#8330);
#8333=ORIENTED_EDGE('',*,*,#8332,.T.);
#8334=ORIENTED_EDGE('',*,*,#8301,.T.);
#8335=ORIENTED_EDGE('',*,*,#8256,.T.);
#8336=ORIENTED_EDGE('',*,*,#8071,.F.);
#8337=EDGE_LOOP('',(#8333,#8334,#8335,#8336));
#8338=FACE_OUTER_BOUND('',#8337,.F.);
#8340=CARTESIAN_POINT('',(6.7E0,1.720004800192E1,1.5E0));
#8341=DIRECTION('',(9.986295347546E-1,0.E0,-5.233595624294E-2));
#8342=DIRECTION('',(0.E0,1.E0,0.E0));
#8343=AXIS2_PLACEMENT_3D('',#8340,#8341,#8342);
#8344=PLANE('',#8343);
#8345=ORIENTED_EDGE('',*,*,#8332,.F.);
#8346=ORIENTED_EDGE('',*,*,#8069,.T.);
#8348=ORIENTED_EDGE('',*,*,#8347,.T.);
#8350=ORIENTED_EDGE('',*,*,#8349,.T.);
#8352=ORIENTED_EDGE('',*,*,#8351,.T.);
#8354=ORIENTED_EDGE('',*,*,#8353,.T.);
#8355=ORIENTED_EDGE('',*,*,#8303,.F.);
#8356=EDGE_LOOP('',(#8345,#8346,#8348,#8350,#8352,#8354,#8355));
#8357=FACE_OUTER_BOUND('',#8356,.F.);
#8359=CARTESIAN_POINT('',(1.03E1,1.43E1,1.5E0));
#8360=DIRECTION('',(0.E0,9.986295347546E-1,-5.233595624294E-2));
#8361=DIRECTION('',(1.E0,0.E0,0.E0));
#8362=AXIS2_PLACEMENT_3D('',#8359,#8360,#8361);
#8363=PLANE('',#8362);
#8365=ORIENTED_EDGE('',*,*,#8364,.F.);
#8367=ORIENTED_EDGE('',*,*,#8366,.T.);
#8369=ORIENTED_EDGE('',*,*,#8368,.T.);
#8370=ORIENTED_EDGE('',*,*,#8177,.T.);
#8372=ORIENTED_EDGE('',*,*,#8371,.T.);
#8374=ORIENTED_EDGE('',*,*,#8373,.T.);
#8375=ORIENTED_EDGE('',*,*,#8347,.F.);
#8376=ORIENTED_EDGE('',*,*,#8067,.T.);
#8377=EDGE_LOOP('',(#8365,#8367,#8369,#8370,#8372,#8374,#8375,#8376));
#8378=FACE_OUTER_BOUND('',#8377,.F.);
#8380=CARTESIAN_POINT('',(9.043379264241E0,1.304337926424E1,-5.281161675290E0));
#8381=DIRECTION('',(5.226442768871E-2,5.226442768871E-2,9.972646886342E-1));
#8382=DIRECTION('',(9.986295347546E-1,0.E0,-5.233595624294E-2));
#8383=AXIS2_PLACEMENT_3D('',#8380,#8381,#8382);
#8384=CYLINDRICAL_SURFACE('',#8383,9.E-1);
#8386=ORIENTED_EDGE('',*,*,#8385,.F.);
#8388=ORIENTED_EDGE('',*,*,#8387,.F.);
#8389=ORIENTED_EDGE('',*,*,#8364,.T.);
#8390=ORIENTED_EDGE('',*,*,#8065,.T.);
#8391=EDGE_LOOP('',(#8386,#8388,#8389,#8390));
#8392=FACE_OUTER_BOUND('',#8391,.F.);
#8394=CARTESIAN_POINT('',(1.03E1,1.43E1,1.5E0));
#8395=DIRECTION('',(9.986295347546E-1,0.E0,-5.233595624294E-2));
#8396=DIRECTION('',(0.E0,1.E0,0.E0));
#8397=AXIS2_PLACEMENT_3D('',#8394,#8395,#8396);
#8398=PLANE('',#8397);
#8400=ORIENTED_EDGE('',*,*,#8399,.F.);
#8401=ORIENTED_EDGE('',*,*,#8101,.T.);
#8403=ORIENTED_EDGE('',*,*,#8402,.F.);
#8405=ORIENTED_EDGE('',*,*,#8404,.F.);
#8406=EDGE_LOOP('',(#8400,#8401,#8403,#8405));
#8407=FACE_OUTER_BOUND('',#8406,.F.);
#8409=CARTESIAN_POINT('',(1.03E1,1.43E1,1.5E0));
#8410=DIRECTION('',(9.986295347546E-1,0.E0,-5.233595624294E-2));
#8411=DIRECTION('',(0.E0,1.E0,0.E0));
#8412=AXIS2_PLACEMENT_3D('',#8409,#8410,#8411);
#8413=PLANE('',#8412);
#8415=ORIENTED_EDGE('',*,*,#8414,.F.);
#8417=ORIENTED_EDGE('',*,*,#8416,.F.);
#8419=ORIENTED_EDGE('',*,*,#8418,.F.);
#8420=ORIENTED_EDGE('',*,*,#8385,.T.);
#8421=ORIENTED_EDGE('',*,*,#8063,.T.);
#8423=ORIENTED_EDGE('',*,*,#8422,.T.);
#8425=ORIENTED_EDGE('',*,*,#8424,.T.);
#8427=ORIENTED_EDGE('',*,*,#8426,.T.);
#8429=ORIENTED_EDGE('',*,*,#8428,.T.);
#8431=ORIENTED_EDGE('',*,*,#8430,.T.);
#8432=EDGE_LOOP('',(#8415,#8417,#8419,#8420,#8421,#8423,#8425,#8427,#8429,
#8431));
#8433=FACE_OUTER_BOUND('',#8432,.F.);
#8435=CARTESIAN_POINT('',(1.03E1,1.43E1,1.5E0));
#8436=DIRECTION('',(9.986295347546E-1,0.E0,-5.233595624294E-2));
#8437=DIRECTION('',(0.E0,1.E0,0.E0));
#8438=AXIS2_PLACEMENT_3D('',#8435,#8436,#8437);
#8439=PLANE('',#8438);
#8441=ORIENTED_EDGE('',*,*,#8440,.T.);
#8443=ORIENTED_EDGE('',*,*,#8442,.T.);
#8445=ORIENTED_EDGE('',*,*,#8444,.F.);
#8447=ORIENTED_EDGE('',*,*,#8446,.F.);
#8448=EDGE_LOOP('',(#8441,#8443,#8445,#8447));
#8449=FACE_OUTER_BOUND('',#8448,.F.);
#8451=CARTESIAN_POINT('',(1.120696072305E1,-1.168013780583E1,9.252180222221E0));
#8452=DIRECTION('',(-5.213734452108E-2,8.703720429185E-2,-9.948397973419E-1));
#8453=DIRECTION('',(-9.986295347546E-1,0.E0,5.233595624294E-2));
#8454=AXIS2_PLACEMENT_3D('',#8451,#8452,#8453);
#8455=CYLINDRICAL_SURFACE('',#8454,5.E-1);
#8457=ORIENTED_EDGE('',*,*,#8456,.F.);
#8458=ORIENTED_EDGE('',*,*,#8103,.T.);
#8459=ORIENTED_EDGE('',*,*,#8399,.T.);
#8461=ORIENTED_EDGE('',*,*,#8460,.T.);
#8462=EDGE_LOOP('',(#8457,#8458,#8459,#8461));
#8463=FACE_OUTER_BOUND('',#8462,.F.);
#8465=CARTESIAN_POINT('',(1.645004800192E1,-1.05E1,1.5E0));
#8466=DIRECTION('',(0.E0,9.961946980917E-1,8.715574274766E-2));
#8467=DIRECTION('',(-1.E0,0.E0,0.E0));
#8468=AXIS2_PLACEMENT_3D('',#8465,#8466,#8467);
#8469=PLANE('',#8468);
#8470=ORIENTED_EDGE('',*,*,#8456,.T.);
#8472=ORIENTED_EDGE('',*,*,#8471,.F.);
#8474=ORIENTED_EDGE('',*,*,#8473,.F.);
#8475=ORIENTED_EDGE('',*,*,#8105,.T.);
#8476=EDGE_LOOP('',(#8470,#8472,#8474,#8475));
#8477=FACE_OUTER_BOUND('',#8476,.F.);
#8479=CARTESIAN_POINT('',(1.525E1,-1.05E1,1.5E0));
#8480=DIRECTION('',(0.E0,0.E0,-1.E0));
#8481=DIRECTION('',(-1.E0,0.E0,0.E0));
#8482=AXIS2_PLACEMENT_3D('',#8479,#8480,#8481);
#8483=PLANE('',#8482);
#8485=ORIENTED_EDGE('',*,*,#8484,.T.);
#8487=ORIENTED_EDGE('',*,*,#8486,.F.);
#8489=ORIENTED_EDGE('',*,*,#8488,.F.);
#8491=ORIENTED_EDGE('',*,*,#8490,.F.);
#8493=ORIENTED_EDGE('',*,*,#8492,.F.);
#8494=ORIENTED_EDGE('',*,*,#8471,.T.);
#8495=ORIENTED_EDGE('',*,*,#8460,.F.);
#8497=ORIENTED_EDGE('',*,*,#8496,.T.);
#8499=ORIENTED_EDGE('',*,*,#8498,.F.);
#8501=ORIENTED_EDGE('',*,*,#8500,.F.);
#8502=EDGE_LOOP('',(#8485,#8487,#8489,#8491,#8493,#8494,#8495,#8497,#8499,
#8501));
#8503=FACE_OUTER_BOUND('',#8502,.F.);
#8505=CARTESIAN_POINT('',(1.775E1,0.E0,8.499657324976E-1));
#8506=DIRECTION('',(0.E0,0.E0,-1.E0));
#8507=DIRECTION('',(-1.E0,0.E0,0.E0));
#8508=AXIS2_PLACEMENT_3D('',#8505,#8506,#8507);
#8509=CONICAL_SURFACE('',#8508,2.267021746346E0,1.5E0);
#8510=ORIENTED_EDGE('',*,*,#8484,.F.);
#8512=ORIENTED_EDGE('',*,*,#8511,.T.);
#8514=ORIENTED_EDGE('',*,*,#8513,.T.);
#8516=ORIENTED_EDGE('',*,*,#8515,.T.);
#8518=ORIENTED_EDGE('',*,*,#8517,.F.);
#8520=ORIENTED_EDGE('',*,*,#8519,.T.);
#8521=EDGE_LOOP('',(#8510,#8512,#8514,#8516,#8518,#8520));
#8522=FACE_OUTER_BOUND('',#8521,.F.);
#8524=CARTESIAN_POINT('',(1.775E1,0.E0,1.749999999989E0));
#8525=DIRECTION('',(0.E0,0.E0,1.E0));
#8526=DIRECTION('',(1.E0,0.E0,0.E0));
#8527=AXIS2_PLACEMENT_3D('',#8524,#8525,#8526);
#8528=CONICAL_SURFACE('',#8527,2.256546480392E0,1.5E0);
#8530=ORIENTED_EDGE('',*,*,#8529,.F.);
#8531=ORIENTED_EDGE('',*,*,#8519,.F.);
#8533=ORIENTED_EDGE('',*,*,#8532,.F.);
#8535=ORIENTED_EDGE('',*,*,#8534,.T.);
#8536=EDGE_LOOP('',(#8530,#8531,#8533,#8535));
#8537=FACE_OUTER_BOUND('',#8536,.F.);
#8539=CARTESIAN_POINT('',(1.775E1,0.E0,1.749999999989E0));
#8540=DIRECTION('',(0.E0,0.E0,1.E0));
#8541=DIRECTION('',(1.E0,0.E0,0.E0));
#8542=AXIS2_PLACEMENT_3D('',#8539,#8540,#8541);
#8543=CONICAL_SURFACE('',#8542,2.256546480392E0,1.5E0);
#8544=ORIENTED_EDGE('',*,*,#8511,.F.);
#8546=ORIENTED_EDGE('',*,*,#8545,.F.);
#8548=ORIENTED_EDGE('',*,*,#8547,.T.);
#8550=ORIENTED_EDGE('',*,*,#8549,.T.);
#8551=EDGE_LOOP('',(#8544,#8546,#8548,#8550));
#8552=FACE_OUTER_BOUND('',#8551,.F.);
#8554=CARTESIAN_POINT('',(1.587283453329E1,-1.240348818851E0,1.495022368823E0));
#8555=CARTESIAN_POINT('',(1.587139178063E1,-1.240430499581E0,1.542710197111E0));
#8556=CARTESIAN_POINT('',(1.586728774633E1,-1.240662558030E0,1.678394550383E0));
#8557=CARTESIAN_POINT('',(1.586206852427E1,-1.240956629784E0,1.851064337352E0));
#8558=CARTESIAN_POINT('',(1.585829305545E1,-1.241168663629E0,1.976046335474E0));
#8559=CARTESIAN_POINT('',(1.585717599961E1,-1.241231338161E0,2.013031695194E0));
#8560=CARTESIAN_POINT('',(1.581529896288E1,-1.148769814828E0,1.493219706721E0));
#8561=CARTESIAN_POINT('',(1.581388563464E1,-1.148832983679E0,1.540908837950E0));
#8562=CARTESIAN_POINT('',(1.580986519649E1,-1.149012505478E0,1.676596889459E0));
#8563=CARTESIAN_POINT('',(1.580475191053E1,-1.149240203444E0,1.849271350527E0));
#8564=CARTESIAN_POINT('',(1.580105282484E1,-1.149404512769E0,1.974256710689E0));
#8565=CARTESIAN_POINT('',(1.579995834691E1,-1.149453092115E0,2.011243063481E0));
#8566=CARTESIAN_POINT('',(1.572006722761E1,-1.097561227855E0,1.490235976155E0));
#8567=CARTESIAN_POINT('',(1.571867033966E1,-1.097593756209E0,1.537926253163E0));
#8568=CARTESIAN_POINT('',(1.571469663707E1,-1.097686276084E0,1.673617556826E0));
#8569=CARTESIAN_POINT('',(1.570964267623E1,-1.097803898399E0,1.846296128201E0));
#8570=CARTESIAN_POINT('',(1.570598643146E1,-1.097888955632E0,1.971284444872E0));
#8571=CARTESIAN_POINT('',(1.570490462251E1,-1.097914119128E0,2.008271670949E0));
#8572=CARTESIAN_POINT('',(1.561198167870E1,-1.100081437883E0,1.486849519370E0));
#8573=CARTESIAN_POINT('',(1.561058395827E1,-1.100079190069E0,1.534540486105E0));
#8574=CARTESIAN_POINT('',(1.560660793910E1,-1.100072938252E0,1.670233747474E0));
#8575=CARTESIAN_POINT('',(1.560155121673E1,-1.100065497618E0,1.842914793140E0));
#8576=CARTESIAN_POINT('',(1.559789309512E1,-1.100060449054E0,1.967904889547E0));
#8577=CARTESIAN_POINT('',(1.559681074136E1,-1.100058984345E0,2.004892641318E0));
#8578=(BOUNDED_SURFACE()B_SPLINE_SURFACE(3,3,((#8554,#8555,#8556,#8557,#8558,
#8559),(#8560,#8561,#8562,#8563,#8564,#8565),(#8566,#8567,#8568,#8569,#8570,
#8571),(#8572,#8573,#8574,#8575,#8576,#8577)),.UNSPECIFIED.,.F.,.F.,.F.)B_SPLINE_SURFACE_WITH_KNOTS((4,4),(4,1,1,4),(0.E0,1.E0),(4.644965798624E-1,
4.740655811100E-1,4.917228852623E-1,4.991443226969E-1),.UNSPECIFIED.)GEOMETRIC_REPRESENTATION_ITEM()RATIONAL_B_SPLINE_SURFACE(((1.069765308392E0,
1.069765308392E0,1.069765308392E0,1.069765308392E0,1.069765308392E0,
1.069765308392E0),(9.767448972025E-1,9.767448972025E-1,9.767448972025E-1,
9.767448972025E-1,9.767448972025E-1,9.767448972025E-1),(9.767448972025E-1,
9.767448972025E-1,9.767448972025E-1,9.767448972025E-1,9.767448972025E-1,
9.767448972025E-1),(1.069765308392E0,1.069765308392E0,1.069765308392E0,
1.069765308392E0,1.069765308392E0,1.069765308392E0)))REPRESENTATION_ITEM('')SURFACE());
#8580=ORIENTED_EDGE('',*,*,#8579,.T.);
#8582=ORIENTED_EDGE('',*,*,#8581,.F.);
#8583=ORIENTED_EDGE('',*,*,#8486,.T.);
#8584=ORIENTED_EDGE('',*,*,#8529,.T.);
#8585=EDGE_LOOP('',(#8580,#8582,#8583,#8584));
#8586=FACE_OUTER_BOUND('',#8585,.F.);
#8588=CARTESIAN_POINT('',(0.E0,0.E0,2.E0));
#8589=DIRECTION('',(0.E0,0.E0,1.E0));
#8590=DIRECTION('',(1.E0,0.E0,0.E0));
#8591=AXIS2_PLACEMENT_3D('',#8588,#8589,#8590);
#8592=PLANE('',#8591);
#8593=ORIENTED_EDGE('',*,*,#8579,.F.);
#8594=ORIENTED_EDGE('',*,*,#8534,.F.);
#8596=ORIENTED_EDGE('',*,*,#8595,.F.);
#8598=ORIENTED_EDGE('',*,*,#8597,.F.);
#8600=ORIENTED_EDGE('',*,*,#8599,.F.);
#8602=ORIENTED_EDGE('',*,*,#8601,.F.);
#8604=ORIENTED_EDGE('',*,*,#8603,.T.);
#8606=ORIENTED_EDGE('',*,*,#8605,.F.);
#8607=EDGE_LOOP('',(#8593,#8594,#8596,#8598,#8600,#8602,#8604,#8606));
#8608=FACE_OUTER_BOUND('',#8607,.F.);
#8610=ORIENTED_EDGE('',*,*,#8609,.F.);
#8612=ORIENTED_EDGE('',*,*,#8611,.F.);
#8613=EDGE_LOOP('',(#8610,#8612));
#8614=FACE_BOUND('',#8613,.F.);
#8616=CARTESIAN_POINT('',(0.E0,0.E0,2.E0));
#8617=DIRECTION('',(0.E0,0.E0,1.E0));
#8618=DIRECTION('',(1.E0,0.E0,0.E0));
#8619=AXIS2_PLACEMENT_3D('',#8616,#8617,#8618);
#8620=PLANE('',#8619);
#8622=ORIENTED_EDGE('',*,*,#8621,.F.);
#8624=ORIENTED_EDGE('',*,*,#8623,.F.);
#8626=ORIENTED_EDGE('',*,*,#8625,.F.);
#8628=ORIENTED_EDGE('',*,*,#8627,.F.);
#8630=ORIENTED_EDGE('',*,*,#8629,.F.);
#8632=ORIENTED_EDGE('',*,*,#8631,.F.);
#8634=ORIENTED_EDGE('',*,*,#8633,.T.);
#8635=ORIENTED_EDGE('',*,*,#8547,.F.);
#8636=EDGE_LOOP('',(#8622,#8624,#8626,#8628,#8630,#8632,#8634,#8635));
#8637=FACE_OUTER_BOUND('',#8636,.F.);
#8639=ORIENTED_EDGE('',*,*,#8638,.F.);
#8641=ORIENTED_EDGE('',*,*,#8640,.F.);
#8642=EDGE_LOOP('',(#8639,#8641));
#8643=FACE_BOUND('',#8642,.F.);
#8645=CARTESIAN_POINT('',(0.E0,0.E0,2.E0));
#8646=DIRECTION('',(0.E0,0.E0,1.E0));
#8647=DIRECTION('',(1.E0,0.E0,0.E0));
#8648=AXIS2_PLACEMENT_3D('',#8645,#8646,#8647);
#8649=PLANE('',#8648);
#8651=ORIENTED_EDGE('',*,*,#8650,.F.);
#8653=ORIENTED_EDGE('',*,*,#8652,.F.);
#8655=ORIENTED_EDGE('',*,*,#8654,.F.);
#8657=ORIENTED_EDGE('',*,*,#8656,.F.);
#8659=ORIENTED_EDGE('',*,*,#8658,.T.);
#8661=ORIENTED_EDGE('',*,*,#8660,.F.);
#8663=ORIENTED_EDGE('',*,*,#8662,.F.);
#8665=ORIENTED_EDGE('',*,*,#8664,.F.);
#8667=ORIENTED_EDGE('',*,*,#8666,.F.);
#8669=ORIENTED_EDGE('',*,*,#8668,.F.);
#8670=EDGE_LOOP('',(#8651,#8653,#8655,#8657,#8659,#8661,#8663,#8665,#8667,
#8669));
#8671=FACE_OUTER_BOUND('',#8670,.F.);
#8673=ORIENTED_EDGE('',*,*,#8672,.F.);
#8675=ORIENTED_EDGE('',*,*,#8674,.F.);
#8676=EDGE_LOOP('',(#8673,#8675));
#8677=FACE_BOUND('',#8676,.F.);
#8679=ORIENTED_EDGE('',*,*,#8678,.F.);
#8681=ORIENTED_EDGE('',*,*,#8680,.F.);
#8682=EDGE_LOOP('',(#8679,#8681));
#8683=FACE_BOUND('',#8682,.F.);
#8685=CARTESIAN_POINT('',(-1.675E1,-5.5E0,1.5E0));
#8686=DIRECTION('',(0.E0,0.E0,-1.E0));
#8687=DIRECTION('',(1.E0,0.E0,0.E0));
#8688=AXIS2_PLACEMENT_3D('',#8685,#8686,#8687);
#8689=CONICAL_SURFACE('',#8688,6.174603847459E-1,2.E0);
#8690=ORIENTED_EDGE('',*,*,#8672,.T.);
#8692=ORIENTED_EDGE('',*,*,#8691,.F.);
#8694=ORIENTED_EDGE('',*,*,#8693,.F.);
#8696=ORIENTED_EDGE('',*,*,#8695,.T.);
#8697=EDGE_LOOP('',(#8690,#8692,#8694,#8696));
#8698=FACE_OUTER_BOUND('',#8697,.F.);
#8700=CARTESIAN_POINT('',(-1.675E1,-5.5E0,1.5E0));
#8701=DIRECTION('',(0.E0,0.E0,-1.E0));
#8702=DIRECTION('',(1.E0,0.E0,0.E0));
#8703=AXIS2_PLACEMENT_3D('',#8700,#8701,#8702);
#8704=CONICAL_SURFACE('',#8703,6.174603847459E-1,2.E0);
#8705=ORIENTED_EDGE('',*,*,#8674,.T.);
#8706=ORIENTED_EDGE('',*,*,#8695,.F.);
#8708=ORIENTED_EDGE('',*,*,#8707,.F.);
#8709=ORIENTED_EDGE('',*,*,#8691,.T.);
#8710=EDGE_LOOP('',(#8705,#8706,#8708,#8709));
#8711=FACE_OUTER_BOUND('',#8710,.F.);
#8713=CARTESIAN_POINT('',(0.E0,0.E0,1.E0));
#8714=DIRECTION('',(0.E0,0.E0,1.E0));
#8715=DIRECTION('',(1.E0,0.E0,0.E0));
#8716=AXIS2_PLACEMENT_3D('',#8713,#8714,#8715);
#8717=PLANE('',#8716);
#8719=ORIENTED_EDGE('',*,*,#8718,.F.);
#8721=ORIENTED_EDGE('',*,*,#8720,.F.);
#8722=EDGE_LOOP('',(#8719,#8721));
#8723=FACE_OUTER_BOUND('',#8722,.F.);
#8725=ORIENTED_EDGE('',*,*,#8724,.T.);
#8727=ORIENTED_EDGE('',*,*,#8726,.T.);
#8728=EDGE_LOOP('',(#8725,#8727));
#8729=FACE_BOUND('',#8728,.F.);
#8731=CARTESIAN_POINT('',(0.E0,0.E0,1.E0));
#8732=DIRECTION('',(0.E0,0.E0,1.E0));
#8733=DIRECTION('',(1.E0,0.E0,0.E0));
#8734=AXIS2_PLACEMENT_3D('',#8731,#8732,#8733);
#8735=PLANE('',#8734);
#8737=ORIENTED_EDGE('',*,*,#8736,.T.);
#8739=ORIENTED_EDGE('',*,*,#8738,.T.);
#8740=EDGE_LOOP('',(#8737,#8739));
#8741=FACE_OUTER_BOUND('',#8740,.F.);
#8743=ORIENTED_EDGE('',*,*,#8742,.T.);
#8745=ORIENTED_EDGE('',*,*,#8744,.T.);
#8746=EDGE_LOOP('',(#8743,#8745));
#8747=FACE_BOUND('',#8746,.F.);
#8749=CARTESIAN_POINT('',(0.E0,0.E0,1.E0));
#8750=DIRECTION('',(0.E0,0.E0,1.E0));
#8751=DIRECTION('',(1.E0,0.E0,0.E0));
#8752=AXIS2_PLACEMENT_3D('',#8749,#8750,#8751);
#8753=PLANE('',#8752);
#8755=ORIENTED_EDGE('',*,*,#8754,.T.);
#8757=ORIENTED_EDGE('',*,*,#8756,.T.);
#8758=EDGE_LOOP('',(#8755,#8757));
#8759=FACE_OUTER_BOUND('',#8758,.F.);
#8760=ORIENTED_EDGE('',*,*,#8693,.T.);
#8761=ORIENTED_EDGE('',*,*,#8707,.T.);
#8762=EDGE_LOOP('',(#8760,#8761));
#8763=FACE_BOUND('',#8762,.F.);
#8765=CARTESIAN_POINT('',(0.E0,0.E0,1.E0));
#8766=DIRECTION('',(0.E0,0.E0,1.E0));
#8767=DIRECTION('',(1.E0,0.E0,0.E0));
#8768=AXIS2_PLACEMENT_3D('',#8765,#8766,#8767);
#8769=PLANE('',#8768);
#8771=ORIENTED_EDGE('',*,*,#8770,.F.);
#8773=ORIENTED_EDGE('',*,*,#8772,.F.);
#8775=ORIENTED_EDGE('',*,*,#8774,.F.);
#8777=ORIENTED_EDGE('',*,*,#8776,.F.);
#8779=ORIENTED_EDGE('',*,*,#8778,.F.);
#8781=ORIENTED_EDGE('',*,*,#8780,.F.);
#8783=ORIENTED_EDGE('',*,*,#8782,.T.);
#8785=ORIENTED_EDGE('',*,*,#8784,.F.);
#8786=EDGE_LOOP('',(#8771,#8773,#8775,#8777,#8779,#8781,#8783,#8785));
#8787=FACE_OUTER_BOUND('',#8786,.F.);
#8789=ORIENTED_EDGE('',*,*,#8788,.F.);
#8791=ORIENTED_EDGE('',*,*,#8790,.T.);
#8792=EDGE_LOOP('',(#8789,#8791));
#8793=FACE_BOUND('',#8792,.F.);
#8795=CARTESIAN_POINT('',(1.675E1,-5.5E0,5.996194698092E-1));
#8796=DIRECTION('',(0.E0,0.E0,-1.E0));
#8797=DIRECTION('',(-1.E0,0.E0,0.E0));
#8798=AXIS2_PLACEMENT_3D('',#8795,#8796,#8797);
#8799=CONICAL_SURFACE('',#8798,1.185028757488E0,5.E0);
#8801=ORIENTED_EDGE('',*,*,#8800,.T.);
#8803=ORIENTED_EDGE('',*,*,#8802,.T.);
#8804=ORIENTED_EDGE('',*,*,#8718,.T.);
#8806=ORIENTED_EDGE('',*,*,#8805,.F.);
#8807=EDGE_LOOP('',(#8801,#8803,#8804,#8806));
#8808=FACE_OUTER_BOUND('',#8807,.F.);
#8810=CARTESIAN_POINT('',(1.675E1,-5.5E0,9.961949376768E-2));
#8811=DIRECTION('',(0.E0,0.E0,-1.E0));
#8812=DIRECTION('',(0.E0,-1.E0,0.E0));
#8813=AXIS2_PLACEMENT_3D('',#8810,#8811,#8812);
#8814=CONICAL_SURFACE('',#8813,1.328773063105E0,4.75E1);
#8815=ORIENTED_EDGE('',*,*,#7626,.T.);
#8817=ORIENTED_EDGE('',*,*,#8816,.T.);
#8818=ORIENTED_EDGE('',*,*,#8800,.F.);
#8820=ORIENTED_EDGE('',*,*,#8819,.F.);
#8821=EDGE_LOOP('',(#8815,#8817,#8818,#8820));
#8822=FACE_OUTER_BOUND('',#8821,.F.);
#8824=CARTESIAN_POINT('',(1.675E1,-5.5E0,9.961949376768E-2));
#8825=DIRECTION('',(0.E0,0.E0,-1.E0));
#8826=DIRECTION('',(0.E0,-1.E0,0.E0));
#8827=AXIS2_PLACEMENT_3D('',#8824,#8825,#8826);
#8828=CONICAL_SURFACE('',#8827,1.328773063105E0,4.75E1);
#8829=ORIENTED_EDGE('',*,*,#7624,.T.);
#8830=ORIENTED_EDGE('',*,*,#8819,.T.);
#8832=ORIENTED_EDGE('',*,*,#8831,.F.);
#8833=ORIENTED_EDGE('',*,*,#8816,.F.);
#8834=EDGE_LOOP('',(#8829,#8830,#8832,#8833));
#8835=FACE_OUTER_BOUND('',#8834,.F.);
#8837=CARTESIAN_POINT('',(1.675E1,-5.5E0,5.996194698092E-1));
#8838=DIRECTION('',(0.E0,0.E0,-1.E0));
#8839=DIRECTION('',(-1.E0,0.E0,0.E0));
#8840=AXIS2_PLACEMENT_3D('',#8837,#8838,#8839);
#8841=CONICAL_SURFACE('',#8840,1.185028757488E0,5.E0);
#8842=ORIENTED_EDGE('',*,*,#8831,.T.);
#8843=ORIENTED_EDGE('',*,*,#8805,.T.);
#8844=ORIENTED_EDGE('',*,*,#8720,.T.);
#8845=ORIENTED_EDGE('',*,*,#8802,.F.);
#8846=EDGE_LOOP('',(#8842,#8843,#8844,#8845));
#8847=FACE_OUTER_BOUND('',#8846,.F.);
#8849=CARTESIAN_POINT('',(1.675E1,-5.5E0,1.5E0));
#8850=DIRECTION('',(0.E0,0.E0,-1.E0));
#8851=DIRECTION('',(1.E0,0.E0,0.E0));
#8852=AXIS2_PLACEMENT_3D('',#8849,#8850,#8851);
#8853=CONICAL_SURFACE('',#8852,6.174603847459E-1,2.E0);
#8854=ORIENTED_EDGE('',*,*,#8609,.T.);
#8856=ORIENTED_EDGE('',*,*,#8855,.F.);
#8857=ORIENTED_EDGE('',*,*,#8724,.F.);
#8859=ORIENTED_EDGE('',*,*,#8858,.T.);
#8860=EDGE_LOOP('',(#8854,#8856,#8857,#8859));
#8861=FACE_OUTER_BOUND('',#8860,.F.);
#8863=CARTESIAN_POINT('',(1.675E1,-5.5E0,1.5E0));
#8864=DIRECTION('',(0.E0,0.E0,-1.E0));
#8865=DIRECTION('',(1.E0,0.E0,0.E0));
#8866=AXIS2_PLACEMENT_3D('',#8863,#8864,#8865);
#8867=CONICAL_SURFACE('',#8866,6.174603847459E-1,2.E0);
#8868=ORIENTED_EDGE('',*,*,#8611,.T.);
#8869=ORIENTED_EDGE('',*,*,#8858,.F.);
#8870=ORIENTED_EDGE('',*,*,#8726,.F.);
#8871=ORIENTED_EDGE('',*,*,#8855,.T.);
#8872=EDGE_LOOP('',(#8868,#8869,#8870,#8871));
#8873=FACE_OUTER_BOUND('',#8872,.F.);
#8875=CARTESIAN_POINT('',(-1.675E1,5.5E0,5.996194698092E-1));
#8876=DIRECTION('',(0.E0,0.E0,-1.E0));
#8877=DIRECTION('',(-1.E0,0.E0,0.E0));
#8878=AXIS2_PLACEMENT_3D('',#8875,#8876,#8877);
#8879=CONICAL_SURFACE('',#8878,1.185028757488E0,5.E0);
#8881=ORIENTED_EDGE('',*,*,#8880,.T.);
#8883=ORIENTED_EDGE('',*,*,#8882,.F.);
#8884=ORIENTED_EDGE('',*,*,#8736,.F.);
#8886=ORIENTED_EDGE('',*,*,#8885,.T.);
#8887=EDGE_LOOP('',(#8881,#8883,#8884,#8886));
#8888=FACE_OUTER_BOUND('',#8887,.F.);
#8890=CARTESIAN_POINT('',(-1.675E1,5.5E0,9.961949376768E-2));
#8891=DIRECTION('',(0.E0,0.E0,-1.E0));
#8892=DIRECTION('',(0.E0,-1.E0,0.E0));
#8893=AXIS2_PLACEMENT_3D('',#8890,#8891,#8892);
#8894=CONICAL_SURFACE('',#8893,1.328773063105E0,4.75E1);
#8895=ORIENTED_EDGE('',*,*,#7612,.T.);
#8897=ORIENTED_EDGE('',*,*,#8896,.T.);
#8898=ORIENTED_EDGE('',*,*,#8880,.F.);
#8900=ORIENTED_EDGE('',*,*,#8899,.F.);
#8901=EDGE_LOOP('',(#8895,#8897,#8898,#8900));
#8902=FACE_OUTER_BOUND('',#8901,.F.);
#8904=CARTESIAN_POINT('',(-1.675E1,5.5E0,9.961949376768E-2));
#8905=DIRECTION('',(0.E0,0.E0,-1.E0));
#8906=DIRECTION('',(0.E0,-1.E0,0.E0));
#8907=AXIS2_PLACEMENT_3D('',#8904,#8905,#8906);
#8908=CONICAL_SURFACE('',#8907,1.328773063105E0,4.75E1);
#8909=ORIENTED_EDGE('',*,*,#7614,.T.);
#8910=ORIENTED_EDGE('',*,*,#8899,.T.);
#8912=ORIENTED_EDGE('',*,*,#8911,.F.);
#8913=ORIENTED_EDGE('',*,*,#8896,.F.);
#8914=EDGE_LOOP('',(#8909,#8910,#8912,#8913));
#8915=FACE_OUTER_BOUND('',#8914,.F.);
#8917=CARTESIAN_POINT('',(-1.675E1,5.5E0,5.996194698092E-1));
#8918=DIRECTION('',(0.E0,0.E0,-1.E0));
#8919=DIRECTION('',(-1.E0,0.E0,0.E0));
#8920=AXIS2_PLACEMENT_3D('',#8917,#8918,#8919);
#8921=CONICAL_SURFACE('',#8920,1.185028757488E0,5.E0);
#8922=ORIENTED_EDGE('',*,*,#8911,.T.);
#8923=ORIENTED_EDGE('',*,*,#8885,.F.);
#8924=ORIENTED_EDGE('',*,*,#8738,.F.);
#8925=ORIENTED_EDGE('',*,*,#8882,.T.);
#8926=EDGE_LOOP('',(#8922,#8923,#8924,#8925));
#8927=FACE_OUTER_BOUND('',#8926,.F.);
#8929=CARTESIAN_POINT('',(-1.675E1,5.5E0,1.5E0));
#8930=DIRECTION('',(0.E0,0.E0,-1.E0));
#8931=DIRECTION('',(1.E0,0.E0,0.E0));
#8932=AXIS2_PLACEMENT_3D('',#8929,#8930,#8931);
#8933=CONICAL_SURFACE('',#8932,6.174603847459E-1,2.E0);
#8934=ORIENTED_EDGE('',*,*,#8678,.T.);
#8936=ORIENTED_EDGE('',*,*,#8935,.F.);
#8937=ORIENTED_EDGE('',*,*,#8742,.F.);
#8939=ORIENTED_EDGE('',*,*,#8938,.T.);
#8940=EDGE_LOOP('',(#8934,#8936,#8937,#8939));
#8941=FACE_OUTER_BOUND('',#8940,.F.);
#8943=CARTESIAN_POINT('',(-1.675E1,5.5E0,1.5E0));
#8944=DIRECTION('',(0.E0,0.E0,-1.E0));
#8945=DIRECTION('',(1.E0,0.E0,0.E0));
#8946=AXIS2_PLACEMENT_3D('',#8943,#8944,#8945);
#8947=CONICAL_SURFACE('',#8946,6.174603847459E-1,2.E0);
#8948=ORIENTED_EDGE('',*,*,#8680,.T.);
#8949=ORIENTED_EDGE('',*,*,#8938,.F.);
#8950=ORIENTED_EDGE('',*,*,#8744,.F.);
#8951=ORIENTED_EDGE('',*,*,#8935,.T.);
#8952=EDGE_LOOP('',(#8948,#8949,#8950,#8951));
#8953=FACE_OUTER_BOUND('',#8952,.F.);
#8955=CARTESIAN_POINT('',(-1.675E1,-5.5E0,5.996194698092E-1));
#8956=DIRECTION('',(0.E0,0.E0,-1.E0));
#8957=DIRECTION('',(-1.E0,0.E0,0.E0));
#8958=AXIS2_PLACEMENT_3D('',#8955,#8956,#8957);
#8959=CONICAL_SURFACE('',#8958,1.185028757488E0,5.E0);
#8961=ORIENTED_EDGE('',*,*,#8960,.T.);
#8963=ORIENTED_EDGE('',*,*,#8962,.F.);
#8964=ORIENTED_EDGE('',*,*,#8754,.F.);
#8966=ORIENTED_EDGE('',*,*,#8965,.T.);
#8967=EDGE_LOOP('',(#8961,#8963,#8964,#8966));
#8968=FACE_OUTER_BOUND('',#8967,.F.);
#8970=CARTESIAN_POINT('',(-1.675E1,-5.5E0,9.961949376768E-2));
#8971=DIRECTION('',(0.E0,0.E0,-1.E0));
#8972=DIRECTION('',(0.E0,-1.E0,0.E0));
#8973=AXIS2_PLACEMENT_3D('',#8970,#8971,#8972);
#8974=CONICAL_SURFACE('',#8973,1.328773063105E0,4.75E1);
#8975=ORIENTED_EDGE('',*,*,#7620,.T.);
#8977=ORIENTED_EDGE('',*,*,#8976,.T.);
#8978=ORIENTED_EDGE('',*,*,#8960,.F.);
#8980=ORIENTED_EDGE('',*,*,#8979,.F.);
#8981=EDGE_LOOP('',(#8975,#8977,#8978,#8980));
#8982=FACE_OUTER_BOUND('',#8981,.F.);
#8984=CARTESIAN_POINT('',(-1.675E1,-5.5E0,9.961949376768E-2));
#8985=DIRECTION('',(0.E0,0.E0,-1.E0));
#8986=DIRECTION('',(0.E0,-1.E0,0.E0));
#8987=AXIS2_PLACEMENT_3D('',#8984,#8985,#8986);
#8988=CONICAL_SURFACE('',#8987,1.328773063105E0,4.75E1);
#8989=ORIENTED_EDGE('',*,*,#7618,.T.);
#8990=ORIENTED_EDGE('',*,*,#8979,.T.);
#8992=ORIENTED_EDGE('',*,*,#8991,.F.);
#8993=ORIENTED_EDGE('',*,*,#8976,.F.);
#8994=EDGE_LOOP('',(#8989,#8990,#8992,#8993));
#8995=FACE_OUTER_BOUND('',#8994,.F.);
#8997=CARTESIAN_POINT('',(-1.675E1,-5.5E0,5.996194698092E-1));
#8998=DIRECTION('',(0.E0,0.E0,-1.E0));
#8999=DIRECTION('',(-1.E0,0.E0,0.E0));
#9000=AXIS2_PLACEMENT_3D('',#8997,#8998,#8999);
#9001=CONICAL_SURFACE('',#9000,1.185028757488E0,5.E0);
#9002=ORIENTED_EDGE('',*,*,#8991,.T.);
#9003=ORIENTED_EDGE('',*,*,#8965,.F.);
#9004=ORIENTED_EDGE('',*,*,#8756,.F.);
#9005=ORIENTED_EDGE('',*,*,#8962,.T.);
#9006=EDGE_LOOP('',(#9002,#9003,#9004,#9005));
#9007=FACE_OUTER_BOUND('',#9006,.F.);
#9009=CARTESIAN_POINT('',(1.675E1,5.5E0,1.5E0));
#9010=DIRECTION('',(0.E0,0.E0,-1.E0));
#9011=DIRECTION('',(1.E0,0.E0,0.E0));
#9012=AXIS2_PLACEMENT_3D('',#9009,#9010,#9011);
#9013=CONICAL_SURFACE('',#9012,6.174603847459E-1,2.E0);
#9014=ORIENTED_EDGE('',*,*,#8788,.T.);
#9016=ORIENTED_EDGE('',*,*,#9015,.T.);
#9017=ORIENTED_EDGE('',*,*,#8638,.T.);
#9019=ORIENTED_EDGE('',*,*,#9018,.F.);
#9020=EDGE_LOOP('',(#9014,#9016,#9017,#9019));
#9021=FACE_OUTER_BOUND('',#9020,.F.);
#9023=CARTESIAN_POINT('',(1.675E1,5.5E0,1.5E0));
#9024=DIRECTION('',(0.E0,0.E0,-1.E0));
#9025=DIRECTION('',(1.E0,0.E0,0.E0));
#9026=AXIS2_PLACEMENT_3D('',#9023,#9024,#9025);
#9027=CONICAL_SURFACE('',#9026,6.174603847459E-1,2.E0);
#9028=ORIENTED_EDGE('',*,*,#8640,.T.);
#9029=ORIENTED_EDGE('',*,*,#9015,.F.);
#9030=ORIENTED_EDGE('',*,*,#8790,.F.);
#9031=ORIENTED_EDGE('',*,*,#9018,.T.);
#9032=EDGE_LOOP('',(#9028,#9029,#9030,#9031));
#9033=FACE_OUTER_BOUND('',#9032,.F.);
#9035=CARTESIAN_POINT('',(1.675E1,5.5E0,1.E0));
#9036=DIRECTION('',(0.E0,0.E0,-1.E0));
#9037=DIRECTION('',(0.E0,1.E0,0.E0));
#9038=AXIS2_PLACEMENT_3D('',#9035,#9036,#9037);
#9039=CYLINDRICAL_SURFACE('',#9038,1.15E0);
#9041=ORIENTED_EDGE('',*,*,#9040,.F.);
#9043=ORIENTED_EDGE('',*,*,#9042,.T.);
#9045=ORIENTED_EDGE('',*,*,#9044,.F.);
#9046=ORIENTED_EDGE('',*,*,#8770,.T.);
#9047=EDGE_LOOP('',(#9041,#9043,#9045,#9046));
#9048=FACE_OUTER_BOUND('',#9047,.F.);
#9050=CARTESIAN_POINT('',(1.818682784108E1,6.019016308742E0,1.580219452499E0));
#9051=CARTESIAN_POINT('',(1.818759624834E1,6.016889967540E0,1.524675941861E0));
#9052=CARTESIAN_POINT('',(1.818968352492E1,6.011073590459E0,1.372606651641E0));
#9053=CARTESIAN_POINT('',(1.819253841711E1,6.002963746131E0,1.160058960317E0));
#9054=CARTESIAN_POINT('',(1.819460041155E1,5.996987976482E0,1.003054895732E0));
#9055=CARTESIAN_POINT('',(1.819538782050E1,5.994688260192E0,9.425763866802E-1));
#9056=CARTESIAN_POINT('',(1.793764920933E1,5.953768559796E0,1.575842740775E0));
#9057=CARTESIAN_POINT('',(1.793832096162E1,5.952011008626E0,1.520304172582E0));
#9058=CARTESIAN_POINT('',(1.794014630501E1,5.947203193867E0,1.368248306009E0));
#9059=CARTESIAN_POINT('',(1.794264529201E1,5.940498754451E0,1.155718972704E0));
#9060=CARTESIAN_POINT('',(1.794445203271E1,5.935557927355E0,9.987281717442E-1));
#9061=CARTESIAN_POINT('',(1.794514223951E1,5.933656405024E0,9.382547288089E-1));
#9062=CARTESIAN_POINT('',(1.770593275316E1,6.065892608589E0,1.565738459718E0));
#9063=CARTESIAN_POINT('',(1.770677006917E1,6.064478241E0,1.510211301884E0));
#9064=CARTESIAN_POINT('',(1.770905002589E1,6.060607403958E0,1.358186425769E0));
#9065=CARTESIAN_POINT('',(1.771218945002E1,6.055202716167E0,1.145699474645E0));
#9066=CARTESIAN_POINT('',(1.771447303073E1,6.051214590934E0,9.887392947078E-1));
#9067=CARTESIAN_POINT('',(1.771534747051E1,6.049678966937E0,9.282775476461E-1));
#9068=CARTESIAN_POINT('',(1.760270198943E1,6.301665873540E0,1.554747926326E0));
#9069=CARTESIAN_POINT('',(1.760388776043E1,6.300404651738E0,1.499233179661E0));
#9070=CARTESIAN_POINT('',(1.760712105572E1,6.296950268777E0,1.347242012195E0));
#9071=CARTESIAN_POINT('',(1.761159040332E1,6.292116922536E0,1.134801160617E0));
#9072=CARTESIAN_POINT('',(1.761485444697E1,6.288542785453E0,9.778742874901E-1));
#9073=CARTESIAN_POINT('',(1.761610628232E1,6.287165449384E0,9.174252621540E-1));
#9074=(BOUNDED_SURFACE()B_SPLINE_SURFACE(3,3,((#9050,#9051,#9052,#9053,#9054,
#9055),(#9056,#9057,#9058,#9059,#9060,#9061),(#9062,#9063,#9064,#9065,#9066,
#9067),(#9068,#9069,#9070,#9071,#9072,#9073)),.UNSPECIFIED.,.F.,.F.,.F.)B_SPLINE_SURFACE_WITH_KNOTS((4,4),(4,1,1,4),(0.E0,1.E0),(5.211383346058E-1,
5.322462928956E-1,5.515501735697E-1,5.636451152711E-1),.UNSPECIFIED.)GEOMETRIC_REPRESENTATION_ITEM()RATIONAL_B_SPLINE_SURFACE(((1.136084529792E0,
1.136084529792E0,1.136084529792E0,1.136084529792E0,1.136084529792E0,
1.136084529792E0),(9.546384900693E-1,9.546384900693E-1,9.546384900693E-1,
9.546384900693E-1,9.546384900693E-1,9.546384900693E-1),(9.546384900693E-1,
9.546384900693E-1,9.546384900693E-1,9.546384900693E-1,9.546384900693E-1,
9.546384900693E-1),(1.136084529792E0,1.136084529792E0,1.136084529792E0,
1.136084529792E0,1.136084529792E0,1.136084529792E0)))REPRESENTATION_ITEM('')SURFACE());
#9076=ORIENTED_EDGE('',*,*,#9075,.F.);
#9078=ORIENTED_EDGE('',*,*,#9077,.T.);
#9079=ORIENTED_EDGE('',*,*,#9040,.T.);
#9080=ORIENTED_EDGE('',*,*,#8784,.T.);
#9081=EDGE_LOOP('',(#9076,#9078,#9079,#9080));
#9082=FACE_OUTER_BOUND('',#9081,.F.);
#9084=CARTESIAN_POINT('',(2.101659656960E1,6.E0,1.5E0));
#9085=DIRECTION('',(0.E0,-9.993908270191E-1,3.489949670250E-2));
#9086=DIRECTION('',(-1.E0,0.E0,0.E0));
#9087=AXIS2_PLACEMENT_3D('',#9084,#9085,#9086);
#9088=PLANE('',#9087);
#9089=ORIENTED_EDGE('',*,*,#9075,.T.);
#9090=ORIENTED_EDGE('',*,*,#8782,.F.);
#9092=ORIENTED_EDGE('',*,*,#9091,.T.);
#9094=ORIENTED_EDGE('',*,*,#9093,.T.);
#9096=ORIENTED_EDGE('',*,*,#9095,.T.);
#9097=EDGE_LOOP('',(#9089,#9090,#9092,#9094,#9096));
#9098=FACE_OUTER_BOUND('',#9097,.F.);
#9100=CARTESIAN_POINT('',(2.101659656960E1,6.E0,1.5E0));
#9101=DIRECTION('',(0.E0,-9.993908270191E-1,3.489949670250E-2));
#9102=DIRECTION('',(-1.E0,0.E0,0.E0));
#9103=AXIS2_PLACEMENT_3D('',#9100,#9101,#9102);
#9104=PLANE('',#9103);
#9106=ORIENTED_EDGE('',*,*,#9105,.T.);
#9108=ORIENTED_EDGE('',*,*,#9107,.T.);
#9110=ORIENTED_EDGE('',*,*,#9109,.T.);
#9111=ORIENTED_EDGE('',*,*,#8774,.T.);
#9113=ORIENTED_EDGE('',*,*,#9112,.T.);
#9115=ORIENTED_EDGE('',*,*,#9114,.T.);
#9116=EDGE_LOOP('',(#9106,#9108,#9110,#9111,#9113,#9115));
#9117=FACE_OUTER_BOUND('',#9116,.F.);
#9119=CARTESIAN_POINT('',(1.790721918751E1,5.371941919341E0,1.068127718522E0));
#9120=CARTESIAN_POINT('',(1.790796086775E1,5.371644877295E0,1.059621547277E0));
#9121=CARTESIAN_POINT('',(1.791787278820E1,5.367674752135E0,9.459320376282E-1));
#9122=CARTESIAN_POINT('',(1.792777115698E1,5.363704558985E0,8.32240581E-1));
#9123=CARTESIAN_POINT('',(1.793691788181E1,5.360031358399E0,7.270538786630E-1));
#9124=CARTESIAN_POINT('',(1.781395137975E1,5.776444805324E0,1.045869846818E0));
#9125=CARTESIAN_POINT('',(1.781469301122E1,5.776147782811E0,1.037364234904E0));
#9126=CARTESIAN_POINT('',(1.782460428123E1,5.772177918181E0,9.236821858488E-1));
#9127=CARTESIAN_POINT('',(1.783450201800E1,5.768207978529E0,8.099979884699E-1));
#9128=CARTESIAN_POINT('',(1.784364817286E1,5.764535006843E0,7.048178409611E-1));
#9129=CARTESIAN_POINT('',(1.810867087296E1,6.069220949354E0,1.061343417610E0));
#9130=CARTESIAN_POINT('',(1.810941265855E1,6.068923865121E0,1.052836038250E0));
#9131=CARTESIAN_POINT('',(1.811932598391E1,6.064953177235E0,9.391304142601E-1));
#9132=CARTESIAN_POINT('',(1.812922571775E1,6.060982436547E0,8.254232781811E-1));
#9133=CARTESIAN_POINT('',(1.813837367372E1,6.057308741554E0,7.202224178916E-1));
#9134=CARTESIAN_POINT('',(1.851094284406E1,5.971684685922E0,1.099824843937E0));
#9135=CARTESIAN_POINT('',(1.851168483999E1,5.971387517444E0,1.091315052134E0));
#9136=CARTESIAN_POINT('',(1.852160097078E1,5.967415705872E0,9.775772499689E-1));
#9137=CARTESIAN_POINT('',(1.853150343048E1,5.963443871822E0,8.638388041317E-1));
#9138=CARTESIAN_POINT('',(1.854065384486E1,5.959769189566E0,7.586096723117E-1));
#9139=(BOUNDED_SURFACE()B_SPLINE_SURFACE(3,3,((#9119,#9120,#9121,#9122,#9123),(
#9124,#9125,#9126,#9127,#9128),(#9129,#9130,#9131,#9132,#9133),(#9134,#9135,
#9136,#9137,#9138)),.UNSPECIFIED.,.F.,.F.,.F.)B_SPLINE_SURFACE_WITH_KNOTS((4,4),
(4,1,4),(0.E0,1.E0),(5.570578891029E-1,5.588098194136E-1,5.804733407422E-1),
.UNSPECIFIED.)GEOMETRIC_REPRESENTATION_ITEM()RATIONAL_B_SPLINE_SURFACE(((
1.312134188080E0,1.312134188080E0,1.312134188080E0,1.312134188080E0,
1.312134188080E0),(8.959552706400E-1,8.959552706400E-1,8.959552706400E-1,
8.959552706400E-1,8.959552706400E-1),(8.959552706400E-1,8.959552706400E-1,
8.959552706400E-1,8.959552706400E-1,8.959552706400E-1),(1.312134188080E0,
1.312134188080E0,1.312134188080E0,1.312134188080E0,1.312134188080E0)))REPRESENTATION_ITEM('')SURFACE());
#9141=ORIENTED_EDGE('',*,*,#9140,.T.);
#9142=ORIENTED_EDGE('',*,*,#9091,.F.);
#9143=ORIENTED_EDGE('',*,*,#8780,.T.);
#9145=ORIENTED_EDGE('',*,*,#9144,.T.);
#9146=EDGE_LOOP('',(#9141,#9142,#9143,#9145));
#9147=FACE_OUTER_BOUND('',#9146,.F.);
#9149=CARTESIAN_POINT('',(1.841704575449E1,5.476125198023E0,8.250426558736E-1));
#9150=DIRECTION('',(8.662269999931E-2,-3.476831305911E-2,-9.956343064860E-1));
#9151=DIRECTION('',(-7.105147538694E-1,-7.026941997322E-1,-3.727795859043E-2));
#9152=AXIS2_PLACEMENT_3D('',#9149,#9150,#9151);
#9153=SPHERICAL_SURFACE('',#9152,5.E-1);
#9154=ORIENTED_EDGE('',*,*,#9140,.F.);
#9156=ORIENTED_EDGE('',*,*,#9155,.F.);
#9158=ORIENTED_EDGE('',*,*,#9157,.T.);
#9159=EDGE_LOOP('',(#9154,#9156,#9158));
#9160=FACE_OUTER_BOUND('',#9159,.F.);
#9162=CARTESIAN_POINT('',(1.895114034210E1,5.193550978489E0,1.964617505766E-1));
#9163=CARTESIAN_POINT('',(1.894957503669E1,5.214619757176E0,2.473878597924E-1));
#9164=CARTESIAN_POINT('',(1.894498713086E1,5.270846592630E0,3.793536586610E-1));
#9165=CARTESIAN_POINT('',(1.893461648222E1,5.372561089893E0,5.984113908819E-1));
#9166=CARTESIAN_POINT('',(1.892258793225E1,5.463586689321E0,7.688702947342E-1));
#9167=CARTESIAN_POINT('',(1.891435017317E1,5.517135104621E0,8.585235250260E-1));
#9168=CARTESIAN_POINT('',(1.891391719390E1,5.519930775904E0,8.631774567734E-1));
#9169=CARTESIAN_POINT('',(1.897702888070E1,5.487974427088E0,1.023499315929E-1));
#9170=CARTESIAN_POINT('',(1.897279218151E1,5.508730966765E0,1.515630522756E-1));
#9171=CARTESIAN_POINT('',(1.896106895123E1,5.563910571243E0,2.787133947653E-1));
#9172=CARTESIAN_POINT('',(1.893783297280E1,5.662523716424E0,4.876538671919E-1));
#9173=CARTESIAN_POINT('',(1.891452220970E1,5.748774197747E0,6.466813339146E-1));
#9174=CARTESIAN_POINT('',(1.889993609768E1,5.798217158464E0,7.281485195567E-1));
#9175=CARTESIAN_POINT('',(1.889917256411E1,5.800795201749E0,7.323713060322E-1));
#9176=CARTESIAN_POINT('',(1.876837918733E1,5.704015959578E0,2.486721666711E-2));
#9177=CARTESIAN_POINT('',(1.876217448156E1,5.722496157481E0,7.303204891322E-2));
#9178=CARTESIAN_POINT('',(1.874526655708E1,5.771428319176E0,1.972355023039E-1));
#9179=CARTESIAN_POINT('',(1.871304366757E1,5.857802541600E0,3.999845693900E-1));
#9180=CARTESIAN_POINT('',(1.868233326503E1,5.931639251736E0,5.520164004883E-1));
#9181=CARTESIAN_POINT('',(1.866379135283E1,5.972896944078E0,6.284740161449E-1));
#9182=CARTESIAN_POINT('',(1.866282238909E1,5.975045412518E0,6.324329569533E-1));
#9183=CARTESIAN_POINT('',(1.845840751577E1,5.703739865861E0,1.348387746609E-2));
#9184=CARTESIAN_POINT('',(1.845219470080E1,5.719432991713E0,6.193442050296E-2));
#9185=CARTESIAN_POINT('',(1.843536297621E1,5.760906294150E0,1.869410478951E-1));
#9186=CARTESIAN_POINT('',(1.840376945384E1,5.833718189621E0,3.913775812865E-1));
#9187=CARTESIAN_POINT('',(1.837426642215E1,5.895428277180E0,5.453160711492E-1));
#9188=CARTESIAN_POINT('',(1.835668691626E1,5.929646923258E0,6.231390440472E-1));
#9189=CARTESIAN_POINT('',(1.835576880718E1,5.931428140009E0,6.271698959368E-1));
#9190=CARTESIAN_POINT('',(1.814843584420E1,5.703463772144E0,2.100538265078E-3));
#9191=CARTESIAN_POINT('',(1.814221492003E1,5.716369825945E0,5.083679209269E-2));
#9192=CARTESIAN_POINT('',(1.812545939534E1,5.750384269124E0,1.766465934862E-1));
#9193=CARTESIAN_POINT('',(1.809449524012E1,5.809633837643E0,3.827705931830E-1));
#9194=CARTESIAN_POINT('',(1.806619957926E1,5.859217302624E0,5.386157418102E-1));
#9195=CARTESIAN_POINT('',(1.804958247968E1,5.886396902438E0,6.178040719495E-1));
#9196=CARTESIAN_POINT('',(1.804871522527E1,5.887810867499E0,6.219068349204E-1));
#9197=CARTESIAN_POINT('',(1.793504933819E1,5.487046329357E0,6.408447813077E-2));
#9198=CARTESIAN_POINT('',(1.793078537967E1,5.498434038501E0,1.142580246405E-1));
#9199=CARTESIAN_POINT('',(1.791931829775E1,5.528540452524E0,2.441082618474E-1));
#9200=CARTESIAN_POINT('',(1.789819795680E1,5.581563408247E0,4.587212054388E-1));
#9201=CARTESIAN_POINT('',(1.787894580883E1,5.627049865613E0,6.241579656851E-1));
#9202=CARTESIAN_POINT('',(1.786759485597E1,5.652830850485E0,7.102148427224E-1));
#9203=CARTESIAN_POINT('',(1.786700227194E1,5.654174365641E0,7.146793605637E-1));
#9204=CARTESIAN_POINT('',(1.795448855710E1,5.192663254477E0,1.598609048392E-1));
#9205=CARTESIAN_POINT('',(1.795289717819E1,5.204770761572E0,2.117056598401E-1));
#9206=CARTESIAN_POINT('',(1.794855427785E1,5.237015129997E0,3.462539037371E-1));
#9207=CARTESIAN_POINT('',(1.794020723312E1,5.295122683124E0,5.707373456587E-1));
#9208=CARTESIAN_POINT('',(1.793206074210E1,5.347157558086E0,7.473267286329E-1));
#9209=CARTESIAN_POINT('',(1.792691740764E1,5.378073330899E0,8.413699914878E-1));
#9210=CARTESIAN_POINT('',(1.792664794134E1,5.379688177980E0,8.462551389043E-1));
#9211=(BOUNDED_SURFACE()B_SPLINE_SURFACE(3,3,((#9162,#9163,#9164,#9165,#9166,
#9167,#9168),(#9169,#9170,#9171,#9172,#9173,#9174,#9175),(#9176,#9177,#9178,
#9179,#9180,#9181,#9182),(#9183,#9184,#9185,#9186,#9187,#9188,#9189),(#9190,
#9191,#9192,#9193,#9194,#9195,#9196),(#9197,#9198,#9199,#9200,#9201,#9202,
#9203),(#9204,#9205,#9206,#9207,#9208,#9209,#9210)),.UNSPECIFIED.,.F.,.F.,.F.)B_SPLINE_SURFACE_WITH_KNOTS((4,3,4),(4,1,1,1,4),(0.E0,1.E0,2.E0),
(8.883619288878E-1,9.140081743720E-1,9.550044503294E-1,1.E0,1.002466423262E0),
.UNSPECIFIED.)GEOMETRIC_REPRESENTATION_ITEM()RATIONAL_B_SPLINE_SURFACE(((
1.189933809333E0,1.189933809333E0,1.189933809333E0,1.189933809333E0,
1.189933809333E0,1.189933809333E0,1.189933809333E0),(9.366887302223E-1,
9.366887302223E-1,9.366887302223E-1,9.366887302223E-1,9.366887302223E-1,
9.366887302223E-1,9.366887302223E-1),(9.366887302223E-1,9.366887302223E-1,
9.366887302223E-1,9.366887302223E-1,9.366887302223E-1,9.366887302223E-1,
9.366887302223E-1),(1.189933809333E0,1.189933809333E0,1.189933809333E0,
1.189933809333E0,1.189933809333E0,1.189933809333E0,1.189933809333E0),(
9.366887302223E-1,9.366887302223E-1,9.366887302223E-1,9.366887302223E-1,
9.366887302223E-1,9.366887302223E-1,9.366887302223E-1),(9.366887302223E-1,
9.366887302223E-1,9.366887302223E-1,9.366887302223E-1,9.366887302223E-1,
9.366887302223E-1,9.366887302223E-1),(1.189933809333E0,1.189933809333E0,
1.189933809333E0,1.189933809333E0,1.189933809333E0,1.189933809333E0,
1.189933809333E0)))REPRESENTATION_ITEM('')SURFACE());
#9213=ORIENTED_EDGE('',*,*,#9212,.T.);
#9214=ORIENTED_EDGE('',*,*,#7866,.T.);
#9215=ORIENTED_EDGE('',*,*,#9155,.T.);
#9217=ORIENTED_EDGE('',*,*,#9216,.F.);
#9218=EDGE_LOOP('',(#9213,#9214,#9215,#9217));
#9219=FACE_OUTER_BOUND('',#9218,.F.);
#9221=CARTESIAN_POINT('',(1.824571505182E1,5.243485724330E0,
-8.265471670036E-2));
#9222=CARTESIAN_POINT('',(1.811965285033E1,5.235759870519E0,3.906310179545E-2));
#9223=CARTESIAN_POINT('',(1.799359064884E1,5.228034016709E0,1.607809202913E-1));
#9224=CARTESIAN_POINT('',(1.786752844735E1,5.220308162898E0,2.824987387871E-1));
#9225=CARTESIAN_POINT('',(1.824864449984E1,5.255221754820E0,
-8.263983338680E-2));
#9226=CARTESIAN_POINT('',(1.812038395017E1,5.256378192975E0,3.905606785454E-2));
#9227=CARTESIAN_POINT('',(1.799212340049E1,5.257534631130E0,1.607519690959E-1));
#9228=CARTESIAN_POINT('',(1.786386285081E1,5.258691069285E0,2.824478703372E-1));
#9229=CARTESIAN_POINT('',(1.826547725164E1,5.293038021469E0,
-8.236904048436E-2));
#9230=CARTESIAN_POINT('',(1.813195758645E1,5.321117601162E0,3.892808954749E-2));
#9231=CARTESIAN_POINT('',(1.799843792127E1,5.349197180855E0,1.602252195793E-1));
#9232=CARTESIAN_POINT('',(1.786491825608E1,5.377276760548E0,2.815223496112E-1));
#9233=CARTESIAN_POINT('',(1.831929161484E1,5.354118983904E0,
-8.107560907699E-2));
#9234=CARTESIAN_POINT('',(1.818760726198E1,5.427502023838E0,3.831680631105E-2));
#9235=CARTESIAN_POINT('',(1.805592290911E1,5.500885063772E0,1.577092216991E-1));
#9236=CARTESIAN_POINT('',(1.792423855625E1,5.574268103706E0,2.771016370871E-1));
#9237=CARTESIAN_POINT('',(1.837841291408E1,5.377873798284E0,
-7.911904999387E-2));
#9238=CARTESIAN_POINT('',(1.827810102543E1,5.504903696298E0,3.739212506255E-2));
#9239=CARTESIAN_POINT('',(1.817778913679E1,5.631933594312E0,1.539033001190E-1));
#9240=CARTESIAN_POINT('',(1.807747724814E1,5.758963492325E0,2.704144751754E-1));
#9241=CARTESIAN_POINT('',(1.842171949369E1,5.383810887911E0,
-7.789217162865E-2));
#9242=CARTESIAN_POINT('',(1.837780055197E1,5.545253221884E0,3.681229518249E-2));
#9243=CARTESIAN_POINT('',(1.833388161025E1,5.706695555856E0,1.515167619936E-1));
#9244=CARTESIAN_POINT('',(1.828996266852E1,5.868137889829E0,2.662212288048E-1));
#9245=CARTESIAN_POINT('',(1.845718269100E1,5.389050793231E0,
-7.815929180786E-2));
#9246=CARTESIAN_POINT('',(1.848091810834E1,5.553552432046E0,3.693853773910E-2));
#9247=CARTESIAN_POINT('',(1.850465352567E1,5.718054070861E0,1.520363672861E-1));
#9248=CARTESIAN_POINT('',(1.852838894301E1,5.882555709676E0,2.671341968330E-1));
#9249=CARTESIAN_POINT('',(1.850723583957E1,5.391553105745E0,
-7.973266958321E-2));
#9250=CARTESIAN_POINT('',(1.858913607079E1,5.527466602169E0,3.768212526386E-2));
#9251=CARTESIAN_POINT('',(1.867103630201E1,5.663380098594E0,1.550969201109E-1));
#9252=CARTESIAN_POINT('',(1.875293653322E1,5.799293595018E0,2.725117149580E-1));
#9253=CARTESIAN_POINT('',(1.857497128916E1,5.373409798177E0,
-8.161520563175E-2));
#9254=CARTESIAN_POINT('',(1.869223638946E1,5.461428818775E0,3.857182279394E-2));
#9255=CARTESIAN_POINT('',(1.880950148976E1,5.549447839372E0,1.587588512196E-1));
#9256=CARTESIAN_POINT('',(1.892676659006E1,5.637466859969E0,2.789458796453E-1));
#9257=CARTESIAN_POINT('',(1.863876488799E1,5.316237970110E0,
-8.262224713920E-2));
#9258=CARTESIAN_POINT('',(1.876331055656E1,5.360725419573E0,3.904775649123E-2));
#9259=CARTESIAN_POINT('',(1.888785622513E1,5.405212869036E0,1.607177601217E-1));
#9260=CARTESIAN_POINT('',(1.901240189370E1,5.449700318498E0,2.823877637521E-1));
#9261=CARTESIAN_POINT('',(1.866078310343E1,5.278625593234E0,
-8.271977654382E-2));
#9262=CARTESIAN_POINT('',(1.878359271838E1,5.296975649326E0,3.909384945740E-2));
#9263=CARTESIAN_POINT('',(1.890640233334E1,5.315325705419E0,1.609074754586E-1));
#9264=CARTESIAN_POINT('',(1.902921194830E1,5.333675761512E0,2.827211014598E-1));
#9265=CARTESIAN_POINT('',(1.866525726146E1,5.266936134077E0,
-8.268680009038E-2));
#9266=CARTESIAN_POINT('',(1.878705753216E1,5.276970306760E0,3.907826459293E-2));
#9267=CARTESIAN_POINT('',(1.890885780286E1,5.287004479444E0,1.608433292762E-1));
#9268=CARTESIAN_POINT('',(1.903065807356E1,5.297038652128E0,2.826083939596E-1));
#9269=B_SPLINE_SURFACE_WITH_KNOTS('',3,3,((#9221,#9222,#9223,#9224),(#9225,
#9226,#9227,#9228),(#9229,#9230,#9231,#9232),(#9233,#9234,#9235,#9236),(#9237,
#9238,#9239,#9240),(#9241,#9242,#9243,#9244),(#9245,#9246,#9247,#9248),(#9249,
#9250,#9251,#9252),(#9253,#9254,#9255,#9256),(#9257,#9258,#9259,#9260),(#9261,
#9262,#9263,#9264),(#9265,#9266,#9267,#9268)),.UNSPECIFIED.,.F.,.F.,.F.,(4,1,1,
1,1,1,1,1,1,4),(4,4),(-7.098739011172E-2,0.E0,1.428571428571E-1,
2.857142857143E-1,4.285714285714E-1,5.714285714286E-1,7.142857142857E-1,
8.571428571429E-1,1.E0,1.067281218952E0),(-4.135961428183E-1,1.413596142818E0),
.UNSPECIFIED.);
#9270=ORIENTED_EDGE('',*,*,#7508,.T.);
#9272=ORIENTED_EDGE('',*,*,#9271,.T.);
#9273=ORIENTED_EDGE('',*,*,#9212,.F.);
#9275=ORIENTED_EDGE('',*,*,#9274,.F.);
#9276=EDGE_LOOP('',(#9270,#9272,#9273,#9275));
#9277=FACE_OUTER_BOUND('',#9276,.F.);
#9279=CARTESIAN_POINT('',(5.831256082445E-5,9.514195067339E-6,
9.986288860600E-2));
#9280=DIRECTION('',(0.E0,0.E0,1.E0));
#9281=DIRECTION('',(0.E0,-1.E0,0.E0));
#9282=AXIS2_PLACEMENT_3D('',#9279,#9280,#9281);
#9283=CONICAL_SURFACE('',#9282,1.957656312087E1,4.649995590622E1);
#9284=ORIENTED_EDGE('',*,*,#7506,.T.);
#9286=ORIENTED_EDGE('',*,*,#9285,.T.);
#9287=ORIENTED_EDGE('',*,*,#7858,.F.);
#9288=ORIENTED_EDGE('',*,*,#9271,.F.);
#9289=EDGE_LOOP('',(#9284,#9286,#9287,#9288));
#9290=FACE_OUTER_BOUND('',#9289,.F.);
#9292=CARTESIAN_POINT('',(1.916976333981E1,2.853474839523E0,
-8.368585273927E-2));
#9293=CARTESIAN_POINT('',(1.928946023670E1,2.898099578624E0,3.870687243916E-2));
#9294=CARTESIAN_POINT('',(1.940915713358E1,2.942724317725E0,1.610995976176E-1));
#9295=CARTESIAN_POINT('',(1.952885403047E1,2.987349056825E0,2.834923227960E-1));
#9296=CARTESIAN_POINT('',(1.917395912936E1,2.840346264468E0,
-8.367408834938E-2));
#9297=CARTESIAN_POINT('',(1.929728648931E1,2.876744494012E0,3.870143110441E-2));
#9298=CARTESIAN_POINT('',(1.942061384925E1,2.913142723556E0,1.610769505582E-1));
#9299=CARTESIAN_POINT('',(1.954394120920E1,2.949540953100E0,2.834524700120E-1));
#9300=CARTESIAN_POINT('',(1.918230754686E1,2.798814137024E0,
-8.363930636650E-2));
#9301=CARTESIAN_POINT('',(1.931356859567E1,2.808808412816E0,3.868534353727E-2));
#9302=CARTESIAN_POINT('',(1.944482964449E1,2.818802688609E0,1.610099934410E-1));
#9303=CARTESIAN_POINT('',(1.957609069330E1,2.828796964402E0,2.833346433448E-1));
#9304=CARTESIAN_POINT('',(1.917492804359E1,2.725837641827E0,
-8.359669053324E-2));
#9305=CARTESIAN_POINT('',(1.930395443465E1,2.688098987554E0,3.866563261161E-2));
#9306=CARTESIAN_POINT('',(1.943298082572E1,2.650360333281E0,1.609279557565E-1));
#9307=CARTESIAN_POINT('',(1.956200721679E1,2.612621679007E0,2.831902789013E-1));
#9308=CARTESIAN_POINT('',(1.913382086437E1,2.650081821103E0,
-8.360729047850E-2));
#9309=CARTESIAN_POINT('',(1.923501743724E1,2.562032354624E0,3.867053536059E-2));
#9310=CARTESIAN_POINT('',(1.933621401011E1,2.473982888146E0,1.609483611997E-1));
#9311=CARTESIAN_POINT('',(1.943741058299E1,2.385933421668E0,2.832261870388E-1));
#9312=CARTESIAN_POINT('',(1.906692400913E1,2.594696095106E0,
-8.367123561426E-2));
#9313=CARTESIAN_POINT('',(1.912164291776E1,2.474048316768E0,3.870011164059E-2));
#9314=CARTESIAN_POINT('',(1.917636182639E1,2.353400538431E0,1.610714588954E-1));
#9315=CARTESIAN_POINT('',(1.923108073501E1,2.232752760094E0,2.834428061503E-1));
#9316=CARTESIAN_POINT('',(1.899389092833E1,2.573366791568E0,
-8.373245267773E-2));
#9317=CARTESIAN_POINT('',(1.900306278472E1,2.445219544311E0,3.872842611657E-2));
#9318=CARTESIAN_POINT('',(1.901223464111E1,2.317072297054E0,1.611893049109E-1));
#9319=CARTESIAN_POINT('',(1.902140649750E1,2.188925049798E0,2.836501837052E-1));
#9320=CARTESIAN_POINT('',(1.895068530677E1,2.574528793870E0,
-8.375350734593E-2));
#9321=CARTESIAN_POINT('',(1.893346640435E1,2.450672692972E0,3.873816444544E-2));
#9322=CARTESIAN_POINT('',(1.891624750194E1,2.326816592073E0,1.612298362368E-1));
#9323=CARTESIAN_POINT('',(1.889902859952E1,2.202960491175E0,2.837215080282E-1));
#9324=CARTESIAN_POINT('',(1.893711598308E1,2.576526303088E0,
-8.375773934206E-2));
#9325=CARTESIAN_POINT('',(1.891161300836E1,2.454995907042E0,3.874012185317E-2));
#9326=CARTESIAN_POINT('',(1.888611003364E1,2.333465510996E0,1.612379830484E-1));
#9327=CARTESIAN_POINT('',(1.886060705892E1,2.211935114949E0,2.837358442436E-1));
#9328=B_SPLINE_SURFACE_WITH_KNOTS('',3,3,((#9292,#9293,#9294,#9295),(#9296,
#9297,#9298,#9299),(#9300,#9301,#9302,#9303),(#9304,#9305,#9306,#9307),(#9308,
#9309,#9310,#9311),(#9312,#9313,#9314,#9315),(#9316,#9317,#9318,#9319),(#9320,
#9321,#9322,#9323),(#9324,#9325,#9326,#9327)),.UNSPECIFIED.,.F.,.F.,.F.,(4,1,1,
1,1,1,4),(4,4),(-1.233988904756E-1,0.E0,2.5E-1,5.E-1,7.5E-1,1.E0,
1.120173484610E0),(-4.188345488287E-1,1.418834548829E0),.UNSPECIFIED.);
#9329=ORIENTED_EDGE('',*,*,#9285,.F.);
#9330=ORIENTED_EDGE('',*,*,#7504,.T.);
#9332=ORIENTED_EDGE('',*,*,#9331,.T.);
#9334=ORIENTED_EDGE('',*,*,#9333,.F.);
#9335=EDGE_LOOP('',(#9329,#9330,#9332,#9334));
#9336=FACE_OUTER_BOUND('',#9335,.F.);
#9338=CARTESIAN_POINT('',(1.836438935560E1,2.386661187523E0,9.996573249756E-2));
#9339=DIRECTION('',(0.E0,-6.977904598417E-1,-7.163019434247E-1));
#9340=DIRECTION('',(0.E0,-7.163019434247E-1,6.977904598417E-1));
#9341=AXIS2_PLACEMENT_3D('',#9338,#9339,#9340);
#9342=PLANE('',#9341);
#9343=ORIENTED_EDGE('',*,*,#7502,.T.);
#9345=ORIENTED_EDGE('',*,*,#9344,.T.);
#9347=ORIENTED_EDGE('',*,*,#9346,.F.);
#9348=ORIENTED_EDGE('',*,*,#9331,.F.);
#9349=EDGE_LOOP('',(#9343,#9345,#9347,#9348));
#9350=FACE_OUTER_BOUND('',#9349,.F.);
#9352=CARTESIAN_POINT('',(1.775E1,0.E0,9.996575057963E-2));
#9353=DIRECTION('',(0.E0,0.E0,-1.E0));
#9354=DIRECTION('',(0.E0,-1.E0,0.E0));
#9355=AXIS2_PLACEMENT_3D('',#9352,#9353,#9354);
#9356=CONICAL_SURFACE('',#9355,2.386661168961E0,4.575E1);
#9357=ORIENTED_EDGE('',*,*,#7500,.T.);
#9359=ORIENTED_EDGE('',*,*,#9358,.T.);
#9360=ORIENTED_EDGE('',*,*,#8515,.F.);
#9361=ORIENTED_EDGE('',*,*,#9344,.F.);
#9362=EDGE_LOOP('',(#9357,#9359,#9360,#9361));
#9363=FACE_OUTER_BOUND('',#9362,.F.);
#9365=CARTESIAN_POINT('',(1.836438935560E1,-2.386661187523E0,
9.996573249756E-2));
#9366=DIRECTION('',(0.E0,6.977904598417E-1,-7.163019434247E-1));
#9367=DIRECTION('',(0.E0,7.163019434247E-1,6.977904598417E-1));
#9368=AXIS2_PLACEMENT_3D('',#9365,#9366,#9367);
#9369=PLANE('',#9368);
#9370=ORIENTED_EDGE('',*,*,#7498,.T.);
#9372=ORIENTED_EDGE('',*,*,#9371,.T.);
#9374=ORIENTED_EDGE('',*,*,#9373,.F.);
#9375=ORIENTED_EDGE('',*,*,#9358,.F.);
#9376=EDGE_LOOP('',(#9370,#9372,#9374,#9375));
#9377=FACE_OUTER_BOUND('',#9376,.F.);
#9379=CARTESIAN_POINT('',(1.893624013945E1,-2.576629666802E0,
-8.375801729333E-2));
#9380=CARTESIAN_POINT('',(1.891020030925E1,-2.455231479890E0,
3.874025041282E-2));
#9381=CARTESIAN_POINT('',(1.888416047905E1,-2.333833292979E0,
1.612385181190E-1));
#9382=CARTESIAN_POINT('',(1.885812064885E1,-2.212435106068E0,
2.837367858251E-1));
#9383=CARTESIAN_POINT('',(1.895009162257E1,-2.574539813246E0,
-8.375379711311E-2));
#9384=CARTESIAN_POINT('',(1.893250916062E1,-2.450739177711E0,
3.873829847027E-2));
#9385=CARTESIAN_POINT('',(1.891492669866E1,-2.326938542176E0,
1.612303940536E-1));
#9386=CARTESIAN_POINT('',(1.889734423671E1,-2.203137906642E0,
2.837224896370E-1));
#9387=CARTESIAN_POINT('',(1.899364775576E1,-2.573289861567E0,
-8.373267372405E-2));
#9388=CARTESIAN_POINT('',(1.900266819903E1,-2.445114685131E0,
3.872852835621E-2));
#9389=CARTESIAN_POINT('',(1.901168864230E1,-2.316939508695E0,
1.611897304365E-1));
#9390=CARTESIAN_POINT('',(1.902070908557E1,-2.188764332258E0,
2.836509325167E-1));
#9391=CARTESIAN_POINT('',(1.906701738660E1,-2.594699408183E0,
-8.367113814541E-2));
#9392=CARTESIAN_POINT('',(1.912179504002E1,-2.474042703683E0,
3.870006655873E-2));
#9393=CARTESIAN_POINT('',(1.917657269345E1,-2.353385999183E0,
1.610712712629E-1));
#9394=CARTESIAN_POINT('',(1.923135034688E1,-2.232729294683E0,
2.834424759670E-1));
#9395=CARTESIAN_POINT('',(1.913414762102E1,-2.650444795224E0,
-8.360702580454E-2));
#9396=CARTESIAN_POINT('',(1.923557215829E1,-2.562624065239E0,
3.867041294203E-2));
#9397=CARTESIAN_POINT('',(1.933699669556E1,-2.474803335254E0,
1.609478516886E-1));
#9398=CARTESIAN_POINT('',(1.943842123282E1,-2.386982605269E0,
2.832252904352E-1));
#9399=CARTESIAN_POINT('',(1.917497403503E1,-2.726139019832E0,
-8.359684883944E-2));
#9400=CARTESIAN_POINT('',(1.930402251386E1,-2.688603689492E0,
3.866570583233E-2));
#9401=CARTESIAN_POINT('',(1.943307099268E1,-2.651068359152E0,
1.609282605041E-1));
#9402=CARTESIAN_POINT('',(1.956211947150E1,-2.613533028812E0,
2.831908151759E-1));
#9403=CARTESIAN_POINT('',(1.918227522109E1,-2.798747234055E0,
-8.363929023877E-2));
#9404=CARTESIAN_POINT('',(1.931351502333E1,-2.808695397361E0,
3.868533607778E-2));
#9405=CARTESIAN_POINT('',(1.944475482557E1,-2.818643560667E0,
1.610099623943E-1));
#9406=CARTESIAN_POINT('',(1.957599462781E1,-2.828591723974E0,
2.833345887109E-1));
#9407=CARTESIAN_POINT('',(1.917401525570E1,-2.840069720597E0,
-8.367385536209E-2));
#9408=CARTESIAN_POINT('',(1.929739610573E1,-2.876292277453E0,
3.870132334176E-2));
#9409=CARTESIAN_POINT('',(1.942077695577E1,-2.912514834309E0,
1.610765020456E-1));
#9410=CARTESIAN_POINT('',(1.954415780580E1,-2.948737391165E0,
2.834516807495E-1));
#9411=CARTESIAN_POINT('',(1.916989125887E1,-2.853086711028E0,
-8.368549878403E-2));
#9412=CARTESIAN_POINT('',(1.928969929257E1,-2.897470163061E0,
3.870670872570E-2));
#9413=CARTESIAN_POINT('',(1.940950732628E1,-2.941853615094E0,
1.610989162354E-1));
#9414=CARTESIAN_POINT('',(1.952931535999E1,-2.986237067127E0,
2.834911237452E-1));
#9415=B_SPLINE_SURFACE_WITH_KNOTS('',3,3,((#9379,#9380,#9381,#9382),(#9383,
#9384,#9385,#9386),(#9387,#9388,#9389,#9390),(#9391,#9392,#9393,#9394),(#9395,
#9396,#9397,#9398),(#9399,#9400,#9401,#9402),(#9403,#9404,#9405,#9406),(#9407,
#9408,#9409,#9410),(#9411,#9412,#9413,#9414)),.UNSPECIFIED.,.F.,.F.,.F.,(4,1,1,
1,1,1,4),(4,4),(-1.225111920955E-1,0.E0,2.5E-1,5.E-1,7.5E-1,1.E0,
1.122522980074E0),(-4.188345488287E-1,1.418834548829E0),.UNSPECIFIED.);
#9416=ORIENTED_EDGE('',*,*,#7496,.T.);
#9417=ORIENTED_EDGE('',*,*,#7774,.T.);
#9419=ORIENTED_EDGE('',*,*,#9418,.F.);
#9420=ORIENTED_EDGE('',*,*,#9371,.F.);
#9421=EDGE_LOOP('',(#9416,#9417,#9419,#9420));
#9422=FACE_OUTER_BOUND('',#9421,.F.);
#9424=CARTESIAN_POINT('',(1.943821822519E1,-2.973378362291E0,
1.317603206130E-1));
#9425=CARTESIAN_POINT('',(1.944846572159E1,-2.968655170434E0,
3.121317405833E-1));
#9426=CARTESIAN_POINT('',(1.946991494554E1,-2.958766074415E0,
6.897810813926E-1));
#9427=CARTESIAN_POINT('',(1.949712320527E1,-2.946214132456E0,1.169120406E0));
#9428=CARTESIAN_POINT('',(1.951408505757E1,-2.938385383903E0,1.468088251464E0));
#9429=CARTESIAN_POINT('',(1.951985343844E1,-2.935722551192E0,1.569777730053E0));
#9430=CARTESIAN_POINT('',(1.961234126349E1,-2.542150066831E0,
1.105757050997E-1));
#9431=CARTESIAN_POINT('',(1.962258886919E1,-2.537426824599E0,
2.909490488292E-1));
#9432=CARTESIAN_POINT('',(1.964403832135E1,-2.527537623363E0,
6.686024076974E-1));
#9433=CARTESIAN_POINT('',(1.967124686911E1,-2.514985548531E0,1.147946806511E0));
#9434=CARTESIAN_POINT('',(1.968820890024E1,-2.507156717435E0,1.446917804159E0));
#9435=CARTESIAN_POINT('',(1.969397734185E1,-2.504493856687E0,1.548608353460E0));
#9436=CARTESIAN_POINT('',(1.930817776171E1,-2.189807678681E0,
1.186298285926E-1));
#9437=CARTESIAN_POINT('',(1.931842517649E1,-2.185084524446E0,
2.989998118402E-1));
#9438=CARTESIAN_POINT('',(1.933987423E1,-2.175195507006E0,6.766461518391E-1));
#9439=CARTESIAN_POINT('',(1.936708227463E1,-2.162643664280E0,1.155981686872E0));
#9440=CARTESIAN_POINT('',(1.938404399336E1,-2.154814977373E0,1.454947178188E0));
#9441=CARTESIAN_POINT('',(1.938981232888E1,-2.152152165601E0,1.556635857136E0));
#9442=CARTESIAN_POINT('',(1.885671178394E1,-2.299762471383E0,
1.471583702221E-1));
#9443=CARTESIAN_POINT('',(1.886695891534E1,-2.295039447761E0,
3.275233655497E-1));
#9444=CARTESIAN_POINT('',(1.888840737715E1,-2.285150703127E0,
7.051592875310E-1));
#9445=CARTESIAN_POINT('',(1.891561467499E1,-2.272599204913E0,1.184481666167E0));
#9446=CARTESIAN_POINT('',(1.893257593003E1,-2.264770732023E0,1.483438984507E0));
#9447=CARTESIAN_POINT('',(1.893834410807E1,-2.262107992947E0,1.585124887315E0));
#9448=(BOUNDED_SURFACE()B_SPLINE_SURFACE(3,3,((#9424,#9425,#9426,#9427,#9428,
#9429),(#9430,#9431,#9432,#9433,#9434,#9435),(#9436,#9437,#9438,#9439,#9440,
#9441),(#9442,#9443,#9444,#9445,#9446,#9447)),.UNSPECIFIED.,.F.,.F.,.F.)B_SPLINE_SURFACE_WITH_KNOTS((4,4),(4,1,1,4),(0.E0,1.E0),(3.766649325932E-1,
4.127527387094E-1,4.522230446812E-1,4.725684675734E-1),.UNSPECIFIED.)GEOMETRIC_REPRESENTATION_ITEM()RATIONAL_B_SPLINE_SURFACE(((1.373710394827E0,
1.373710394827E0,1.373710394827E0,1.373710394827E0,1.373710394827E0,
1.373710394827E0),(8.754298683910E-1,8.754298683910E-1,8.754298683910E-1,
8.754298683910E-1,8.754298683910E-1,8.754298683910E-1),(8.754298683910E-1,
8.754298683910E-1,8.754298683910E-1,8.754298683910E-1,8.754298683910E-1,
8.754298683910E-1),(1.373710394827E0,1.373710394827E0,1.373710394827E0,
1.373710394827E0,1.373710394827E0,1.373710394827E0)))REPRESENTATION_ITEM('')SURFACE());
#9449=ORIENTED_EDGE('',*,*,#9418,.T.);
#9450=ORIENTED_EDGE('',*,*,#7811,.T.);
#9452=ORIENTED_EDGE('',*,*,#9451,.F.);
#9454=ORIENTED_EDGE('',*,*,#9453,.F.);
#9455=EDGE_LOOP('',(#9449,#9450,#9452,#9454));
#9456=FACE_OUTER_BOUND('',#9455,.F.);
#9458=CARTESIAN_POINT('',(1.952011830004E1,-2.935065260931E0,1.430254516631E0));
#9459=CARTESIAN_POINT('',(1.951584957858E1,-2.937035812356E0,1.505506839510E0));
#9460=CARTESIAN_POINT('',(1.950604716475E1,-2.941560311692E0,1.678290498219E0));
#9461=CARTESIAN_POINT('',(1.949398013725E1,-2.947128541232E0,1.890932605380E0));
#9462=CARTESIAN_POINT('',(1.948618180652E1,-2.950726219312E0,2.028322388297E0));
#9463=CARTESIAN_POINT('',(1.948391926401E1,-2.951769952446E0,2.068180948608E0));
#9464=CARTESIAN_POINT('',(1.969345306404E1,-2.504030279142E0,1.451374056394E0));
#9465=CARTESIAN_POINT('',(1.968918429783E1,-2.506000851222E0,1.526627168032E0));
#9466=CARTESIAN_POINT('',(1.967938178116E1,-2.510525398028E0,1.699412639597E0));
#9467=CARTESIAN_POINT('',(1.966731462676E1,-2.516093686126E0,1.912056982979E0));
#9468=CARTESIAN_POINT('',(1.965951621386E1,-2.519691402110E0,2.049448213402E0));
#9469=CARTESIAN_POINT('',(1.965725364750E1,-2.520735146247E0,2.089307193878E0));
#9470=CARTESIAN_POINT('',(1.938935033155E1,-2.152264685942E0,1.443334999951E0));
#9471=CARTESIAN_POINT('',(1.938508164384E1,-2.154235221784E0,1.518586727772E0));
#9472=CARTESIAN_POINT('',(1.937527930761E1,-2.158759685306E0,1.691369018818E0));
#9473=CARTESIAN_POINT('',(1.936321237584E1,-2.164327870669E0,1.904009438919E0));
#9474=CARTESIAN_POINT('',(1.935541410710E1,-2.167925520153E0,2.041398129802E0));
#9475=CARTESIAN_POINT('',(1.935315158257E1,-2.168969244987E0,2.081256373131E0));
#9476=CARTESIAN_POINT('',(1.893834410747E1,-2.262107993221E0,1.414875123184E0));
#9477=CARTESIAN_POINT('',(1.893407553618E1,-2.264078475323E0,1.490124798706E0));
#9478=CARTESIAN_POINT('',(1.892427346755E1,-2.268602815327E0,1.662902372812E0));
#9479=CARTESIAN_POINT('',(1.891220686598E1,-2.274170848327E0,1.875536974404E0));
#9480=CARTESIAN_POINT('',(1.890440881101E1,-2.277768399187E0,2.012921898969E0));
#9481=CARTESIAN_POINT('',(1.890214634854E1,-2.278812095393E0,2.052779049055E0));
#9482=(BOUNDED_SURFACE()B_SPLINE_SURFACE(3,3,((#9458,#9459,#9460,#9461,#9462,
#9463),(#9464,#9465,#9466,#9467,#9468,#9469),(#9470,#9471,#9472,#9473,#9474,
#9475),(#9476,#9477,#9478,#9479,#9480,#9481)),.UNSPECIFIED.,.F.,.F.,.F.)B_SPLINE_SURFACE_WITH_KNOTS((4,4),(4,1,1,4),(0.E0,1.E0),(4.604023077328E-1,
4.754582889753E-1,4.949717188112E-1,5.029463695399E-1),.UNSPECIFIED.)GEOMETRIC_REPRESENTATION_ITEM()RATIONAL_B_SPLINE_SURFACE(((1.373115040639E0,
1.373115040639E0,1.373115040639E0,1.373115040639E0,1.373115040639E0,
1.373115040639E0),(8.756283197871E-1,8.756283197871E-1,8.756283197871E-1,
8.756283197871E-1,8.756283197871E-1,8.756283197871E-1),(8.756283197871E-1,
8.756283197871E-1,8.756283197871E-1,8.756283197871E-1,8.756283197871E-1,
8.756283197871E-1),(1.373115040639E0,1.373115040639E0,1.373115040639E0,
1.373115040639E0,1.373115040639E0,1.373115040639E0)))REPRESENTATION_ITEM('')SURFACE());
#9483=ORIENTED_EDGE('',*,*,#8597,.T.);
#9485=ORIENTED_EDGE('',*,*,#9484,.F.);
#9486=ORIENTED_EDGE('',*,*,#9451,.T.);
#9488=ORIENTED_EDGE('',*,*,#9487,.T.);
#9489=EDGE_LOOP('',(#9483,#9485,#9486,#9488));
#9490=FACE_OUTER_BOUND('',#9489,.F.);
#9492=CARTESIAN_POINT('',(1.962141687035E1,-2.25E0,1.5E0));
#9493=DIRECTION('',(0.E0,-9.996573249756E-1,-2.617694830787E-2));
#9494=DIRECTION('',(1.E0,0.E0,0.E0));
#9495=AXIS2_PLACEMENT_3D('',#9492,#9493,#9494);
#9496=PLANE('',#9495);
#9497=ORIENTED_EDGE('',*,*,#9484,.T.);
#9498=ORIENTED_EDGE('',*,*,#8595,.T.);
#9499=ORIENTED_EDGE('',*,*,#8532,.T.);
#9501=ORIENTED_EDGE('',*,*,#9500,.F.);
#9502=EDGE_LOOP('',(#9497,#9498,#9499,#9501));
#9503=FACE_OUTER_BOUND('',#9502,.F.);
#9505=CARTESIAN_POINT('',(1.962141687035E1,-2.25E0,1.5E0));
#9506=DIRECTION('',(0.E0,-9.996573249756E-1,2.617694830787E-2));
#9507=DIRECTION('',(1.E0,0.E0,0.E0));
#9508=AXIS2_PLACEMENT_3D('',#9505,#9506,#9507);
#9509=PLANE('',#9508);
#9510=ORIENTED_EDGE('',*,*,#9373,.T.);
#9511=ORIENTED_EDGE('',*,*,#9453,.T.);
#9512=ORIENTED_EDGE('',*,*,#9500,.T.);
#9513=ORIENTED_EDGE('',*,*,#8517,.T.);
#9514=EDGE_LOOP('',(#9510,#9511,#9512,#9513));
#9515=FACE_OUTER_BOUND('',#9514,.F.);
#9517=CARTESIAN_POINT('',(0.E0,0.E0,1.750359112649E0));
#9518=DIRECTION('',(0.E0,0.E0,-1.E0));
#9519=DIRECTION('',(-1.E0,0.E0,0.E0));
#9520=AXIS2_PLACEMENT_3D('',#9517,#9518,#9519);
#9521=CONICAL_SURFACE('',#9520,1.973687923488E1,3.E0);
#9522=ORIENTED_EDGE('',*,*,#8212,.F.);
#9523=ORIENTED_EDGE('',*,*,#8291,.F.);
#9524=ORIENTED_EDGE('',*,*,#7828,.F.);
#9526=ORIENTED_EDGE('',*,*,#9525,.F.);
#9527=ORIENTED_EDGE('',*,*,#7862,.F.);
#9529=ORIENTED_EDGE('',*,*,#9528,.F.);
#9530=ORIENTED_EDGE('',*,*,#8629,.T.);
#9531=EDGE_LOOP('',(#9522,#9523,#9524,#9526,#9527,#9529,#9530));
#9532=FACE_OUTER_BOUND('',#9531,.F.);
#9534=CARTESIAN_POINT('',(0.E0,0.E0,1.750359112649E0));
#9535=DIRECTION('',(0.E0,0.E0,-1.E0));
#9536=DIRECTION('',(-1.E0,0.E0,0.E0));
#9537=AXIS2_PLACEMENT_3D('',#9534,#9535,#9536);
#9538=CONICAL_SURFACE('',#9537,1.973687923488E1,3.E0);
#9540=ORIENTED_EDGE('',*,*,#9539,.T.);
#9541=ORIENTED_EDGE('',*,*,#8666,.T.);
#9543=ORIENTED_EDGE('',*,*,#9542,.F.);
#9544=ORIENTED_EDGE('',*,*,#7844,.F.);
#9546=ORIENTED_EDGE('',*,*,#9545,.F.);
#9547=EDGE_LOOP('',(#9540,#9541,#9543,#9544,#9546));
#9548=FACE_OUTER_BOUND('',#9547,.F.);
#9550=CARTESIAN_POINT('',(0.E0,0.E0,1.750359112649E0));
#9551=DIRECTION('',(0.E0,0.E0,-1.E0));
#9552=DIRECTION('',(-1.E0,0.E0,0.E0));
#9553=AXIS2_PLACEMENT_3D('',#9550,#9551,#9552);
#9554=CONICAL_SURFACE('',#9553,1.973687923488E1,3.E0);
#9555=ORIENTED_EDGE('',*,*,#8035,.F.);
#9556=ORIENTED_EDGE('',*,*,#7979,.F.);
#9557=ORIENTED_EDGE('',*,*,#7793,.F.);
#9559=ORIENTED_EDGE('',*,*,#9558,.F.);
#9560=ORIENTED_EDGE('',*,*,#8654,.T.);
#9561=EDGE_LOOP('',(#9555,#9556,#9557,#9559,#9560));
#9562=FACE_OUTER_BOUND('',#9561,.F.);
#9564=CARTESIAN_POINT('',(0.E0,0.E0,1.750359112649E0));
#9565=DIRECTION('',(0.E0,0.E0,-1.E0));
#9566=DIRECTION('',(-1.E0,0.E0,0.E0));
#9567=AXIS2_PLACEMENT_3D('',#9564,#9565,#9566);
#9568=CONICAL_SURFACE('',#9567,1.973687923488E1,3.E0);
#9570=ORIENTED_EDGE('',*,*,#9569,.T.);
#9571=ORIENTED_EDGE('',*,*,#8599,.T.);
#9572=ORIENTED_EDGE('',*,*,#9487,.F.);
#9573=ORIENTED_EDGE('',*,*,#7809,.F.);
#9575=ORIENTED_EDGE('',*,*,#9574,.F.);
#9576=EDGE_LOOP('',(#9570,#9571,#9572,#9573,#9575));
#9577=FACE_OUTER_BOUND('',#9576,.F.);
#9579=CARTESIAN_POINT('',(0.E0,0.E0,1.5E0));
#9580=DIRECTION('',(0.E0,0.E0,-1.E0));
#9581=DIRECTION('',(-1.E0,0.E0,0.E0));
#9582=AXIS2_PLACEMENT_3D('',#9579,#9580,#9581);
#9583=PLANE('',#9582);
#9584=ORIENTED_EDGE('',*,*,#9525,.T.);
#9586=ORIENTED_EDGE('',*,*,#9585,.F.);
#9588=ORIENTED_EDGE('',*,*,#9587,.F.);
#9590=ORIENTED_EDGE('',*,*,#9589,.F.);
#9591=ORIENTED_EDGE('',*,*,#8416,.T.);
#9593=ORIENTED_EDGE('',*,*,#9592,.F.);
#9594=ORIENTED_EDGE('',*,*,#9114,.F.);
#9596=ORIENTED_EDGE('',*,*,#9595,.F.);
#9597=ORIENTED_EDGE('',*,*,#9042,.F.);
#9598=ORIENTED_EDGE('',*,*,#9077,.F.);
#9599=ORIENTED_EDGE('',*,*,#9095,.F.);
#9601=ORIENTED_EDGE('',*,*,#9600,.F.);
#9602=EDGE_LOOP('',(#9584,#9586,#9588,#9590,#9591,#9593,#9594,#9596,#9597,#9598,
#9599,#9601));
#9603=FACE_OUTER_BOUND('',#9602,.F.);
#9605=ORIENTED_EDGE('',*,*,#9604,.T.);
#9607=ORIENTED_EDGE('',*,*,#9606,.T.);
#9608=EDGE_LOOP('',(#9605,#9607));
#9609=FACE_BOUND('',#9608,.F.);
#9611=CARTESIAN_POINT('',(1.25E1,8.25E0,2.5E0));
#9612=DIRECTION('',(0.E0,0.E0,-1.E0));
#9613=DIRECTION('',(-1.E0,0.E0,0.E0));
#9614=AXIS2_PLACEMENT_3D('',#9611,#9612,#9613);
#9615=CONICAL_SURFACE('',#9614,1.1E0,3.E0);
#9617=ORIENTED_EDGE('',*,*,#9616,.F.);
#9619=ORIENTED_EDGE('',*,*,#9618,.T.);
#9621=ORIENTED_EDGE('',*,*,#9620,.F.);
#9622=ORIENTED_EDGE('',*,*,#9604,.F.);
#9623=EDGE_LOOP('',(#9617,#9619,#9621,#9622));
#9624=FACE_OUTER_BOUND('',#9623,.F.);
#9626=CARTESIAN_POINT('',(1.25E1,8.25E0,2.5E0));
#9627=DIRECTION('',(0.E0,0.E0,-1.E0));
#9628=DIRECTION('',(-1.E0,0.E0,0.E0));
#9629=AXIS2_PLACEMENT_3D('',#9626,#9627,#9628);
#9630=CONICAL_SURFACE('',#9629,1.1E0,3.E0);
#9631=ORIENTED_EDGE('',*,*,#9620,.T.);
#9633=ORIENTED_EDGE('',*,*,#9632,.T.);
#9634=ORIENTED_EDGE('',*,*,#9616,.T.);
#9635=ORIENTED_EDGE('',*,*,#9606,.F.);
#9636=EDGE_LOOP('',(#9631,#9633,#9634,#9635));
#9637=FACE_OUTER_BOUND('',#9636,.F.);
#9639=CARTESIAN_POINT('',(0.E0,0.E0,3.5E0));
#9640=DIRECTION('',(0.E0,0.E0,1.E0));
#9641=DIRECTION('',(0.E0,1.E0,0.E0));
#9642=AXIS2_PLACEMENT_3D('',#9639,#9640,#9641);
#9643=PLANE('',#9642);
#9644=ORIENTED_EDGE('',*,*,#8424,.F.);
#9646=ORIENTED_EDGE('',*,*,#9645,.F.);
#9648=ORIENTED_EDGE('',*,*,#9647,.F.);
#9650=ORIENTED_EDGE('',*,*,#9649,.F.);
#9652=ORIENTED_EDGE('',*,*,#9651,.F.);
#9654=ORIENTED_EDGE('',*,*,#9653,.F.);
#9655=EDGE_LOOP('',(#9644,#9646,#9648,#9650,#9652,#9654));
#9656=FACE_OUTER_BOUND('',#9655,.F.);
#9657=ORIENTED_EDGE('',*,*,#9618,.F.);
#9658=ORIENTED_EDGE('',*,*,#9632,.F.);
#9659=EDGE_LOOP('',(#9657,#9658));
#9660=FACE_BOUND('',#9659,.F.);
#9662=CARTESIAN_POINT('',(1.25E1,8.25E0,3.E0));
#9663=DIRECTION('',(0.E0,0.E0,-1.E0));
#9664=DIRECTION('',(0.E0,-1.E0,0.E0));
#9665=AXIS2_PLACEMENT_3D('',#9662,#9663,#9664);
#9666=CONICAL_SURFACE('',#9665,2.121388331075E0,3.E0);
#9667=ORIENTED_EDGE('',*,*,#8061,.F.);
#9669=ORIENTED_EDGE('',*,*,#9668,.T.);
#9670=ORIENTED_EDGE('',*,*,#9645,.T.);
#9671=ORIENTED_EDGE('',*,*,#8422,.F.);
#9672=EDGE_LOOP('',(#9667,#9669,#9670,#9671));
#9673=FACE_OUTER_BOUND('',#9672,.F.);
#9675=CARTESIAN_POINT('',(1.315574385243E1,1.035E1,1.5E0));
#9676=DIRECTION('',(0.E0,9.986295347546E-1,5.233595624294E-2));
#9677=DIRECTION('',(-1.E0,0.E0,0.E0));
#9678=AXIS2_PLACEMENT_3D('',#9675,#9676,#9677);
#9679=PLANE('',#9678);
#9680=ORIENTED_EDGE('',*,*,#8059,.F.);
#9682=ORIENTED_EDGE('',*,*,#9681,.T.);
#9683=ORIENTED_EDGE('',*,*,#9647,.T.);
#9684=ORIENTED_EDGE('',*,*,#9668,.F.);
#9685=EDGE_LOOP('',(#9680,#9682,#9683,#9684));
#9686=FACE_OUTER_BOUND('',#9685,.F.);
#9688=CARTESIAN_POINT('',(1.25E1,8.25E0,3.E0));
#9689=DIRECTION('',(0.E0,0.E0,-1.E0));
#9690=DIRECTION('',(0.E0,-1.E0,0.E0));
#9691=AXIS2_PLACEMENT_3D('',#9688,#9689,#9690);
#9692=CONICAL_SURFACE('',#9691,2.121388331075E0,3.E0);
#9693=ORIENTED_EDGE('',*,*,#8057,.F.);
#9695=ORIENTED_EDGE('',*,*,#9694,.T.);
#9696=ORIENTED_EDGE('',*,*,#9649,.T.);
#9697=ORIENTED_EDGE('',*,*,#9681,.F.);
#9698=EDGE_LOOP('',(#9693,#9695,#9696,#9697));
#9699=FACE_OUTER_BOUND('',#9698,.F.);
#9701=CARTESIAN_POINT('',(1.47E1,5.75E0,1.5E0));
#9702=DIRECTION('',(9.986295347546E-1,0.E0,5.233595624294E-2));
#9703=DIRECTION('',(0.E0,1.E0,0.E0));
#9704=AXIS2_PLACEMENT_3D('',#9701,#9702,#9703);
#9705=PLANE('',#9704);
#9706=ORIENTED_EDGE('',*,*,#8055,.F.);
#9708=ORIENTED_EDGE('',*,*,#9707,.T.);
#9709=ORIENTED_EDGE('',*,*,#9651,.T.);
#9710=ORIENTED_EDGE('',*,*,#9694,.F.);
#9711=EDGE_LOOP('',(#9706,#9708,#9709,#9710));
#9712=FACE_OUTER_BOUND('',#9711,.F.);
#9714=CARTESIAN_POINT('',(1.515E1,5.75E0,2.5E0));
#9715=DIRECTION('',(0.E0,1.E0,0.E0));
#9716=DIRECTION('',(-1.E0,0.E0,0.E0));
#9717=AXIS2_PLACEMENT_3D('',#9714,#9715,#9716);
#9718=PLANE('',#9717);
#9719=ORIENTED_EDGE('',*,*,#9707,.F.);
#9720=ORIENTED_EDGE('',*,*,#8053,.F.);
#9722=ORIENTED_EDGE('',*,*,#9721,.T.);
#9724=ORIENTED_EDGE('',*,*,#9723,.T.);
#9725=ORIENTED_EDGE('',*,*,#8426,.F.);
#9726=ORIENTED_EDGE('',*,*,#9653,.T.);
#9727=EDGE_LOOP('',(#9719,#9720,#9722,#9724,#9725,#9726));
#9728=FACE_OUTER_BOUND('',#9727,.F.);
#9730=CARTESIAN_POINT('',(1.515E1,9.450048001920E0,2.E0));
#9731=DIRECTION('',(-9.996573249756E-1,0.E0,-2.617694830787E-2));
#9732=DIRECTION('',(0.E0,-1.E0,0.E0));
#9733=AXIS2_PLACEMENT_3D('',#9730,#9731,#9732);
#9734=PLANE('',#9733);
#9736=ORIENTED_EDGE('',*,*,#9735,.T.);
#9738=ORIENTED_EDGE('',*,*,#9737,.T.);
#9739=ORIENTED_EDGE('',*,*,#9721,.F.);
#9740=ORIENTED_EDGE('',*,*,#8051,.F.);
#9742=ORIENTED_EDGE('',*,*,#9741,.T.);
#9743=ORIENTED_EDGE('',*,*,#8625,.T.);
#9744=EDGE_LOOP('',(#9736,#9738,#9739,#9740,#9742,#9743));
#9745=FACE_OUTER_BOUND('',#9744,.F.);
#9747=CARTESIAN_POINT('',(1.698726935928E1,1.1E0,4.E0));
#9748=DIRECTION('',(0.E0,9.996573249756E-1,-2.617694830787E-2));
#9749=DIRECTION('',(-1.E0,0.E0,0.E0));
#9750=AXIS2_PLACEMENT_3D('',#9747,#9748,#9749);
#9751=PLANE('',#9750);
#9753=ORIENTED_EDGE('',*,*,#9752,.T.);
#9754=ORIENTED_EDGE('',*,*,#8498,.T.);
#9755=ORIENTED_EDGE('',*,*,#8444,.T.);
#9757=ORIENTED_EDGE('',*,*,#9756,.T.);
#9758=ORIENTED_EDGE('',*,*,#9735,.F.);
#9759=ORIENTED_EDGE('',*,*,#8623,.T.);
#9760=EDGE_LOOP('',(#9753,#9754,#9755,#9757,#9758,#9759));
#9761=FACE_OUTER_BOUND('',#9760,.F.);
#9763=CARTESIAN_POINT('',(1.586536879964E1,1.303112661186E0,2.057653181991E0));
#9764=CARTESIAN_POINT('',(1.586623532044E1,1.301683545588E0,1.999320310148E0));
#9765=CARTESIAN_POINT('',(1.586847340242E1,1.297994777528E0,1.848738027772E0));
#9766=CARTESIAN_POINT('',(1.587155504E1,1.292924234032E0,1.641691594602E0));
#9767=CARTESIAN_POINT('',(1.587377155401E1,1.289283263867E0,1.492978048712E0));
#9768=CARTESIAN_POINT('',(1.587461357609E1,1.287900991356E0,1.436513881091E0));
#9769=CARTESIAN_POINT('',(1.583269203572E1,1.093085501771E0,2.062676081278E0));
#9770=CARTESIAN_POINT('',(1.583362825404E1,1.091645569037E0,2.004344323680E0));
#9771=CARTESIAN_POINT('',(1.583604653527E1,1.087928925593E0,1.853764922702E0));
#9772=CARTESIAN_POINT('',(1.583937694022E1,1.082820227831E0,1.646722469406E0));
#9773=CARTESIAN_POINT('',(1.584177284803E1,1.079151978512E0,1.498011795017E0));
#9774=CARTESIAN_POINT('',(1.584268308645E1,1.077759366867E0,1.441548719532E0));
#9775=CARTESIAN_POINT('',(1.564680606129E1,9.898827280026E-1,2.062665887532E0));
#9776=CARTESIAN_POINT('',(1.564777652002E1,9.883811222668E-1,2.004335185836E0));
#9777=CARTESIAN_POINT('',(1.565028340048E1,9.845050828164E-1,1.853758515381E0));
#9778=CARTESIAN_POINT('',(1.565373637674E1,9.791765381220E-1,1.646719833568E0));
#9779=CARTESIAN_POINT('',(1.565622086001E1,9.753498946543E-1,1.498011880325E0));
#9780=CARTESIAN_POINT('',(1.565716480704E1,9.738970728889E-1,1.441549839789E0));
#9781=CARTESIAN_POINT('',(1.545126436068E1,1.073204370038E0,2.057630473039E0));
#9782=CARTESIAN_POINT('',(1.545220716002E1,1.071637863420E0,1.999299953464E0));
#9783=CARTESIAN_POINT('',(1.545464261748E1,1.067594003514E0,1.848723753968E0));
#9784=CARTESIAN_POINT('',(1.545799731127E1,1.062033699610E0,1.641685722657E0));
#9785=CARTESIAN_POINT('',(1.546041114781E1,1.058039869470E0,1.492978238755E0));
#9786=CARTESIAN_POINT('',(1.546132826369E1,1.056523464848E0,1.436516376727E0));
#9787=(BOUNDED_SURFACE()B_SPLINE_SURFACE(3,3,((#9763,#9764,#9765,#9766,#9767,
#9768),(#9769,#9770,#9771,#9772,#9773,#9774),(#9775,#9776,#9777,#9778,#9779,
#9780),(#9781,#9782,#9783,#9784,#9785,#9786)),.UNSPECIFIED.,.F.,.F.,.F.)B_SPLINE_SURFACE_WITH_KNOTS((4,4),(4,1,1,4),(0.E0,1.E0),(4.892683558452E-1,
5.009732220610E-1,5.194836627661E-1,5.308135686518E-1),.UNSPECIFIED.)GEOMETRIC_REPRESENTATION_ITEM()RATIONAL_B_SPLINE_SURFACE(((1.239259630049E0,
1.239259630049E0,1.239259630049E0,1.239259630049E0,1.239259630049E0,
1.239259630049E0),(9.202467899837E-1,9.202467899837E-1,9.202467899837E-1,
9.202467899837E-1,9.202467899837E-1,9.202467899837E-1),(9.202467899837E-1,
9.202467899837E-1,9.202467899837E-1,9.202467899837E-1,9.202467899837E-1,
9.202467899837E-1),(1.239259630049E0,1.239259630049E0,1.239259630049E0,
1.239259630049E0,1.239259630049E0,1.239259630049E0)))REPRESENTATION_ITEM('')SURFACE());
#9788=ORIENTED_EDGE('',*,*,#9752,.F.);
#9789=ORIENTED_EDGE('',*,*,#8621,.T.);
#9790=ORIENTED_EDGE('',*,*,#8545,.T.);
#9791=ORIENTED_EDGE('',*,*,#8500,.T.);
#9792=EDGE_LOOP('',(#9788,#9789,#9790,#9791));
#9793=FACE_OUTER_BOUND('',#9792,.F.);
#9795=CARTESIAN_POINT('',(0.E0,0.E0,4.E0));
#9796=DIRECTION('',(0.E0,0.E0,1.E0));
#9797=DIRECTION('',(0.E0,1.E0,0.E0));
#9798=AXIS2_PLACEMENT_3D('',#9795,#9796,#9797);
#9799=PLANE('',#9798);
#9801=ORIENTED_EDGE('',*,*,#9800,.F.);
#9803=ORIENTED_EDGE('',*,*,#9802,.F.);
#9805=ORIENTED_EDGE('',*,*,#9804,.F.);
#9807=ORIENTED_EDGE('',*,*,#9806,.F.);
#9808=ORIENTED_EDGE('',*,*,#8428,.F.);
#9809=ORIENTED_EDGE('',*,*,#9723,.F.);
#9810=ORIENTED_EDGE('',*,*,#9737,.F.);
#9811=ORIENTED_EDGE('',*,*,#9756,.F.);
#9812=ORIENTED_EDGE('',*,*,#8442,.F.);
#9814=ORIENTED_EDGE('',*,*,#9813,.F.);
#9816=ORIENTED_EDGE('',*,*,#9815,.F.);
#9818=ORIENTED_EDGE('',*,*,#9817,.F.);
#9819=EDGE_LOOP('',(#9801,#9803,#9805,#9807,#9808,#9809,#9810,#9811,#9812,#9814,
#9816,#9818));
#9820=FACE_OUTER_BOUND('',#9819,.F.);
#9822=CARTESIAN_POINT('',(1.375E1,4.75E0,1.5E0));
#9823=DIRECTION('',(9.996573249756E-1,0.E0,-2.617694830787E-2));
#9824=DIRECTION('',(0.E0,1.E0,0.E0));
#9825=AXIS2_PLACEMENT_3D('',#9822,#9823,#9824);
#9826=PLANE('',#9825);
#9827=ORIENTED_EDGE('',*,*,#9800,.T.);
#9829=ORIENTED_EDGE('',*,*,#9828,.F.);
#9831=ORIENTED_EDGE('',*,*,#9830,.T.);
#9833=ORIENTED_EDGE('',*,*,#9832,.T.);
#9834=EDGE_LOOP('',(#9827,#9829,#9831,#9833));
#9835=FACE_OUTER_BOUND('',#9834,.F.);
#9837=CARTESIAN_POINT('',(1.326640875930E1,2.233591240700E0,-5.507139407625E0));
#9838=DIRECTION('',(2.616798426498E-2,-2.616798426498E-2,9.993150019884E-1));
#9839=DIRECTION('',(0.E0,-9.996573249756E-1,-2.617694830787E-2));
#9840=AXIS2_PLACEMENT_3D('',#9837,#9838,#9839);
#9841=CYLINDRICAL_SURFACE('',#9840,3.E-1);
#9843=ORIENTED_EDGE('',*,*,#9842,.F.);
#9845=ORIENTED_EDGE('',*,*,#9844,.F.);
#9846=ORIENTED_EDGE('',*,*,#9828,.T.);
#9847=ORIENTED_EDGE('',*,*,#9817,.T.);
#9848=EDGE_LOOP('',(#9843,#9845,#9846,#9847));
#9849=FACE_OUTER_BOUND('',#9848,.F.);
#9851=CARTESIAN_POINT('',(1.375E1,1.75E0,1.5E0));
#9852=DIRECTION('',(0.E0,-9.996573249756E-1,-2.617694830787E-2));
#9853=DIRECTION('',(1.E0,0.E0,0.E0));
#9854=AXIS2_PLACEMENT_3D('',#9851,#9852,#9853);
#9855=PLANE('',#9854);
#9857=ORIENTED_EDGE('',*,*,#9856,.F.);
#9859=ORIENTED_EDGE('',*,*,#9858,.F.);
#9860=ORIENTED_EDGE('',*,*,#9842,.T.);
#9861=ORIENTED_EDGE('',*,*,#9815,.T.);
#9863=ORIENTED_EDGE('',*,*,#9862,.F.);
#9864=EDGE_LOOP('',(#9857,#9859,#9860,#9861,#9863));
#9865=FACE_OUTER_BOUND('',#9864,.F.);
#9867=CARTESIAN_POINT('',(1.375E1,1.75E0,1.5E0));
#9868=DIRECTION('',(0.E0,-9.996573249756E-1,2.617694830787E-2));
#9869=DIRECTION('',(1.E0,0.E0,0.E0));
#9870=AXIS2_PLACEMENT_3D('',#9867,#9868,#9869);
#9871=PLANE('',#9870);
#9873=ORIENTED_EDGE('',*,*,#9872,.T.);
#9875=ORIENTED_EDGE('',*,*,#9874,.F.);
#9876=ORIENTED_EDGE('',*,*,#9856,.T.);
#9878=ORIENTED_EDGE('',*,*,#9877,.F.);
#9879=EDGE_LOOP('',(#9873,#9875,#9876,#9878));
#9880=FACE_OUTER_BOUND('',#9879,.F.);
#9882=CARTESIAN_POINT('',(1.247963825810E1,1.613338812477E0,9.996573249756E-2));
#9883=DIRECTION('',(0.E0,6.977904598417E-1,-7.163019434247E-1));
#9884=DIRECTION('',(0.E0,7.163019434247E-1,6.977904598417E-1));
#9885=AXIS2_PLACEMENT_3D('',#9882,#9883,#9884);
#9886=PLANE('',#9885);
#9887=ORIENTED_EDGE('',*,*,#7530,.T.);
#9889=ORIENTED_EDGE('',*,*,#9888,.T.);
#9890=ORIENTED_EDGE('',*,*,#9872,.F.);
#9892=ORIENTED_EDGE('',*,*,#9891,.F.);
#9893=EDGE_LOOP('',(#9887,#9889,#9890,#9892));
#9894=FACE_OUTER_BOUND('',#9893,.F.);
#9896=CARTESIAN_POINT('',(1.414896072066E1,1.480883401446E0,
-8.306824259976E-2));
#9897=CARTESIAN_POINT('',(1.417459668372E1,1.586718156924E0,3.842122226338E-2));
#9898=CARTESIAN_POINT('',(1.420023264678E1,1.692552912401E0,1.599106871265E-1));
#9899=CARTESIAN_POINT('',(1.422586860985E1,1.798387667878E0,2.814001519897E-1));
#9900=CARTESIAN_POINT('',(1.419308087941E1,1.456734852317E0,
-8.364621460300E-2));
#9901=CARTESIAN_POINT('',(1.421065990323E1,1.569999554918E0,3.868854934414E-2));
#9902=CARTESIAN_POINT('',(1.422823892705E1,1.683264257518E0,1.610233132913E-1));
#9903=CARTESIAN_POINT('',(1.424581795086E1,1.796528960119E0,2.833580772384E-1));
#9904=CARTESIAN_POINT('',(1.431911594782E1,1.407551153054E0,
-8.414716713502E-2));
#9905=CARTESIAN_POINT('',(1.431428225013E1,1.538514362610E0,3.892025291669E-2));
#9906=CARTESIAN_POINT('',(1.430944855243E1,1.669477572166E0,1.619876729684E-1));
#9907=CARTESIAN_POINT('',(1.430461485474E1,1.800440781722E0,2.850550930201E-1));
#9908=CARTESIAN_POINT('',(1.454517262415E1,1.389458906720E0,
-8.172792663656E-2));
#9909=CARTESIAN_POINT('',(1.449857109330E1,1.537495176848E0,3.780129127755E-2));
#9910=CARTESIAN_POINT('',(1.445196956246E1,1.685531446977E0,1.573305091917E-1));
#9911=CARTESIAN_POINT('',(1.440536803161E1,1.833567717105E0,2.768597271058E-1));
#9912=CARTESIAN_POINT('',(1.478575206052E1,1.459165597499E0,
-7.686121291647E-2));
#9913=CARTESIAN_POINT('',(1.468331146154E1,1.601221080400E0,3.555030963066E-2));
#9914=CARTESIAN_POINT('',(1.458087086255E1,1.743276563301E0,1.479618321778E-1));
#9915=CARTESIAN_POINT('',(1.447843026357E1,1.885332046202E0,2.603733547249E-1));
#9916=CARTESIAN_POINT('',(1.497818194426E1,1.603512370490E0,
-7.221442339570E-2));
#9917=CARTESIAN_POINT('',(1.482589155061E1,1.713942993466E0,3.340104864474E-2));
#9918=CARTESIAN_POINT('',(1.467360115697E1,1.824373616442E0,1.390165206852E-1));
#9919=CARTESIAN_POINT('',(1.452131076333E1,1.934804239418E0,2.446319927256E-1));
#9920=CARTESIAN_POINT('',(1.509775508452E1,1.801844564386E0,
-6.925292386497E-2));
#9921=CARTESIAN_POINT('',(1.491202537262E1,1.860066947531E0,3.203127810257E-2));
#9922=CARTESIAN_POINT('',(1.472629566072E1,1.918289330677E0,1.333154800701E-1));
#9923=CARTESIAN_POINT('',(1.454056594882E1,1.976511713822E0,2.345996820377E-1));
#9924=CARTESIAN_POINT('',(1.513223054963E1,2.004669094824E0,
-6.853351374204E-2));
#9925=CARTESIAN_POINT('',(1.493662842619E1,2.006073896159E0,3.169853221357E-2));
#9926=CARTESIAN_POINT('',(1.474102630276E1,2.007478697495E0,1.319305781692E-1));
#9927=CARTESIAN_POINT('',(1.454542417932E1,2.008883498830E0,2.321626241248E-1));
#9928=CARTESIAN_POINT('',(1.510914919434E1,2.141249560636E0,
-6.929231762491E-2));
#9929=CARTESIAN_POINT('',(1.492022954962E1,2.105400967103E0,3.204949874091E-2));
#9930=CARTESIAN_POINT('',(1.473130990491E1,2.069552373570E0,1.333913151067E-1));
#9931=CARTESIAN_POINT('',(1.454239026019E1,2.033703780037E0,2.347331314726E-1));
#9932=CARTESIAN_POINT('',(1.508882013407E1,2.206999938047E0,
-6.991144027744E-2));
#9933=CARTESIAN_POINT('',(1.490589538234E1,2.154107809777E0,3.233585906703E-2));
#9934=CARTESIAN_POINT('',(1.472297063061E1,2.101215681507E0,1.345831584115E-1));
#9935=CARTESIAN_POINT('',(1.454004587888E1,2.048323553237E0,2.368304577560E-1));
#9936=B_SPLINE_SURFACE_WITH_KNOTS('',3,3,((#9896,#9897,#9898,#9899),(#9900,
#9901,#9902,#9903),(#9904,#9905,#9906,#9907),(#9908,#9909,#9910,#9911),(#9912,
#9913,#9914,#9915),(#9916,#9917,#9918,#9919),(#9920,#9921,#9922,#9923),(#9924,
#9925,#9926,#9927),(#9928,#9929,#9930,#9931),(#9932,#9933,#9934,#9935)),
.UNSPECIFIED.,.F.,.F.,.F.,(4,1,1,1,1,1,1,4),(4,4),(-1.231967219629E-1,0.E0,
2.E-1,4.E-1,6.E-1,8.E-1,1.E0,1.185133352885E0),(-4.188344823347E-1,
1.418834482335E0),.UNSPECIFIED.);
#9937=ORIENTED_EDGE('',*,*,#7528,.T.);
#9939=ORIENTED_EDGE('',*,*,#9938,.T.);
#9941=ORIENTED_EDGE('',*,*,#9940,.F.);
#9942=ORIENTED_EDGE('',*,*,#9888,.F.);
#9943=EDGE_LOOP('',(#9937,#9939,#9941,#9942));
#9944=FACE_OUTER_BOUND('',#9943,.F.);
#9946=CARTESIAN_POINT('',(1.483231492074E1,3.25E0,8.218945842886E-2));
#9947=DIRECTION('',(-4.638751900156E-1,0.E0,-8.859005633185E-1));
#9948=DIRECTION('',(-8.859005633185E-1,0.E0,4.638751900156E-1));
#9949=AXIS2_PLACEMENT_3D('',#9946,#9947,#9948);
#9950=PLANE('',#9949);
#9951=ORIENTED_EDGE('',*,*,#7526,.T.);
#9953=ORIENTED_EDGE('',*,*,#9952,.T.);
#9955=ORIENTED_EDGE('',*,*,#9954,.F.);
#9956=ORIENTED_EDGE('',*,*,#9938,.F.);
#9957=EDGE_LOOP('',(#9951,#9953,#9955,#9956));
#9958=FACE_OUTER_BOUND('',#9957,.F.);
#9960=CARTESIAN_POINT('',(1.508877989133E1,4.303390502441E0,
-6.990132132052E-2));
#9961=CARTESIAN_POINT('',(1.490584080922E1,4.353553969181E0,3.233117878631E-2));
#9962=CARTESIAN_POINT('',(1.472290172711E1,4.403717435920E0,1.345636788931E-1));
#9963=CARTESIAN_POINT('',(1.453996264499E1,4.453880902660E0,2.36796179E-1));
#9964=CARTESIAN_POINT('',(1.510954387901E1,4.364021517854E0,
-6.927641412498E-2));
#9965=CARTESIAN_POINT('',(1.492050730124E1,4.398427135005E0,3.204214295863E-2));
#9966=CARTESIAN_POINT('',(1.473147072346E1,4.432832752156E0,1.333607000422E-1));
#9967=CARTESIAN_POINT('',(1.454243414568E1,4.467238369306E0,2.346792571259E-1));
#9968=CARTESIAN_POINT('',(1.513245668097E1,4.498045374854E0,
-6.852467860603E-2));
#9969=CARTESIAN_POINT('',(1.493679081192E1,4.495880345279E0,3.169444573340E-2));
#9970=CARTESIAN_POINT('',(1.474112494287E1,4.493715315705E0,1.319135700728E-1));
#9971=CARTESIAN_POINT('',(1.454545907382E1,4.491550286131E0,2.321326944123E-1));
#9972=CARTESIAN_POINT('',(1.509601921973E1,4.702890470042E0,
-6.929460513969E-2));
#9973=CARTESIAN_POINT('',(1.491078337666E1,4.643369778988E0,3.205055677596E-2));
#9974=CARTESIAN_POINT('',(1.472554753359E1,4.583849087935E0,1.333957186916E-1));
#9975=CARTESIAN_POINT('',(1.454031169052E1,4.524328396882E0,2.347408806072E-1));
#9976=CARTESIAN_POINT('',(1.497716481439E1,4.896883604032E0,
-7.223935046773E-2));
#9977=CARTESIAN_POINT('',(1.482513923665E1,4.786390847382E0,3.341257806372E-2));
#9978=CARTESIAN_POINT('',(1.467311365890E1,4.675898090732E0,1.390645065952E-1));
#9979=CARTESIAN_POINT('',(1.452108808116E1,4.565405334082E0,2.447164351266E-1));
#9980=CARTESIAN_POINT('',(1.478560492086E1,5.041014212665E0,
-7.686492420399E-2));
#9981=CARTESIAN_POINT('',(1.468320219183E1,4.898916060688E0,3.555202619762E-2));
#9982=CARTESIAN_POINT('',(1.458079946279E1,4.756817908711E0,1.479689765992E-1));
#9983=CARTESIAN_POINT('',(1.447839673375E1,4.614719756734E0,2.603859270008E-1));
#9984=CARTESIAN_POINT('',(1.454441243605E1,5.110594301922E0,
-8.174010303133E-2));
#9985=CARTESIAN_POINT('',(1.449797010451E1,4.962585807329E0,3.780692317674E-2));
#9986=CARTESIAN_POINT('',(1.445152777297E1,4.814577312736E0,1.573539493848E-1));
#9987=CARTESIAN_POINT('',(1.440508544143E1,4.666568818143E0,2.769009755929E-1));
#9988=CARTESIAN_POINT('',(1.432268393071E1,5.092663544771E0,
-8.410597802783E-2));
#9989=CARTESIAN_POINT('',(1.431718709682E1,4.961447239512E0,3.890120188353E-2));
#9990=CARTESIAN_POINT('',(1.431169026293E1,4.830230934253E0,1.619083817949E-1));
#9991=CARTESIAN_POINT('',(1.430619342905E1,4.699014628994E0,2.849155617063E-1));
#9992=CARTESIAN_POINT('',(1.419965530795E1,5.045826143520E0,
-8.367195780493E-2));
#9993=CARTESIAN_POINT('',(1.421606477774E1,4.931638370163E0,3.870045624441E-2));
#9994=CARTESIAN_POINT('',(1.423247424754E1,4.817450596805E0,1.610728702938E-1));
#9995=CARTESIAN_POINT('',(1.424888371734E1,4.703262823448E0,2.834452843431E-1));
#9996=CARTESIAN_POINT('',(1.415793321807E1,5.024068425022E0,
-8.318595331815E-2));
#9997=CARTESIAN_POINT('',(1.418194159704E1,4.916707559483E0,3.847566653149E-2));
#9998=CARTESIAN_POINT('',(1.420594997601E1,4.809346693945E0,1.601372863811E-1));
#9999=CARTESIAN_POINT('',(1.422995835498E1,4.701985828406E0,2.817989062308E-1));
#10000=B_SPLINE_SURFACE_WITH_KNOTS('',3,3,((#9960,#9961,#9962,#9963),(#9964,
#9965,#9966,#9967),(#9968,#9969,#9970,#9971),(#9972,#9973,#9974,#9975),(#9976,
#9977,#9978,#9979),(#9980,#9981,#9982,#9983),(#9984,#9985,#9986,#9987),(#9988,
#9989,#9990,#9991),(#9992,#9993,#9994,#9995),(#9996,#9997,#9998,#9999)),
.UNSPECIFIED.,.F.,.F.,.F.,(4,1,1,1,1,1,1,4),(4,4),(-1.758100459274E-1,0.E0,
2.E-1,4.E-1,6.E-1,8.E-1,1.E0,1.114960280078E0),(-4.188344823349E-1,
1.418834482335E0),.UNSPECIFIED.);
#10001=ORIENTED_EDGE('',*,*,#7524,.T.);
#10003=ORIENTED_EDGE('',*,*,#10002,.T.);
#10005=ORIENTED_EDGE('',*,*,#10004,.F.);
#10006=ORIENTED_EDGE('',*,*,#9952,.F.);
#10007=EDGE_LOOP('',(#10001,#10003,#10005,#10006));
#10008=FACE_OUTER_BOUND('',#10007,.F.);
#10010=CARTESIAN_POINT('',(1.247963825810E1,4.886661187523E0,
9.996573249756E-2));
#10011=DIRECTION('',(0.E0,-6.977904598417E-1,-7.163019434247E-1));
#10012=DIRECTION('',(0.E0,-7.163019434247E-1,6.977904598417E-1));
#10013=AXIS2_PLACEMENT_3D('',#10010,#10011,#10012);
#10014=PLANE('',#10013);
#10015=ORIENTED_EDGE('',*,*,#7522,.T.);
#10017=ORIENTED_EDGE('',*,*,#10016,.T.);
#10019=ORIENTED_EDGE('',*,*,#10018,.F.);
#10020=ORIENTED_EDGE('',*,*,#10002,.F.);
#10021=EDGE_LOOP('',(#10015,#10017,#10019,#10020));
#10022=FACE_OUTER_BOUND('',#10021,.F.);
#10024=CARTESIAN_POINT('',(1.069746836960E1,5.038717248733E0,
-4.187048004911E-2));
#10025=CARTESIAN_POINT('',(1.076586207969E1,4.958110030094E0,
6.664601404949E-2));
#10026=CARTESIAN_POINT('',(1.083425578979E1,4.877502811456E0,
1.751625081481E-1));
#10027=CARTESIAN_POINT('',(1.090264949988E1,4.796895592817E0,
2.836790022467E-1));
#10028=CARTESIAN_POINT('',(1.069101251360E1,5.030491086042E0,
-4.188789865181E-2));
#10029=CARTESIAN_POINT('',(1.074148828270E1,4.930636010565E0,
6.667373956013E-2));
#10030=CARTESIAN_POINT('',(1.079196405180E1,4.830780935088E0,
1.752353777721E-1));
#10031=CARTESIAN_POINT('',(1.084243982090E1,4.730925859611E0,
2.837970159840E-1));
#10032=CARTESIAN_POINT('',(1.067290098874E1,5.028842798249E0,
-4.187887601888E-2));
#10033=CARTESIAN_POINT('',(1.068426692337E1,4.912846312582E0,
6.665937806916E-2));
#10034=CARTESIAN_POINT('',(1.069563285800E1,4.796849826915E0,
1.751976321572E-1));
#10035=CARTESIAN_POINT('',(1.070699879263E1,4.680853341248E0,
2.837358862453E-1));
#10036=CARTESIAN_POINT('',(1.064879612702E1,5.039608100498E0,
-4.184196299691E-2));
#10037=CARTESIAN_POINT('',(1.060450234412E1,4.931931129842E0,
6.660062293241E-2));
#10038=CARTESIAN_POINT('',(1.056020856122E1,4.824254159187E0,
1.750432088617E-1));
#10039=CARTESIAN_POINT('',(1.051591477831E1,4.716577188531E0,
2.834857947910E-1));
#10040=CARTESIAN_POINT('',(1.063572670382E1,5.052083778326E0,
-4.181584948927E-2));
#10041=CARTESIAN_POINT('',(1.055258078151E1,4.968739248177E0,
6.655905758147E-2));
#10042=CARTESIAN_POINT('',(1.046943485921E1,4.885394718028E0,
1.749339646522E-1));
#10043=CARTESIAN_POINT('',(1.038628893690E1,4.802050187879E0,
2.833088717230E-1));
#10044=CARTESIAN_POINT('',(1.062679394502E1,5.066637037844E0,
-4.180826789099E-2));
#10045=CARTESIAN_POINT('',(1.051771370732E1,5.021466957586E0,
6.654698981190E-2));
#10046=CARTESIAN_POINT('',(1.040863346962E1,4.976296877328E0,
1.749022475148E-1));
#10047=CARTESIAN_POINT('',(1.029955323192E1,4.931126797070E0,
2.832575052177E-1));
#10048=CARTESIAN_POINT('',(1.062067610484E1,5.087730113374E0,
-4.182749206550E-2));
#10049=CARTESIAN_POINT('',(1.050134762729E1,5.098790152609E0,
6.657758928444E-2));
#10050=CARTESIAN_POINT('',(1.038201914974E1,5.109850191844E0,
1.749826706344E-1));
#10051=CARTESIAN_POINT('',(1.026269067218E1,5.120910231079E0,
2.833877519843E-1));
#10052=CARTESIAN_POINT('',(1.062234297084E1,5.103702861361E0,
-4.185827449975E-2));
#10053=CARTESIAN_POINT('',(1.051855878894E1,5.154210109481E0,
6.662658625183E-2));
#10054=CARTESIAN_POINT('',(1.041477460704E1,5.204717357601E0,
1.751114470034E-1));
#10055=CARTESIAN_POINT('',(1.031099042514E1,5.255224605721E0,
2.835963077550E-1));
#10056=CARTESIAN_POINT('',(1.062668772438E1,5.112312684021E0,
-4.187640596423E-2));
#10057=CARTESIAN_POINT('',(1.054282446331E1,5.179871482623E0,
6.665544643770E-2));
#10058=CARTESIAN_POINT('',(1.045896120223E1,5.247430281224E0,
1.751872988396E-1));
#10059=CARTESIAN_POINT('',(1.037509794115E1,5.314989079826E0,
2.837191512416E-1));
#10060=B_SPLINE_SURFACE_WITH_KNOTS('',3,3,((#10024,#10025,#10026,#10027),
(#10028,#10029,#10030,#10031),(#10032,#10033,#10034,#10035),(#10036,#10037,
#10038,#10039),(#10040,#10041,#10042,#10043),(#10044,#10045,#10046,#10047),(
#10048,#10049,#10050,#10051),(#10052,#10053,#10054,#10055),(#10056,#10057,
#10058,#10059)),.UNSPECIFIED.,.F.,.F.,.F.,(4,1,1,1,1,1,4),(4,4),(
-4.376682946700E-1,0.E0,2.5E-1,5.E-1,7.5E-1,1.E0,1.429035438344E0),(
-2.094172754679E-1,1.418834550936E0),.UNSPECIFIED.);
#10061=ORIENTED_EDGE('',*,*,#7520,.T.);
#10063=ORIENTED_EDGE('',*,*,#10062,.T.);
#10065=ORIENTED_EDGE('',*,*,#10064,.F.);
#10066=ORIENTED_EDGE('',*,*,#10016,.F.);
#10067=EDGE_LOOP('',(#10061,#10063,#10065,#10066));
#10068=FACE_OUTER_BOUND('',#10067,.F.);
#10070=CARTESIAN_POINT('',(1.047337807330E1,5.269471517748E0,
9.986295347546E-2));
#10071=DIRECTION('',(-6.883545756938E-1,0.E0,-7.253743710123E-1));
#10072=DIRECTION('',(-7.253743710123E-1,0.E0,6.883545756938E-1));
#10073=AXIS2_PLACEMENT_3D('',#10070,#10071,#10072);
#10074=PLANE('',#10073);
#10075=ORIENTED_EDGE('',*,*,#7518,.T.);
#10077=ORIENTED_EDGE('',*,*,#10076,.T.);
#10079=ORIENTED_EDGE('',*,*,#10078,.F.);
#10080=ORIENTED_EDGE('',*,*,#10062,.F.);
#10081=EDGE_LOOP('',(#10075,#10077,#10079,#10080));
#10082=FACE_OUTER_BOUND('',#10081,.F.);
#10084=CARTESIAN_POINT('',(1.066864115231E1,5.413596072347E0,
-8.333287856631E-2));
#10085=CARTESIAN_POINT('',(1.054395921105E1,5.386884679917E0,
3.882488315440E-2));
#10086=CARTESIAN_POINT('',(1.041927726979E1,5.360173287487E0,
1.609826448751E-1));
#10087=CARTESIAN_POINT('',(1.029459532853E1,5.333461895056E0,
2.831404065958E-1));
#10088=CARTESIAN_POINT('',(1.066641986785E1,5.427193880664E0,
-8.332110348108E-2));
#10089=CARTESIAN_POINT('',(1.053936374576E1,5.409136322996E0,
3.881939712876E-2));
#10090=CARTESIAN_POINT('',(1.041230762366E1,5.391078765327E0,
1.609598977386E-1));
#10091=CARTESIAN_POINT('',(1.028525150157E1,5.373021207659E0,
2.831003983485E-1));
#10092=CARTESIAN_POINT('',(1.066436469464E1,5.467180581981E0,
-8.328791790396E-2));
#10093=CARTESIAN_POINT('',(1.053353012533E1,5.474814372475E0,
3.880393593054E-2));
#10094=CARTESIAN_POINT('',(1.040269555602E1,5.482448162969E0,
1.608957897650E-1));
#10095=CARTESIAN_POINT('',(1.027186098672E1,5.490081953463E0,
2.829876435996E-1));
#10096=CARTESIAN_POINT('',(1.067996329291E1,5.533581629115E0,
-8.324600372472E-2));
#10097=CARTESIAN_POINT('',(1.055671358760E1,5.584715485473E0,
3.878440806664E-2));
#10098=CARTESIAN_POINT('',(1.043346388229E1,5.635849341830E0,
1.608148198580E-1));
#10099=CARTESIAN_POINT('',(1.031021417698E1,5.686983198188E0,
2.828452316494E-1));
#10100=CARTESIAN_POINT('',(1.072397175683E1,5.598836895981E0,
-8.324653018529E-2));
#10101=CARTESIAN_POINT('',(1.062987422882E1,5.693380995491E0,
3.878465334522E-2));
#10102=CARTESIAN_POINT('',(1.053577670082E1,5.787925095E0,1.608158368757E-1));
#10103=CARTESIAN_POINT('',(1.044167917281E1,5.882469194510E0,
2.828470204062E-1));
#10104=CARTESIAN_POINT('',(1.078792267879E1,5.645241255749E0,
-8.329586575120E-2));
#10105=CARTESIAN_POINT('',(1.073763021372E1,5.767467388517E0,
3.880763884163E-2));
#10106=CARTESIAN_POINT('',(1.068733774864E1,5.889693521285E0,
1.609111434345E-1));
#10107=CARTESIAN_POINT('',(1.063704528357E1,6.011919654052E0,
2.830146480273E-1));
#10108=CARTESIAN_POINT('',(1.085538656203E1,5.663104121217E0,
-8.335486345089E-2));
#10109=CARTESIAN_POINT('',(1.084768358416E1,5.791823520361E0,
3.883512593720E-2));
#10110=CARTESIAN_POINT('',(1.083998060630E1,5.920542919504E0,
1.610251153253E-1));
#10111=CARTESIAN_POINT('',(1.083227762844E1,6.049262318648E0,
2.832151047134E-1));
#10112=CARTESIAN_POINT('',(1.089584213769E1,5.661877673273E0,
-8.338214812795E-2));
#10113=CARTESIAN_POINT('',(1.091320834800E1,5.786613213313E0,
3.884783789936E-2));
#10114=CARTESIAN_POINT('',(1.093057455832E1,5.911348753353E0,
1.610778239267E-1));
#10115=CARTESIAN_POINT('',(1.094794076864E1,6.036084293394E0,
2.833078099540E-1));
#10116=CARTESIAN_POINT('',(1.090934348072E1,5.659885969466E0,
-8.338953564392E-2));
#10117=CARTESIAN_POINT('',(1.093506897943E1,5.782298295141E0,
3.885127975147E-2));
#10118=CARTESIAN_POINT('',(1.096079447814E1,5.904710620816E0,
1.610920951469E-1));
#10119=CARTESIAN_POINT('',(1.098651997686E1,6.027122946491E0,
2.833329105423E-1));
#10120=B_SPLINE_SURFACE_WITH_KNOTS('',3,3,((#10084,#10085,#10086,#10087),
(#10088,#10089,#10090,#10091),(#10092,#10093,#10094,#10095),(#10096,#10097,
#10098,#10099),(#10100,#10101,#10102,#10103),(#10104,#10105,#10106,#10107),(
#10108,#10109,#10110,#10111),(#10112,#10113,#10114,#10115),(#10116,#10117,
#10118,#10119)),.UNSPECIFIED.,.F.,.F.,.F.,(4,1,1,1,1,1,4),(4,4),(
-1.345192288963E-1,0.E0,2.5E-1,5.E-1,7.5E-1,1.E0,1.131561222829E0),(
-4.170657601750E-1,1.417065760175E0),.UNSPECIFIED.);
#10121=ORIENTED_EDGE('',*,*,#7516,.T.);
#10123=ORIENTED_EDGE('',*,*,#10122,.T.);
#10125=ORIENTED_EDGE('',*,*,#10124,.F.);
#10126=ORIENTED_EDGE('',*,*,#10076,.F.);
#10127=EDGE_LOOP('',(#10121,#10123,#10125,#10126));
#10128=FACE_OUTER_BOUND('',#10127,.F.);
#10130=CARTESIAN_POINT('',(1.294905723723E1,5.851108795433E0,
9.993908270191E-2));
#10131=DIRECTION('',(0.E0,6.946583704590E-1,-7.193398003387E-1));
#10132=DIRECTION('',(0.E0,7.193398003387E-1,6.946583704590E-1));
#10133=AXIS2_PLACEMENT_3D('',#10130,#10131,#10132);
#10134=PLANE('',#10133);
#10135=ORIENTED_EDGE('',*,*,#7514,.T.);
#10137=ORIENTED_EDGE('',*,*,#10136,.T.);
#10138=ORIENTED_EDGE('',*,*,#9107,.F.);
#10139=ORIENTED_EDGE('',*,*,#10122,.F.);
#10140=EDGE_LOOP('',(#10135,#10137,#10138,#10139));
#10141=FACE_OUTER_BOUND('',#10140,.F.);
#10143=CARTESIAN_POINT('',(1.498754753662E1,5.661530842466E0,
-8.340054797392E-2));
#10144=CARTESIAN_POINT('',(1.496084706126E1,5.782934125680E0,
3.885641040845E-2));
#10145=CARTESIAN_POINT('',(1.493414658590E1,5.904337408893E0,
1.611133687908E-1));
#10146=CARTESIAN_POINT('',(1.490744611054E1,6.025740692107E0,
2.833703271732E-1));
#10147=CARTESIAN_POINT('',(1.500138348369E1,5.663152941209E0,
-8.339353611401E-2));
#10148=CARTESIAN_POINT('',(1.498336833391E1,5.787238835793E0,
3.885314357492E-2));
#10149=CARTESIAN_POINT('',(1.496535318413E1,5.911324730377E0,
1.610998232639E-1));
#10150=CARTESIAN_POINT('',(1.494733803434E1,6.035410624961E0,
2.833465029528E-1));
#10151=CARTESIAN_POINT('',(1.504188432343E1,5.662718892778E0,
-8.335560135336E-2));
#10152=CARTESIAN_POINT('',(1.504907867341E1,5.791649076408E0,
3.883546972667E-2));
#10153=CARTESIAN_POINT('',(1.505627302339E1,5.920579260038E0,
1.610265408067E-1));
#10154=CARTESIAN_POINT('',(1.506346737337E1,6.049509443668E0,
2.832176118867E-1));
#10155=CARTESIAN_POINT('',(1.510878727518E1,5.641845772259E0,
-8.323829447313E-2));
#10156=CARTESIAN_POINT('',(1.515859489646E1,5.765891804725E0,
3.878081631740E-2));
#10157=CARTESIAN_POINT('',(1.520840251775E1,5.889937837191E0,
1.607999271079E-1));
#10158=CARTESIAN_POINT('',(1.525821013903E1,6.013983869657E0,
2.828190378985E-1));
#10159=CARTESIAN_POINT('',(1.516857904749E1,5.594858748633E0,
-8.309766704914E-2));
#10160=CARTESIAN_POINT('',(1.526349442663E1,5.692704379730E0,
3.871529784019E-2));
#10161=CARTESIAN_POINT('',(1.535840980578E1,5.790550010828E0,
1.605282627295E-1));
#10162=CARTESIAN_POINT('',(1.545332518493E1,5.888395641925E0,
2.823412276189E-1));
#10163=CARTESIAN_POINT('',(1.520870098901E1,5.532975602354E0,
-8.303318682917E-2));
#10164=CARTESIAN_POINT('',(1.533450248052E1,5.588039680642E0,
3.868525643218E-2));
#10165=CARTESIAN_POINT('',(1.546030397204E1,5.643103758931E0,
1.604036996935E-1));
#10166=CARTESIAN_POINT('',(1.558610546355E1,5.698167837219E0,
2.821221429549E-1));
#10167=CARTESIAN_POINT('',(1.522384605696E1,5.471401255325E0,
-8.307462164600E-2));
#10168=CARTESIAN_POINT('',(1.535879816677E1,5.482239739707E0,
3.870456096059E-2));
#10169=CARTESIAN_POINT('',(1.549375027658E1,5.493078224089E0,
1.604837435672E-1));
#10170=CARTESIAN_POINT('',(1.562870238639E1,5.503916708472E0,
2.822629261738E-1));
#10171=CARTESIAN_POINT('',(1.522305516782E1,5.433617546635E0,
-8.313384618825E-2));
#10172=CARTESIAN_POINT('',(1.535473358450E1,5.418001450733E0,
3.873215374237E-2));
#10173=CARTESIAN_POINT('',(1.548641200118E1,5.402385354831E0,
1.605981536730E-1));
#10174=CARTESIAN_POINT('',(1.561809041786E1,5.386769258930E0,
2.824641536036E-1));
#10175=CARTESIAN_POINT('',(1.522141455821E1,5.420313993543E0,
-8.315860425113E-2));
#10176=CARTESIAN_POINT('',(1.535073211649E1,5.395573301891E0,
3.874368855209E-2));
#10177=CARTESIAN_POINT('',(1.548004967476E1,5.370832610238E0,
1.606459813553E-1));
#10178=CARTESIAN_POINT('',(1.560936723304E1,5.346091918585E0,
2.825482741585E-1));
#10179=B_SPLINE_SURFACE_WITH_KNOTS('',3,3,((#10143,#10144,#10145,#10146),
(#10147,#10148,#10149,#10150),(#10151,#10152,#10153,#10154),(#10155,#10156,
#10157,#10158),(#10159,#10160,#10161,#10162),(#10163,#10164,#10165,#10166),(
#10167,#10168,#10169,#10170),(#10171,#10172,#10173,#10174),(#10175,#10176,
#10177,#10178)),.UNSPECIFIED.,.F.,.F.,.F.,(4,1,1,1,1,1,4),(4,4),(
-1.379241848669E-1,0.E0,2.5E-1,5.E-1,7.5E-1,1.E0,1.139774446081E0),(
-4.170657601758E-1,1.417065760176E0),.UNSPECIFIED.);
#10180=ORIENTED_EDGE('',*,*,#10136,.F.);
#10181=ORIENTED_EDGE('',*,*,#7512,.T.);
#10183=ORIENTED_EDGE('',*,*,#10182,.T.);
#10185=ORIENTED_EDGE('',*,*,#10184,.F.);
#10186=EDGE_LOOP('',(#10180,#10181,#10183,#10185));
#10187=FACE_OUTER_BOUND('',#10186,.F.);
#10189=CARTESIAN_POINT('',(1.674999714545E1,5.499999880379E0,
9.961998939264E-2));
#10190=DIRECTION('',(0.E0,0.E0,-1.E0));
#10191=DIRECTION('',(0.E0,-1.E0,0.E0));
#10192=AXIS2_PLACEMENT_3D('',#10189,#10190,#10191);
#10193=CONICAL_SURFACE('',#10192,1.328772708229E0,4.750006582219E1);
#10194=ORIENTED_EDGE('',*,*,#7510,.T.);
#10195=ORIENTED_EDGE('',*,*,#9274,.T.);
#10197=ORIENTED_EDGE('',*,*,#10196,.F.);
#10198=ORIENTED_EDGE('',*,*,#10182,.F.);
#10199=EDGE_LOOP('',(#10194,#10195,#10197,#10198));
#10200=FACE_OUTER_BOUND('',#10199,.F.);
#10202=CARTESIAN_POINT('',(1.675E1,5.5E0,5.996181472252E-1));
#10203=DIRECTION('',(0.E0,0.E0,-1.E0));
#10204=DIRECTION('',(-1.E0,0.E0,0.E0));
#10205=AXIS2_PLACEMENT_3D('',#10202,#10203,#10204);
#10206=CONICAL_SURFACE('',#10205,1.185028873199E0,5.E0);
#10207=ORIENTED_EDGE('',*,*,#10196,.T.);
#10208=ORIENTED_EDGE('',*,*,#9216,.T.);
#10209=ORIENTED_EDGE('',*,*,#9144,.F.);
#10210=ORIENTED_EDGE('',*,*,#8778,.T.);
#10212=ORIENTED_EDGE('',*,*,#10211,.F.);
#10213=EDGE_LOOP('',(#10207,#10208,#10209,#10210,#10212));
#10214=FACE_OUTER_BOUND('',#10213,.F.);
#10216=CARTESIAN_POINT('',(1.551037375046E1,5.338815973699E0,
1.195247487433E-1));
#10217=CARTESIAN_POINT('',(1.551788103898E1,5.341844410864E0,
2.062478424428E-1));
#10218=CARTESIAN_POINT('',(1.554434215083E1,5.352508967948E0,
5.116408002507E-1));
#10219=CARTESIAN_POINT('',(1.557183250860E1,5.363551087590E0,
8.278457351114E-1));
#10220=CARTESIAN_POINT('',(1.559183881365E1,5.371564650194E0,1.057324143551E0));
#10221=CARTESIAN_POINT('',(1.559278259292E1,5.371942632714E0,1.068148146707E0));
#10222=CARTESIAN_POINT('',(1.560364659506E1,5.743320884210E0,
9.732485198280E-2));
#10223=CARTESIAN_POINT('',(1.561115345732E1,5.746349149421E0,
1.840430215883E-1));
#10224=CARTESIAN_POINT('',(1.563761303732E1,5.757013089115E0,
4.894182996464E-1));
#10225=CARTESIAN_POINT('',(1.566510169042E1,5.768054523955E0,
8.056036243360E-1));
#10226=CARTESIAN_POINT('',(1.568510668334E1,5.776067560984E0,1.035066982262E0));
#10227=CARTESIAN_POINT('',(1.568605040055E1,5.776445518649E0,1.045890273681E0));
#10228=CARTESIAN_POINT('',(1.530891118578E1,6.036090630870E0,
1.126152261670E-1));
#10229=CARTESIAN_POINT('',(1.531641939499E1,6.039119439441E0,
1.993489555516E-1));
#10230=CARTESIAN_POINT('',(1.534288381555E1,6.049785330043E0,
5.047801003343E-1));
#10231=CARTESIAN_POINT('',(1.537037785525E1,6.060828928809E0,
8.210273917388E-1));
#10232=CARTESIAN_POINT('',(1.539038699440E1,6.068843626618E0,1.050538308196E0));
#10233=CARTESIAN_POINT('',(1.539133090771E1,6.069221662821E0,1.061363848651E0));
#10234=CARTESIAN_POINT('',(1.490661749034E1,5.938545635470E0,
1.508466016413E-1));
#10235=CARTESIAN_POINT('',(1.491412753805E1,5.941575185689E0,
2.376015690611E-1));
#10236=CARTESIAN_POINT('',(1.494059856564E1,5.952243739149E0,
5.431089681056E-1));
#10237=CARTESIAN_POINT('',(1.496809995769E1,5.963290291525E0,
8.594408398421E-1));
#10238=CARTESIAN_POINT('',(1.498811475613E1,5.971307256186E0,1.089016670445E0));
#10239=CARTESIAN_POINT('',(1.498905893711E1,5.971685399588E0,1.099845280681E0));
#10240=(BOUNDED_SURFACE()B_SPLINE_SURFACE(3,3,((#10216,#10217,#10218,#10219,
#10220,#10221),(#10222,#10223,#10224,#10225,#10226,#10227),(#10228,#10229,
#10230,#10231,#10232,#10233),(#10234,#10235,#10236,#10237,#10238,#10239)),
.UNSPECIFIED.,.F.,.F.,.F.)B_SPLINE_SURFACE_WITH_KNOTS((4,4),(4,1,1,4),(0.E0,
1.E0),(3.693739322259E-1,3.872336671589E-1,4.322671854923E-1,4.344964741360E-1),
.UNSPECIFIED.)GEOMETRIC_REPRESENTATION_ITEM()RATIONAL_B_SPLINE_SURFACE(((
1.312134188076E0,1.312134188076E0,1.312134188076E0,1.312134188076E0,
1.312134188076E0,1.312134188076E0),(8.959552706412E-1,8.959552706412E-1,
8.959552706412E-1,8.959552706412E-1,8.959552706412E-1,8.959552706412E-1),(
8.959552706412E-1,8.959552706412E-1,8.959552706412E-1,8.959552706412E-1,
8.959552706412E-1,8.959552706412E-1),(1.312134188076E0,1.312134188076E0,
1.312134188076E0,1.312134188076E0,1.312134188076E0,1.312134188076E0)))REPRESENTATION_ITEM('')SURFACE());
#10241=ORIENTED_EDGE('',*,*,#10184,.T.);
#10242=ORIENTED_EDGE('',*,*,#10211,.T.);
#10243=ORIENTED_EDGE('',*,*,#8776,.T.);
#10244=ORIENTED_EDGE('',*,*,#9109,.F.);
#10245=EDGE_LOOP('',(#10241,#10242,#10243,#10244));
#10246=FACE_OUTER_BOUND('',#10245,.F.);
#10248=CARTESIAN_POINT('',(1.039441162295E1,5.770407326449E0,9.252180222221E0));
#10249=DIRECTION('',(5.230416183842E-2,-3.485172628960E-2,-9.980228613759E-1));
#10250=DIRECTION('',(-9.986295347546E-1,0.E0,-5.233595624294E-2));
#10251=AXIS2_PLACEMENT_3D('',#10248,#10249,#10250);
#10252=CYLINDRICAL_SURFACE('',#10251,5.E-1);
#10253=ORIENTED_EDGE('',*,*,#9105,.F.);
#10254=ORIENTED_EDGE('',*,*,#9592,.T.);
#10256=ORIENTED_EDGE('',*,*,#10255,.T.);
#10257=ORIENTED_EDGE('',*,*,#10124,.T.);
#10258=EDGE_LOOP('',(#10253,#10254,#10256,#10257));
#10259=FACE_OUTER_BOUND('',#10258,.F.);
#10261=CARTESIAN_POINT('',(1.03E1,1.43E1,1.5E0));
#10262=DIRECTION('',(9.986295347546E-1,0.E0,5.233595624294E-2));
#10263=DIRECTION('',(0.E0,1.E0,0.E0));
#10264=AXIS2_PLACEMENT_3D('',#10261,#10262,#10263);
#10265=PLANE('',#10264);
#10267=ORIENTED_EDGE('',*,*,#10266,.T.);
#10268=ORIENTED_EDGE('',*,*,#8418,.T.);
#10270=ORIENTED_EDGE('',*,*,#10269,.F.);
#10272=ORIENTED_EDGE('',*,*,#10271,.T.);
#10273=EDGE_LOOP('',(#10267,#10268,#10270,#10272));
#10274=FACE_OUTER_BOUND('',#10273,.F.);
#10276=CARTESIAN_POINT('',(1.03E1,1.43E1,1.5E0));
#10277=DIRECTION('',(9.986295347546E-1,0.E0,5.233595624294E-2));
#10278=DIRECTION('',(0.E0,1.E0,0.E0));
#10279=AXIS2_PLACEMENT_3D('',#10276,#10277,#10278);
#10280=PLANE('',#10279);
#10282=ORIENTED_EDGE('',*,*,#10281,.F.);
#10284=ORIENTED_EDGE('',*,*,#10283,.T.);
#10286=ORIENTED_EDGE('',*,*,#10285,.T.);
#10287=ORIENTED_EDGE('',*,*,#8446,.T.);
#10288=ORIENTED_EDGE('',*,*,#8496,.F.);
#10289=ORIENTED_EDGE('',*,*,#8404,.T.);
#10290=EDGE_LOOP('',(#10282,#10284,#10286,#10287,#10288,#10289));
#10291=FACE_OUTER_BOUND('',#10290,.F.);
#10293=CARTESIAN_POINT('',(1.03E1,1.43E1,1.5E0));
#10294=DIRECTION('',(9.986295347546E-1,0.E0,5.233595624294E-2));
#10295=DIRECTION('',(0.E0,1.E0,0.E0));
#10296=AXIS2_PLACEMENT_3D('',#10293,#10294,#10295);
#10297=PLANE('',#10296);
#10298=ORIENTED_EDGE('',*,*,#10255,.F.);
#10299=ORIENTED_EDGE('',*,*,#8414,.T.);
#10301=ORIENTED_EDGE('',*,*,#10300,.T.);
#10302=ORIENTED_EDGE('',*,*,#10078,.T.);
#10303=EDGE_LOOP('',(#10298,#10299,#10301,#10302));
#10304=FACE_OUTER_BOUND('',#10303,.F.);
#10306=CARTESIAN_POINT('',(9.754150512963E0,1.375415051296E1,
-5.281161675290E0));
#10307=DIRECTION('',(-5.226442768871E-2,-5.226442768871E-2,9.972646886342E-1));
#10308=DIRECTION('',(9.986295347546E-1,0.E0,5.233595624294E-2));
#10309=AXIS2_PLACEMENT_3D('',#10306,#10307,#10308);
#10310=CYLINDRICAL_SURFACE('',#10309,9.E-1);
#10312=ORIENTED_EDGE('',*,*,#10311,.T.);
#10313=ORIENTED_EDGE('',*,*,#8387,.T.);
#10314=ORIENTED_EDGE('',*,*,#10266,.F.);
#10316=ORIENTED_EDGE('',*,*,#10315,.T.);
#10317=EDGE_LOOP('',(#10312,#10313,#10314,#10316));
#10318=FACE_OUTER_BOUND('',#10317,.F.);
#10320=CARTESIAN_POINT('',(1.03E1,1.43E1,1.5E0));
#10321=DIRECTION('',(0.E0,9.986295347546E-1,5.233595624294E-2));
#10322=DIRECTION('',(1.E0,0.E0,0.E0));
#10323=AXIS2_PLACEMENT_3D('',#10320,#10321,#10322);
#10324=PLANE('',#10323);
#10326=ORIENTED_EDGE('',*,*,#10325,.T.);
#10327=ORIENTED_EDGE('',*,*,#8366,.F.);
#10328=ORIENTED_EDGE('',*,*,#10311,.F.);
#10330=ORIENTED_EDGE('',*,*,#10329,.T.);
#10331=EDGE_LOOP('',(#10326,#10327,#10328,#10330));
#10332=FACE_OUTER_BOUND('',#10331,.F.);
#10334=CARTESIAN_POINT('',(-5.833974596216E0,1.43E1,1.5E0));
#10335=DIRECTION('',(-1.402199852936E-2,9.985313564351E-1,5.233081093525E-2));
#10336=DIRECTION('',(9.999016869459E-1,1.400278186771E-2,7.338547014715E-4));
#10337=AXIS2_PLACEMENT_3D('',#10334,#10335,#10336);
#10338=PLANE('',#10337);
#10339=ORIENTED_EDGE('',*,*,#10325,.F.);
#10341=ORIENTED_EDGE('',*,*,#10340,.T.);
#10343=ORIENTED_EDGE('',*,*,#10342,.T.);
#10345=ORIENTED_EDGE('',*,*,#10344,.F.);
#10346=EDGE_LOOP('',(#10339,#10341,#10343,#10345));
#10347=FACE_OUTER_BOUND('',#10346,.F.);
#10349=CARTESIAN_POINT('',(-6.768464900821E0,1.446026523693E1,
9.986298043954E-2));
#10350=DIRECTION('',(9.665376507314E-3,-6.882885841196E-1,-7.253725976818E-1));
#10351=DIRECTION('',(1.018512911708E-2,-7.253010882471E-1,6.883564443894E-1));
#10352=AXIS2_PLACEMENT_3D('',#10349,#10350,#10351);
#10353=PLANE('',#10352);
#10354=ORIENTED_EDGE('',*,*,#7568,.T.);
#10356=ORIENTED_EDGE('',*,*,#10355,.T.);
#10357=ORIENTED_EDGE('',*,*,#10340,.F.);
#10359=ORIENTED_EDGE('',*,*,#10358,.F.);
#10360=EDGE_LOOP('',(#10354,#10356,#10357,#10359));
#10361=FACE_OUTER_BOUND('',#10360,.F.);
#10363=CARTESIAN_POINT('',(-8.7E0,1.444717418366E1,9.986295347546E-2));
#10364=DIRECTION('',(0.E0,-6.883545756938E-1,-7.253743710123E-1));
#10365=DIRECTION('',(0.E0,-7.253743710123E-1,6.883545756938E-1));
#10366=AXIS2_PLACEMENT_3D('',#10363,#10364,#10365);
#10367=PLANE('',#10366);
#10368=ORIENTED_EDGE('',*,*,#7566,.T.);
#10370=ORIENTED_EDGE('',*,*,#10369,.T.);
#10372=ORIENTED_EDGE('',*,*,#10371,.F.);
#10373=ORIENTED_EDGE('',*,*,#10355,.F.);
#10374=EDGE_LOOP('',(#10368,#10370,#10372,#10373));
#10375=FACE_OUTER_BOUND('',#10374,.F.);
#10377=CARTESIAN_POINT('',(-9.711105302859E0,1.444733998909E1,
9.986298043954E-2));
#10378=DIRECTION('',(-9.665376507313E-3,-6.882885841196E-1,-7.253725976818E-1));
#10379=DIRECTION('',(-1.018512911708E-2,-7.253010882471E-1,6.883564443894E-1));
#10380=AXIS2_PLACEMENT_3D('',#10377,#10378,#10379);
#10381=PLANE('',#10380);
#10383=ORIENTED_EDGE('',*,*,#10382,.F.);
#10384=ORIENTED_EDGE('',*,*,#10369,.F.);
#10385=ORIENTED_EDGE('',*,*,#7564,.T.);
#10387=ORIENTED_EDGE('',*,*,#10386,.F.);
#10388=EDGE_LOOP('',(#10383,#10384,#10385,#10387));
#10389=FACE_OUTER_BOUND('',#10388,.F.);
#10391=CARTESIAN_POINT('',(-9.7E0,1.43E1,1.E0));
#10392=DIRECTION('',(1.402199852936E-2,9.985313564351E-1,5.233081093525E-2));
#10393=DIRECTION('',(9.999016869459E-1,-1.400278186771E-2,-7.338547014715E-4));
#10394=AXIS2_PLACEMENT_3D('',#10391,#10392,#10393);
#10395=PLANE('',#10394);
#10397=ORIENTED_EDGE('',*,*,#10396,.F.);
#10398=ORIENTED_EDGE('',*,*,#10382,.T.);
#10400=ORIENTED_EDGE('',*,*,#10399,.T.);
#10401=EDGE_LOOP('',(#10397,#10398,#10400));
#10402=FACE_OUTER_BOUND('',#10401,.F.);
#10404=CARTESIAN_POINT('',(-7.7E0,1.43E1,1.E0));
#10405=DIRECTION('',(0.E0,9.986295347546E-1,5.233595624294E-2));
#10406=DIRECTION('',(1.E0,0.E0,0.E0));
#10407=AXIS2_PLACEMENT_3D('',#10404,#10405,#10406);
#10408=PLANE('',#10407);
#10409=ORIENTED_EDGE('',*,*,#10342,.F.);
#10410=ORIENTED_EDGE('',*,*,#10371,.T.);
#10411=ORIENTED_EDGE('',*,*,#10396,.T.);
#10413=ORIENTED_EDGE('',*,*,#10412,.F.);
#10414=EDGE_LOOP('',(#10409,#10410,#10411,#10413));
#10415=FACE_OUTER_BOUND('',#10414,.F.);
#10417=CARTESIAN_POINT('',(-7.7E0,1.43E1,1.E0));
#10418=DIRECTION('',(0.E0,9.986295347546E-1,-5.233595624294E-2));
#10419=DIRECTION('',(1.E0,0.E0,0.E0));
#10420=AXIS2_PLACEMENT_3D('',#10417,#10418,#10419);
#10421=PLANE('',#10420);
#10423=ORIENTED_EDGE('',*,*,#10422,.T.);
#10424=ORIENTED_EDGE('',*,*,#8181,.T.);
#10426=ORIENTED_EDGE('',*,*,#10425,.F.);
#10427=ORIENTED_EDGE('',*,*,#10412,.T.);
#10428=EDGE_LOOP('',(#10423,#10424,#10426,#10427));
#10429=FACE_OUTER_BOUND('',#10428,.F.);
#10431=CARTESIAN_POINT('',(-9.7E0,1.43E1,1.E0));
#10432=DIRECTION('',(-1.402199852936E-2,9.985313564351E-1,-5.233081093525E-2));
#10433=DIRECTION('',(9.999016869459E-1,1.400278186771E-2,-7.338547014715E-4));
#10434=AXIS2_PLACEMENT_3D('',#10431,#10432,#10433);
#10435=PLANE('',#10434);
#10436=ORIENTED_EDGE('',*,*,#10422,.F.);
#10438=ORIENTED_EDGE('',*,*,#10437,.F.);
#10440=ORIENTED_EDGE('',*,*,#10439,.T.);
#10441=ORIENTED_EDGE('',*,*,#8183,.T.);
#10442=EDGE_LOOP('',(#10436,#10438,#10440,#10441));
#10443=FACE_OUTER_BOUND('',#10442,.F.);
#10445=CARTESIAN_POINT('',(-9.7E0,1.550004800192E1,1.E0));
#10446=DIRECTION('',(2.588190451025E-1,0.E0,9.659258262891E-1));
#10447=DIRECTION('',(0.E0,-1.E0,0.E0));
#10448=AXIS2_PLACEMENT_3D('',#10445,#10446,#10447);
#10449=PLANE('',#10448);
#10451=ORIENTED_EDGE('',*,*,#10450,.T.);
#10453=ORIENTED_EDGE('',*,*,#10452,.F.);
#10455=ORIENTED_EDGE('',*,*,#10454,.F.);
#10457=ORIENTED_EDGE('',*,*,#10456,.F.);
#10458=ORIENTED_EDGE('',*,*,#10437,.T.);
#10460=ORIENTED_EDGE('',*,*,#10459,.F.);
#10462=ORIENTED_EDGE('',*,*,#10461,.F.);
#10463=EDGE_LOOP('',(#10451,#10453,#10455,#10457,#10458,#10460,#10462));
#10464=FACE_OUTER_BOUND('',#10463,.F.);
#10466=CARTESIAN_POINT('',(-1.4625E1,9.5E0,1.160769515459E0));
#10467=DIRECTION('',(0.E0,9.996573249756E-1,2.617694830787E-2));
#10468=DIRECTION('',(-1.E0,0.E0,0.E0));
#10469=AXIS2_PLACEMENT_3D('',#10466,#10467,#10468);
#10470=PLANE('',#10469);
#10472=ORIENTED_EDGE('',*,*,#10471,.T.);
#10474=ORIENTED_EDGE('',*,*,#10473,.T.);
#10475=ORIENTED_EDGE('',*,*,#10450,.F.);
#10477=ORIENTED_EDGE('',*,*,#10476,.F.);
#10479=ORIENTED_EDGE('',*,*,#10478,.F.);
#10480=EDGE_LOOP('',(#10472,#10474,#10475,#10477,#10479));
#10481=FACE_OUTER_BOUND('',#10480,.F.);
#10483=CARTESIAN_POINT('',(-1.429351650867E1,9.168516508670E0,
-5.281161675290E0));
#10484=DIRECTION('',(2.616798426498E-2,-2.616798426498E-2,9.993150019884E-1));
#10485=DIRECTION('',(0.E0,9.996573249756E-1,2.617694830787E-2));
#10486=AXIS2_PLACEMENT_3D('',#10483,#10484,#10485);
#10487=CYLINDRICAL_SURFACE('',#10486,5.E-1);
#10489=ORIENTED_EDGE('',*,*,#10488,.T.);
#10491=ORIENTED_EDGE('',*,*,#10490,.F.);
#10492=ORIENTED_EDGE('',*,*,#10471,.F.);
#10494=ORIENTED_EDGE('',*,*,#10493,.F.);
#10495=EDGE_LOOP('',(#10489,#10491,#10492,#10494));
#10496=FACE_OUTER_BOUND('',#10495,.F.);
#10498=CARTESIAN_POINT('',(-1.4625E1,-9.5E0,1.160769515459E0));
#10499=DIRECTION('',(-9.996573249756E-1,0.E0,2.617694830787E-2));
#10500=DIRECTION('',(0.E0,-1.E0,0.E0));
#10501=AXIS2_PLACEMENT_3D('',#10498,#10499,#10500);
#10502=PLANE('',#10501);
#10503=ORIENTED_EDGE('',*,*,#10488,.F.);
#10505=ORIENTED_EDGE('',*,*,#10504,.F.);
#10507=ORIENTED_EDGE('',*,*,#10506,.T.);
#10509=ORIENTED_EDGE('',*,*,#10508,.T.);
#10510=EDGE_LOOP('',(#10503,#10505,#10507,#10509));
#10511=FACE_OUTER_BOUND('',#10510,.F.);
#10513=CARTESIAN_POINT('',(-1.475277812466E1,0.E0,9.996573249756E-2));
#10514=DIRECTION('',(6.977904598417E-1,0.E0,-7.163019434247E-1));
#10515=DIRECTION('',(-7.163019434247E-1,0.E0,-6.977904598417E-1));
#10516=AXIS2_PLACEMENT_3D('',#10513,#10514,#10515);
#10517=PLANE('',#10516);
#10518=ORIENTED_EDGE('',*,*,#10504,.T.);
#10520=ORIENTED_EDGE('',*,*,#10519,.T.);
#10521=ORIENTED_EDGE('',*,*,#7554,.F.);
#10523=ORIENTED_EDGE('',*,*,#10522,.F.);
#10524=EDGE_LOOP('',(#10518,#10520,#10521,#10523));
#10525=FACE_OUTER_BOUND('',#10524,.F.);
#10527=CARTESIAN_POINT('',(-1.456122818369E1,8.974535306076E0,
2.836933659636E-1));
#10528=CARTESIAN_POINT('',(-1.468553880936E1,8.959065949538E0,
1.612138440599E-1));
#10529=CARTESIAN_POINT('',(-1.480984943502E1,8.943596593001E0,
3.873432215617E-2));
#10530=CARTESIAN_POINT('',(-1.493416006069E1,8.928127236463E0,
-8.374519974752E-2));
#10531=CARTESIAN_POINT('',(-1.456330987702E1,8.991297411258E0,
2.836856577336E-1));
#10532=CARTESIAN_POINT('',(-1.468842851451E1,8.980928500174E0,
1.612094637199E-1));
#10533=CARTESIAN_POINT('',(-1.481354715200E1,8.970559589090E0,
3.873326970625E-2));
#10534=CARTESIAN_POINT('',(-1.493866578949E1,8.960190678006E0,
-8.374292430745E-2));
#10535=CARTESIAN_POINT('',(-1.456678603761E1,9.051493208387E0,
2.836573717514E-1));
#10536=CARTESIAN_POINT('',(-1.469356109969E1,9.059453048455E0,
1.611933897031E-1));
#10537=CARTESIAN_POINT('',(-1.482033616177E1,9.067412888524E0,
3.872940765489E-2));
#10538=CARTESIAN_POINT('',(-1.494711122385E1,9.075372728592E0,
-8.373457439334E-2));
#10539=CARTESIAN_POINT('',(-1.454965474954E1,9.156114583987E0,
2.836083113875E-1));
#10540=CARTESIAN_POINT('',(-1.467204261479E1,9.196058245629E0,
1.611655102713E-1));
#10541=CARTESIAN_POINT('',(-1.479443048004E1,9.236001907272E0,
3.872270915515E-2));
#10542=CARTESIAN_POINT('',(-1.491681834528E1,9.275945568914E0,
-8.372009196103E-2));
#10543=CARTESIAN_POINT('',(-1.448950466246E1,9.272646940891E0,
2.835709336097E-1));
#10544=CARTESIAN_POINT('',(-1.459388622429E1,9.348717598076E0,
1.611442696786E-1));
#10545=CARTESIAN_POINT('',(-1.469826778612E1,9.424788255261E0,
3.871760574752E-2));
#10546=CARTESIAN_POINT('',(-1.480264934796E1,9.500858912446E0,
-8.370905818356E-2));
#10547=CARTESIAN_POINT('',(-1.439628635554E1,9.365920696567E0,
2.835709563655E-1));
#10548=CARTESIAN_POINT('',(-1.447193510213E1,9.470739042890E0,
1.611442826100E-1));
#10549=CARTESIAN_POINT('',(-1.454758384873E1,9.575557389213E0,
3.871760885451E-2));
#10550=CARTESIAN_POINT('',(-1.462323259532E1,9.680375735536E0,
-8.370906490100E-2));
#10551=CARTESIAN_POINT('',(-1.427633164948E1,9.426091415147E0,
2.836103475233E-1));
#10552=CARTESIAN_POINT('',(-1.431480138807E1,9.548888511135E0,
1.611666673420E-1));
#10553=CARTESIAN_POINT('',(-1.435327112667E1,9.671685607123E0,
3.872298716073E-2));
#10554=CARTESIAN_POINT('',(-1.439174086527E1,9.794482703111E0,
-8.372069302055E-2));
#10555=CARTESIAN_POINT('',(-1.417563005556E1,9.441577669499E0,
2.836578195567E-1));
#10556=CARTESIAN_POINT('',(-1.418332817405E1,9.568278497130E0,
1.611936441765E-1));
#10557=CARTESIAN_POINT('',(-1.419102629254E1,9.694979324762E0,
3.872946879638E-2));
#10558=CARTESIAN_POINT('',(-1.419872441102E1,9.821680152393E0,
-8.373470658377E-2));
#10559=CARTESIAN_POINT('',(-1.411621454079E1,9.438367995044E0,
2.836856794666E-1));
#10560=CARTESIAN_POINT('',(-1.410582062909E1,9.563504398064E0,
1.612094760701E-1));
#10561=CARTESIAN_POINT('',(-1.409542671739E1,9.688640801083E0,
3.873327267358E-2));
#10562=CARTESIAN_POINT('',(-1.408503280569E1,9.813777204103E0,
-8.374293072294E-2));
#10563=CARTESIAN_POINT('',(-1.409912266704E1,9.436470706043E0,
2.836934885763E-1));
#10564=CARTESIAN_POINT('',(-1.408352591973E1,9.560854807787E0,
1.612139137368E-1));
#10565=CARTESIAN_POINT('',(-1.406792917242E1,9.685238909532E0,
3.873433889721E-2));
#10566=CARTESIAN_POINT('',(-1.405233242512E1,9.809623011277E0,
-8.374523594234E-2));
#10567=B_SPLINE_SURFACE_WITH_KNOTS('',3,3,((#10527,#10528,#10529,#10530),
(#10531,#10532,#10533,#10534),(#10535,#10536,#10537,#10538),(#10539,#10540,
#10541,#10542),(#10543,#10544,#10545,#10546),(#10547,#10548,#10549,#10550),(
#10551,#10552,#10553,#10554),(#10555,#10556,#10557,#10558),(#10559,#10560,
#10561,#10562),(#10563,#10564,#10565,#10566)),.UNSPECIFIED.,.F.,.F.,.F.,(4,1,1,
1,1,1,1,4),(4,4),(-7.863990532854E-2,0.E0,2.E-1,4.E-1,6.E-1,8.E-1,1.E0,
1.080714301027E0),(-4.188345476349E-1,1.418834547635E0),.UNSPECIFIED.);
#10568=ORIENTED_EDGE('',*,*,#10493,.T.);
#10570=ORIENTED_EDGE('',*,*,#10569,.T.);
#10571=ORIENTED_EDGE('',*,*,#7556,.F.);
#10572=ORIENTED_EDGE('',*,*,#10519,.F.);
#10573=EDGE_LOOP('',(#10568,#10570,#10571,#10572));
#10574=FACE_OUTER_BOUND('',#10573,.F.);
#10576=CARTESIAN_POINT('',(-1.218766042983E1,9.627778124661E0,
9.996573249756E-2));
#10577=DIRECTION('',(0.E0,-6.977904598417E-1,-7.163019434247E-1));
#10578=DIRECTION('',(0.E0,7.163019434247E-1,-6.977904598417E-1));
#10579=AXIS2_PLACEMENT_3D('',#10576,#10577,#10578);
#10580=PLANE('',#10579);
#10581=ORIENTED_EDGE('',*,*,#10478,.T.);
#10583=ORIENTED_EDGE('',*,*,#10582,.T.);
#10584=ORIENTED_EDGE('',*,*,#7558,.F.);
#10585=ORIENTED_EDGE('',*,*,#10569,.F.);
#10586=EDGE_LOOP('',(#10581,#10583,#10584,#10585));
#10587=FACE_OUTER_BOUND('',#10586,.F.);
#10589=CARTESIAN_POINT('',(-1.034415663634E1,9.452707406104E0,
2.837084694229E-1));
#10590=CARTESIAN_POINT('',(-1.031853735363E1,9.574915008207E0,
1.612224268692E-1));
#10591=CARTESIAN_POINT('',(-1.029291807091E1,9.697122610311E0,
3.873638431553E-2));
#10592=CARTESIAN_POINT('',(-1.026729878820E1,9.819330212414E0,
-8.374965823814E-2));
#10593=CARTESIAN_POINT('',(-1.030539379472E1,9.443793705392E0,
2.836963499386E-1));
#10594=CARTESIAN_POINT('',(-1.028809633860E1,9.568131146649E0,
1.612155397549E-1));
#10595=CARTESIAN_POINT('',(-1.027079888247E1,9.692468587906E0,
3.873472957113E-2));
#10596=CARTESIAN_POINT('',(-1.025350142634E1,9.816806029163E0,
-8.374608061261E-2));
#10597=CARTESIAN_POINT('',(-1.018948468189E1,9.430942166313E0,
2.836578414152E-1));
#10598=CARTESIAN_POINT('',(-1.019710388504E1,9.558638121711E0,
1.611936565957E-1));
#10599=CARTESIAN_POINT('',(-1.020472308820E1,9.686334077109E0,
3.872947177617E-2));
#10600=CARTESIAN_POINT('',(-1.021234229135E1,9.814030032506E0,
-8.373471304337E-2));
#10601=CARTESIAN_POINT('',(-9.994114536597E0,9.469102250749E0,
2.835933854002E-1));
#10602=CARTESIAN_POINT('',(-1.004391297483E1,9.589324396667E0,
1.611570283089E-1));
#10603=CARTESIAN_POINT('',(-1.009371141307E1,9.709546542584E0,
3.872067121771E-2));
#10604=CARTESIAN_POINT('',(-1.014350985130E1,9.829768688502E0,
-8.371568587352E-2));
#10605=CARTESIAN_POINT('',(-9.799253927291E0,9.599409581817E0,
2.835620708892E-1));
#10606=CARTESIAN_POINT('',(-9.891525121576E0,9.691646771398E0,
1.611392332764E-1));
#10607=CARTESIAN_POINT('',(-9.983796315862E0,9.783883960979E0,
3.871639566353E-2));
#10608=CARTESIAN_POINT('',(-1.007606751015E1,9.876121150560E0,
-8.370644194931E-2));
#10609=CARTESIAN_POINT('',(-9.668917828212E0,9.794576126183E0,
2.835935097277E-1));
#10610=CARTESIAN_POINT('',(-9.789178541504E0,9.844274356909E0,
1.611570989603E-1));
#10611=CARTESIAN_POINT('',(-9.909439254795E0,9.893972587634E0,
3.872068819287E-2));
#10612=CARTESIAN_POINT('',(-1.002969996809E1,9.943670818359E0,
-8.371572257453E-2));
#10613=CARTESIAN_POINT('',(-9.631083925411E0,9.989032039127E0,
2.836576995756E-1));
#10614=CARTESIAN_POINT('',(-9.758750798151E0,9.996749112618E0,
1.611935759928E-1));
#10615=CARTESIAN_POINT('',(-9.886417670890E0,1.000446618611E1,
3.872945240997E-2));
#10616=CARTESIAN_POINT('',(-1.001408454363E1,1.001218325960E1,
-8.373467117285E-2));
#10617=CARTESIAN_POINT('',(-9.643664822583E0,1.010435499110E1,
2.836960010234E-1));
#10618=CARTESIAN_POINT('',(-9.768035399501E0,1.008728086239E1,
1.612153414776E-1));
#10619=CARTESIAN_POINT('',(-9.892405976418E0,1.007020673368E1,
3.873468193169E-2));
#10620=CARTESIAN_POINT('',(-1.001677655334E1,1.005313260497E1,
-8.374597761418E-2));
#10621=CARTESIAN_POINT('',(-9.652300035701E0,1.014269596537E1,
2.837079962985E-1));
#10622=CARTESIAN_POINT('',(-9.774603708039E0,1.011739010044E1,
1.612221580078E-1));
#10623=CARTESIAN_POINT('',(-9.896907380377E0,1.009208423551E1,
3.873631971707E-2));
#10624=CARTESIAN_POINT('',(-1.001921105271E1,1.006677837058E1,
-8.374951857363E-2));
#10625=B_SPLINE_SURFACE_WITH_KNOTS('',3,3,((#10589,#10590,#10591,#10592),
(#10593,#10594,#10595,#10596),(#10597,#10598,#10599,#10600),(#10601,#10602,
#10603,#10604),(#10605,#10606,#10607,#10608),(#10609,#10610,#10611,#10612),(
#10613,#10614,#10615,#10616),(#10617,#10618,#10619,#10620),(#10621,#10622,
#10623,#10624)),.UNSPECIFIED.,.F.,.F.,.F.,(4,1,1,1,1,1,4),(4,4),(
-1.320961928142E-1,0.E0,2.5E-1,5.E-1,7.5E-1,1.E0,1.130554562915E0),(
-4.188345476848E-1,1.418834547685E0),.UNSPECIFIED.);
#10627=ORIENTED_EDGE('',*,*,#10626,.T.);
#10629=ORIENTED_EDGE('',*,*,#10628,.T.);
#10630=ORIENTED_EDGE('',*,*,#7560,.F.);
#10631=ORIENTED_EDGE('',*,*,#10582,.F.);
#10632=EDGE_LOOP('',(#10627,#10629,#10630,#10631));
#10633=FACE_OUTER_BOUND('',#10632,.F.);
#10635=CARTESIAN_POINT('',(-1.036885930116E1,1.016885930116E1,
-5.281161675290E0));
#10636=DIRECTION('',(2.616798426498E-2,-2.616798426498E-2,9.993150019884E-1));
#10637=DIRECTION('',(0.E0,-9.996573249756E-1,-2.617694830787E-2));
#10638=AXIS2_PLACEMENT_3D('',#10635,#10636,#10637);
#10639=CYLINDRICAL_SURFACE('',#10638,5.E-1);
#10641=ORIENTED_EDGE('',*,*,#10640,.F.);
#10642=ORIENTED_EDGE('',*,*,#10626,.F.);
#10643=ORIENTED_EDGE('',*,*,#10476,.T.);
#10644=ORIENTED_EDGE('',*,*,#10461,.T.);
#10645=EDGE_LOOP('',(#10641,#10642,#10643,#10644));
#10646=FACE_OUTER_BOUND('',#10645,.F.);
#10648=CARTESIAN_POINT('',(-9.7E0,1.43E1,1.160769515459E0));
#10649=DIRECTION('',(9.996573249756E-1,0.E0,-2.617694830787E-2));
#10650=DIRECTION('',(0.E0,-1.E0,0.E0));
#10651=AXIS2_PLACEMENT_3D('',#10648,#10649,#10650);
#10652=PLANE('',#10651);
#10653=ORIENTED_EDGE('',*,*,#10640,.T.);
#10654=ORIENTED_EDGE('',*,*,#10459,.T.);
#10655=ORIENTED_EDGE('',*,*,#10399,.F.);
#10657=ORIENTED_EDGE('',*,*,#10656,.F.);
#10658=EDGE_LOOP('',(#10653,#10654,#10655,#10657));
#10659=FACE_OUTER_BOUND('',#10658,.F.);
#10661=CARTESIAN_POINT('',(-9.827778124661E0,1.218363611296E1,
9.996573249756E-2));
#10662=DIRECTION('',(6.977904598417E-1,0.E0,-7.163019434247E-1));
#10663=DIRECTION('',(-7.163019434247E-1,0.E0,-6.977904598417E-1));
#10664=AXIS2_PLACEMENT_3D('',#10661,#10662,#10663);
#10665=PLANE('',#10664);
#10666=ORIENTED_EDGE('',*,*,#7562,.F.);
#10667=ORIENTED_EDGE('',*,*,#10628,.F.);
#10668=ORIENTED_EDGE('',*,*,#10656,.T.);
#10669=ORIENTED_EDGE('',*,*,#10386,.T.);
#10670=EDGE_LOOP('',(#10666,#10667,#10668,#10669));
#10671=FACE_OUTER_BOUND('',#10670,.F.);
#10673=CARTESIAN_POINT('',(-1.409953530608E1,-9.436228183689E0,
2.836933659636E-1));
#10674=CARTESIAN_POINT('',(-1.408406594954E1,-9.560538809356E0,
1.612138440599E-1));
#10675=CARTESIAN_POINT('',(-1.406859659300E1,-9.684849435023E0,
3.873432215617E-2));
#10676=CARTESIAN_POINT('',(-1.405312723646E1,-9.809160060690E0,
-8.374519974752E-2));
#10677=CARTESIAN_POINT('',(-1.411629741126E1,-9.438309877019E0,
2.836856577336E-1));
#10678=CARTESIAN_POINT('',(-1.410592850017E1,-9.563428514510E0,
1.612094637199E-1));
#10679=CARTESIAN_POINT('',(-1.409555958909E1,-9.688547152002E0,
3.873326970625E-2));
#10680=CARTESIAN_POINT('',(-1.408519067801E1,-9.813665789493E0,
-8.374292430745E-2));
#10681=CARTESIAN_POINT('',(-1.417649320839E1,-9.441786037606E0,
2.836573717514E-1));
#10682=CARTESIAN_POINT('',(-1.418445304846E1,-9.568561099688E0,
1.611933897031E-1));
#10683=CARTESIAN_POINT('',(-1.419241288852E1,-9.695336161769E0,
3.872940765489E-2));
#10684=CARTESIAN_POINT('',(-1.420037272859E1,-9.822111223850E0,
-8.373457439334E-2));
#10685=CARTESIAN_POINT('',(-1.428111458399E1,-9.424654749544E0,
2.836083113875E-1));
#10686=CARTESIAN_POINT('',(-1.432105824563E1,-9.547042614790E0,
1.611655102713E-1));
#10687=CARTESIAN_POINT('',(-1.436100190727E1,-9.669430480036E0,
3.872270915515E-2));
#10688=CARTESIAN_POINT('',(-1.440094556891E1,-9.791818345282E0,
-8.372009196103E-2));
#10689=CARTESIAN_POINT('',(-1.439764694089E1,-9.364504662460E0,
2.835709336097E-1));
#10690=CARTESIAN_POINT('',(-1.447371759808E1,-9.468886224292E0,
1.611442696786E-1));
#10691=CARTESIAN_POINT('',(-1.454978825526E1,-9.573267786124E0,
3.871760574752E-2));
#10692=CARTESIAN_POINT('',(-1.462585891245E1,-9.677649347956E0,
-8.370905818356E-2));
#10693=CARTESIAN_POINT('',(-1.449092069657E1,-9.271286355542E0,
2.835709563655E-1));
#10694=CARTESIAN_POINT('',(-1.459573904289E1,-9.346935102134E0,
1.611442826100E-1));
#10695=CARTESIAN_POINT('',(-1.470055738921E1,-9.422583848727E0,
3.871760885451E-2));
#10696=CARTESIAN_POINT('',(-1.480537573554E1,-9.498232595319E0,
-8.370906490100E-2));
#10697=CARTESIAN_POINT('',(-1.455109141515E1,-9.151331649476E0,
2.836103475233E-1));
#10698=CARTESIAN_POINT('',(-1.467388851113E1,-9.189801388073E0,
1.611666673420E-1));
#10699=CARTESIAN_POINT('',(-1.479668560712E1,-9.228271126670E0,
3.872298716073E-2));
#10700=CARTESIAN_POINT('',(-1.491948270311E1,-9.266740865267E0,
-8.372069302055E-2));
#10701=CARTESIAN_POINT('',(-1.456657766950E1,-9.050630055560E0,
2.836578195567E-1));
#10702=CARTESIAN_POINT('',(-1.469327849713E1,-9.058328174048E0,
1.611936441765E-1));
#10703=CARTESIAN_POINT('',(-1.481997932476E1,-9.066026292536E0,
3.872946879638E-2));
#10704=CARTESIAN_POINT('',(-1.494668015239E1,-9.073724411023E0,
-8.373470658377E-2));
#10705=CARTESIAN_POINT('',(-1.456336799504E1,-8.991214540790E0,
2.836856794666E-1));
#10706=CARTESIAN_POINT('',(-1.468850439806E1,-8.980820629090E0,
1.612094760701E-1));
#10707=CARTESIAN_POINT('',(-1.481364080108E1,-8.970426717390E0,
3.873327267358E-2));
#10708=CARTESIAN_POINT('',(-1.493877720410E1,-8.960032805690E0,
-8.374293072294E-2));
#10709=CARTESIAN_POINT('',(-1.456147070604E1,-8.974122667036E0,
2.836934885763E-1));
#10710=CARTESIAN_POINT('',(-1.468585480779E1,-8.958525919730E0,
1.612139137368E-1));
#10711=CARTESIAN_POINT('',(-1.481023890953E1,-8.942929172423E0,
3.873433889721E-2));
#10712=CARTESIAN_POINT('',(-1.493462301128E1,-8.927332425117E0,
-8.374523594234E-2));
#10713=B_SPLINE_SURFACE_WITH_KNOTS('',3,3,((#10673,#10674,#10675,#10676),
(#10677,#10678,#10679,#10680),(#10681,#10682,#10683,#10684),(#10685,#10686,
#10687,#10688),(#10689,#10690,#10691,#10692),(#10693,#10694,#10695,#10696),(
#10697,#10698,#10699,#10700),(#10701,#10702,#10703,#10704),(#10705,#10706,
#10707,#10708),(#10709,#10710,#10711,#10712)),.UNSPECIFIED.,.F.,.F.,.F.,(4,1,1,
1,1,1,1,4),(4,4),(-7.863990532857E-2,0.E0,2.E-1,4.E-1,6.E-1,8.E-1,1.E0,
1.080714301027E0),(-4.188345476349E-1,1.418834547635E0),.UNSPECIFIED.);
#10715=ORIENTED_EDGE('',*,*,#10714,.T.);
#10716=ORIENTED_EDGE('',*,*,#10522,.T.);
#10717=ORIENTED_EDGE('',*,*,#7552,.F.);
#10719=ORIENTED_EDGE('',*,*,#10718,.F.);
#10720=EDGE_LOOP('',(#10715,#10716,#10717,#10719));
#10721=FACE_OUTER_BOUND('',#10720,.F.);
#10723=CARTESIAN_POINT('',(-1.429351650867E1,-9.168516508670E0,
-5.281161675290E0));
#10724=DIRECTION('',(2.616798426498E-2,2.616798426498E-2,9.993150019884E-1));
#10725=DIRECTION('',(-9.996573249756E-1,0.E0,2.617694830787E-2));
#10726=AXIS2_PLACEMENT_3D('',#10723,#10724,#10725);
#10727=CYLINDRICAL_SURFACE('',#10726,5.E-1);
#10729=ORIENTED_EDGE('',*,*,#10728,.T.);
#10731=ORIENTED_EDGE('',*,*,#10730,.T.);
#10732=ORIENTED_EDGE('',*,*,#10506,.F.);
#10733=ORIENTED_EDGE('',*,*,#10714,.F.);
#10734=EDGE_LOOP('',(#10729,#10731,#10732,#10733));
#10735=FACE_OUTER_BOUND('',#10734,.F.);
#10737=CARTESIAN_POINT('',(-9.7E0,-9.5E0,1.160769515459E0));
#10738=DIRECTION('',(0.E0,-9.996573249756E-1,2.617694830787E-2));
#10739=DIRECTION('',(1.E0,0.E0,0.E0));
#10740=AXIS2_PLACEMENT_3D('',#10737,#10738,#10739);
#10741=PLANE('',#10740);
#10742=ORIENTED_EDGE('',*,*,#10728,.F.);
#10744=ORIENTED_EDGE('',*,*,#10743,.F.);
#10746=ORIENTED_EDGE('',*,*,#10745,.F.);
#10748=ORIENTED_EDGE('',*,*,#10747,.F.);
#10750=ORIENTED_EDGE('',*,*,#10749,.T.);
#10751=EDGE_LOOP('',(#10742,#10744,#10746,#10748,#10750));
#10752=FACE_OUTER_BOUND('',#10751,.F.);
#10754=CARTESIAN_POINT('',(-1.218766042983E1,-9.627778124661E0,
9.996573249756E-2));
#10755=DIRECTION('',(0.E0,6.977904598417E-1,-7.163019434247E-1));
#10756=DIRECTION('',(0.E0,-7.163019434247E-1,-6.977904598417E-1));
#10757=AXIS2_PLACEMENT_3D('',#10754,#10755,#10756);
#10758=PLANE('',#10757);
#10759=ORIENTED_EDGE('',*,*,#10743,.T.);
#10760=ORIENTED_EDGE('',*,*,#10718,.T.);
#10761=ORIENTED_EDGE('',*,*,#7550,.F.);
#10763=ORIENTED_EDGE('',*,*,#10762,.F.);
#10764=EDGE_LOOP('',(#10759,#10760,#10761,#10763));
#10765=FACE_OUTER_BOUND('',#10764,.F.);
#10767=CARTESIAN_POINT('',(-9.652690232496E0,-1.014415146298E1,
2.837084645102E-1));
#10768=CARTESIAN_POINT('',(-9.774901656769E0,-1.011853324620E1,
1.612224240775E-1));
#10769=CARTESIAN_POINT('',(-9.897113081043E0,-1.009291502943E1,
3.873638364478E-2));
#10770=CARTESIAN_POINT('',(-1.001932450532E1,-1.006729681266E1,
-8.374965678796E-2));
#10771=CARTESIAN_POINT('',(-9.643789398548E0,-1.010538278896E1,
2.836963454975E-1));
#10772=CARTESIAN_POINT('',(-9.768127843060E0,-1.008808769836E1,
1.612155372311E-1));
#10773=CARTESIAN_POINT('',(-9.892466287571E0,-1.007079260777E1,
3.873472896476E-2));
#10774=CARTESIAN_POINT('',(-1.001680473208E1,-1.005349751718E1,
-8.374607930162E-2));
#10775=CARTESIAN_POINT('',(-9.630950809863E0,-9.989489583091E0,
2.836578445500E-1));
#10776=CARTESIAN_POINT('',(-9.758644831789E0,-9.997107757001E0,
1.611936583771E-1));
#10777=CARTESIAN_POINT('',(-9.886338853715E0,-1.000472593091E1,
3.872947220418E-2));
#10778=CARTESIAN_POINT('',(-1.001403287564E1,-1.001234410482E1,
-8.373471396874E-2));
#10779=CARTESIAN_POINT('',(-9.669067822207E0,-9.794197285730E0,
2.835934070785E-1));
#10780=CARTESIAN_POINT('',(-9.789297194367E0,-9.843977751452E0,
1.611570406280E-1));
#10781=CARTESIAN_POINT('',(-9.909526566526E0,-9.893758217174E0,
3.872067417757E-2));
#10782=CARTESIAN_POINT('',(-1.002975593869E1,-9.943538682895E0,
-8.371569227287E-2));
#10783=CARTESIAN_POINT('',(-9.799397200660E0,-9.599257880013E0,
2.835620671070E-1));
#10784=CARTESIAN_POINT('',(-9.891637129303E0,-9.691528209708E0,
1.611392311271E-1));
#10785=CARTESIAN_POINT('',(-9.983877057946E0,-9.783798539404E0,
3.871639514713E-2));
#10786=CARTESIAN_POINT('',(-1.007611698659E1,-9.876068869100E0,
-8.370644083282E-2));
#10787=CARTESIAN_POINT('',(-9.994548522629E0,-9.468930772780E0,
2.835935031538E-1));
#10788=CARTESIAN_POINT('',(-1.004425273496E1,-9.589188764483E0,
1.611570952246E-1));
#10789=CARTESIAN_POINT('',(-1.009395694729E1,-9.709446756186E0,
3.872068729530E-2));
#10790=CARTESIAN_POINT('',(-1.014366115962E1,-9.829704747889E0,
-8.371572063395E-2));
#10791=CARTESIAN_POINT('',(-1.018902211901E1,-9.431082117039E0,
2.836576956280E-1));
#10792=CARTESIAN_POINT('',(-1.019674132819E1,-9.558749434569E0,
1.611935737495E-1));
#10793=CARTESIAN_POINT('',(-1.020446053736E1,-9.686416752099E0,
3.872945187099E-2));
#10794=CARTESIAN_POINT('',(-1.021217974653E1,-9.814084069629E0,
-8.373467000754E-2));
#10795=CARTESIAN_POINT('',(-1.030434526416E1,-9.443664857713E0,
2.836959981377E-1));
#10796=CARTESIAN_POINT('',(-1.028727322374E1,-9.568035471089E0,
1.612153398377E-1));
#10797=CARTESIAN_POINT('',(-1.027020118333E1,-9.692406084465E0,
3.873468153768E-2));
#10798=CARTESIAN_POINT('',(-1.025312914292E1,-9.816776697841E0,
-8.374597676231E-2));
#10799=CARTESIAN_POINT('',(-1.034267924927E1,-9.452301699865E0,
2.837079925732E-1));
#10800=CARTESIAN_POINT('',(-1.031737697594E1,-9.574605077783E0,
1.612221558908E-1));
#10801=CARTESIAN_POINT('',(-1.029207470261E1,-9.696908455700E0,
3.873631920844E-2));
#10802=CARTESIAN_POINT('',(-1.026677242928E1,-9.819211833618E0,
-8.374951747394E-2));
#10803=B_SPLINE_SURFACE_WITH_KNOTS('',3,3,((#10767,#10768,#10769,#10770),
(#10771,#10772,#10773,#10774),(#10775,#10776,#10777,#10778),(#10779,#10780,
#10781,#10782),(#10783,#10784,#10785,#10786),(#10787,#10788,#10789,#10790),(
#10791,#10792,#10793,#10794),(#10795,#10796,#10797,#10798),(#10799,#10800,
#10801,#10802)),.UNSPECIFIED.,.F.,.F.,.F.,(4,1,1,1,1,1,4),(4,4),(
-1.321051673341E-1,0.E0,2.5E-1,5.E-1,7.5E-1,1.E0,1.130527832952E0),(
-4.188345476848E-1,1.418834547685E0),.UNSPECIFIED.);
#10805=ORIENTED_EDGE('',*,*,#10804,.T.);
#10806=ORIENTED_EDGE('',*,*,#10762,.T.);
#10807=ORIENTED_EDGE('',*,*,#7548,.F.);
#10809=ORIENTED_EDGE('',*,*,#10808,.F.);
#10810=EDGE_LOOP('',(#10805,#10806,#10807,#10809));
#10811=FACE_OUTER_BOUND('',#10810,.F.);
#10813=CARTESIAN_POINT('',(-9.988290350094E0,-9.788290350094E0,
9.252180222221E0));
#10814=DIRECTION('',(-2.616798426498E-2,-2.616798426498E-2,-9.993150019884E-1));
#10815=DIRECTION('',(0.E0,9.996573249756E-1,-2.617694830787E-2));
#10816=AXIS2_PLACEMENT_3D('',#10813,#10814,#10815);
#10817=CYLINDRICAL_SURFACE('',#10816,5.E-1);
#10819=ORIENTED_EDGE('',*,*,#10818,.F.);
#10821=ORIENTED_EDGE('',*,*,#10820,.T.);
#10822=ORIENTED_EDGE('',*,*,#10745,.T.);
#10823=ORIENTED_EDGE('',*,*,#10804,.F.);
#10824=EDGE_LOOP('',(#10819,#10821,#10822,#10823));
#10825=FACE_OUTER_BOUND('',#10824,.F.);
#10827=CARTESIAN_POINT('',(-9.7E0,-1.43E1,1.160769515459E0));
#10828=DIRECTION('',(9.996573249756E-1,0.E0,-2.617694830787E-2));
#10829=DIRECTION('',(0.E0,1.E0,0.E0));
#10830=AXIS2_PLACEMENT_3D('',#10827,#10828,#10829);
#10831=PLANE('',#10830);
#10832=ORIENTED_EDGE('',*,*,#10818,.T.);
#10834=ORIENTED_EDGE('',*,*,#10833,.F.);
#10836=ORIENTED_EDGE('',*,*,#10835,.T.);
#10838=ORIENTED_EDGE('',*,*,#10837,.F.);
#10839=EDGE_LOOP('',(#10832,#10834,#10836,#10838));
#10840=FACE_OUTER_BOUND('',#10839,.F.);
#10842=CARTESIAN_POINT('',(-9.827778124661E0,-1.218363611296E1,
9.996573249756E-2));
#10843=DIRECTION('',(6.977904598417E-1,0.E0,-7.163019434247E-1));
#10844=DIRECTION('',(-7.163019434247E-1,0.E0,-6.977904598417E-1));
#10845=AXIS2_PLACEMENT_3D('',#10842,#10843,#10844);
#10846=PLANE('',#10845);
#10847=ORIENTED_EDGE('',*,*,#10833,.T.);
#10848=ORIENTED_EDGE('',*,*,#10808,.T.);
#10849=ORIENTED_EDGE('',*,*,#7546,.F.);
#10851=ORIENTED_EDGE('',*,*,#10850,.F.);
#10852=EDGE_LOOP('',(#10847,#10848,#10849,#10851));
#10853=FACE_OUTER_BOUND('',#10852,.F.);
#10855=CARTESIAN_POINT('',(-9.711105302859E0,-1.444733998909E1,
9.986298043954E-2));
#10856=DIRECTION('',(-9.665376507313E-3,6.882885841196E-1,-7.253725976818E-1));
#10857=DIRECTION('',(-1.018512911708E-2,7.253010882471E-1,6.883564443894E-1));
#10858=AXIS2_PLACEMENT_3D('',#10855,#10856,#10857);
#10859=PLANE('',#10858);
#10860=ORIENTED_EDGE('',*,*,#7544,.T.);
#10862=ORIENTED_EDGE('',*,*,#10861,.T.);
#10864=ORIENTED_EDGE('',*,*,#10863,.F.);
#10865=ORIENTED_EDGE('',*,*,#10850,.T.);
#10866=EDGE_LOOP('',(#10860,#10862,#10864,#10865));
#10867=FACE_OUTER_BOUND('',#10866,.F.);
#10869=CARTESIAN_POINT('',(-8.7E0,-1.444717418366E1,9.986295347546E-2));
#10870=DIRECTION('',(0.E0,6.883545756938E-1,-7.253743710123E-1));
#10871=DIRECTION('',(0.E0,7.253743710123E-1,6.883545756938E-1));
#10872=AXIS2_PLACEMENT_3D('',#10869,#10870,#10871);
#10873=PLANE('',#10872);
#10874=ORIENTED_EDGE('',*,*,#7542,.T.);
#10876=ORIENTED_EDGE('',*,*,#10875,.T.);
#10878=ORIENTED_EDGE('',*,*,#10877,.F.);
#10879=ORIENTED_EDGE('',*,*,#10861,.F.);
#10880=EDGE_LOOP('',(#10874,#10876,#10878,#10879));
#10881=FACE_OUTER_BOUND('',#10880,.F.);
#10883=CARTESIAN_POINT('',(-6.768464900821E0,-1.446026523693E1,
9.986298043954E-2));
#10884=DIRECTION('',(9.665376507313E-3,6.882885841196E-1,-7.253725976818E-1));
#10885=DIRECTION('',(1.018512911708E-2,7.253010882471E-1,6.883564443894E-1));
#10886=AXIS2_PLACEMENT_3D('',#10883,#10884,#10885);
#10887=PLANE('',#10886);
#10888=ORIENTED_EDGE('',*,*,#7540,.T.);
#10890=ORIENTED_EDGE('',*,*,#10889,.T.);
#10892=ORIENTED_EDGE('',*,*,#10891,.F.);
#10893=ORIENTED_EDGE('',*,*,#10875,.F.);
#10894=EDGE_LOOP('',(#10888,#10890,#10892,#10893));
#10895=FACE_OUTER_BOUND('',#10894,.F.);
#10897=CARTESIAN_POINT('',(1.817701650091E0,-1.447337807330E1,
9.986295347546E-2));
#10898=DIRECTION('',(0.E0,6.883545756938E-1,-7.253743710123E-1));
#10899=DIRECTION('',(0.E0,7.253743710123E-1,6.883545756938E-1));
#10900=AXIS2_PLACEMENT_3D('',#10897,#10898,#10899);
#10901=PLANE('',#10900);
#10902=ORIENTED_EDGE('',*,*,#7538,.T.);
#10904=ORIENTED_EDGE('',*,*,#10903,.T.);
#10906=ORIENTED_EDGE('',*,*,#10905,.F.);
#10907=ORIENTED_EDGE('',*,*,#10889,.F.);
#10908=EDGE_LOOP('',(#10902,#10904,#10906,#10907));
#10909=FACE_OUTER_BOUND('',#10908,.F.);
#10911=CARTESIAN_POINT('',(9.387548976897E0,-1.466176593671E1,
-8.262124019876E-2));
#10912=CARTESIAN_POINT('',(9.396344032897E0,-1.453433197996E1,
3.904728989687E-2));
#10913=CARTESIAN_POINT('',(9.405139088896E0,-1.440689802321E1,
1.607158199925E-1));
#10914=CARTESIAN_POINT('',(9.413934144895E0,-1.427946406647E1,
2.823843500881E-1));
#10915=CARTESIAN_POINT('',(9.414724613776E0,-1.466402692617E1,
-8.261615145563E-2));
#10916=CARTESIAN_POINT('',(9.420600372509E0,-1.453623532414E1,
3.904488492657E-2));
#10917=CARTESIAN_POINT('',(9.426476131242E0,-1.440844372211E1,
1.607059213088E-1));
#10918=CARTESIAN_POINT('',(9.432351889976E0,-1.428065212008E1,
2.823669576910E-1));
#10919=CARTESIAN_POINT('',(9.567307764445E0,-1.467126989692E1,
-8.258739400172E-2));
#10920=CARTESIAN_POINT('',(9.556785006032E0,-1.454207324605E1,
3.903129398269E-2));
#10921=CARTESIAN_POINT('',(9.546262247618E0,-1.441287659518E1,
1.606499819671E-1));
#10922=CARTESIAN_POINT('',(9.535739489204E0,-1.428367994431E1,
2.822686699515E-1));
#10923=CARTESIAN_POINT('',(9.848051191165E0,-1.462992251414E1,
-8.253461269739E-2));
#10924=CARTESIAN_POINT('',(9.807241001734E0,-1.450421965171E1,
3.900634922409E-2));
#10925=CARTESIAN_POINT('',(9.766430812304E0,-1.437851678927E1,
1.605473111456E-1));
#10926=CARTESIAN_POINT('',(9.725620622873E0,-1.425281392684E1,
2.820882730671E-1));
#10927=CARTESIAN_POINT('',(1.019064349320E1,-1.445647267297E1,
-8.249101444203E-2));
#10928=CARTESIAN_POINT('',(1.011220558370E1,-1.434903299089E1,
3.898574442910E-2));
#10929=CARTESIAN_POINT('',(1.003376767421E1,-1.424159330881E1,
1.604625033002E-1));
#10930=CARTESIAN_POINT('',(9.955329764714E0,-1.413415362673E1,
2.819392621714E-1));
#10931=CARTESIAN_POINT('',(1.046090422233E1,-1.418589468492E1,
-8.249115649226E-2));
#10932=CARTESIAN_POINT('',(1.035298220842E1,-1.410797878841E1,
3.898581156289E-2));
#10933=CARTESIAN_POINT('',(1.024506019452E1,-1.403006289190E1,
1.604627796180E-1));
#10934=CARTESIAN_POINT('',(1.013713818062E1,-1.395214699538E1,
2.819397476732E-1));
#10935=CARTESIAN_POINT('',(1.063347175742E1,-1.383539868186E1,
-8.253677729867E-2));
#10936=CARTESIAN_POINT('',(1.050741969173E1,-1.379596721356E1,
3.900737222754E-2));
#10937=CARTESIAN_POINT('',(1.038136762604E1,-1.375653574526E1,
1.605515217538E-1));
#10938=CARTESIAN_POINT('',(1.025531556035E1,-1.371710427695E1,
2.820956712800E-1));
#10939=CARTESIAN_POINT('',(1.06709324E1,-1.356460501134E1,-8.258792638650E-2));
#10940=CARTESIAN_POINT('',(1.054178437363E1,-1.355437280948E1,
3.903154559090E-2));
#10941=CARTESIAN_POINT('',(1.041263634725E1,-1.354414060762E1,
1.606510175683E-1));
#10942=CARTESIAN_POINT('',(1.028348832088E1,-1.353390840577E1,
2.822704895457E-1));
#10943=CARTESIAN_POINT('',(1.066407016903E1,-1.341465879048E1,
-8.261615896447E-2));
#10944=CARTESIAN_POINT('',(1.053627391249E1,-1.342054119532E1,
3.904488847530E-2));
#10945=CARTESIAN_POINT('',(1.040847765596E1,-1.342642360016E1,
1.607059359151E-1));
#10946=CARTESIAN_POINT('',(1.028068139943E1,-1.343230600500E1,
2.823669833548E-1));
#10947=CARTESIAN_POINT('',(1.066192365293E1,-1.338727241819E1,
-8.262127351185E-2));
#10948=CARTESIAN_POINT('',(1.053447285746E1,-1.339609710634E1,
3.904730564083E-2));
#10949=CARTESIAN_POINT('',(1.040702206198E1,-1.340492179448E1,
1.607158847935E-1));
#10950=CARTESIAN_POINT('',(1.027957126651E1,-1.341374648263E1,
2.823844639462E-1));
#10951=B_SPLINE_SURFACE_WITH_KNOTS('',3,3,((#10911,#10912,#10913,#10914),
(#10915,#10916,#10917,#10918),(#10919,#10920,#10921,#10922),(#10923,#10924,
#10925,#10926),(#10927,#10928,#10929,#10930),(#10931,#10932,#10933,#10934),(
#10935,#10936,#10937,#10938),(#10939,#10940,#10941,#10942),(#10943,#10944,
#10945,#10946),(#10947,#10948,#10949,#10950)),.UNSPECIFIED.,.F.,.F.,.F.,(4,1,1,
1,1,1,1,4),(4,4),(-4.358388302624E-2,0.E0,2.E-1,4.E-1,6.E-1,8.E-1,1.E0,
1.044668619171E0),(-4.135960851056E-1,1.413596085106E0),.UNSPECIFIED.);
#10952=ORIENTED_EDGE('',*,*,#7536,.T.);
#10954=ORIENTED_EDGE('',*,*,#10953,.T.);
#10956=ORIENTED_EDGE('',*,*,#10955,.F.);
#10957=ORIENTED_EDGE('',*,*,#10903,.F.);
#10958=EDGE_LOOP('',(#10952,#10954,#10956,#10957));
#10959=FACE_OUTER_BOUND('',#10958,.F.);
#10961=CARTESIAN_POINT('',(1.047337807330E1,-6.026559234995E0,
9.986295347546E-2));
#10962=DIRECTION('',(-6.883545756938E-1,0.E0,-7.253743710123E-1));
#10963=DIRECTION('',(-7.253743710123E-1,0.E0,6.883545756938E-1));
#10964=AXIS2_PLACEMENT_3D('',#10961,#10962,#10963);
#10965=PLANE('',#10964);
#10966=ORIENTED_EDGE('',*,*,#7534,.T.);
#10968=ORIENTED_EDGE('',*,*,#10967,.T.);
#10969=ORIENTED_EDGE('',*,*,#10283,.F.);
#10970=ORIENTED_EDGE('',*,*,#10953,.F.);
#10971=EDGE_LOOP('',(#10966,#10968,#10969,#10970));
#10972=FACE_OUTER_BOUND('',#10971,.F.);
#10974=CARTESIAN_POINT('',(1.062721018677E1,1.386691752357E0,
-4.187851828642E-2));
#10975=CARTESIAN_POINT('',(1.054573143845E1,1.317197575466E0,
6.665880865983E-2));
#10976=CARTESIAN_POINT('',(1.046425269014E1,1.247703398576E0,
1.751961356061E-1));
#10977=CARTESIAN_POINT('',(1.038277394182E1,1.178209221685E0,
2.837334625523E-1));
#10978=CARTESIAN_POINT('',(1.062242883404E1,1.395507167770E0,
-4.185980712985E-2));
#10979=CARTESIAN_POINT('',(1.051942783435E1,1.343051961786E0,
6.662902576740E-2));
#10980=CARTESIAN_POINT('',(1.041642683467E1,1.290596755802E0,
1.751178586647E-1));
#10981=CARTESIAN_POINT('',(1.031342583499E1,1.238141549817E0,
2.836066915619E-1));
#10982=CARTESIAN_POINT('',(1.062056579429E1,1.411886468202E0,
-4.182784299684E-2));
#10983=CARTESIAN_POINT('',(1.050105336343E1,1.399804114470E0,
6.657814786833E-2));
#10984=CARTESIAN_POINT('',(1.038154093257E1,1.387721760737E0,
1.749841387335E-1));
#10985=CARTESIAN_POINT('',(1.026202850171E1,1.375639407004E0,
2.833901295987E-1));
#10986=CARTESIAN_POINT('',(1.062679250868E1,1.433360214123E0,
-4.180826970555E-2));
#10987=CARTESIAN_POINT('',(1.051770967930E1,1.478523301852E0,
6.654699270017E-2));
#10988=CARTESIAN_POINT('',(1.040862684991E1,1.523686389582E0,
1.749022551059E-1));
#10989=CARTESIAN_POINT('',(1.029954402053E1,1.568849477311E0,
2.832575175116E-1));
#10990=CARTESIAN_POINT('',(1.063572339432E1,1.447908136445E0,
-4.181584577829E-2));
#10991=CARTESIAN_POINT('',(1.055256514862E1,1.531229769946E0,
6.655905167466E-2));
#10992=CARTESIAN_POINT('',(1.046940690293E1,1.614551403447E0,
1.749339491276E-1));
#10993=CARTESIAN_POINT('',(1.038624865724E1,1.697873036948E0,
2.833088465806E-1));
#10994=CARTESIAN_POINT('',(1.064876624854E1,1.460372440850E0,
-4.184190809713E-2));
#10995=CARTESIAN_POINT('',(1.060439403592E1,1.568022192688E0,
6.660053554744E-2));
#10996=CARTESIAN_POINT('',(1.056002182330E1,1.675671944525E0,
1.750429791920E-1));
#10997=CARTESIAN_POINT('',(1.051564961067E1,1.783321696362E0,
2.834854228366E-1));
#10998=CARTESIAN_POINT('',(1.067201940037E1,1.470771063624E0,
-4.187753788172E-2));
#10999=CARTESIAN_POINT('',(1.068135627010E1,1.586483259570E0,
6.665724813161E-2));
#11000=CARTESIAN_POINT('',(1.069069313983E1,1.702195455516E0,
1.751920341449E-1));
#11001=CARTESIAN_POINT('',(1.070003000955E1,1.817907651462E0,
2.837268201583E-1));
#11002=CARTESIAN_POINT('',(1.068920193259E1,1.469639549667E0,
-4.188693675570E-2));
#11003=CARTESIAN_POINT('',(1.073575535601E1,1.571025053311E0,
6.667220849239E-2));
#11004=CARTESIAN_POINT('',(1.078230877943E1,1.672410556954E0,
1.752313537405E-1));
#11005=CARTESIAN_POINT('',(1.082886220286E1,1.773796060598E0,
2.837904989886E-1));
#11006=CARTESIAN_POINT('',(1.069579409073E1,1.463006927693E0,
-4.187399150990E-2));
#11007=CARTESIAN_POINT('',(1.075963595859E1,1.547806573193E0,
6.665160330629E-2));
#11008=CARTESIAN_POINT('',(1.082347782645E1,1.632606218693E0,
1.751771981225E-1));
#11009=CARTESIAN_POINT('',(1.088731969431E1,1.717405864193E0,
2.837027929387E-1));
#11010=B_SPLINE_SURFACE_WITH_KNOTS('',3,3,((#10974,#10975,#10976,#10977),
(#10978,#10979,#10980,#10981),(#10982,#10983,#10984,#10985),(#10986,#10987,
#10988,#10989),(#10990,#10991,#10992,#10993),(#10994,#10995,#10996,#10997),(
#10998,#10999,#11000,#11001),(#11002,#11003,#11004,#11005),(#11006,#11007,
#11008,#11009)),.UNSPECIFIED.,.F.,.F.,.F.,(4,1,1,1,1,1,4),(4,4),(
-4.459336772111E-1,0.E0,2.5E-1,5.E-1,7.5E-1,1.E0,1.402976235817E0),(
-2.094172754678E-1,1.418834550936E0),.UNSPECIFIED.);
#11011=ORIENTED_EDGE('',*,*,#10967,.F.);
#11012=ORIENTED_EDGE('',*,*,#7532,.T.);
#11013=ORIENTED_EDGE('',*,*,#9891,.T.);
#11015=ORIENTED_EDGE('',*,*,#11014,.F.);
#11016=EDGE_LOOP('',(#11011,#11012,#11013,#11015));
#11017=FACE_OUTER_BOUND('',#11016,.F.);
#11019=CARTESIAN_POINT('',(1.096697813784E1,1.266739622988E0,
-5.494504233151E0));
#11020=DIRECTION('',(-5.231807111546E-2,2.614109824195E-2,9.982882661924E-1));
#11021=DIRECTION('',(0.E0,9.996573249756E-1,-2.617694830787E-2));
#11022=AXIS2_PLACEMENT_3D('',#11019,#11020,#11021);
#11023=CYLINDRICAL_SURFACE('',#11022,3.E-1);
#11024=ORIENTED_EDGE('',*,*,#11014,.T.);
#11025=ORIENTED_EDGE('',*,*,#9877,.T.);
#11027=ORIENTED_EDGE('',*,*,#11026,.T.);
#11028=ORIENTED_EDGE('',*,*,#10285,.F.);
#11029=EDGE_LOOP('',(#11024,#11025,#11027,#11028));
#11030=FACE_OUTER_BOUND('',#11029,.F.);
#11032=CARTESIAN_POINT('',(1.023384526975E1,1.633054701517E0,
-5.494504233151E0));
#11033=DIRECTION('',(5.231807111546E-2,-2.614109824195E-2,9.982882661924E-1));
#11034=DIRECTION('',(0.E0,9.996573249756E-1,2.617694830787E-2));
#11035=AXIS2_PLACEMENT_3D('',#11032,#11033,#11034);
#11036=CYLINDRICAL_SURFACE('',#11035,3.E-1);
#11037=ORIENTED_EDGE('',*,*,#9813,.T.);
#11038=ORIENTED_EDGE('',*,*,#8440,.F.);
#11039=ORIENTED_EDGE('',*,*,#11026,.F.);
#11040=ORIENTED_EDGE('',*,*,#9862,.T.);
#11041=EDGE_LOOP('',(#11037,#11038,#11039,#11040));
#11042=FACE_OUTER_BOUND('',#11041,.F.);
#11044=CARTESIAN_POINT('',(9.754150512963E0,-1.375415051296E1,
-5.281161675290E0));
#11045=DIRECTION('',(-5.226442768871E-2,5.226442768871E-2,9.972646886342E-1));
#11046=DIRECTION('',(0.E0,-9.986295347546E-1,5.233595624294E-2));
#11047=AXIS2_PLACEMENT_3D('',#11044,#11045,#11046);
#11048=CYLINDRICAL_SURFACE('',#11047,9.E-1);
#11049=ORIENTED_EDGE('',*,*,#10281,.T.);
#11051=ORIENTED_EDGE('',*,*,#11050,.F.);
#11053=ORIENTED_EDGE('',*,*,#11052,.F.);
#11054=ORIENTED_EDGE('',*,*,#10955,.T.);
#11055=EDGE_LOOP('',(#11049,#11051,#11053,#11054));
#11056=FACE_OUTER_BOUND('',#11055,.F.);
#11058=CARTESIAN_POINT('',(9.043379264241E0,-1.304337926424E1,
-5.281161675290E0));
#11059=DIRECTION('',(5.226442768871E-2,-5.226442768871E-2,9.972646886342E-1));
#11060=DIRECTION('',(0.E0,-9.986295347546E-1,-5.233595624294E-2));
#11061=AXIS2_PLACEMENT_3D('',#11058,#11059,#11060);
#11062=CYLINDRICAL_SURFACE('',#11061,9.E-1);
#11064=ORIENTED_EDGE('',*,*,#11063,.F.);
#11065=ORIENTED_EDGE('',*,*,#11050,.T.);
#11066=ORIENTED_EDGE('',*,*,#8402,.T.);
#11067=ORIENTED_EDGE('',*,*,#8099,.T.);
#11068=EDGE_LOOP('',(#11064,#11065,#11066,#11067));
#11069=FACE_OUTER_BOUND('',#11068,.F.);
#11071=CARTESIAN_POINT('',(-5.833974596216E0,-1.43E1,1.5E0));
#11072=DIRECTION('',(0.E0,-9.986295347546E-1,-5.233595624294E-2));
#11073=DIRECTION('',(-1.E0,0.E0,0.E0));
#11074=AXIS2_PLACEMENT_3D('',#11071,#11072,#11073);
#11075=PLANE('',#11074);
#11076=ORIENTED_EDGE('',*,*,#11063,.T.);
#11077=ORIENTED_EDGE('',*,*,#8097,.T.);
#11079=ORIENTED_EDGE('',*,*,#11078,.T.);
#11081=ORIENTED_EDGE('',*,*,#11080,.T.);
#11083=ORIENTED_EDGE('',*,*,#11082,.F.);
#11085=ORIENTED_EDGE('',*,*,#11084,.T.);
#11086=EDGE_LOOP('',(#11076,#11077,#11079,#11081,#11083,#11085));
#11087=FACE_OUTER_BOUND('',#11086,.F.);
#11089=CARTESIAN_POINT('',(2.3E0,-1.720004800192E1,1.5E0));
#11090=DIRECTION('',(-9.986295347546E-1,0.E0,5.233595624294E-2));
#11091=DIRECTION('',(0.E0,-1.E0,0.E0));
#11092=AXIS2_PLACEMENT_3D('',#11089,#11090,#11091);
#11093=PLANE('',#11092);
#11095=ORIENTED_EDGE('',*,*,#11094,.F.);
#11097=ORIENTED_EDGE('',*,*,#11096,.F.);
#11098=ORIENTED_EDGE('',*,*,#7936,.F.);
#11100=ORIENTED_EDGE('',*,*,#11099,.F.);
#11102=ORIENTED_EDGE('',*,*,#11101,.F.);
#11103=ORIENTED_EDGE('',*,*,#11078,.F.);
#11104=ORIENTED_EDGE('',*,*,#8095,.F.);
#11105=EDGE_LOOP('',(#11095,#11097,#11098,#11100,#11102,#11103,#11104));
#11106=FACE_OUTER_BOUND('',#11105,.F.);
#11108=CARTESIAN_POINT('',(6.627952656550E0,-1.571067620978E1,
2.250342616311E0));
#11109=DIRECTION('',(0.E0,-6.883545756938E-1,7.253743710123E-1));
#11110=DIRECTION('',(0.E0,-7.253743710123E-1,-6.883545756938E-1));
#11111=AXIS2_PLACEMENT_3D('',#11108,#11109,#11110);
#11112=PLANE('',#11111);
#11113=ORIENTED_EDGE('',*,*,#11094,.T.);
#11114=ORIENTED_EDGE('',*,*,#8093,.T.);
#11116=ORIENTED_EDGE('',*,*,#11115,.T.);
#11118=ORIENTED_EDGE('',*,*,#11117,.F.);
#11119=EDGE_LOOP('',(#11113,#11114,#11116,#11118));
#11120=FACE_OUTER_BOUND('',#11119,.F.);
#11122=CARTESIAN_POINT('',(1.084689047254E1,-1.535934713393E1,
2.582673752151E0));
#11123=CARTESIAN_POINT('',(1.083734494349E1,-1.559257706482E1,
2.360982855750E0));
#11124=CARTESIAN_POINT('',(1.082779941444E1,-1.582580699572E1,
2.139291959348E0));
#11125=CARTESIAN_POINT('',(1.081825388539E1,-1.605903692661E1,
1.917601062947E0));
#11126=CARTESIAN_POINT('',(1.086571793894E1,-1.536014545667E1,
2.582649853440E0));
#11127=CARTESIAN_POINT('',(1.085934738103E1,-1.559350644623E1,
2.361023041787E0));
#11128=CARTESIAN_POINT('',(1.085297682311E1,-1.582686743580E1,
2.139396230133E0));
#11129=CARTESIAN_POINT('',(1.084660626520E1,-1.606022842536E1,
1.917769418479E0));
#11130=CARTESIAN_POINT('',(1.098602215588E1,-1.536267700333E1,
2.582505589989E0));
#11131=CARTESIAN_POINT('',(1.099993815330E1,-1.559644336894E1,
2.361265622926E0));
#11132=CARTESIAN_POINT('',(1.101385415071E1,-1.583020973454E1,
2.140025655863E0));
#11133=CARTESIAN_POINT('',(1.102777014813E1,-1.606397610015E1,
1.918785688800E0));
#11134=CARTESIAN_POINT('',(1.120958608999E1,-1.533769176897E1,
2.582335073134E0));
#11135=CARTESIAN_POINT('',(1.126119303102E1,-1.556721910813E1,
2.361552349555E0));
#11136=CARTESIAN_POINT('',(1.131279997205E1,-1.579674644729E1,
2.140769625976E0));
#11137=CARTESIAN_POINT('',(1.136440691308E1,-1.602627378646E1,
1.919986902397E0));
#11138=CARTESIAN_POINT('',(1.149680072949E1,-1.523941613719E1,
2.582333417106E0));
#11139=CARTESIAN_POINT('',(1.159684993286E1,-1.545236779887E1,
2.361555134191E0));
#11140=CARTESIAN_POINT('',(1.169689913623E1,-1.566531946055E1,
2.140776851275E0));
#11141=CARTESIAN_POINT('',(1.179694833960E1,-1.587827112222E1,
1.919998568360E0));
#11142=CARTESIAN_POINT('',(1.169044043966E1,-1.512070980694E1,
2.582504604729E0));
#11143=CARTESIAN_POINT('',(1.182315217933E1,-1.531366976910E1,
2.361267279657E0));
#11144=CARTESIAN_POINT('',(1.195586391899E1,-1.550662973126E1,
2.140029954585E0));
#11145=CARTESIAN_POINT('',(1.208857565866E1,-1.569958969342E1,
1.918792629514E0));
#11146=CARTESIAN_POINT('',(1.178426125776E1,-1.504427675958E1,
2.582649712419E0));
#11147=CARTESIAN_POINT('',(1.193280705422E1,-1.522436508524E1,
2.361023278916E0));
#11148=CARTESIAN_POINT('',(1.208135285069E1,-1.540445341089E1,
2.139396845413E0));
#11149=CARTESIAN_POINT('',(1.222989864715E1,-1.558454173655E1,
1.917770411911E0));
#11150=CARTESIAN_POINT('',(1.179855137080E1,-1.503211442478E1,
2.582673524927E0));
#11151=CARTESIAN_POINT('',(1.194950916792E1,-1.521015455516E1,
2.360983237830E0));
#11152=CARTESIAN_POINT('',(1.210046696504E1,-1.538819468554E1,
2.139292950733E0));
#11153=CARTESIAN_POINT('',(1.225142476217E1,-1.556623481591E1,
1.917602663636E0));
#11154=B_SPLINE_SURFACE_WITH_KNOTS('',3,3,((#11122,#11123,#11124,#11125),
(#11126,#11127,#11128,#11129),(#11130,#11131,#11132,#11133),(#11134,#11135,
#11136,#11137),(#11138,#11139,#11140,#11141),(#11142,#11143,#11144,#11145),(
#11146,#11147,#11148,#11149),(#11150,#11151,#11152,#11153)),.UNSPECIFIED.,.F.,
.F.,.F.,(4,1,1,1,1,4),(4,4),(-6.204007433860E-2,0.E0,3.333333333333E-1,
6.666666666667E-1,1.E0,1.061369364077E0),(-1.654384342608E-1,1.165438434261E0),
.UNSPECIFIED.);
#11155=ORIENTED_EDGE('',*,*,#8091,.T.);
#11157=ORIENTED_EDGE('',*,*,#11156,.T.);
#11159=ORIENTED_EDGE('',*,*,#11158,.F.);
#11160=ORIENTED_EDGE('',*,*,#11115,.F.);
#11161=EDGE_LOOP('',(#11155,#11157,#11159,#11160));
#11162=FACE_OUTER_BOUND('',#11161,.F.);
#11164=CARTESIAN_POINT('',(1.980637875931E-13,-3.774758283726E-14,
2.250295538496E0));
#11165=DIRECTION('',(0.E0,0.E0,-1.E0));
#11166=DIRECTION('',(0.E0,-1.E0,0.E0));
#11167=AXIS2_PLACEMENT_3D('',#11164,#11165,#11166);
#11168=CONICAL_SURFACE('',#11167,1.946072581944E1,4.65E1);
#11169=ORIENTED_EDGE('',*,*,#9569,.F.);
#11170=ORIENTED_EDGE('',*,*,#11156,.F.);
#11171=ORIENTED_EDGE('',*,*,#8089,.T.);
#11173=ORIENTED_EDGE('',*,*,#11172,.T.);
#11174=EDGE_LOOP('',(#11169,#11170,#11171,#11173));
#11175=FACE_OUTER_BOUND('',#11174,.F.);
#11177=CARTESIAN_POINT('',(1.294995199808E1,-7.25E0,2.5E0));
#11178=DIRECTION('',(0.E0,-9.961946980917E-1,-8.715574274766E-2));
#11179=DIRECTION('',(1.E0,0.E0,0.E0));
#11180=AXIS2_PLACEMENT_3D('',#11177,#11178,#11179);
#11181=PLANE('',#11180);
#11182=ORIENTED_EDGE('',*,*,#11172,.F.);
#11183=ORIENTED_EDGE('',*,*,#8109,.T.);
#11185=ORIENTED_EDGE('',*,*,#11184,.F.);
#11186=ORIENTED_EDGE('',*,*,#8601,.T.);
#11187=EDGE_LOOP('',(#11182,#11183,#11185,#11186));
#11188=FACE_OUTER_BOUND('',#11187,.F.);
#11190=CARTESIAN_POINT('',(1.525E1,-1.170004800192E1,1.5E0));
#11191=DIRECTION('',(9.961946980917E-1,0.E0,-8.715574274766E-2));
#11192=DIRECTION('',(0.E0,1.E0,0.E0));
#11193=AXIS2_PLACEMENT_3D('',#11190,#11191,#11192);
#11194=PLANE('',#11193);
#11196=ORIENTED_EDGE('',*,*,#11195,.F.);
#11197=ORIENTED_EDGE('',*,*,#8603,.F.);
#11198=ORIENTED_EDGE('',*,*,#11184,.T.);
#11199=ORIENTED_EDGE('',*,*,#8107,.F.);
#11200=ORIENTED_EDGE('',*,*,#8473,.T.);
#11201=ORIENTED_EDGE('',*,*,#8492,.T.);
#11202=EDGE_LOOP('',(#11196,#11197,#11198,#11199,#11200,#11201));
#11203=FACE_OUTER_BOUND('',#11202,.F.);
#11205=CARTESIAN_POINT('',(1.623942694167E1,-1.4E0,9.367087719347E0));
#11206=DIRECTION('',(-8.715574274766E-2,0.E0,-9.961946980917E-1));
#11207=DIRECTION('',(-9.961946980917E-1,0.E0,8.715574274766E-2));
#11208=AXIS2_PLACEMENT_3D('',#11205,#11206,#11207);
#11209=CYLINDRICAL_SURFACE('',#11208,3.E-1);
#11211=ORIENTED_EDGE('',*,*,#11210,.F.);
#11212=ORIENTED_EDGE('',*,*,#8605,.T.);
#11213=ORIENTED_EDGE('',*,*,#11195,.T.);
#11214=ORIENTED_EDGE('',*,*,#8490,.T.);
#11215=EDGE_LOOP('',(#11211,#11212,#11213,#11214));
#11216=FACE_OUTER_BOUND('',#11215,.F.);
#11218=CARTESIAN_POINT('',(1.475E1,-1.1E0,1.5E0));
#11219=DIRECTION('',(0.E0,-1.E0,0.E0));
#11220=DIRECTION('',(1.E0,0.E0,0.E0));
#11221=AXIS2_PLACEMENT_3D('',#11218,#11219,#11220);
#11222=PLANE('',#11221);
#11223=ORIENTED_EDGE('',*,*,#8581,.T.);
#11224=ORIENTED_EDGE('',*,*,#11210,.T.);
#11225=ORIENTED_EDGE('',*,*,#8488,.T.);
#11226=EDGE_LOOP('',(#11223,#11224,#11225));
#11227=FACE_OUTER_BOUND('',#11226,.F.);
#11229=CARTESIAN_POINT('',(1.222332802300E1,-1.547160172382E1,
2.058254271974E0));
#11230=CARTESIAN_POINT('',(1.222511031987E1,-1.547678341578E1,
1.959381699383E0));
#11231=CARTESIAN_POINT('',(1.222887509756E1,-1.548773148130E1,
1.750480164852E0));
#11232=CARTESIAN_POINT('',(1.223263792769E1,-1.549867954826E1,
1.541578602649E0));
#11233=CARTESIAN_POINT('',(1.223461928023E1,-1.550444592265E1,
1.431549624684E0));
#11234=CARTESIAN_POINT('',(1.182190857130E1,-1.582473981718E1,
2.069525387478E0));
#11235=CARTESIAN_POINT('',(1.182369084692E1,-1.582992144734E1,
1.970653994151E0));
#11236=CARTESIAN_POINT('',(1.182745557974E1,-1.584086938237E1,
1.761754949378E0));
#11237=CARTESIAN_POINT('',(1.183121836508E1,-1.585181731906E1,
1.552855873073E0));
#11238=CARTESIAN_POINT('',(1.183319969407E1,-1.585758362489E1,
1.442828203368E0));
#11239=CARTESIAN_POINT('',(1.131621810462E1,-1.599866014131E1,
2.069524487407E0));
#11240=CARTESIAN_POINT('',(1.131800035346E1,-1.600384169361E1,
1.970654579664E0));
#11241=CARTESIAN_POINT('',(1.132176502976E1,-1.601478946427E1,
1.761758671379E0));
#11242=CARTESIAN_POINT('',(1.132552775870E1,-1.602573723683E1,
1.552862726697E0));
#11243=CARTESIAN_POINT('',(1.132750905800E1,-1.603150345629E1,
1.442836705080E0));
#11244=CARTESIAN_POINT('',(1.078250425161E1,-1.596713912040E1,
2.058251707472E0));
#11245=CARTESIAN_POINT('',(1.078428647218E1,-1.597232059053E1,
1.959383367639E0));
#11246=CARTESIAN_POINT('',(1.078805108882E1,-1.598326818770E1,
1.750490769653E0));
#11247=CARTESIAN_POINT('',(1.079181375822E1,-1.599421578704E1,
1.541598130137E0));
#11248=CARTESIAN_POINT('',(1.079379502620E1,-1.599998191534E1,
1.431573847938E0));
#11249=(BOUNDED_SURFACE()B_SPLINE_SURFACE(3,3,((#11229,#11230,#11231,#11232,
#11233),(#11234,#11235,#11236,#11237,#11238),(#11239,#11240,#11241,#11242,
#11243),(#11244,#11245,#11246,#11247,#11248)),.UNSPECIFIED.,.F.,.F.,.F.)B_SPLINE_SURFACE_WITH_KNOTS((4,4),(4,1,4),(0.E0,1.E0),(4.987592026028E-1,
5.191351453460E-1,5.418102260333E-1),.UNSPECIFIED.)GEOMETRIC_REPRESENTATION_ITEM()RATIONAL_B_SPLINE_SURFACE(((1.039171369590E0,1.039171369590E0,1.039171369590E0,
1.039171369590E0,1.039171369590E0),(9.869428768032E-1,9.869428768032E-1,
9.869428768032E-1,9.869428768032E-1,9.869428768032E-1),(9.869428768032E-1,
9.869428768032E-1,9.869428768032E-1,9.869428768032E-1,9.869428768032E-1),(
1.039171369590E0,1.039171369590E0,1.039171369590E0,1.039171369590E0,
1.039171369590E0)))REPRESENTATION_ITEM('')SURFACE());
#11250=ORIENTED_EDGE('',*,*,#11158,.T.);
#11251=ORIENTED_EDGE('',*,*,#9574,.T.);
#11252=ORIENTED_EDGE('',*,*,#7940,.T.);
#11254=ORIENTED_EDGE('',*,*,#11253,.F.);
#11255=EDGE_LOOP('',(#11250,#11251,#11252,#11254));
#11256=FACE_OUTER_BOUND('',#11255,.F.);
#11258=CARTESIAN_POINT('',(-2.590004800192E1,-1.6E1,1.5E0));
#11259=DIRECTION('',(0.E0,9.986295347546E-1,-5.233595624294E-2));
#11260=DIRECTION('',(-1.E0,0.E0,0.E0));
#11261=AXIS2_PLACEMENT_3D('',#11258,#11259,#11260);
#11262=PLANE('',#11261);
#11264=ORIENTED_EDGE('',*,*,#11263,.F.);
#11266=ORIENTED_EDGE('',*,*,#11265,.F.);
#11267=ORIENTED_EDGE('',*,*,#7930,.F.);
#11268=ORIENTED_EDGE('',*,*,#7976,.T.);
#11269=EDGE_LOOP('',(#11264,#11266,#11267,#11268));
#11270=FACE_OUTER_BOUND('',#11269,.F.);
#11272=CARTESIAN_POINT('',(-2.590004800192E1,-1.6E1,1.5E0));
#11273=DIRECTION('',(0.E0,9.986295347546E-1,-5.233595624294E-2));
#11274=DIRECTION('',(-1.E0,0.E0,0.E0));
#11275=AXIS2_PLACEMENT_3D('',#11272,#11273,#11274);
#11276=PLANE('',#11275);
#11277=ORIENTED_EDGE('',*,*,#11117,.T.);
#11278=ORIENTED_EDGE('',*,*,#11253,.T.);
#11279=ORIENTED_EDGE('',*,*,#7938,.F.);
#11280=ORIENTED_EDGE('',*,*,#11096,.T.);
#11281=EDGE_LOOP('',(#11277,#11278,#11279,#11280));
#11282=FACE_OUTER_BOUND('',#11281,.F.);
#11284=CARTESIAN_POINT('',(-8.827952656550E0,-1.571067620978E1,
2.250342616311E0));
#11285=DIRECTION('',(0.E0,-6.883545756938E-1,7.253743710123E-1));
#11286=DIRECTION('',(0.E0,7.253743710123E-1,6.883545756938E-1));
#11287=AXIS2_PLACEMENT_3D('',#11284,#11285,#11286);
#11288=PLANE('',#11287);
#11290=ORIENTED_EDGE('',*,*,#11289,.T.);
#11291=ORIENTED_EDGE('',*,*,#11263,.T.);
#11292=ORIENTED_EDGE('',*,*,#8022,.T.);
#11293=ORIENTED_EDGE('',*,*,#8145,.F.);
#11294=EDGE_LOOP('',(#11290,#11291,#11292,#11293));
#11295=FACE_OUTER_BOUND('',#11294,.F.);
#11297=CARTESIAN_POINT('',(-6.7E0,-1.720004800192E1,1.5E0));
#11298=DIRECTION('',(-9.986295347546E-1,0.E0,-5.233595624294E-2));
#11299=DIRECTION('',(0.E0,-1.E0,0.E0));
#11300=AXIS2_PLACEMENT_3D('',#11297,#11298,#11299);
#11301=PLANE('',#11300);
#11302=ORIENTED_EDGE('',*,*,#11289,.F.);
#11303=ORIENTED_EDGE('',*,*,#8143,.T.);
#11305=ORIENTED_EDGE('',*,*,#11304,.T.);
#11307=ORIENTED_EDGE('',*,*,#11306,.T.);
#11309=ORIENTED_EDGE('',*,*,#11308,.T.);
#11310=ORIENTED_EDGE('',*,*,#7932,.T.);
#11311=ORIENTED_EDGE('',*,*,#11265,.T.);
#11312=EDGE_LOOP('',(#11302,#11303,#11305,#11307,#11309,#11310,#11311));
#11313=FACE_OUTER_BOUND('',#11312,.F.);
#11315=CARTESIAN_POINT('',(-7.7E0,-1.43E1,1.E0));
#11316=DIRECTION('',(1.402199852936E-2,-9.985313564351E-1,-5.233081093525E-2));
#11317=DIRECTION('',(-9.999016869459E-1,-1.400278186771E-2,-7.338547014715E-4));
#11318=AXIS2_PLACEMENT_3D('',#11315,#11316,#11317);
#11319=PLANE('',#11318);
#11320=ORIENTED_EDGE('',*,*,#11082,.T.);
#11322=ORIENTED_EDGE('',*,*,#11321,.T.);
#11323=ORIENTED_EDGE('',*,*,#11304,.F.);
#11324=ORIENTED_EDGE('',*,*,#8141,.T.);
#11326=ORIENTED_EDGE('',*,*,#11325,.F.);
#11328=ORIENTED_EDGE('',*,*,#11327,.T.);
#11329=EDGE_LOOP('',(#11320,#11322,#11323,#11324,#11326,#11328));
#11330=FACE_OUTER_BOUND('',#11329,.F.);
#11332=CARTESIAN_POINT('',(2.3E0,-1.3E1,1.85E0));
#11333=DIRECTION('',(0.E0,0.E0,-1.E0));
#11334=DIRECTION('',(0.E0,-1.E0,0.E0));
#11335=AXIS2_PLACEMENT_3D('',#11332,#11333,#11334);
#11336=PLANE('',#11335);
#11337=ORIENTED_EDGE('',*,*,#11080,.F.);
#11338=ORIENTED_EDGE('',*,*,#11101,.T.);
#11340=ORIENTED_EDGE('',*,*,#11339,.T.);
#11341=ORIENTED_EDGE('',*,*,#11306,.F.);
#11342=ORIENTED_EDGE('',*,*,#11321,.F.);
#11343=EDGE_LOOP('',(#11337,#11338,#11340,#11341,#11342));
#11344=FACE_OUTER_BOUND('',#11343,.F.);
#11346=CARTESIAN_POINT('',(2.3E0,-1.465E1,1.85E0));
#11347=DIRECTION('',(0.E0,7.071067811865E-1,-7.071067811865E-1));
#11348=DIRECTION('',(0.E0,-7.071067811865E-1,-7.071067811865E-1));
#11349=AXIS2_PLACEMENT_3D('',#11346,#11347,#11348);
#11350=PLANE('',#11349);
#11351=ORIENTED_EDGE('',*,*,#11099,.T.);
#11352=ORIENTED_EDGE('',*,*,#7934,.T.);
#11353=ORIENTED_EDGE('',*,*,#11308,.F.);
#11354=ORIENTED_EDGE('',*,*,#11339,.F.);
#11355=EDGE_LOOP('',(#11351,#11352,#11353,#11354));
#11356=FACE_OUTER_BOUND('',#11355,.F.);
#11358=CARTESIAN_POINT('',(-9.7E0,-1.43E1,1.E0));
#11359=DIRECTION('',(0.E0,-9.986295347546E-1,-5.233595624294E-2));
#11360=DIRECTION('',(-1.E0,0.E0,0.E0));
#11361=AXIS2_PLACEMENT_3D('',#11358,#11359,#11360);
#11362=PLANE('',#11361);
#11363=ORIENTED_EDGE('',*,*,#11325,.T.);
#11364=ORIENTED_EDGE('',*,*,#8139,.T.);
#11366=ORIENTED_EDGE('',*,*,#11365,.F.);
#11368=ORIENTED_EDGE('',*,*,#11367,.T.);
#11369=EDGE_LOOP('',(#11363,#11364,#11366,#11368));
#11370=FACE_OUTER_BOUND('',#11369,.F.);
#11372=CARTESIAN_POINT('',(-1.03E1,-1.43E1,1.160769515459E0));
#11373=DIRECTION('',(-1.402199852936E-2,-9.985313564351E-1,-5.233081093525E-2));
#11374=DIRECTION('',(-9.999016869459E-1,1.400278186771E-2,7.338547014715E-4));
#11375=AXIS2_PLACEMENT_3D('',#11372,#11373,#11374);
#11376=PLANE('',#11375);
#11377=ORIENTED_EDGE('',*,*,#11365,.T.);
#11378=ORIENTED_EDGE('',*,*,#8137,.T.);
#11380=ORIENTED_EDGE('',*,*,#11379,.F.);
#11382=ORIENTED_EDGE('',*,*,#11381,.T.);
#11383=EDGE_LOOP('',(#11377,#11378,#11380,#11382));
#11384=FACE_OUTER_BOUND('',#11383,.F.);
#11386=CARTESIAN_POINT('',(-1.03E1,-1.43E1,1.160769515459E0));
#11387=DIRECTION('',(-9.996573249756E-1,0.E0,-2.617694830787E-2));
#11388=DIRECTION('',(0.E0,-1.E0,0.E0));
#11389=AXIS2_PLACEMENT_3D('',#11386,#11387,#11388);
#11390=PLANE('',#11389);
#11392=ORIENTED_EDGE('',*,*,#11391,.F.);
#11393=ORIENTED_EDGE('',*,*,#8185,.T.);
#11394=ORIENTED_EDGE('',*,*,#10439,.F.);
#11395=ORIENTED_EDGE('',*,*,#10456,.T.);
#11396=EDGE_LOOP('',(#11392,#11393,#11394,#11395));
#11397=FACE_OUTER_BOUND('',#11396,.F.);
#11399=CARTESIAN_POINT('',(-1.03E1,-1.43E1,1.160769515459E0));
#11400=DIRECTION('',(-9.996573249756E-1,0.E0,-2.617694830787E-2));
#11401=DIRECTION('',(0.E0,-1.E0,0.E0));
#11402=AXIS2_PLACEMENT_3D('',#11399,#11400,#11401);
#11403=PLANE('',#11402);
#11405=ORIENTED_EDGE('',*,*,#11404,.F.);
#11407=ORIENTED_EDGE('',*,*,#11406,.F.);
#11408=ORIENTED_EDGE('',*,*,#11379,.T.);
#11409=ORIENTED_EDGE('',*,*,#8135,.T.);
#11410=EDGE_LOOP('',(#11405,#11407,#11408,#11409));
#11411=FACE_OUTER_BOUND('',#11410,.F.);
#11413=CARTESIAN_POINT('',(-1.101205244240E1,1.021205244240E1,
9.252180222221E0));
#11414=DIRECTION('',(2.616798426498E-2,-2.616798426498E-2,-9.993150019884E-1));
#11415=DIRECTION('',(9.996573249756E-1,0.E0,2.617694830787E-2));
#11416=AXIS2_PLACEMENT_3D('',#11413,#11414,#11415);
#11417=CYLINDRICAL_SURFACE('',#11416,5.E-1);
#11419=ORIENTED_EDGE('',*,*,#11418,.F.);
#11420=ORIENTED_EDGE('',*,*,#8187,.T.);
#11421=ORIENTED_EDGE('',*,*,#11391,.T.);
#11422=ORIENTED_EDGE('',*,*,#10454,.T.);
#11423=EDGE_LOOP('',(#11419,#11420,#11421,#11422));
#11424=FACE_OUTER_BOUND('',#11423,.F.);
#11426=CARTESIAN_POINT('',(-1.4625E1,9.5E0,1.160769515459E0));
#11427=DIRECTION('',(0.E0,9.996573249756E-1,-2.617694830787E-2));
#11428=DIRECTION('',(-1.E0,0.E0,0.E0));
#11429=AXIS2_PLACEMENT_3D('',#11426,#11427,#11428);
#11430=PLANE('',#11429);
#11431=ORIENTED_EDGE('',*,*,#11418,.T.);
#11432=ORIENTED_EDGE('',*,*,#10452,.T.);
#11433=ORIENTED_EDGE('',*,*,#10473,.F.);
#11435=ORIENTED_EDGE('',*,*,#11434,.T.);
#11436=ORIENTED_EDGE('',*,*,#8189,.T.);
#11437=EDGE_LOOP('',(#11431,#11432,#11433,#11435,#11436));
#11438=FACE_OUTER_BOUND('',#11437,.F.);
#11440=CARTESIAN_POINT('',(-1.395614069884E1,8.831140698840E0,
-5.281161675290E0));
#11441=DIRECTION('',(-2.616798426498E-2,2.616798426498E-2,9.993150019884E-1));
#11442=DIRECTION('',(0.E0,9.996573249756E-1,-2.617694830787E-2));
#11443=AXIS2_PLACEMENT_3D('',#11440,#11441,#11442);
#11444=CYLINDRICAL_SURFACE('',#11443,5.E-1);
#11445=ORIENTED_EDGE('',*,*,#11434,.F.);
#11446=ORIENTED_EDGE('',*,*,#10490,.T.);
#11448=ORIENTED_EDGE('',*,*,#11447,.T.);
#11449=ORIENTED_EDGE('',*,*,#8191,.T.);
#11450=EDGE_LOOP('',(#11445,#11446,#11448,#11449));
#11451=FACE_OUTER_BOUND('',#11450,.F.);
#11453=CARTESIAN_POINT('',(-1.4625E1,-9.5E0,1.160769515459E0));
#11454=DIRECTION('',(-9.996573249756E-1,0.E0,-2.617694830787E-2));
#11455=DIRECTION('',(0.E0,-1.E0,0.E0));
#11456=AXIS2_PLACEMENT_3D('',#11453,#11454,#11455);
#11457=PLANE('',#11456);
#11459=ORIENTED_EDGE('',*,*,#11458,.T.);
#11461=ORIENTED_EDGE('',*,*,#11460,.F.);
#11462=ORIENTED_EDGE('',*,*,#8193,.T.);
#11463=ORIENTED_EDGE('',*,*,#11447,.F.);
#11464=ORIENTED_EDGE('',*,*,#10508,.F.);
#11466=ORIENTED_EDGE('',*,*,#11465,.T.);
#11467=ORIENTED_EDGE('',*,*,#8127,.T.);
#11469=ORIENTED_EDGE('',*,*,#11468,.F.);
#11470=EDGE_LOOP('',(#11459,#11461,#11462,#11463,#11464,#11466,#11467,#11469));
#11471=FACE_OUTER_BOUND('',#11470,.F.);
#11473=CARTESIAN_POINT('',(-1.489043178657E1,-1.776356839400E-14,
1.750085668756E0));
#11474=DIRECTION('',(6.977904598417E-1,0.E0,7.163019434247E-1));
#11475=DIRECTION('',(7.163019434247E-1,0.E0,-6.977904598417E-1));
#11476=AXIS2_PLACEMENT_3D('',#11473,#11474,#11475);
#11477=PLANE('',#11476);
#11478=ORIENTED_EDGE('',*,*,#11458,.F.);
#11480=ORIENTED_EDGE('',*,*,#11479,.T.);
#11482=ORIENTED_EDGE('',*,*,#11481,.T.);
#11483=ORIENTED_EDGE('',*,*,#8650,.T.);
#11485=ORIENTED_EDGE('',*,*,#11484,.T.);
#11487=ORIENTED_EDGE('',*,*,#11486,.T.);
#11488=EDGE_LOOP('',(#11478,#11480,#11482,#11483,#11485,#11487));
#11489=FACE_OUTER_BOUND('',#11488,.F.);
#11491=CARTESIAN_POINT('',(-1.475180009529E1,-6.854964079096E0,
-5.457395211103E0));
#11492=DIRECTION('',(-2.607740498452E-2,-8.712610340222E-2,9.958559188232E-1));
#11493=DIRECTION('',(9.996573249756E-1,0.E0,2.617694830787E-2));
#11494=AXIS2_PLACEMENT_3D('',#11491,#11492,#11493);
#11495=CYLINDRICAL_SURFACE('',#11494,3.E-1);
#11497=ORIENTED_EDGE('',*,*,#11496,.F.);
#11498=ORIENTED_EDGE('',*,*,#11479,.F.);
#11499=ORIENTED_EDGE('',*,*,#11468,.T.);
#11500=ORIENTED_EDGE('',*,*,#8125,.T.);
#11501=EDGE_LOOP('',(#11497,#11498,#11499,#11500));
#11502=FACE_OUTER_BOUND('',#11501,.F.);
#11504=CARTESIAN_POINT('',(-2.815004800192E1,-7.25E0,2.5E0));
#11505=DIRECTION('',(0.E0,-9.961946980917E-1,-8.715574274766E-2));
#11506=DIRECTION('',(1.E0,0.E0,0.E0));
#11507=AXIS2_PLACEMENT_3D('',#11504,#11505,#11506);
#11508=PLANE('',#11507);
#11509=ORIENTED_EDGE('',*,*,#8652,.T.);
#11510=ORIENTED_EDGE('',*,*,#11481,.F.);
#11511=ORIENTED_EDGE('',*,*,#11496,.T.);
#11512=ORIENTED_EDGE('',*,*,#8149,.F.);
#11513=ORIENTED_EDGE('',*,*,#8037,.F.);
#11514=EDGE_LOOP('',(#11509,#11510,#11511,#11512,#11513));
#11515=FACE_OUTER_BOUND('',#11514,.F.);
#11517=CARTESIAN_POINT('',(-1.242495199808E1,7.25E0,2.5E0));
#11518=DIRECTION('',(0.E0,9.961946980917E-1,-8.715574274766E-2));
#11519=DIRECTION('',(-1.E0,0.E0,0.E0));
#11520=AXIS2_PLACEMENT_3D('',#11517,#11518,#11519);
#11521=PLANE('',#11520);
#11523=ORIENTED_EDGE('',*,*,#11522,.F.);
#11524=ORIENTED_EDGE('',*,*,#11484,.F.);
#11525=ORIENTED_EDGE('',*,*,#8668,.T.);
#11527=ORIENTED_EDGE('',*,*,#11526,.F.);
#11528=ORIENTED_EDGE('',*,*,#8167,.T.);
#11529=EDGE_LOOP('',(#11523,#11524,#11525,#11527,#11528));
#11530=FACE_OUTER_BOUND('',#11529,.F.);
#11532=CARTESIAN_POINT('',(-1.513999284261E1,8.151938278144E0,
9.367087719347E0));
#11533=DIRECTION('',(2.607740498452E-2,-8.712610340222E-2,-9.958559188232E-1));
#11534=DIRECTION('',(9.996573249756E-1,0.E0,2.617694830787E-2));
#11535=AXIS2_PLACEMENT_3D('',#11532,#11533,#11534);
#11536=CYLINDRICAL_SURFACE('',#11535,3.E-1);
#11537=ORIENTED_EDGE('',*,*,#11460,.T.);
#11538=ORIENTED_EDGE('',*,*,#11486,.F.);
#11539=ORIENTED_EDGE('',*,*,#11522,.T.);
#11540=ORIENTED_EDGE('',*,*,#8165,.T.);
#11541=EDGE_LOOP('',(#11537,#11538,#11539,#11540));
#11542=FACE_OUTER_BOUND('',#11541,.F.);
#11544=CARTESIAN_POINT('',(4.467537451092E-13,-3.965716643961E-13,
2.250211376697E0));
#11545=DIRECTION('',(0.E0,0.E0,-1.E0));
#11546=DIRECTION('',(0.E0,-1.E0,0.E0));
#11547=AXIS2_PLACEMENT_3D('',#11544,#11545,#11546);
#11548=CONICAL_SURFACE('',#11547,1.946081450748E1,4.65E1);
#11549=ORIENTED_EDGE('',*,*,#9539,.F.);
#11551=ORIENTED_EDGE('',*,*,#11550,.F.);
#11552=ORIENTED_EDGE('',*,*,#8169,.T.);
#11553=ORIENTED_EDGE('',*,*,#11526,.T.);
#11554=EDGE_LOOP('',(#11549,#11551,#11552,#11553));
#11555=FACE_OUTER_BOUND('',#11554,.F.);
#11557=CARTESIAN_POINT('',(-1.084689047254E1,1.535934713393E1,
2.582673752151E0));
#11558=CARTESIAN_POINT('',(-1.083734494349E1,1.559257706482E1,
2.360982855750E0));
#11559=CARTESIAN_POINT('',(-1.082779941444E1,1.582580699572E1,
2.139291959348E0));
#11560=CARTESIAN_POINT('',(-1.081825388539E1,1.605903692661E1,
1.917601062947E0));
#11561=CARTESIAN_POINT('',(-1.086571793894E1,1.536014545667E1,
2.582649853440E0));
#11562=CARTESIAN_POINT('',(-1.085934738103E1,1.559350644623E1,
2.361023041787E0));
#11563=CARTESIAN_POINT('',(-1.085297682311E1,1.582686743580E1,
2.139396230133E0));
#11564=CARTESIAN_POINT('',(-1.084660626520E1,1.606022842536E1,
1.917769418479E0));
#11565=CARTESIAN_POINT('',(-1.098602215588E1,1.536267700333E1,
2.582505589989E0));
#11566=CARTESIAN_POINT('',(-1.099993815330E1,1.559644336894E1,
2.361265622926E0));
#11567=CARTESIAN_POINT('',(-1.101385415071E1,1.583020973454E1,
2.140025655863E0));
#11568=CARTESIAN_POINT('',(-1.102777014813E1,1.606397610015E1,
1.918785688800E0));
#11569=CARTESIAN_POINT('',(-1.120958608999E1,1.533769176897E1,
2.582335073134E0));
#11570=CARTESIAN_POINT('',(-1.126119303102E1,1.556721910813E1,
2.361552349555E0));
#11571=CARTESIAN_POINT('',(-1.131279997205E1,1.579674644729E1,
2.140769625976E0));
#11572=CARTESIAN_POINT('',(-1.136440691308E1,1.602627378646E1,
1.919986902397E0));
#11573=CARTESIAN_POINT('',(-1.149680072949E1,1.523941613719E1,
2.582333417106E0));
#11574=CARTESIAN_POINT('',(-1.159684993286E1,1.545236779887E1,
2.361555134191E0));
#11575=CARTESIAN_POINT('',(-1.169689913623E1,1.566531946055E1,
2.140776851275E0));
#11576=CARTESIAN_POINT('',(-1.179694833960E1,1.587827112222E1,
1.919998568360E0));
#11577=CARTESIAN_POINT('',(-1.169044043966E1,1.512070980694E1,
2.582504604729E0));
#11578=CARTESIAN_POINT('',(-1.182315217933E1,1.531366976910E1,
2.361267279657E0));
#11579=CARTESIAN_POINT('',(-1.195586391899E1,1.550662973126E1,
2.140029954585E0));
#11580=CARTESIAN_POINT('',(-1.208857565866E1,1.569958969342E1,
1.918792629514E0));
#11581=CARTESIAN_POINT('',(-1.178426125776E1,1.504427675958E1,
2.582649712419E0));
#11582=CARTESIAN_POINT('',(-1.193280705422E1,1.522436508524E1,
2.361023278916E0));
#11583=CARTESIAN_POINT('',(-1.208135285069E1,1.540445341089E1,
2.139396845413E0));
#11584=CARTESIAN_POINT('',(-1.222989864715E1,1.558454173655E1,
1.917770411911E0));
#11585=CARTESIAN_POINT('',(-1.179855137080E1,1.503211442478E1,
2.582673524927E0));
#11586=CARTESIAN_POINT('',(-1.194950916792E1,1.521015455516E1,
2.360983237830E0));
#11587=CARTESIAN_POINT('',(-1.210046696504E1,1.538819468554E1,
2.139292950733E0));
#11588=CARTESIAN_POINT('',(-1.225142476217E1,1.556623481591E1,
1.917602663636E0));
#11589=B_SPLINE_SURFACE_WITH_KNOTS('',3,3,((#11557,#11558,#11559,#11560),
(#11561,#11562,#11563,#11564),(#11565,#11566,#11567,#11568),(#11569,#11570,
#11571,#11572),(#11573,#11574,#11575,#11576),(#11577,#11578,#11579,#11580),(
#11581,#11582,#11583,#11584),(#11585,#11586,#11587,#11588)),.UNSPECIFIED.,.F.,
.F.,.F.,(4,1,1,1,1,4),(4,4),(-6.204007433860E-2,0.E0,3.333333333333E-1,
6.666666666667E-1,1.E0,1.061369364077E0),(-1.654384342608E-1,1.165438434261E0),
.UNSPECIFIED.);
#11590=ORIENTED_EDGE('',*,*,#8171,.T.);
#11591=ORIENTED_EDGE('',*,*,#11550,.T.);
#11593=ORIENTED_EDGE('',*,*,#11592,.F.);
#11595=ORIENTED_EDGE('',*,*,#11594,.F.);
#11596=EDGE_LOOP('',(#11590,#11591,#11593,#11595));
#11597=FACE_OUTER_BOUND('',#11596,.F.);
#11599=CARTESIAN_POINT('',(-1.222332802300E1,1.547160172382E1,
2.058254271981E0));
#11600=CARTESIAN_POINT('',(-1.222511031963E1,1.547678341507E1,
1.959381712918E0));
#11601=CARTESIAN_POINT('',(-1.222887509732E1,1.548773148059E1,
1.750480178388E0));
#11602=CARTESIAN_POINT('',(-1.223263792744E1,1.549867954755E1,
1.541578616188E0));
#11603=CARTESIAN_POINT('',(-1.223461928023E1,1.550444592265E1,
1.431549624698E0));
#11604=CARTESIAN_POINT('',(-1.182190857130E1,1.582473981718E1,
2.069525387485E0));
#11605=CARTESIAN_POINT('',(-1.182369084667E1,1.582992144663E1,
1.970654007685E0));
#11606=CARTESIAN_POINT('',(-1.182745557949E1,1.584086938166E1,
1.761754962914E0));
#11607=CARTESIAN_POINT('',(-1.183121836484E1,1.585181731835E1,
1.552855886612E0));
#11608=CARTESIAN_POINT('',(-1.183319969407E1,1.585758362488E1,
1.442828203382E0));
#11609=CARTESIAN_POINT('',(-1.131621810462E1,1.599866014131E1,
2.069524487414E0));
#11610=CARTESIAN_POINT('',(-1.131800035322E1,1.600384169290E1,
1.970654593198E0));
#11611=CARTESIAN_POINT('',(-1.132176502951E1,1.601478946356E1,
1.761758684915E0));
#11612=CARTESIAN_POINT('',(-1.132552775845E1,1.602573723612E1,
1.552862740235E0));
#11613=CARTESIAN_POINT('',(-1.132750905800E1,1.603150345628E1,
1.442836705094E0));
#11614=CARTESIAN_POINT('',(-1.078250425161E1,1.596713912040E1,
2.058251707479E0));
#11615=CARTESIAN_POINT('',(-1.078428647194E1,1.597232058982E1,
1.959383381172E0));
#11616=CARTESIAN_POINT('',(-1.078805108858E1,1.598326818699E1,
1.750490783189E0));
#11617=CARTESIAN_POINT('',(-1.079181375798E1,1.599421578633E1,
1.541598143675E0));
#11618=CARTESIAN_POINT('',(-1.079379502620E1,1.599998191534E1,
1.431573847952E0));
#11619=(BOUNDED_SURFACE()B_SPLINE_SURFACE(3,3,((#11599,#11600,#11601,#11602,
#11603),(#11604,#11605,#11606,#11607,#11608),(#11609,#11610,#11611,#11612,
#11613),(#11614,#11615,#11616,#11617,#11618)),.UNSPECIFIED.,.F.,.F.,.F.)B_SPLINE_SURFACE_WITH_KNOTS((4,4),(4,1,4),(0.E0,1.E0),(4.987592026023E-1,
5.191351425578E-1,5.418102260324E-1),.UNSPECIFIED.)GEOMETRIC_REPRESENTATION_ITEM()RATIONAL_B_SPLINE_SURFACE(((1.039171369590E0,1.039171369590E0,1.039171369590E0,
1.039171369590E0,1.039171369590E0),(9.869428768032E-1,9.869428768032E-1,
9.869428768032E-1,9.869428768032E-1,9.869428768032E-1),(9.869428768032E-1,
9.869428768032E-1,9.869428768032E-1,9.869428768032E-1,9.869428768032E-1),(
1.039171369590E0,1.039171369590E0,1.039171369590E0,1.039171369590E0,
1.039171369590E0)))REPRESENTATION_ITEM('')SURFACE());
#11620=ORIENTED_EDGE('',*,*,#11592,.T.);
#11621=ORIENTED_EDGE('',*,*,#9545,.T.);
#11623=ORIENTED_EDGE('',*,*,#11622,.T.);
#11624=ORIENTED_EDGE('',*,*,#8318,.F.);
#11625=EDGE_LOOP('',(#11620,#11621,#11623,#11624));
#11626=FACE_OUTER_BOUND('',#11625,.F.);
#11628=CARTESIAN_POINT('',(-2.37E1,1.6E1,1.5E0));
#11629=DIRECTION('',(0.E0,0.E0,-1.E0));
#11630=DIRECTION('',(0.E0,1.E0,0.E0));
#11631=AXIS2_PLACEMENT_3D('',#11628,#11629,#11630);
#11632=PLANE('',#11631);
#11634=ORIENTED_EDGE('',*,*,#11633,.F.);
#11635=ORIENTED_EDGE('',*,*,#7830,.T.);
#11636=ORIENTED_EDGE('',*,*,#8289,.F.);
#11637=ORIENTED_EDGE('',*,*,#8305,.F.);
#11638=ORIENTED_EDGE('',*,*,#8353,.F.);
#11640=ORIENTED_EDGE('',*,*,#11639,.F.);
#11642=ORIENTED_EDGE('',*,*,#11641,.T.);
#11643=ORIENTED_EDGE('',*,*,#8320,.F.);
#11644=ORIENTED_EDGE('',*,*,#11622,.F.);
#11645=ORIENTED_EDGE('',*,*,#7842,.T.);
#11647=ORIENTED_EDGE('',*,*,#11646,.F.);
#11649=ORIENTED_EDGE('',*,*,#11648,.F.);
#11650=EDGE_LOOP('',(#11634,#11635,#11636,#11637,#11638,#11640,#11642,#11643,
#11644,#11645,#11647,#11649));
#11651=FACE_OUTER_BOUND('',#11650,.F.);
#11653=CARTESIAN_POINT('',(1.106391434102E1,1.627017948220E1,
1.419078298454E-1));
#11654=CARTESIAN_POINT('',(1.106675138646E1,1.627949762730E1,
3.197086301409E-1));
#11655=CARTESIAN_POINT('',(1.107265245432E1,1.629888778704E1,
6.896949185452E-1));
#11656=CARTESIAN_POINT('',(1.108022158440E1,1.632378131089E1,1.164691649795E0));
#11657=CARTESIAN_POINT('',(1.108495403234E1,1.633935668940E1,1.461887576150E0));
#11658=CARTESIAN_POINT('',(1.108662575813E1,1.634486005111E1,1.566897973090E0));
#11659=CARTESIAN_POINT('',(1.067895461856E1,1.656291168450E1,
1.327089235044E-1));
#11660=CARTESIAN_POINT('',(1.068179163587E1,1.657222973719E1,
3.105079605465E-1));
#11661=CARTESIAN_POINT('',(1.068769264528E1,1.659161970489E1,
6.804905845431E-1));
#11662=CARTESIAN_POINT('',(1.069526170060E1,1.661651298285E1,1.155482623985E0));
#11663=CARTESIAN_POINT('',(1.069999410190E1,1.663208820785E1,1.452675621095E0));
#11664=CARTESIAN_POINT('',(1.070166581122E1,1.663759151535E1,1.557684983810E0));
#11665=CARTESIAN_POINT('',(1.021621771779E1,1.670378506992E1,
1.327096376198E-1));
#11666=CARTESIAN_POINT('',(1.021905470128E1,1.671310301153E1,
3.105065551610E-1));
#11667=CARTESIAN_POINT('',(1.022495564043E1,1.673249274839E1,
6.804847743939E-1));
#11668=CARTESIAN_POINT('',(1.023252460588E1,1.675738573078E1,1.155471174097E0));
#11669=CARTESIAN_POINT('',(1.023725695111E1,1.677296077125E1,1.452660650137E0));
#11670=CARTESIAN_POINT('',(1.023892864064E1,1.677846401360E1,1.557668769674E0));
#11671=CARTESIAN_POINT('',(9.733444250896E0,1.667522136557E1,
1.419098830836E-1));
#11672=CARTESIAN_POINT('',(9.736281199102E0,1.668453919130E1,
3.197045893494E-1));
#11673=CARTESIAN_POINT('',(9.742182064964E0,1.670392868731E1,
6.896782130917E-1));
#11674=CARTESIAN_POINT('',(9.749750936651E0,1.672882136134E1,1.164658728854E0));
#11675=CARTESIAN_POINT('',(9.754483223386E0,1.674439620929E1,1.461844531362E0));
#11676=CARTESIAN_POINT('',(9.756154892267E0,1.674989938367E1,1.566851353890E0));
#11677=(BOUNDED_SURFACE()B_SPLINE_SURFACE(3,3,((#11653,#11654,#11655,#11656,
#11657,#11658),(#11659,#11660,#11661,#11662,#11663,#11664),(#11665,#11666,
#11667,#11668,#11669,#11670),(#11671,#11672,#11673,#11674,#11675,#11676)),
.UNSPECIFIED.,.F.,.F.,.F.)B_SPLINE_SURFACE_WITH_KNOTS((4,4),(4,1,1,4),(0.E0,
1.E0),(3.752264912245E-1,4.118685158420E-1,4.514749979495E-1,4.731160241755E-1),
.UNSPECIFIED.)GEOMETRIC_REPRESENTATION_ITEM()RATIONAL_B_SPLINE_SURFACE(((
1.032199635898E0,1.032199635898E0,1.032199635898E0,1.032199635898E0,
1.032199635898E0,1.032199635898E0),(9.892667880339E-1,9.892667880339E-1,
9.892667880339E-1,9.892667880339E-1,9.892667880339E-1,9.892667880339E-1),(
9.892667880339E-1,9.892667880339E-1,9.892667880339E-1,9.892667880339E-1,
9.892667880339E-1,9.892667880339E-1),(1.032199635898E0,1.032199635898E0,
1.032199635898E0,1.032199635898E0,1.032199635898E0,1.032199635898E0)))REPRESENTATION_ITEM('')SURFACE());
#11679=ORIENTED_EDGE('',*,*,#11678,.F.);
#11681=ORIENTED_EDGE('',*,*,#11680,.T.);
#11682=ORIENTED_EDGE('',*,*,#7822,.T.);
#11683=ORIENTED_EDGE('',*,*,#11633,.T.);
#11684=EDGE_LOOP('',(#11679,#11681,#11682,#11683));
#11685=FACE_OUTER_BOUND('',#11684,.F.);
#11687=CARTESIAN_POINT('',(1.046422476823E1,1.675E1,1.5E0));
#11688=DIRECTION('',(0.E0,-9.986295347546E-1,5.233595624294E-2));
#11689=DIRECTION('',(1.E0,0.E0,0.E0));
#11690=AXIS2_PLACEMENT_3D('',#11687,#11688,#11689);
#11691=PLANE('',#11690);
#11692=ORIENTED_EDGE('',*,*,#11678,.T.);
#11693=ORIENTED_EDGE('',*,*,#11648,.T.);
#11695=ORIENTED_EDGE('',*,*,#11694,.T.);
#11697=ORIENTED_EDGE('',*,*,#11696,.T.);
#11698=EDGE_LOOP('',(#11692,#11693,#11695,#11697));
#11699=FACE_OUTER_BOUND('',#11698,.F.);
#11701=CARTESIAN_POINT('',(-1.108662575809E1,1.634486005099E1,
1.566897970900E0));
#11702=CARTESIAN_POINT('',(-1.108639894241E1,1.634411336826E1,
1.552650415691E0));
#11703=CARTESIAN_POINT('',(-1.108326849062E1,1.633380820030E1,
1.356016097105E0));
#11704=CARTESIAN_POINT('',(-1.107706013947E1,1.631338057573E1,
9.662338006210E-1));
#11705=CARTESIAN_POINT('',(-1.106971476789E1,1.628923373670E1,
5.054846645432E-1));
#11706=CARTESIAN_POINT('',(-1.106527404955E1,1.627464538225E1,
2.271222791537E-1));
#11707=CARTESIAN_POINT('',(-1.106391434106E1,1.627017948235E1,
1.419078326880E-1));
#11708=CARTESIAN_POINT('',(-1.070166581118E1,1.663759151524E1,
1.557684981621E0));
#11709=CARTESIAN_POINT('',(-1.070143899773E1,1.663684483986E1,
1.543437566732E0));
#11710=CARTESIAN_POINT('',(-1.069830857678E1,1.662653977340E1,
1.346805184954E0));
#11711=CARTESIAN_POINT('',(-1.069210028686E1,1.660611235033E1,
9.570267332225E-1));
#11712=CARTESIAN_POINT('',(-1.068475498794E1,1.658196575014E1,
4.962821543185E-1));
#11713=CARTESIAN_POINT('',(-1.068031431361E1,1.656737754026E1,
2.179225277397E-1));
#11714=CARTESIAN_POINT('',(-1.067895461861E1,1.656291168465E1,
1.327089263470E-1));
#11715=CARTESIAN_POINT('',(-1.023892864061E1,1.677846401349E1,
1.557668767484E0));
#11716=CARTESIAN_POINT('',(-1.023870182984E1,1.677771734695E1,
1.543421521267E0));
#11717=CARTESIAN_POINT('',(-1.023557144596E1,1.676741240250E1,
1.346791467609E0));
#11718=CARTESIAN_POINT('',(-1.022936322965E1,1.674698522164E1,
9.570176374220E-1));
#11719=CARTESIAN_POINT('',(-1.022201801806E1,1.672283890852E1,
4.962785364221E-1));
#11720=CARTESIAN_POINT('',(-1.021757739663E1,1.670825087245E1,
2.179222260435E-1));
#11721=CARTESIAN_POINT('',(-1.021621771783E1,1.670378507007E1,
1.327096404623E-1));
#11722=CARTESIAN_POINT('',(-9.756154892232E0,1.674989938355E1,
1.566851351700E0));
#11723=CARTESIAN_POINT('',(-9.755928084264E0,1.674915272624E1,
1.552604281459E0));
#11724=CARTESIAN_POINT('',(-9.752797739050E0,1.673884790908E1,
1.355976656729E0));
#11725=CARTESIAN_POINT('',(-9.746589599538E0,1.671842098091E1,
9.662076481995E-1));
#11726=CARTESIAN_POINT('',(-9.739244479060E0,1.669427496731E1,
5.054742622976E-1));
#11727=CARTESIAN_POINT('',(-9.734803912825E0,1.667968711256E1,
2.271214117111E-1));
#11728=CARTESIAN_POINT('',(-9.733444250942E0,1.667522136572E1,
1.419098859261E-1));
#11729=(BOUNDED_SURFACE()B_SPLINE_SURFACE(3,3,((#11701,#11702,#11703,#11704,
#11705,#11706,#11707),(#11708,#11709,#11710,#11711,#11712,#11713,#11714),
(#11715,#11716,#11717,#11718,#11719,#11720,#11721),(#11722,#11723,#11724,#11725,
#11726,#11727,#11728)),.UNSPECIFIED.,.F.,.F.,.F.)B_SPLINE_SURFACE_WITH_KNOTS((4,
4),(4,1,1,1,4),(0.E0,1.E0),(5.184384109229E-1,5.213746125478E-1,
5.589617148324E-1,5.987665452385E-1,6.163279378734E-1),.UNSPECIFIED.)GEOMETRIC_REPRESENTATION_ITEM()RATIONAL_B_SPLINE_SURFACE(((1.032199635898E0,
1.032199635898E0,1.032199635898E0,1.032199635898E0,1.032199635898E0,
1.032199635898E0,1.032199635898E0),(9.892667880339E-1,9.892667880339E-1,
9.892667880339E-1,9.892667880339E-1,9.892667880339E-1,9.892667880339E-1,
9.892667880339E-1),(9.892667880339E-1,9.892667880339E-1,9.892667880339E-1,
9.892667880339E-1,9.892667880339E-1,9.892667880339E-1,9.892667880339E-1),(
1.032199635898E0,1.032199635898E0,1.032199635898E0,1.032199635898E0,
1.032199635898E0,1.032199635898E0,1.032199635898E0)))REPRESENTATION_ITEM('')SURFACE());
#11730=ORIENTED_EDGE('',*,*,#11694,.F.);
#11731=ORIENTED_EDGE('',*,*,#11646,.T.);
#11732=ORIENTED_EDGE('',*,*,#7840,.T.);
#11734=ORIENTED_EDGE('',*,*,#11733,.T.);
#11735=EDGE_LOOP('',(#11730,#11731,#11732,#11734));
#11736=FACE_OUTER_BOUND('',#11735,.F.);
#11738=CARTESIAN_POINT('',(-1.084846895062E1,1.606345163931E1,
-8.260828980112E-2));
#11739=CARTESIAN_POINT('',(-1.092340206527E1,1.616737023827E1,
3.904116935737E-2));
#11740=CARTESIAN_POINT('',(-1.099833517991E1,1.627128883722E1,
1.606906285159E-1));
#11741=CARTESIAN_POINT('',(-1.107326829455E1,1.637520743617E1,
2.823400876743E-1));
#11742=CARTESIAN_POINT('',(-1.083300968307E1,1.607455385347E1,
-8.260743918042E-2));
#11743=CARTESIAN_POINT('',(-1.090679193874E1,1.617933380447E1,
3.904076734896E-2));
#11744=CARTESIAN_POINT('',(-1.098057419441E1,1.628411375547E1,
1.606889738783E-1));
#11745=CARTESIAN_POINT('',(-1.105435645008E1,1.638889370648E1,
2.823371804077E-1));
#11746=CARTESIAN_POINT('',(-1.072584244455E1,1.614873548995E1,
-8.260188419197E-2));
#11747=CARTESIAN_POINT('',(-1.079163800251E1,1.625926785584E1,
3.903814202836E-2));
#11748=CARTESIAN_POINT('',(-1.085743356047E1,1.636980022173E1,
1.606781682487E-1));
#11749=CARTESIAN_POINT('',(-1.092322911842E1,1.648033258763E1,
2.823181944690E-1));
#11750=CARTESIAN_POINT('',(-1.050996622690E1,1.626382095030E1,
-8.259498932688E-2));
#11751=CARTESIAN_POINT('',(-1.055956621928E1,1.638323835692E1,
3.903488347409E-2));
#11752=CARTESIAN_POINT('',(-1.060916621167E1,1.650265576354E1,
1.606647562751E-1));
#11753=CARTESIAN_POINT('',(-1.065876620405E1,1.662207317016E1,
2.822946290760E-1));
#11754=CARTESIAN_POINT('',(-1.019246326924E1,1.636086822908E1,
-8.259493422825E-2));
#11755=CARTESIAN_POINT('',(-1.021801580266E1,1.648763770311E1,
3.903485743415E-2));
#11756=CARTESIAN_POINT('',(-1.024356833608E1,1.661440717713E1,
1.606646490965E-1));
#11757=CARTESIAN_POINT('',(-1.026912086950E1,1.674117665116E1,
2.822944407589E-1));
#11758=CARTESIAN_POINT('',(-9.947207999187E0,1.638601097232E1,
-8.260185298329E-2));
#11759=CARTESIAN_POINT('',(-9.954219345678E0,1.651445785858E1,
3.903812727896E-2));
#11760=CARTESIAN_POINT('',(-9.961230692169E0,1.664290474485E1,
1.606781075412E-1));
#11761=CARTESIAN_POINT('',(-9.968242038661E0,1.677135163111E1,
2.823180878035E-1));
#11762=CARTESIAN_POINT('',(-9.816276572367E0,1.638411509656E1,
-8.260743495336E-2));
#11763=CARTESIAN_POINT('',(-9.813404769845E0,1.651223378479E1,
3.904076535123E-2));
#11764=CARTESIAN_POINT('',(-9.810532967323E0,1.664035247303E1,
1.606889656558E-1));
#11765=CARTESIAN_POINT('',(-9.807661164801E0,1.676847116126E1,
2.823371659604E-1));
#11766=CARTESIAN_POINT('',(-9.797319114090E0,1.638350981047E1,
-8.260828307245E-2));
#11767=CARTESIAN_POINT('',(-9.793016682620E0,1.651155457802E1,
3.904116617736E-2));
#11768=CARTESIAN_POINT('',(-9.788714251150E0,1.663959934557E1,
1.606906154272E-1));
#11769=CARTESIAN_POINT('',(-9.784411819679E0,1.676764411312E1,
2.823400646770E-1));
#11770=B_SPLINE_SURFACE_WITH_KNOTS('',3,3,((#11738,#11739,#11740,#11741),
(#11742,#11743,#11744,#11745),(#11746,#11747,#11748,#11749),(#11750,#11751,
#11752,#11753),(#11754,#11755,#11756,#11757),(#11758,#11759,#11760,#11761),(
#11762,#11763,#11764,#11765),(#11766,#11767,#11768,#11769)),.UNSPECIFIED.,.F.,
.F.,.F.,(4,1,1,1,1,4),(4,4),(-5.711260407942E-2,0.E0,3.333333333333E-1,
6.666666666667E-1,1.E0,1.056606539294E0),(-4.135960857547E-1,1.413596085755E0),
.UNSPECIFIED.);
#11771=ORIENTED_EDGE('',*,*,#7588,.T.);
#11773=ORIENTED_EDGE('',*,*,#11772,.T.);
#11774=ORIENTED_EDGE('',*,*,#11733,.F.);
#11776=ORIENTED_EDGE('',*,*,#11775,.F.);
#11777=EDGE_LOOP('',(#11771,#11773,#11774,#11776));
#11778=FACE_OUTER_BOUND('',#11777,.F.);
#11780=CARTESIAN_POINT('',(-1.363353874240E-13,1.657662192670E1,
9.986295347546E-2));
#11781=DIRECTION('',(0.E0,6.883545756938E-1,-7.253743710123E-1));
#11782=DIRECTION('',(0.E0,7.253743710123E-1,6.883545756938E-1));
#11783=AXIS2_PLACEMENT_3D('',#11780,#11781,#11782);
#11784=PLANE('',#11783);
#11785=ORIENTED_EDGE('',*,*,#7586,.T.);
#11787=ORIENTED_EDGE('',*,*,#11786,.T.);
#11788=ORIENTED_EDGE('',*,*,#11696,.F.);
#11789=ORIENTED_EDGE('',*,*,#11772,.F.);
#11790=EDGE_LOOP('',(#11785,#11787,#11788,#11789));
#11791=FACE_OUTER_BOUND('',#11790,.F.);
#11793=CARTESIAN_POINT('',(9.797094641614E0,1.638351017769E1,
-8.260829209536E-2));
#11794=CARTESIAN_POINT('',(9.792775272488E0,1.651155467829E1,
3.904117044165E-2));
#11795=CARTESIAN_POINT('',(9.788455903362E0,1.663959917889E1,
1.606906329787E-1));
#11796=CARTESIAN_POINT('',(9.784136534237E0,1.676764367949E1,
2.823400955157E-1));
#11797=CARTESIAN_POINT('',(9.816136895389E0,1.638411509235E1,
-8.260744063236E-2));
#11798=CARTESIAN_POINT('',(9.813254559570E0,1.651223359354E1,
3.904076803517E-2));
#11799=CARTESIAN_POINT('',(9.810372223751E0,1.664035209473E1,
1.606889767027E-1));
#11800=CARTESIAN_POINT('',(9.807489887932E0,1.676847059592E1,
2.823371853702E-1));
#11801=CARTESIAN_POINT('',(9.946382000508E0,1.638599497715E1,
-8.260188884818E-2));
#11802=CARTESIAN_POINT('',(9.953330986175E0,1.651443945993E1,
3.903814422893E-2));
#11803=CARTESIAN_POINT('',(9.960279971841E0,1.664288394270E1,
1.606781773060E-1));
#11804=CARTESIAN_POINT('',(9.967228957508E0,1.677132842547E1,
2.823182103832E-1));
#11805=CARTESIAN_POINT('',(1.018949460978E1,1.636132773877E1,
-8.259499711218E-2));
#11806=CARTESIAN_POINT('',(1.021482215611E1,1.648813003671E1,
3.903488715348E-2));
#11807=CARTESIAN_POINT('',(1.024014970244E1,1.661493233465E1,
1.606647714191E-1));
#11808=CARTESIAN_POINT('',(1.026547724877E1,1.674173463259E1,
2.822946556848E-1));
#11809=CARTESIAN_POINT('',(1.050728047168E1,1.626508051073E1,
-8.259492676954E-2));
#11810=CARTESIAN_POINT('',(1.055667802136E1,1.638459503096E1,
3.903485390913E-2));
#11811=CARTESIAN_POINT('',(1.060607557104E1,1.650410955120E1,
1.606646345878E-1));
#11812=CARTESIAN_POINT('',(1.065547312072E1,1.662362407143E1,
2.822944152665E-1));
#11813=CARTESIAN_POINT('',(1.072519797564E1,1.614919050531E1,
-8.260184952470E-2));
#11814=CARTESIAN_POINT('',(1.079094552539E1,1.625975818285E1,
3.903812564441E-2));
#11815=CARTESIAN_POINT('',(1.085669307515E1,1.637032586038E1,
1.606781008135E-1));
#11816=CARTESIAN_POINT('',(1.092244062490E1,1.648089353792E1,
2.823180759826E-1));
#11817=CARTESIAN_POINT('',(1.083294842350E1,1.607459394367E1,
-8.260743632010E-2));
#11818=CARTESIAN_POINT('',(1.090672611530E1,1.617937699276E1,
3.904076599717E-2));
#11819=CARTESIAN_POINT('',(1.098050380710E1,1.628416004184E1,
1.606889683144E-1));
#11820=CARTESIAN_POINT('',(1.105428149890E1,1.638894309093E1,
2.823371706317E-1));
#11821=CARTESIAN_POINT('',(1.084836393328E1,1.606351832395E1,
-8.260828520096E-2));
#11822=CARTESIAN_POINT('',(1.092328920680E1,1.616744207647E1,
3.904116718331E-2));
#11823=CARTESIAN_POINT('',(1.099821448032E1,1.627136582898E1,
1.606906195676E-1));
#11824=CARTESIAN_POINT('',(1.107313975384E1,1.637528958150E1,
2.823400719519E-1));
#11825=B_SPLINE_SURFACE_WITH_KNOTS('',3,3,((#11793,#11794,#11795,#11796),
(#11797,#11798,#11799,#11800),(#11801,#11802,#11803,#11804),(#11805,#11806,
#11807,#11808),(#11809,#11810,#11811,#11812),(#11813,#11814,#11815,#11816),(
#11817,#11818,#11819,#11820),(#11821,#11822,#11823,#11824)),.UNSPECIFIED.,.F.,
.F.,.F.,(4,1,1,1,1,4),(4,4),(-5.721422905743E-2,0.E0,3.333333333333E-1,
6.666666666667E-1,1.E0,1.056607480613E0),(-4.135960857547E-1,1.413596085755E0),
.UNSPECIFIED.);
#11826=ORIENTED_EDGE('',*,*,#7584,.T.);
#11828=ORIENTED_EDGE('',*,*,#11827,.T.);
#11829=ORIENTED_EDGE('',*,*,#11680,.F.);
#11830=ORIENTED_EDGE('',*,*,#11786,.F.);
#11831=EDGE_LOOP('',(#11826,#11828,#11829,#11830));
#11832=FACE_OUTER_BOUND('',#11831,.F.);
#11834=CARTESIAN_POINT('',(7.341132146621E-10,5.991598328592E-10,
9.986294869979E-2));
#11835=DIRECTION('',(0.E0,0.E0,1.E0));
#11836=DIRECTION('',(0.E0,-1.E0,0.E0));
#11837=AXIS2_PLACEMENT_3D('',#11834,#11835,#11836);
#11838=CONICAL_SURFACE('',#11837,1.957662192076E1,4.649999999463E1);
#11839=ORIENTED_EDGE('',*,*,#7582,.T.);
#11841=ORIENTED_EDGE('',*,*,#11840,.T.);
#11842=ORIENTED_EDGE('',*,*,#7824,.F.);
#11843=ORIENTED_EDGE('',*,*,#11827,.F.);
#11844=EDGE_LOOP('',(#11839,#11841,#11842,#11843));
#11845=FACE_OUTER_BOUND('',#11844,.F.);
#11847=CARTESIAN_POINT('',(1.520756737209E1,1.201866300355E1,
-8.332578645625E-2));
#11848=CARTESIAN_POINT('',(1.530171691262E1,1.210519391166E1,
3.882157908519E-2));
#11849=CARTESIAN_POINT('',(1.539586645314E1,1.219172481978E1,
1.609689446266E-1));
#11850=CARTESIAN_POINT('',(1.549001599366E1,1.227825572790E1,
2.831163101681E-1));
#11851=CARTESIAN_POINT('',(1.521908686715E1,1.200524498260E1,
-8.331728757440E-2));
#11852=CARTESIAN_POINT('',(1.531567028960E1,1.208952812349E1,
3.881761944643E-2));
#11853=CARTESIAN_POINT('',(1.541225371206E1,1.217381126438E1,
1.609525264673E-1));
#11854=CARTESIAN_POINT('',(1.550883713452E1,1.225809440527E1,
2.830874334881E-1));
#11855=CARTESIAN_POINT('',(1.527624120810E1,1.193310452566E1,
-8.327053058098E-2));
#11856=CARTESIAN_POINT('',(1.538496133061E1,1.200524989338E1,
3.879583530979E-2));
#11857=CARTESIAN_POINT('',(1.549368145313E1,1.207739526109E1,
1.608622012006E-1));
#11858=CARTESIAN_POINT('',(1.560240157564E1,1.214954062881E1,
2.829285670913E-1));
#11859=CARTESIAN_POINT('',(1.535441332391E1,1.178133345029E1,
-8.316678936476E-2));
#11860=CARTESIAN_POINT('',(1.548035451048E1,1.182720052956E1,
3.874750215866E-2));
#11861=CARTESIAN_POINT('',(1.560629569705E1,1.187306760883E1,
1.606617936821E-1));
#11862=CARTESIAN_POINT('',(1.573223688362E1,1.191893468811E1,
2.825760852055E-1));
#11863=CARTESIAN_POINT('',(1.539073372015E1,1.156120372306E1,
-8.304343595432E-2));
#11864=CARTESIAN_POINT('',(1.552679798827E1,1.156503480291E1,
3.869003166384E-2));
#11865=CARTESIAN_POINT('',(1.566286225640E1,1.156886588276E1,
1.604234992820E-1));
#11866=CARTESIAN_POINT('',(1.579892652453E1,1.157269696261E1,
2.821569669002E-1));
#11867=CARTESIAN_POINT('',(1.535936002605E1,1.134194622511E1,
-8.298347285639E-2));
#11868=CARTESIAN_POINT('',(1.549052904204E1,1.130243155035E1,
3.866209478802E-2));
#11869=CARTESIAN_POINT('',(1.562169805803E1,1.126291687560E1,
1.603076624324E-1));
#11870=CARTESIAN_POINT('',(1.575286707403E1,1.122340220084E1,
2.819532300768E-1));
#11871=CARTESIAN_POINT('',(1.526345446829E1,1.114268365117E1,
-8.301042436519E-2));
#11872=CARTESIAN_POINT('',(1.537512563340E1,1.106400540157E1,
3.867465152676E-2));
#11873=CARTESIAN_POINT('',(1.548679679850E1,1.098532715197E1,
1.603597274187E-1));
#11874=CARTESIAN_POINT('',(1.559846796361E1,1.090664890237E1,
2.820448033106E-1));
#11875=CARTESIAN_POINT('',(1.511076826482E1,1.098065953379E1,
-8.311382209887E-2));
#11876=CARTESIAN_POINT('',(1.519099175236E1,1.087209575964E1,
3.872282464898E-2));
#11877=CARTESIAN_POINT('',(1.527121523989E1,1.076353198548E1,
1.605594713968E-1));
#11878=CARTESIAN_POINT('',(1.535143872743E1,1.065496821133E1,
2.823961181447E-1));
#11879=CARTESIAN_POINT('',(1.491442383840E1,1.087127452054E1,
-8.325295906278E-2));
#11880=CARTESIAN_POINT('',(1.495551007919E1,1.074554810969E1,
3.878764871939E-2));
#11881=CARTESIAN_POINT('',(1.499659631998E1,1.061982169883E1,
1.608282565016E-1));
#11882=CARTESIAN_POINT('',(1.503768256077E1,1.049409528798E1,
2.828688642837E-1));
#11883=CARTESIAN_POINT('',(1.474549710578E1,1.083798815820E1,
-8.334295235844E-2));
#11884=CARTESIAN_POINT('',(1.475581793248E1,1.070999732197E1,
3.882957669863E-2));
#11885=CARTESIAN_POINT('',(1.476613875919E1,1.058200648573E1,
1.610021057557E-1));
#11886=CARTESIAN_POINT('',(1.477645958589E1,1.045401564950E1,
2.831746348128E-1));
#11887=CARTESIAN_POINT('',(1.465284641778E1,1.083805490734E1,
-8.337538089329E-2));
#11888=CARTESIAN_POINT('',(1.464643365534E1,1.071220822583E1,
3.884468519005E-2));
#11889=CARTESIAN_POINT('',(1.464002089291E1,1.058636154431E1,
1.610647512734E-1));
#11890=CARTESIAN_POINT('',(1.463360813047E1,1.046051486280E1,
2.832848173567E-1));
#11891=CARTESIAN_POINT('',(1.463522181246E1,1.083876076840E1,
-8.338084127985E-2));
#11892=CARTESIAN_POINT('',(1.462562492305E1,1.071344682273E1,
3.884722919039E-2));
#11893=CARTESIAN_POINT('',(1.461602803364E1,1.058813287707E1,
1.610752996606E-1));
#11894=CARTESIAN_POINT('',(1.460643114423E1,1.046281893140E1,
2.833033701309E-1));
#11895=B_SPLINE_SURFACE_WITH_KNOTS('',3,3,((#11847,#11848,#11849,#11850),
(#11851,#11852,#11853,#11854),(#11855,#11856,#11857,#11858),(#11859,#11860,
#11861,#11862),(#11863,#11864,#11865,#11866),(#11867,#11868,#11869,#11870),(
#11871,#11872,#11873,#11874),(#11875,#11876,#11877,#11878),(#11879,#11880,
#11881,#11882),(#11883,#11884,#11885,#11886),(#11887,#11888,#11889,#11890),(
#11891,#11892,#11893,#11894)),.UNSPECIFIED.,.F.,.F.,.F.,(4,1,1,1,1,1,1,1,1,4),
(4,4),(-3.417758314967E-2,0.E0,1.428571428571E-1,2.857142857143E-1,
4.285714285714E-1,5.714285714286E-1,7.142857142857E-1,8.571428571429E-1,1.E0,
1.033795707967E0),(-4.170657592171E-1,1.417065759217E0),.UNSPECIFIED.);
#11896=ORIENTED_EDGE('',*,*,#11840,.F.);
#11897=ORIENTED_EDGE('',*,*,#7580,.T.);
#11899=ORIENTED_EDGE('',*,*,#11898,.T.);
#11901=ORIENTED_EDGE('',*,*,#11900,.F.);
#11902=EDGE_LOOP('',(#11896,#11897,#11899,#11901));
#11903=FACE_OUTER_BOUND('',#11902,.F.);
#11905=CARTESIAN_POINT('',(1.277811609205E1,1.064889120457E1,
9.993908270191E-2));
#11906=DIRECTION('',(0.E0,-6.946583704590E-1,-7.193398003387E-1));
#11907=DIRECTION('',(0.E0,-7.193398003387E-1,6.946583704590E-1));
#11908=AXIS2_PLACEMENT_3D('',#11905,#11906,#11907);
#11909=PLANE('',#11908);
#11910=ORIENTED_EDGE('',*,*,#7578,.T.);
#11912=ORIENTED_EDGE('',*,*,#11911,.T.);
#11914=ORIENTED_EDGE('',*,*,#11913,.F.);
#11915=ORIENTED_EDGE('',*,*,#11898,.F.);
#11916=EDGE_LOOP('',(#11910,#11912,#11914,#11915));
#11917=FACE_OUTER_BOUND('',#11916,.F.);
#11919=CARTESIAN_POINT('',(1.091013378463E1,1.084020629951E1,
-8.338996535020E-2));
#11920=CARTESIAN_POINT('',(1.093635020846E1,1.071791269181E1,
3.885147995212E-2));
#11921=CARTESIAN_POINT('',(1.096256663228E1,1.059561908412E1,
1.610929252544E-1));
#11922=CARTESIAN_POINT('',(1.098878305611E1,1.047332547643E1,
2.833343705567E-1));
#11923=CARTESIAN_POINT('',(1.089637550023E1,1.083813398024E1,
-8.338250686483E-2));
#11924=CARTESIAN_POINT('',(1.091407285284E1,1.071344772259E1,
3.884800503528E-2));
#11925=CARTESIAN_POINT('',(1.093177020545E1,1.058876146495E1,
1.610785169354E-1));
#11926=CARTESIAN_POINT('',(1.094946755805E1,1.046407520730E1,
2.833090288355E-1));
#11927=CARTESIAN_POINT('',(1.085561210545E1,1.083683349781E1,
-8.335507045219E-2));
#11928=CARTESIAN_POINT('',(1.084805136398E1,1.070809114264E1,
3.883522237934E-2));
#11929=CARTESIAN_POINT('',(1.084049062251E1,1.057934878747E1,
1.610255152109E-1));
#11930=CARTESIAN_POINT('',(1.083292988104E1,1.045060643231E1,
2.832158080424E-1));
#11931=CARTESIAN_POINT('',(1.078786445395E1,1.085475577666E1,
-8.329579633036E-2));
#11932=CARTESIAN_POINT('',(1.073753506021E1,1.073252114737E1,
3.880760649838E-2));
#11933=CARTESIAN_POINT('',(1.068720566646E1,1.061028651808E1,
1.609110093271E-1));
#11934=CARTESIAN_POINT('',(1.063687627272E1,1.048805188879E1,
2.830144121559E-1));
#11935=CARTESIAN_POINT('',(1.072370642398E1,1.090141384750E1,
-8.324637775531E-2));
#11936=CARTESIAN_POINT('',(1.062942737512E1,1.080702875051E1,
3.878458232791E-2));
#11937=CARTESIAN_POINT('',(1.053514832627E1,1.071264365352E1,
1.608155424111E-1));
#11938=CARTESIAN_POINT('',(1.044086927742E1,1.061825855653E1,
2.828465024944E-1));
#11939=CARTESIAN_POINT('',(1.067989881946E1,1.096664322145E1,
-8.324613682267E-2));
#11940=CARTESIAN_POINT('',(1.055661372909E1,1.091566074638E1,
3.878447007712E-2));
#11941=CARTESIAN_POINT('',(1.043332863872E1,1.086467827132E1,
1.608150769769E-1));
#11942=CARTESIAN_POINT('',(1.031004354835E1,1.081369579626E1,
2.828456838767E-1));
#11943=CARTESIAN_POINT('',(1.066440117621E1,1.103274533528E1,
-8.328788489865E-2));
#11944=CARTESIAN_POINT('',(1.053358931145E1,1.102506166056E1,
3.880392055333E-2));
#11945=CARTESIAN_POINT('',(1.040277744669E1,1.101737798585E1,
1.608957260053E-1));
#11946=CARTESIAN_POINT('',(1.027196558193E1,1.100969431114E1,
2.829875314573E-1));
#11947=CARTESIAN_POINT('',(1.066640552774E1,1.107253780448E1,
-8.332087993815E-2));
#11948=CARTESIAN_POINT('',(1.053932346498E1,1.109042298249E1,
3.881929297986E-2));
#11949=CARTESIAN_POINT('',(1.041224140222E1,1.110830816050E1,
1.609594658979E-1));
#11950=CARTESIAN_POINT('',(1.028515933945E1,1.112619333852E1,
2.830996388159E-1));
#11951=CARTESIAN_POINT('',(1.066857470806E1,1.108602121818E1,
-8.333254351856E-2));
#11952=CARTESIAN_POINT('',(1.054382228623E1,1.111249040439E1,
3.882472705527E-2));
#11953=CARTESIAN_POINT('',(1.041906986439E1,1.113895959060E1,
1.609819976291E-1));
#11954=CARTESIAN_POINT('',(1.029431744256E1,1.116542877680E1,
2.831392682029E-1));
#11955=B_SPLINE_SURFACE_WITH_KNOTS('',3,3,((#11919,#11920,#11921,#11922),
(#11923,#11924,#11925,#11926),(#11927,#11928,#11929,#11930),(#11931,#11932,
#11933,#11934),(#11935,#11936,#11937,#11938),(#11939,#11940,#11941,#11942),(
#11943,#11944,#11945,#11946),(#11947,#11948,#11949,#11950),(#11951,#11952,
#11953,#11954)),.UNSPECIFIED.,.F.,.F.,.F.,(4,1,1,1,1,1,4),(4,4),(
-1.338957234213E-1,0.E0,2.5E-1,5.E-1,7.5E-1,1.E0,1.133563335024E0),(
-4.170657601750E-1,1.417065760175E0),.UNSPECIFIED.);
#11956=ORIENTED_EDGE('',*,*,#7576,.T.);
#11958=ORIENTED_EDGE('',*,*,#11957,.T.);
#11960=ORIENTED_EDGE('',*,*,#11959,.F.);
#11961=ORIENTED_EDGE('',*,*,#11911,.F.);
#11962=EDGE_LOOP('',(#11956,#11958,#11960,#11961));
#11963=FACE_OUTER_BOUND('',#11962,.F.);
#11965=CARTESIAN_POINT('',(1.047337807330E1,1.225708771725E1,
9.986295347546E-2));
#11966=DIRECTION('',(-6.883545756938E-1,0.E0,-7.253743710123E-1));
#11967=DIRECTION('',(-7.253743710123E-1,0.E0,6.883545756938E-1));
#11968=AXIS2_PLACEMENT_3D('',#11965,#11966,#11967);
#11969=PLANE('',#11968);
#11970=ORIENTED_EDGE('',*,*,#11957,.F.);
#11971=ORIENTED_EDGE('',*,*,#7574,.T.);
#11973=ORIENTED_EDGE('',*,*,#11972,.T.);
#11974=ORIENTED_EDGE('',*,*,#10271,.F.);
#11975=EDGE_LOOP('',(#11970,#11971,#11973,#11974));
#11976=FACE_OUTER_BOUND('',#11975,.F.);
#11978=CARTESIAN_POINT('',(1.066176593671E1,1.338754897690E1,
-8.262124019876E-2));
#11979=CARTESIAN_POINT('',(1.053433197996E1,1.339634403290E1,
3.904728989687E-2));
#11980=CARTESIAN_POINT('',(1.040689802321E1,1.340513908890E1,
1.607158199925E-1));
#11981=CARTESIAN_POINT('',(1.027946406647E1,1.341393414490E1,
2.823843500881E-1));
#11982=CARTESIAN_POINT('',(1.066402692617E1,1.341472461378E1,
-8.261615145563E-2));
#11983=CARTESIAN_POINT('',(1.053623532414E1,1.342060037251E1,
3.904488492657E-2));
#11984=CARTESIAN_POINT('',(1.040844372211E1,1.342647613124E1,
1.607059213088E-1));
#11985=CARTESIAN_POINT('',(1.028065212008E1,1.343235188998E1,
2.823669576910E-1));
#11986=CARTESIAN_POINT('',(1.067126989692E1,1.356730776445E1,
-8.258739400172E-2));
#11987=CARTESIAN_POINT('',(1.054207324605E1,1.355678500603E1,
3.903129398269E-2));
#11988=CARTESIAN_POINT('',(1.041287659518E1,1.354626224762E1,
1.606499819671E-1));
#11989=CARTESIAN_POINT('',(1.028367994431E1,1.353573948920E1,
2.822686699515E-1));
#11990=CARTESIAN_POINT('',(1.062992251414E1,1.384805119117E1,
-8.253461269739E-2));
#11991=CARTESIAN_POINT('',(1.050421965171E1,1.380724100173E1,
3.900634922409E-2));
#11992=CARTESIAN_POINT('',(1.037851678927E1,1.376643081230E1,
1.605473111456E-1));
#11993=CARTESIAN_POINT('',(1.025281392684E1,1.372562062287E1,
2.820882730671E-1));
#11994=CARTESIAN_POINT('',(1.045647267297E1,1.419064349320E1,
-8.249101444203E-2));
#11995=CARTESIAN_POINT('',(1.034903299089E1,1.411220558370E1,
3.898574442910E-2));
#11996=CARTESIAN_POINT('',(1.024159330881E1,1.403376767421E1,
1.604625033002E-1));
#11997=CARTESIAN_POINT('',(1.013415362673E1,1.395532976471E1,
2.819392621714E-1));
#11998=CARTESIAN_POINT('',(1.018589468492E1,1.446090422233E1,
-8.249115649226E-2));
#11999=CARTESIAN_POINT('',(1.010797878841E1,1.435298220842E1,
3.898581156289E-2));
#12000=CARTESIAN_POINT('',(1.003006289190E1,1.424506019452E1,
1.604627796180E-1));
#12001=CARTESIAN_POINT('',(9.952146995381E0,1.413713818062E1,
2.819397476732E-1));
#12002=CARTESIAN_POINT('',(9.835398681859E0,1.463347175742E1,
-8.253677729867E-2));
#12003=CARTESIAN_POINT('',(9.795967213557E0,1.450741969173E1,
3.900737222754E-2));
#12004=CARTESIAN_POINT('',(9.756535745255E0,1.438136762604E1,
1.605515217538E-1));
#12005=CARTESIAN_POINT('',(9.717104276953E0,1.425531556035E1,
2.820956712800E-1));
#12006=CARTESIAN_POINT('',(9.564605011339E0,1.46709324E1,-8.258792638650E-2));
#12007=CARTESIAN_POINT('',(9.554372809481E0,1.454178437363E1,
3.903154559090E-2));
#12008=CARTESIAN_POINT('',(9.544140607623E0,1.441263634725E1,
1.606510175683E-1));
#12009=CARTESIAN_POINT('',(9.533908405766E0,1.428348832088E1,
2.822704895457E-1));
#12010=CARTESIAN_POINT('',(9.414658790484E0,1.466407016903E1,
-8.261615896447E-2));
#12011=CARTESIAN_POINT('',(9.420541195323E0,1.453627391249E1,
3.904488847530E-2));
#12012=CARTESIAN_POINT('',(9.426423600162E0,1.440847765596E1,
1.607059359151E-1));
#12013=CARTESIAN_POINT('',(9.432306005001E0,1.428068139943E1,
2.823669833548E-1));
#12014=CARTESIAN_POINT('',(9.387272418187E0,1.466192365293E1,
-8.262127351185E-2));
#12015=CARTESIAN_POINT('',(9.396097106335E0,1.453447285746E1,
3.904730564083E-2));
#12016=CARTESIAN_POINT('',(9.404921794484E0,1.440702206198E1,
1.607158847935E-1));
#12017=CARTESIAN_POINT('',(9.413746482632E0,1.427957126651E1,
2.823844639462E-1));
#12018=B_SPLINE_SURFACE_WITH_KNOTS('',3,3,((#11978,#11979,#11980,#11981),
(#11982,#11983,#11984,#11985),(#11986,#11987,#11988,#11989),(#11990,#11991,
#11992,#11993),(#11994,#11995,#11996,#11997),(#11998,#11999,#12000,#12001),(
#12002,#12003,#12004,#12005),(#12006,#12007,#12008,#12009),(#12010,#12011,
#12012,#12013),(#12014,#12015,#12016,#12017)),.UNSPECIFIED.,.F.,.F.,.F.,(4,1,1,
1,1,1,1,4),(4,4),(-4.358388302624E-2,0.E0,2.E-1,4.E-1,6.E-1,8.E-1,1.E0,
1.044668619171E0),(-4.135960851056E-1,1.413596085106E0),.UNSPECIFIED.);
#12019=ORIENTED_EDGE('',*,*,#7572,.T.);
#12021=ORIENTED_EDGE('',*,*,#12020,.T.);
#12022=ORIENTED_EDGE('',*,*,#10315,.F.);
#12023=ORIENTED_EDGE('',*,*,#11972,.F.);
#12024=EDGE_LOOP('',(#12019,#12021,#12022,#12023));
#12025=FACE_OUTER_BOUND('',#12024,.F.);
#12027=CARTESIAN_POINT('',(1.817701650091E0,1.447337807330E1,
9.986295347546E-2));
#12028=DIRECTION('',(0.E0,-6.883545756938E-1,-7.253743710123E-1));
#12029=DIRECTION('',(0.E0,-7.253743710123E-1,6.883545756938E-1));
#12030=AXIS2_PLACEMENT_3D('',#12027,#12028,#12029);
#12031=PLANE('',#12030);
#12032=ORIENTED_EDGE('',*,*,#7570,.T.);
#12033=ORIENTED_EDGE('',*,*,#10358,.T.);
#12034=ORIENTED_EDGE('',*,*,#10329,.F.);
#12035=ORIENTED_EDGE('',*,*,#12020,.F.);
#12036=EDGE_LOOP('',(#12032,#12033,#12034,#12035));
#12037=FACE_OUTER_BOUND('',#12036,.F.);
#12039=CARTESIAN_POINT('',(1.115607179736E1,1.123710815590E1,
-5.281161675290E0));
#12040=DIRECTION('',(-5.230416183842E-2,-3.485172628960E-2,9.980228613759E-1));
#12041=DIRECTION('',(-9.986295347546E-1,0.E0,-5.233595624294E-2));
#12042=AXIS2_PLACEMENT_3D('',#12039,#12040,#12041);
#12043=CYLINDRICAL_SURFACE('',#12042,5.E-1);
#12045=ORIENTED_EDGE('',*,*,#12044,.F.);
#12046=ORIENTED_EDGE('',*,*,#11959,.T.);
#12047=ORIENTED_EDGE('',*,*,#10269,.T.);
#12048=ORIENTED_EDGE('',*,*,#9589,.T.);
#12049=EDGE_LOOP('',(#12045,#12046,#12047,#12048));
#12050=FACE_OUTER_BOUND('',#12049,.F.);
#12052=CARTESIAN_POINT('',(8.099951998080E0,1.05E1,1.5E0));
#12053=DIRECTION('',(0.E0,9.993908270191E-1,3.489949670250E-2));
#12054=DIRECTION('',(1.E0,0.E0,0.E0));
#12055=AXIS2_PLACEMENT_3D('',#12052,#12053,#12054);
#12056=PLANE('',#12055);
#12057=ORIENTED_EDGE('',*,*,#12044,.T.);
#12058=ORIENTED_EDGE('',*,*,#9587,.T.);
#12060=ORIENTED_EDGE('',*,*,#12059,.T.);
#12061=ORIENTED_EDGE('',*,*,#11913,.T.);
#12062=EDGE_LOOP('',(#12057,#12058,#12060,#12061));
#12063=FACE_OUTER_BOUND('',#12062,.F.);
#12065=CARTESIAN_POINT('',(1.552815451359E1,1.220176179073E1,1.617744290391E0));
#12066=CARTESIAN_POINT('',(1.552456428437E1,1.220310405628E1,1.579306834110E0));
#12067=CARTESIAN_POINT('',(1.550358018149E1,1.221094695420E1,1.354715622948E0));
#12068=CARTESIAN_POINT('',(1.546402861913E1,1.222570363494E1,
9.321395754162E-1));
#12069=CARTESIAN_POINT('',(1.542118345810E1,1.224164091848E1,
4.757554874506E-1));
#12070=CARTESIAN_POINT('',(1.539575965376E1,1.225107765001E1,
2.055228530923E-1));
#12071=CARTESIAN_POINT('',(1.538895814898E1,1.225360076080E1,
1.332704135046E-1));
#12072=CARTESIAN_POINT('',(1.632869242704E1,1.139566837914E1,1.514821090069E0));
#12073=CARTESIAN_POINT('',(1.632510081640E1,1.139701116115E1,1.476368844154E0));
#12074=CARTESIAN_POINT('',(1.630410863071E1,1.140485708005E1,1.251691123251E0));
#12075=CARTESIAN_POINT('',(1.626454173719E1,1.141961948090E1,
8.289512736390E-1));
#12076=CARTESIAN_POINT('',(1.622167978650E1,1.143556300981E1,
3.723883416358E-1));
#12077=CARTESIAN_POINT('',(1.619624594201E1,1.144500346802E1,
1.020489891369E-1));
#12078=CARTESIAN_POINT('',(1.618944174567E1,1.144752757728E1,
2.976795705663E-2));
#12079=CARTESIAN_POINT('',(1.583026758666E1,1.036965748467E1,1.525547094845E0));
#12080=CARTESIAN_POINT('',(1.582667683611E1,1.037099994513E1,1.487104057140E0));
#12081=CARTESIAN_POINT('',(1.580568968288E1,1.037884398313E1,1.262480198275E0));
#12082=CARTESIAN_POINT('',(1.576613233473E1,1.039360282257E1,
8.398423338714E-1));
#12083=CARTESIAN_POINT('',(1.572328083749E1,1.040954246303E1,
3.833907523856E-1));
#12084=CARTESIAN_POINT('',(1.569785324412E1,1.041898060097E1,
1.131178439255E-1));
#12085=CARTESIAN_POINT('',(1.569105072358E1,1.042150408856E1,
4.085461388597E-2));
#12086=CARTESIAN_POINT('',(1.470265440328E1,1.050246424786E1,1.635508890804E0));
#12087=CARTESIAN_POINT('',(1.469906559855E1,1.050380598085E1,1.597086685325E0));
#12088=CARTESIAN_POINT('',(1.467808983053E1,1.051164576357E1,1.372584681432E0));
#12089=CARTESIAN_POINT('',(1.463855407737E1,1.052639654587E1,
9.501775436210E-1));
#12090=CARTESIAN_POINT('',(1.459572622953E1,1.054232738929E1,
4.939778763682E-1));
#12091=CARTESIAN_POINT('',(1.457031277842E1,1.055176027794E1,
2.238552878121E-1));
#12092=CARTESIAN_POINT('',(1.456351404913E1,1.055428235912E1,
1.516323322818E-1));
#12093=(BOUNDED_SURFACE()B_SPLINE_SURFACE(3,3,((#12065,#12066,#12067,#12068,
#12069,#12070,#12071),(#12072,#12073,#12074,#12075,#12076,#12077,#12078),
(#12079,#12080,#12081,#12082,#12083,#12084,#12085),(#12086,#12087,#12088,#12089,
#12090,#12091,#12092)),.UNSPECIFIED.,.F.,.F.,.F.)B_SPLINE_SURFACE_WITH_KNOTS((4,
4),(4,1,1,1,4),(0.E0,1.E0),(5.143744549349E-1,5.220623840996E-1,
5.592953608248E-1,5.988958330100E-1,6.133480284989E-1),.UNSPECIFIED.)GEOMETRIC_REPRESENTATION_ITEM()RATIONAL_B_SPLINE_SURFACE(((1.505900587856E0,
1.505900587856E0,1.505900587856E0,1.505900587856E0,1.505900587856E0,
1.505900587856E0,1.505900587856E0),(8.313664707147E-1,8.313664707147E-1,
8.313664707147E-1,8.313664707147E-1,8.313664707147E-1,8.313664707147E-1,
8.313664707147E-1),(8.313664707147E-1,8.313664707147E-1,8.313664707147E-1,
8.313664707147E-1,8.313664707147E-1,8.313664707147E-1,8.313664707147E-1),(
1.505900587856E0,1.505900587856E0,1.505900587856E0,1.505900587856E0,
1.505900587856E0,1.505900587856E0,1.505900587856E0)))REPRESENTATION_ITEM('')SURFACE());
#12094=ORIENTED_EDGE('',*,*,#11900,.T.);
#12095=ORIENTED_EDGE('',*,*,#12059,.F.);
#12096=ORIENTED_EDGE('',*,*,#9585,.T.);
#12097=ORIENTED_EDGE('',*,*,#7826,.T.);
#12098=EDGE_LOOP('',(#12094,#12095,#12096,#12097));
#12099=FACE_OUTER_BOUND('',#12098,.F.);
#12101=CARTESIAN_POINT('',(5.779376976989E-12,4.465983138857E-12,
9.986294866649E-2));
#12102=DIRECTION('',(0.E0,0.E0,1.E0));
#12103=DIRECTION('',(0.E0,-1.E0,0.E0));
#12104=AXIS2_PLACEMENT_3D('',#12101,#12102,#12103);
#12105=CONICAL_SURFACE('',#12104,1.957662192163E1,4.650000000003E1);
#12106=ORIENTED_EDGE('',*,*,#7590,.T.);
#12107=ORIENTED_EDGE('',*,*,#11775,.T.);
#12108=ORIENTED_EDGE('',*,*,#7848,.F.);
#12110=ORIENTED_EDGE('',*,*,#12109,.F.);
#12111=EDGE_LOOP('',(#12106,#12107,#12108,#12110));
#12112=FACE_OUTER_BOUND('',#12111,.F.);
#12114=CARTESIAN_POINT('',(-1.893624013945E1,2.576629666802E0,
-8.375801729333E-2));
#12115=CARTESIAN_POINT('',(-1.891020030925E1,2.455231479890E0,
3.874025041282E-2));
#12116=CARTESIAN_POINT('',(-1.888416047905E1,2.333833292979E0,
1.612385181190E-1));
#12117=CARTESIAN_POINT('',(-1.885812064885E1,2.212435106068E0,
2.837367858251E-1));
#12118=CARTESIAN_POINT('',(-1.895009162257E1,2.574539813246E0,
-8.375379711311E-2));
#12119=CARTESIAN_POINT('',(-1.893250916062E1,2.450739177711E0,
3.873829847027E-2));
#12120=CARTESIAN_POINT('',(-1.891492669866E1,2.326938542176E0,
1.612303940536E-1));
#12121=CARTESIAN_POINT('',(-1.889734423671E1,2.203137906642E0,
2.837224896370E-1));
#12122=CARTESIAN_POINT('',(-1.899364775576E1,2.573289861567E0,
-8.373267372405E-2));
#12123=CARTESIAN_POINT('',(-1.900266819903E1,2.445114685131E0,
3.872852835621E-2));
#12124=CARTESIAN_POINT('',(-1.901168864230E1,2.316939508695E0,
1.611897304365E-1));
#12125=CARTESIAN_POINT('',(-1.902070908557E1,2.188764332258E0,
2.836509325167E-1));
#12126=CARTESIAN_POINT('',(-1.906701738660E1,2.594699408183E0,
-8.367113814541E-2));
#12127=CARTESIAN_POINT('',(-1.912179504002E1,2.474042703683E0,
3.870006655873E-2));
#12128=CARTESIAN_POINT('',(-1.917657269345E1,2.353385999183E0,
1.610712712629E-1));
#12129=CARTESIAN_POINT('',(-1.923135034688E1,2.232729294683E0,
2.834424759670E-1));
#12130=CARTESIAN_POINT('',(-1.913414762102E1,2.650444795224E0,
-8.360702580454E-2));
#12131=CARTESIAN_POINT('',(-1.923557215829E1,2.562624065239E0,
3.867041294203E-2));
#12132=CARTESIAN_POINT('',(-1.933699669556E1,2.474803335254E0,
1.609478516886E-1));
#12133=CARTESIAN_POINT('',(-1.943842123282E1,2.386982605269E0,
2.832252904352E-1));
#12134=CARTESIAN_POINT('',(-1.917497403503E1,2.726139019832E0,
-8.359684883944E-2));
#12135=CARTESIAN_POINT('',(-1.930402251386E1,2.688603689492E0,
3.866570583233E-2));
#12136=CARTESIAN_POINT('',(-1.943307099268E1,2.651068359152E0,
1.609282605041E-1));
#12137=CARTESIAN_POINT('',(-1.956211947150E1,2.613533028812E0,
2.831908151759E-1));
#12138=CARTESIAN_POINT('',(-1.918227522109E1,2.798747234055E0,
-8.363929023877E-2));
#12139=CARTESIAN_POINT('',(-1.931351502333E1,2.808695397361E0,
3.868533607778E-2));
#12140=CARTESIAN_POINT('',(-1.944475482557E1,2.818643560667E0,
1.610099623943E-1));
#12141=CARTESIAN_POINT('',(-1.957599462781E1,2.828591723974E0,
2.833345887109E-1));
#12142=CARTESIAN_POINT('',(-1.917401525570E1,2.840069720597E0,
-8.367385536209E-2));
#12143=CARTESIAN_POINT('',(-1.929739610573E1,2.876292277453E0,
3.870132334176E-2));
#12144=CARTESIAN_POINT('',(-1.942077695577E1,2.912514834309E0,
1.610765020456E-1));
#12145=CARTESIAN_POINT('',(-1.954415780580E1,2.948737391165E0,
2.834516807494E-1));
#12146=CARTESIAN_POINT('',(-1.916989125887E1,2.853086711028E0,
-8.368549878403E-2));
#12147=CARTESIAN_POINT('',(-1.928969929257E1,2.897470163061E0,
3.870670872570E-2));
#12148=CARTESIAN_POINT('',(-1.940950732628E1,2.941853615094E0,
1.610989162354E-1));
#12149=CARTESIAN_POINT('',(-1.952931535999E1,2.986237067127E0,
2.834911237452E-1));
#12150=B_SPLINE_SURFACE_WITH_KNOTS('',3,3,((#12114,#12115,#12116,#12117),
(#12118,#12119,#12120,#12121),(#12122,#12123,#12124,#12125),(#12126,#12127,
#12128,#12129),(#12130,#12131,#12132,#12133),(#12134,#12135,#12136,#12137),(
#12138,#12139,#12140,#12141),(#12142,#12143,#12144,#12145),(#12146,#12147,
#12148,#12149)),.UNSPECIFIED.,.F.,.F.,.F.,(4,1,1,1,1,1,4),(4,4),(
-1.225111920955E-1,0.E0,2.5E-1,5.E-1,7.5E-1,1.E0,1.122522980074E0),(
-4.188345488287E-1,1.418834548829E0),.UNSPECIFIED.);
#12151=ORIENTED_EDGE('',*,*,#7592,.T.);
#12152=ORIENTED_EDGE('',*,*,#12109,.T.);
#12154=ORIENTED_EDGE('',*,*,#12153,.F.);
#12156=ORIENTED_EDGE('',*,*,#12155,.F.);
#12157=EDGE_LOOP('',(#12151,#12152,#12154,#12156));
#12158=FACE_OUTER_BOUND('',#12157,.F.);
#12160=CARTESIAN_POINT('',(-1.943821822519E1,2.973378362291E0,
1.317603206088E-1));
#12161=CARTESIAN_POINT('',(-1.944846572159E1,2.968655170433E0,
3.121317406389E-1));
#12162=CARTESIAN_POINT('',(-1.946991494555E1,2.958766074412E0,
6.897810815028E-1));
#12163=CARTESIAN_POINT('',(-1.949712320528E1,2.946214132453E0,
1.169120406104E0));
#12164=CARTESIAN_POINT('',(-1.951408505757E1,2.938385383902E0,
1.468088251502E0));
#12165=CARTESIAN_POINT('',(-1.951985343844E1,2.935722551193E0,
1.569777730030E0));
#12166=CARTESIAN_POINT('',(-1.961234126349E1,2.542150066831E0,
1.105757050956E-1));
#12167=CARTESIAN_POINT('',(-1.962258886919E1,2.537426824597E0,
2.909490488848E-1));
#12168=CARTESIAN_POINT('',(-1.964403832136E1,2.527537623360E0,
6.686024078076E-1));
#12169=CARTESIAN_POINT('',(-1.967124686911E1,2.514985548528E0,
1.147946806615E0));
#12170=CARTESIAN_POINT('',(-1.968820890024E1,2.507156717434E0,
1.446917804197E0));
#12171=CARTESIAN_POINT('',(-1.969397734185E1,2.504493856688E0,
1.548608353436E0));
#12172=CARTESIAN_POINT('',(-1.930817776171E1,2.189807678681E0,
1.186298285885E-1));
#12173=CARTESIAN_POINT('',(-1.931842517649E1,2.185084524444E0,
2.989998118959E-1));
#12174=CARTESIAN_POINT('',(-1.933987423001E1,2.175195507003E0,
6.766461519493E-1));
#12175=CARTESIAN_POINT('',(-1.936708227464E1,2.162643664277E0,
1.155981686976E0));
#12176=CARTESIAN_POINT('',(-1.938404399336E1,2.154814977372E0,
1.454947178226E0));
#12177=CARTESIAN_POINT('',(-1.938981232888E1,2.152152165602E0,
1.556635857113E0));
#12178=CARTESIAN_POINT('',(-1.885671178394E1,2.299762471383E0,
1.471583702181E-1));
#12179=CARTESIAN_POINT('',(-1.886695891534E1,2.295039447760E0,
3.275233656053E-1));
#12180=CARTESIAN_POINT('',(-1.888840737715E1,2.285150703124E0,
7.051592876412E-1));
#12181=CARTESIAN_POINT('',(-1.891561467500E1,2.272599204911E0,
1.184481666271E0));
#12182=CARTESIAN_POINT('',(-1.893257593003E1,2.264770732022E0,
1.483438984545E0));
#12183=CARTESIAN_POINT('',(-1.893834410807E1,2.262107992948E0,
1.585124887292E0));
#12184=(BOUNDED_SURFACE()B_SPLINE_SURFACE(3,3,((#12160,#12161,#12162,#12163,
#12164,#12165),(#12166,#12167,#12168,#12169,#12170,#12171),(#12172,#12173,
#12174,#12175,#12176,#12177),(#12178,#12179,#12180,#12181,#12182,#12183)),
.UNSPECIFIED.,.F.,.F.,.F.)B_SPLINE_SURFACE_WITH_KNOTS((4,4),(4,1,1,4),(0.E0,
1.E0),(3.766649325929E-1,4.127527387211E-1,4.522230446919E-1,4.725684675719E-1),
.UNSPECIFIED.)GEOMETRIC_REPRESENTATION_ITEM()RATIONAL_B_SPLINE_SURFACE(((
1.373710394827E0,1.373710394827E0,1.373710394827E0,1.373710394827E0,
1.373710394827E0,1.373710394827E0),(8.754298683910E-1,8.754298683910E-1,
8.754298683910E-1,8.754298683910E-1,8.754298683910E-1,8.754298683910E-1),(
8.754298683910E-1,8.754298683910E-1,8.754298683910E-1,8.754298683910E-1,
8.754298683910E-1,8.754298683910E-1),(1.373710394827E0,1.373710394827E0,
1.373710394827E0,1.373710394827E0,1.373710394827E0,1.373710394827E0)))REPRESENTATION_ITEM('')SURFACE());
#12185=ORIENTED_EDGE('',*,*,#12153,.T.);
#12186=ORIENTED_EDGE('',*,*,#7846,.T.);
#12188=ORIENTED_EDGE('',*,*,#12187,.F.);
#12190=ORIENTED_EDGE('',*,*,#12189,.F.);
#12191=EDGE_LOOP('',(#12185,#12186,#12188,#12190));
#12192=FACE_OUTER_BOUND('',#12191,.F.);
#12194=CARTESIAN_POINT('',(-1.952011830004E1,2.935065260931E0,
1.430254516629E0));
#12195=CARTESIAN_POINT('',(-1.951584957858E1,2.937035812356E0,
1.505506839492E0));
#12196=CARTESIAN_POINT('',(-1.950604716475E1,2.941560311691E0,
1.678290498185E0));
#12197=CARTESIAN_POINT('',(-1.949398013726E1,2.947128541231E0,
1.890932605330E0));
#12198=CARTESIAN_POINT('',(-1.948618180652E1,2.950726219311E0,
2.028322388249E0));
#12199=CARTESIAN_POINT('',(-1.948391926401E1,2.951769952445E0,
2.068180948561E0));
#12200=CARTESIAN_POINT('',(-1.969345306404E1,2.504030279142E0,
1.451374056393E0));
#12201=CARTESIAN_POINT('',(-1.968918429783E1,2.506000851221E0,
1.526627168013E0));
#12202=CARTESIAN_POINT('',(-1.967938178116E1,2.510525398027E0,
1.699412639563E0));
#12203=CARTESIAN_POINT('',(-1.966731462676E1,2.516093686125E0,
1.912056982930E0));
#12204=CARTESIAN_POINT('',(-1.965951621387E1,2.519691402109E0,
2.049448213354E0));
#12205=CARTESIAN_POINT('',(-1.965725364750E1,2.520735146246E0,
2.089307193831E0));
#12206=CARTESIAN_POINT('',(-1.938935033155E1,2.152264685942E0,
1.443334999950E0));
#12207=CARTESIAN_POINT('',(-1.938508164384E1,2.154235221784E0,
1.518586727754E0));
#12208=CARTESIAN_POINT('',(-1.937527930761E1,2.158759685305E0,
1.691369018784E0));
#12209=CARTESIAN_POINT('',(-1.936321237585E1,2.164327870668E0,
1.904009438869E0));
#12210=CARTESIAN_POINT('',(-1.935541410710E1,2.167925520152E0,
2.041398129755E0));
#12211=CARTESIAN_POINT('',(-1.935315158258E1,2.168969244986E0,
2.081256373084E0));
#12212=CARTESIAN_POINT('',(-1.893834410747E1,2.262107993221E0,
1.414875123183E0));
#12213=CARTESIAN_POINT('',(-1.893407553618E1,2.264078475322E0,
1.490124798688E0));
#12214=CARTESIAN_POINT('',(-1.892427346755E1,2.268602815326E0,
1.662902372777E0));
#12215=CARTESIAN_POINT('',(-1.891220686598E1,2.274170848326E0,
1.875536974355E0));
#12216=CARTESIAN_POINT('',(-1.890440881101E1,2.277768399186E0,
2.012921898922E0));
#12217=CARTESIAN_POINT('',(-1.890214634855E1,2.278812095392E0,
2.052779049009E0));
#12218=(BOUNDED_SURFACE()B_SPLINE_SURFACE(3,3,((#12194,#12195,#12196,#12197,
#12198,#12199),(#12200,#12201,#12202,#12203,#12204,#12205),(#12206,#12207,
#12208,#12209,#12210,#12211),(#12212,#12213,#12214,#12215,#12216,#12217)),
.UNSPECIFIED.,.F.,.F.,.F.)B_SPLINE_SURFACE_WITH_KNOTS((4,4),(4,1,1,4),(0.E0,
1.E0),(4.604023077327E-1,4.754582889718E-1,4.949717188079E-1,5.029463695368E-1),
.UNSPECIFIED.)GEOMETRIC_REPRESENTATION_ITEM()RATIONAL_B_SPLINE_SURFACE(((
1.373115040639E0,1.373115040639E0,1.373115040639E0,1.373115040639E0,
1.373115040639E0,1.373115040639E0),(8.756283197871E-1,8.756283197871E-1,
8.756283197871E-1,8.756283197871E-1,8.756283197871E-1,8.756283197871E-1),(
8.756283197871E-1,8.756283197871E-1,8.756283197871E-1,8.756283197871E-1,
8.756283197871E-1,8.756283197871E-1),(1.373115040639E0,1.373115040639E0,
1.373115040639E0,1.373115040639E0,1.373115040639E0,1.373115040639E0)))REPRESENTATION_ITEM('')SURFACE());
#12220=ORIENTED_EDGE('',*,*,#12219,.F.);
#12221=ORIENTED_EDGE('',*,*,#12187,.T.);
#12222=ORIENTED_EDGE('',*,*,#9542,.T.);
#12223=ORIENTED_EDGE('',*,*,#8664,.T.);
#12224=EDGE_LOOP('',(#12220,#12221,#12222,#12223));
#12225=FACE_OUTER_BOUND('',#12224,.F.);
#12227=CARTESIAN_POINT('',(-1.962141687035E1,2.25E0,1.5E0));
#12228=DIRECTION('',(0.E0,9.996573249756E-1,-2.617694830787E-2));
#12229=DIRECTION('',(-1.E0,0.E0,0.E0));
#12230=AXIS2_PLACEMENT_3D('',#12227,#12228,#12229);
#12231=PLANE('',#12230);
#12232=ORIENTED_EDGE('',*,*,#12219,.T.);
#12233=ORIENTED_EDGE('',*,*,#8662,.T.);
#12235=ORIENTED_EDGE('',*,*,#12234,.T.);
#12237=ORIENTED_EDGE('',*,*,#12236,.F.);
#12238=EDGE_LOOP('',(#12232,#12233,#12235,#12237));
#12239=FACE_OUTER_BOUND('',#12238,.F.);
#12241=CARTESIAN_POINT('',(-1.775E1,0.E0,1.75E0));
#12242=DIRECTION('',(0.E0,0.E0,1.E0));
#12243=DIRECTION('',(1.E0,0.E0,0.E0));
#12244=AXIS2_PLACEMENT_3D('',#12241,#12242,#12243);
#12245=CONICAL_SURFACE('',#12244,2.256546480392E0,1.5E0);
#12246=ORIENTED_EDGE('',*,*,#12234,.F.);
#12247=ORIENTED_EDGE('',*,*,#8660,.T.);
#12249=ORIENTED_EDGE('',*,*,#12248,.T.);
#12251=ORIENTED_EDGE('',*,*,#12250,.F.);
#12252=EDGE_LOOP('',(#12246,#12247,#12249,#12251));
#12253=FACE_OUTER_BOUND('',#12252,.F.);
#12255=CARTESIAN_POINT('',(-1.775E1,-2.25E0,1.5E0));
#12256=DIRECTION('',(0.E0,-9.996573249756E-1,-2.617694830787E-2));
#12257=DIRECTION('',(1.E0,0.E0,0.E0));
#12258=AXIS2_PLACEMENT_3D('',#12255,#12256,#12257);
#12259=PLANE('',#12258);
#12261=ORIENTED_EDGE('',*,*,#12260,.T.);
#12263=ORIENTED_EDGE('',*,*,#12262,.F.);
#12264=ORIENTED_EDGE('',*,*,#12248,.F.);
#12265=ORIENTED_EDGE('',*,*,#8658,.F.);
#12266=EDGE_LOOP('',(#12261,#12263,#12264,#12265));
#12267=FACE_OUTER_BOUND('',#12266,.F.);
#12269=CARTESIAN_POINT('',(-1.948391926344E1,-2.951769952708E0,
2.068180958619E0));
#12270=CARTESIAN_POINT('',(-1.948690574815E1,-2.950392257915E0,
2.015568917065E0));
#12271=CARTESIAN_POINT('',(-1.949573079742E1,-2.946320830228E0,
1.860087366564E0));
#12272=CARTESIAN_POINT('',(-1.950779722784E1,-2.940752599682E0,
1.647445221006E0));
#12273=CARTESIAN_POINT('',(-1.951687584365E1,-2.936562062049E0,
1.487415045191E0));
#12274=CARTESIAN_POINT('',(-1.952011830052E1,-2.935065260713E0,
1.430254508270E0));
#12275=CARTESIAN_POINT('',(-1.965725364693E1,-2.520735146509E0,
2.089307203889E0));
#12276=CARTESIAN_POINT('',(-1.966024016312E1,-2.519357437192E0,
2.036694607731E0));
#12277=CARTESIAN_POINT('',(-1.966906530536E1,-2.515285966617E0,
1.881211419394E0));
#12278=CARTESIAN_POINT('',(-1.968113186262E1,-2.509717677538E0,
1.668567038539E0));
#12279=CARTESIAN_POINT('',(-1.969021057366E1,-2.505527095949E0,
1.508535184083E0));
#12280=CARTESIAN_POINT('',(-1.969345306451E1,-2.504030278923E0,
1.451374048034E0));
#12281=CARTESIAN_POINT('',(-1.935315158201E1,-2.168969245249E0,
2.081256383142E0));
#12282=CARTESIAN_POINT('',(-1.935613804296E1,-2.167591561412E0,
2.028644759995E0));
#12283=CARTESIAN_POINT('',(-1.936496302210E1,-2.163520166081E0,
1.873164445117E0));
#12284=CARTESIAN_POINT('',(-1.937702935683E1,-2.157951979694E0,
1.660523985922E0));
#12285=CARTESIAN_POINT('',(-1.938610790080E1,-2.153761475223E0,
1.500495076514E0));
#12286=CARTESIAN_POINT('',(-1.938935033202E1,-2.152264685723E0,
1.443334991591E0));
#12287=CARTESIAN_POINT('',(-1.890214634798E1,-2.278812095655E0,
2.052779059066E0));
#12288=CARTESIAN_POINT('',(-1.890513272702E1,-2.277434449605E0,
2.000168878965E0));
#12289=CARTESIAN_POINT('',(-1.891395746428E1,-2.273363165867E0,
1.844692825632E0));
#12290=CARTESIAN_POINT('',(-1.892602346897E1,-2.267795131780E0,
1.632058182542E0));
#12291=CARTESIAN_POINT('',(-1.893510176515E1,-2.263604741682E0,
1.472033640851E0));
#12292=CARTESIAN_POINT('',(-1.893834410795E1,-2.262107993002E0,
1.414875114824E0));
#12293=(BOUNDED_SURFACE()B_SPLINE_SURFACE(3,3,((#12269,#12270,#12271,#12272,
#12273,#12274),(#12275,#12276,#12277,#12278,#12279,#12280),(#12281,#12282,
#12283,#12284,#12285,#12286),(#12287,#12288,#12289,#12290,#12291,#12292)),
.UNSPECIFIED.,.F.,.F.,.F.)B_SPLINE_SURFACE_WITH_KNOTS((4,4),(4,1,1,4),(0.E0,
1.E0),(4.886080576665E-1,4.991343496454E-1,5.197158368896E-1,5.311521397802E-1),
.UNSPECIFIED.)GEOMETRIC_REPRESENTATION_ITEM()RATIONAL_B_SPLINE_SURFACE(((
1.373115040639E0,1.373115040639E0,1.373115040639E0,1.373115040639E0,
1.373115040639E0,1.373115040639E0),(8.756283197871E-1,8.756283197871E-1,
8.756283197871E-1,8.756283197871E-1,8.756283197871E-1,8.756283197871E-1),(
8.756283197871E-1,8.756283197871E-1,8.756283197871E-1,8.756283197871E-1,
8.756283197871E-1,8.756283197871E-1),(1.373115040639E0,1.373115040639E0,
1.373115040639E0,1.373115040639E0,1.373115040639E0,1.373115040639E0)))REPRESENTATION_ITEM('')SURFACE());
#12294=ORIENTED_EDGE('',*,*,#9558,.T.);
#12296=ORIENTED_EDGE('',*,*,#12295,.F.);
#12297=ORIENTED_EDGE('',*,*,#12260,.F.);
#12298=ORIENTED_EDGE('',*,*,#8656,.T.);
#12299=EDGE_LOOP('',(#12294,#12296,#12297,#12298));
#12300=FACE_OUTER_BOUND('',#12299,.F.);
#12302=CARTESIAN_POINT('',(-1.951985343825E1,-2.935722551278E0,
1.569777726780E0));
#12303=CARTESIAN_POINT('',(-1.951906469532E1,-2.936086655267E0,
1.555873156410E0));
#12304=CARTESIAN_POINT('',(-1.950767186754E1,-2.941345759688E0,
1.355036061287E0));
#12305=CARTESIAN_POINT('',(-1.948501440978E1,-2.951801418431E0,
9.557505629686E-1));
#12306=CARTESIAN_POINT('',(-1.945858691545E1,-2.963989245049E0,
4.903162422383E-1));
#12307=CARTESIAN_POINT('',(-1.944276635587E1,-2.971282075260E0,
2.118142925695E-1));
#12308=CARTESIAN_POINT('',(-1.943821822541E1,-2.973378362190E0,
1.317603244574E-1));
#12309=CARTESIAN_POINT('',(-1.969397734166E1,-2.504493856774E0,
1.548608350187E0));
#12310=CARTESIAN_POINT('',(-1.969318859042E1,-2.504857964597E0,
1.534703633412E0));
#12311=CARTESIAN_POINT('',(-1.968179564266E1,-2.510117124403E0,
1.333864423236E0));
#12312=CARTESIAN_POINT('',(-1.965913794565E1,-2.520572893552E0,
9.345747086652E-1));
#12313=CARTESIAN_POINT('',(-1.963271017081E1,-2.532760849534E0,
4.691354477188E-1));
#12314=CARTESIAN_POINT('',(-1.961688944268E1,-2.540053757443E0,
1.906305308754E-1));
#12315=CARTESIAN_POINT('',(-1.961234126371E1,-2.542150066732E0,
1.105757089443E-1));
#12316=CARTESIAN_POINT('',(-1.938981232869E1,-2.152152165689E0,
1.556635853864E0));
#12317=CARTESIAN_POINT('',(-1.938902359196E1,-2.152516266815E0,
1.542731392832E0));
#12318=CARTESIAN_POINT('',(-1.937763085378E1,-2.157775329873E0,
1.341895877297E0));
#12319=CARTESIAN_POINT('',(-1.935497357471E1,-2.168230906161E0,
9.426135278062E-1));
#12320=CARTESIAN_POINT('',(-1.932854628986E1,-2.180418636166E0,
4.771828965819E-1));
#12321=CARTESIAN_POINT('',(-1.931272585617E1,-2.187711408349E0,
1.986831628907E-1));
#12322=CARTESIAN_POINT('',(-1.930817776193E1,-2.189807678582E0,
1.186298324370E-1));
#12323=CARTESIAN_POINT('',(-1.893834410788E1,-2.262107993032E0,
1.585124884042E0));
#12324=CARTESIAN_POINT('',(-1.893755539268E1,-2.262472084218E0,
1.571220802608E0));
#12325=CARTESIAN_POINT('',(-1.892616296559E1,-2.267731003675E0,
1.370390770979E0));
#12326=CARTESIAN_POINT('',(-1.890350630685E1,-2.278186293701E0,
9.711193533829E-1));
#12327=CARTESIAN_POINT('',(-1.887707974930E1,-2.290373688291E0,
5.057015311441E-1));
#12328=CARTESIAN_POINT('',(-1.886125975263E1,-2.297666259019E0,
2.272094907391E-1));
#12329=CARTESIAN_POINT('',(-1.885671178417E1,-2.299762471282E0,
1.471583740663E-1));
#12330=(BOUNDED_SURFACE()B_SPLINE_SURFACE(3,3,((#12302,#12303,#12304,#12305,
#12306,#12307,#12308),(#12309,#12310,#12311,#12312,#12313,#12314,#12315),
(#12316,#12317,#12318,#12319,#12320,#12321,#12322),(#12323,#12324,#12325,#12326,
#12327,#12328,#12329)),.UNSPECIFIED.,.F.,.F.,.F.)B_SPLINE_SURFACE_WITH_KNOTS((4,
4),(4,1,1,1,4),(0.E0,1.E0),(5.189859535024E-1,5.217678955724E-1,
5.591682236006E-1,5.988726573689E-1,6.148894453732E-1),.UNSPECIFIED.)GEOMETRIC_REPRESENTATION_ITEM()RATIONAL_B_SPLINE_SURFACE(((1.373710394825E0,
1.373710394825E0,1.373710394825E0,1.373710394825E0,1.373710394825E0,
1.373710394825E0,1.373710394825E0),(8.754298683918E-1,8.754298683918E-1,
8.754298683918E-1,8.754298683918E-1,8.754298683918E-1,8.754298683918E-1,
8.754298683918E-1),(8.754298683918E-1,8.754298683918E-1,8.754298683918E-1,
8.754298683918E-1,8.754298683918E-1,8.754298683918E-1,8.754298683918E-1),(
1.373710394825E0,1.373710394825E0,1.373710394825E0,1.373710394825E0,
1.373710394825E0,1.373710394825E0,1.373710394825E0)))REPRESENTATION_ITEM('')SURFACE());
#12332=ORIENTED_EDGE('',*,*,#12331,.T.);
#12334=ORIENTED_EDGE('',*,*,#12333,.F.);
#12335=ORIENTED_EDGE('',*,*,#12295,.T.);
#12336=ORIENTED_EDGE('',*,*,#7791,.T.);
#12337=EDGE_LOOP('',(#12332,#12334,#12335,#12336));
#12338=FACE_OUTER_BOUND('',#12337,.F.);
#12340=CARTESIAN_POINT('',(-1.916976333981E1,-2.853474839523E0,
-8.368585273927E-2));
#12341=CARTESIAN_POINT('',(-1.928946023670E1,-2.898099578624E0,
3.870687243916E-2));
#12342=CARTESIAN_POINT('',(-1.940915713358E1,-2.942724317725E0,
1.610995976176E-1));
#12343=CARTESIAN_POINT('',(-1.952885403047E1,-2.987349056825E0,
2.834923227960E-1));
#12344=CARTESIAN_POINT('',(-1.917395912936E1,-2.840346264468E0,
-8.367408834938E-2));
#12345=CARTESIAN_POINT('',(-1.929728648931E1,-2.876744494012E0,
3.870143110441E-2));
#12346=CARTESIAN_POINT('',(-1.942061384925E1,-2.913142723556E0,
1.610769505582E-1));
#12347=CARTESIAN_POINT('',(-1.954394120920E1,-2.949540953100E0,
2.834524700120E-1));
#12348=CARTESIAN_POINT('',(-1.918230754686E1,-2.798814137024E0,
-8.363930636650E-2));
#12349=CARTESIAN_POINT('',(-1.931356859567E1,-2.808808412816E0,
3.868534353727E-2));
#12350=CARTESIAN_POINT('',(-1.944482964449E1,-2.818802688609E0,
1.610099934410E-1));
#12351=CARTESIAN_POINT('',(-1.957609069330E1,-2.828796964402E0,
2.833346433448E-1));
#12352=CARTESIAN_POINT('',(-1.917492804359E1,-2.725837641827E0,
-8.359669053324E-2));
#12353=CARTESIAN_POINT('',(-1.930395443465E1,-2.688098987554E0,
3.866563261161E-2));
#12354=CARTESIAN_POINT('',(-1.943298082572E1,-2.650360333281E0,
1.609279557565E-1));
#12355=CARTESIAN_POINT('',(-1.956200721679E1,-2.612621679007E0,
2.831902789013E-1));
#12356=CARTESIAN_POINT('',(-1.913382086437E1,-2.650081821103E0,
-8.360729047850E-2));
#12357=CARTESIAN_POINT('',(-1.923501743724E1,-2.562032354624E0,
3.867053536059E-2));
#12358=CARTESIAN_POINT('',(-1.933621401011E1,-2.473982888146E0,
1.609483611997E-1));
#12359=CARTESIAN_POINT('',(-1.943741058299E1,-2.385933421668E0,
2.832261870388E-1));
#12360=CARTESIAN_POINT('',(-1.906692400913E1,-2.594696095106E0,
-8.367123561426E-2));
#12361=CARTESIAN_POINT('',(-1.912164291776E1,-2.474048316768E0,
3.870011164059E-2));
#12362=CARTESIAN_POINT('',(-1.917636182639E1,-2.353400538431E0,
1.610714588954E-1));
#12363=CARTESIAN_POINT('',(-1.923108073501E1,-2.232752760094E0,
2.834428061503E-1));
#12364=CARTESIAN_POINT('',(-1.899389092833E1,-2.573366791568E0,
-8.373245267773E-2));
#12365=CARTESIAN_POINT('',(-1.900306278472E1,-2.445219544311E0,
3.872842611657E-2));
#12366=CARTESIAN_POINT('',(-1.901223464111E1,-2.317072297054E0,
1.611893049109E-1));
#12367=CARTESIAN_POINT('',(-1.902140649750E1,-2.188925049798E0,
2.836501837052E-1));
#12368=CARTESIAN_POINT('',(-1.895068530677E1,-2.574528793870E0,
-8.375350734593E-2));
#12369=CARTESIAN_POINT('',(-1.893346640435E1,-2.450672692972E0,
3.873816444544E-2));
#12370=CARTESIAN_POINT('',(-1.891624750194E1,-2.326816592073E0,
1.612298362368E-1));
#12371=CARTESIAN_POINT('',(-1.889902859952E1,-2.202960491175E0,
2.837215080282E-1));
#12372=CARTESIAN_POINT('',(-1.893711598308E1,-2.576526303088E0,
-8.375773934206E-2));
#12373=CARTESIAN_POINT('',(-1.891161300836E1,-2.454995907042E0,
3.874012185317E-2));
#12374=CARTESIAN_POINT('',(-1.888611003364E1,-2.333465510996E0,
1.612379830484E-1));
#12375=CARTESIAN_POINT('',(-1.886060705892E1,-2.211935114949E0,
2.837358442436E-1));
#12376=B_SPLINE_SURFACE_WITH_KNOTS('',3,3,((#12340,#12341,#12342,#12343),
(#12344,#12345,#12346,#12347),(#12348,#12349,#12350,#12351),(#12352,#12353,
#12354,#12355),(#12356,#12357,#12358,#12359),(#12360,#12361,#12362,#12363),(
#12364,#12365,#12366,#12367),(#12368,#12369,#12370,#12371),(#12372,#12373,
#12374,#12375)),.UNSPECIFIED.,.F.,.F.,.F.,(4,1,1,1,1,1,4),(4,4),(
-1.233988904756E-1,0.E0,2.5E-1,5.E-1,7.5E-1,1.E0,1.120173484610E0),(
-4.188345488287E-1,1.418834548829E0),.UNSPECIFIED.);
#12378=ORIENTED_EDGE('',*,*,#12377,.F.);
#12379=ORIENTED_EDGE('',*,*,#7600,.T.);
#12381=ORIENTED_EDGE('',*,*,#12380,.T.);
#12382=ORIENTED_EDGE('',*,*,#12331,.F.);
#12383=EDGE_LOOP('',(#12378,#12379,#12381,#12382));
#12384=FACE_OUTER_BOUND('',#12383,.F.);
#12386=CARTESIAN_POINT('',(-1.713207353760E-11,1.830313678397E-11,
9.986295287831E-2));
#12387=DIRECTION('',(0.E0,0.E0,1.E0));
#12388=DIRECTION('',(0.E0,-1.E0,0.E0));
#12389=AXIS2_PLACEMENT_3D('',#12386,#12387,#12388);
#12390=CONICAL_SURFACE('',#12389,1.957662192607E1,4.649999999983E1);
#12392=ORIENTED_EDGE('',*,*,#12391,.F.);
#12393=ORIENTED_EDGE('',*,*,#7602,.T.);
#12394=ORIENTED_EDGE('',*,*,#12377,.T.);
#12395=ORIENTED_EDGE('',*,*,#7789,.F.);
#12396=EDGE_LOOP('',(#12392,#12393,#12394,#12395));
#12397=FACE_OUTER_BOUND('',#12396,.F.);
#12399=CARTESIAN_POINT('',(-9.797094641614E0,-1.638351017769E1,
-8.260829209536E-2));
#12400=CARTESIAN_POINT('',(-9.792775272488E0,-1.651155467829E1,
3.904117044165E-2));
#12401=CARTESIAN_POINT('',(-9.788455903362E0,-1.663959917889E1,
1.606906329787E-1));
#12402=CARTESIAN_POINT('',(-9.784136534237E0,-1.676764367949E1,
2.823400955157E-1));
#12403=CARTESIAN_POINT('',(-9.816136895389E0,-1.638411509235E1,
-8.260744063237E-2));
#12404=CARTESIAN_POINT('',(-9.813254559570E0,-1.651223359354E1,
3.904076803517E-2));
#12405=CARTESIAN_POINT('',(-9.810372223751E0,-1.664035209473E1,
1.606889767027E-1));
#12406=CARTESIAN_POINT('',(-9.807489887932E0,-1.676847059592E1,
2.823371853702E-1));
#12407=CARTESIAN_POINT('',(-9.946382000508E0,-1.638599497715E1,
-8.260188884819E-2));
#12408=CARTESIAN_POINT('',(-9.953330986175E0,-1.651443945993E1,
3.903814422893E-2));
#12409=CARTESIAN_POINT('',(-9.960279971841E0,-1.664288394270E1,
1.606781773060E-1));
#12410=CARTESIAN_POINT('',(-9.967228957508E0,-1.677132842547E1,
2.823182103832E-1));
#12411=CARTESIAN_POINT('',(-1.018949460978E1,-1.636132773877E1,
-8.259499711218E-2));
#12412=CARTESIAN_POINT('',(-1.021482215611E1,-1.648813003671E1,
3.903488715348E-2));
#12413=CARTESIAN_POINT('',(-1.024014970244E1,-1.661493233465E1,
1.606647714191E-1));
#12414=CARTESIAN_POINT('',(-1.026547724877E1,-1.674173463259E1,
2.822946556848E-1));
#12415=CARTESIAN_POINT('',(-1.050728047168E1,-1.626508051073E1,
-8.259492676955E-2));
#12416=CARTESIAN_POINT('',(-1.055667802136E1,-1.638459503096E1,
3.903485390913E-2));
#12417=CARTESIAN_POINT('',(-1.060607557104E1,-1.650410955120E1,
1.606646345878E-1));
#12418=CARTESIAN_POINT('',(-1.065547312072E1,-1.662362407143E1,
2.822944152665E-1));
#12419=CARTESIAN_POINT('',(-1.072519797564E1,-1.614919050531E1,
-8.260184952470E-2));
#12420=CARTESIAN_POINT('',(-1.079094552539E1,-1.625975818285E1,
3.903812564441E-2));
#12421=CARTESIAN_POINT('',(-1.085669307515E1,-1.637032586038E1,
1.606781008135E-1));
#12422=CARTESIAN_POINT('',(-1.092244062490E1,-1.648089353792E1,
2.823180759826E-1));
#12423=CARTESIAN_POINT('',(-1.083294842350E1,-1.607459394367E1,
-8.260743632010E-2));
#12424=CARTESIAN_POINT('',(-1.090672611530E1,-1.617937699276E1,
3.904076599717E-2));
#12425=CARTESIAN_POINT('',(-1.098050380710E1,-1.628416004184E1,
1.606889683144E-1));
#12426=CARTESIAN_POINT('',(-1.105428149890E1,-1.638894309093E1,
2.823371706317E-1));
#12427=CARTESIAN_POINT('',(-1.084836393328E1,-1.606351832395E1,
-8.260828520096E-2));
#12428=CARTESIAN_POINT('',(-1.092328920680E1,-1.616744207647E1,
3.904116718331E-2));
#12429=CARTESIAN_POINT('',(-1.099821448032E1,-1.627136582898E1,
1.606906195676E-1));
#12430=CARTESIAN_POINT('',(-1.107313975384E1,-1.637528958150E1,
2.823400719519E-1));
#12431=B_SPLINE_SURFACE_WITH_KNOTS('',3,3,((#12399,#12400,#12401,#12402),
(#12403,#12404,#12405,#12406),(#12407,#12408,#12409,#12410),(#12411,#12412,
#12413,#12414),(#12415,#12416,#12417,#12418),(#12419,#12420,#12421,#12422),(
#12423,#12424,#12425,#12426),(#12427,#12428,#12429,#12430)),.UNSPECIFIED.,.F.,
.F.,.F.,(4,1,1,1,1,4),(4,4),(-5.721422905743E-2,0.E0,3.333333333333E-1,
6.666666666667E-1,1.E0,1.056607480613E0),(-4.135960857547E-1,1.413596085755E0),
.UNSPECIFIED.);
#12432=ORIENTED_EDGE('',*,*,#7604,.T.);
#12433=ORIENTED_EDGE('',*,*,#12391,.T.);
#12434=ORIENTED_EDGE('',*,*,#7898,.F.);
#12436=ORIENTED_EDGE('',*,*,#12435,.F.);
#12437=EDGE_LOOP('',(#12432,#12433,#12434,#12436));
#12438=FACE_OUTER_BOUND('',#12437,.F.);
#12440=CARTESIAN_POINT('',(1.345590305846E-13,-1.657662192670E1,
9.986295347546E-2));
#12441=DIRECTION('',(0.E0,-6.883545756938E-1,-7.253743710123E-1));
#12442=DIRECTION('',(0.E0,-7.253743710123E-1,6.883545756938E-1));
#12443=AXIS2_PLACEMENT_3D('',#12440,#12441,#12442);
#12444=PLANE('',#12443);
#12445=ORIENTED_EDGE('',*,*,#7606,.T.);
#12446=ORIENTED_EDGE('',*,*,#12435,.T.);
#12447=ORIENTED_EDGE('',*,*,#7916,.F.);
#12449=ORIENTED_EDGE('',*,*,#12448,.F.);
#12450=EDGE_LOOP('',(#12445,#12446,#12447,#12449));
#12451=FACE_OUTER_BOUND('',#12450,.F.);
#12453=CARTESIAN_POINT('',(1.084846895062E1,-1.606345163931E1,
-8.260828980112E-2));
#12454=CARTESIAN_POINT('',(1.092340206527E1,-1.616737023827E1,
3.904116935737E-2));
#12455=CARTESIAN_POINT('',(1.099833517991E1,-1.627128883722E1,
1.606906285159E-1));
#12456=CARTESIAN_POINT('',(1.107326829455E1,-1.637520743617E1,
2.823400876743E-1));
#12457=CARTESIAN_POINT('',(1.083300968307E1,-1.607455385347E1,
-8.260743918042E-2));
#12458=CARTESIAN_POINT('',(1.090679193874E1,-1.617933380447E1,
3.904076734896E-2));
#12459=CARTESIAN_POINT('',(1.098057419441E1,-1.628411375547E1,
1.606889738783E-1));
#12460=CARTESIAN_POINT('',(1.105435645008E1,-1.638889370648E1,
2.823371804077E-1));
#12461=CARTESIAN_POINT('',(1.072584244455E1,-1.614873548995E1,
-8.260188419197E-2));
#12462=CARTESIAN_POINT('',(1.079163800251E1,-1.625926785584E1,
3.903814202836E-2));
#12463=CARTESIAN_POINT('',(1.085743356047E1,-1.636980022173E1,
1.606781682487E-1));
#12464=CARTESIAN_POINT('',(1.092322911842E1,-1.648033258763E1,
2.823181944690E-1));
#12465=CARTESIAN_POINT('',(1.050996622690E1,-1.626382095030E1,
-8.259498932688E-2));
#12466=CARTESIAN_POINT('',(1.055956621928E1,-1.638323835692E1,
3.903488347409E-2));
#12467=CARTESIAN_POINT('',(1.060916621167E1,-1.650265576354E1,
1.606647562751E-1));
#12468=CARTESIAN_POINT('',(1.065876620405E1,-1.662207317016E1,
2.822946290760E-1));
#12469=CARTESIAN_POINT('',(1.019246326924E1,-1.636086822908E1,
-8.259493422825E-2));
#12470=CARTESIAN_POINT('',(1.021801580266E1,-1.648763770311E1,
3.903485743415E-2));
#12471=CARTESIAN_POINT('',(1.024356833608E1,-1.661440717713E1,
1.606646490965E-1));
#12472=CARTESIAN_POINT('',(1.026912086950E1,-1.674117665116E1,
2.822944407589E-1));
#12473=CARTESIAN_POINT('',(9.947207999187E0,-1.638601097232E1,
-8.260185298329E-2));
#12474=CARTESIAN_POINT('',(9.954219345678E0,-1.651445785858E1,
3.903812727896E-2));
#12475=CARTESIAN_POINT('',(9.961230692169E0,-1.664290474485E1,
1.606781075412E-1));
#12476=CARTESIAN_POINT('',(9.968242038661E0,-1.677135163111E1,
2.823180878035E-1));
#12477=CARTESIAN_POINT('',(9.816276572367E0,-1.638411509656E1,
-8.260743495336E-2));
#12478=CARTESIAN_POINT('',(9.813404769845E0,-1.651223378479E1,
3.904076535123E-2));
#12479=CARTESIAN_POINT('',(9.810532967323E0,-1.664035247303E1,
1.606889656558E-1));
#12480=CARTESIAN_POINT('',(9.807661164801E0,-1.676847116126E1,
2.823371659604E-1));
#12481=CARTESIAN_POINT('',(9.797319114090E0,-1.638350981047E1,
-8.260828307245E-2));
#12482=CARTESIAN_POINT('',(9.793016682620E0,-1.651155457802E1,
3.904116617736E-2));
#12483=CARTESIAN_POINT('',(9.788714251150E0,-1.663959934557E1,
1.606906154272E-1));
#12484=CARTESIAN_POINT('',(9.784411819679E0,-1.676764411312E1,
2.823400646770E-1));
#12485=B_SPLINE_SURFACE_WITH_KNOTS('',3,3,((#12453,#12454,#12455,#12456),
(#12457,#12458,#12459,#12460),(#12461,#12462,#12463,#12464),(#12465,#12466,
#12467,#12468),(#12469,#12470,#12471,#12472),(#12473,#12474,#12475,#12476),(
#12477,#12478,#12479,#12480),(#12481,#12482,#12483,#12484)),.UNSPECIFIED.,.F.,
.F.,.F.,(4,1,1,1,1,4),(4,4),(-5.711260407942E-2,0.E0,3.333333333333E-1,
6.666666666667E-1,1.E0,1.056606539294E0),(-4.135960857547E-1,1.413596085755E0),
.UNSPECIFIED.);
#12486=ORIENTED_EDGE('',*,*,#7608,.T.);
#12487=ORIENTED_EDGE('',*,*,#12448,.T.);
#12489=ORIENTED_EDGE('',*,*,#12488,.F.);
#12490=ORIENTED_EDGE('',*,*,#7777,.F.);
#12491=EDGE_LOOP('',(#12486,#12487,#12489,#12490));
#12492=FACE_OUTER_BOUND('',#12491,.F.);
#12494=CARTESIAN_POINT('',(1.108662575809E1,-1.634486005099E1,
1.566897970891E0));
#12495=CARTESIAN_POINT('',(1.108639894109E1,-1.634411336393E1,
1.552650332971E0));
#12496=CARTESIAN_POINT('',(1.108326848805E1,-1.633380819183E1,
1.356015935533E0));
#12497=CARTESIAN_POINT('',(1.107706013576E1,-1.631338056355E1,
9.662335681562E-1));
#12498=CARTESIAN_POINT('',(1.106971476551E1,-1.628923372886E1,
5.054845147760E-1));
#12499=CARTESIAN_POINT('',(1.106527404842E1,-1.627464537853E1,
2.271222082263E-1));
#12500=CARTESIAN_POINT('',(1.106391434106E1,-1.627017948235E1,
1.419078326411E-1));
#12501=CARTESIAN_POINT('',(1.070166581118E1,-1.663759151524E1,
1.557684981612E0));
#12502=CARTESIAN_POINT('',(1.070143899641E1,-1.663684483553E1,
1.543437484014E0));
#12503=CARTESIAN_POINT('',(1.069830857421E1,-1.662653976493E1,
1.346805023384E0));
#12504=CARTESIAN_POINT('',(1.069210028316E1,-1.660611233815E1,
9.570265007600E-1));
#12505=CARTESIAN_POINT('',(1.068475498555E1,-1.658196574229E1,
4.962820045528E-1));
#12506=CARTESIAN_POINT('',(1.068031431248E1,-1.656737753655E1,
2.179224568130E-1));
#12507=CARTESIAN_POINT('',(1.067895461861E1,-1.656291168465E1,
1.327089263001E-1));
#12508=CARTESIAN_POINT('',(1.023892864061E1,-1.677846401349E1,
1.557668767475E0));
#12509=CARTESIAN_POINT('',(1.023870182852E1,-1.677771734262E1,
1.543421438550E0));
#12510=CARTESIAN_POINT('',(1.023557144338E1,-1.676741239403E1,
1.346791306041E0));
#12511=CARTESIAN_POINT('',(1.022936322594E1,-1.674698520945E1,
9.570174049623E-1));
#12512=CARTESIAN_POINT('',(1.022201801567E1,-1.672283890068E1,
4.962783866582E-1));
#12513=CARTESIAN_POINT('',(1.021757739550E1,-1.670825086873E1,
2.179221551177E-1));
#12514=CARTESIAN_POINT('',(1.021621771783E1,-1.670378507007E1,
1.327096404154E-1));
#12515=CARTESIAN_POINT('',(9.756154892232E0,-1.674989938355E1,
1.566851351692E0));
#12516=CARTESIAN_POINT('',(9.755928082948E0,-1.674915272190E1,
1.552604198742E0));
#12517=CARTESIAN_POINT('',(9.752797736478E0,-1.673884790061E1,
1.355976495163E0));
#12518=CARTESIAN_POINT('',(9.746589595834E0,-1.671842096873E1,
9.662074157426E-1));
#12519=CARTESIAN_POINT('',(9.739244476672E0,-1.669427495947E1,
5.054741125356E-1));
#12520=CARTESIAN_POINT('',(9.734803911694E0,-1.667968710884E1,
2.271213407862E-1));
#12521=CARTESIAN_POINT('',(9.733444250941E0,-1.667522136572E1,
1.419098858792E-1));
#12522=(BOUNDED_SURFACE()B_SPLINE_SURFACE(3,3,((#12494,#12495,#12496,#12497,
#12498,#12499,#12500),(#12501,#12502,#12503,#12504,#12505,#12506,#12507),
(#12508,#12509,#12510,#12511,#12512,#12513,#12514),(#12515,#12516,#12517,#12518,
#12519,#12520,#12521)),.UNSPECIFIED.,.F.,.F.,.F.)B_SPLINE_SURFACE_WITH_KNOTS((4,
4),(4,1,1,1,4),(0.E0,1.E0),(5.184384109235E-1,5.213746295938E-1,
5.589617310833E-1,5.987665598491E-1,6.163279378766E-1),.UNSPECIFIED.)GEOMETRIC_REPRESENTATION_ITEM()RATIONAL_B_SPLINE_SURFACE(((1.032199635898E0,
1.032199635898E0,1.032199635898E0,1.032199635898E0,1.032199635898E0,
1.032199635898E0,1.032199635898E0),(9.892667880339E-1,9.892667880339E-1,
9.892667880339E-1,9.892667880339E-1,9.892667880339E-1,9.892667880339E-1,
9.892667880339E-1),(9.892667880339E-1,9.892667880339E-1,9.892667880339E-1,
9.892667880339E-1,9.892667880339E-1,9.892667880339E-1,9.892667880339E-1),(
1.032199635898E0,1.032199635898E0,1.032199635898E0,1.032199635898E0,
1.032199635898E0,1.032199635898E0,1.032199635898E0)))REPRESENTATION_ITEM('')SURFACE());
#12523=ORIENTED_EDGE('',*,*,#7914,.F.);
#12524=ORIENTED_EDGE('',*,*,#7943,.T.);
#12525=ORIENTED_EDGE('',*,*,#7805,.T.);
#12526=ORIENTED_EDGE('',*,*,#12488,.T.);
#12527=EDGE_LOOP('',(#12523,#12524,#12525,#12526));
#12528=FACE_OUTER_BOUND('',#12527,.F.);
#12530=CARTESIAN_POINT('',(-1.836438935560E1,-2.386661187523E0,
9.996573249756E-2));
#12531=DIRECTION('',(0.E0,6.977904598417E-1,-7.163019434247E-1));
#12532=DIRECTION('',(0.E0,7.163019434247E-1,6.977904598417E-1));
#12533=AXIS2_PLACEMENT_3D('',#12530,#12531,#12532);
#12534=PLANE('',#12533);
#12535=ORIENTED_EDGE('',*,*,#7598,.T.);
#12537=ORIENTED_EDGE('',*,*,#12536,.T.);
#12539=ORIENTED_EDGE('',*,*,#12538,.F.);
#12540=ORIENTED_EDGE('',*,*,#12380,.F.);
#12541=EDGE_LOOP('',(#12535,#12537,#12539,#12540));
#12542=FACE_OUTER_BOUND('',#12541,.F.);
#12544=CARTESIAN_POINT('',(-1.775E1,0.E0,9.996575057963E-2));
#12545=DIRECTION('',(0.E0,0.E0,-1.E0));
#12546=DIRECTION('',(0.E0,-1.E0,0.E0));
#12547=AXIS2_PLACEMENT_3D('',#12544,#12545,#12546);
#12548=CONICAL_SURFACE('',#12547,2.386661168961E0,4.575E1);
#12549=ORIENTED_EDGE('',*,*,#7596,.T.);
#12551=ORIENTED_EDGE('',*,*,#12550,.T.);
#12553=ORIENTED_EDGE('',*,*,#12552,.F.);
#12554=ORIENTED_EDGE('',*,*,#12536,.F.);
#12555=EDGE_LOOP('',(#12549,#12551,#12553,#12554));
#12556=FACE_OUTER_BOUND('',#12555,.F.);
#12558=CARTESIAN_POINT('',(-1.836438935560E1,2.386661187523E0,
9.996573249756E-2));
#12559=DIRECTION('',(0.E0,-6.977904598417E-1,-7.163019434247E-1));
#12560=DIRECTION('',(0.E0,-7.163019434247E-1,6.977904598417E-1));
#12561=AXIS2_PLACEMENT_3D('',#12558,#12559,#12560);
#12562=PLANE('',#12561);
#12563=ORIENTED_EDGE('',*,*,#7594,.T.);
#12564=ORIENTED_EDGE('',*,*,#12155,.T.);
#12566=ORIENTED_EDGE('',*,*,#12565,.F.);
#12567=ORIENTED_EDGE('',*,*,#12550,.F.);
#12568=EDGE_LOOP('',(#12563,#12564,#12566,#12567));
#12569=FACE_OUTER_BOUND('',#12568,.F.);
#12571=CARTESIAN_POINT('',(-1.962141687035E1,2.25E0,1.5E0));
#12572=DIRECTION('',(0.E0,9.996573249756E-1,2.617694830787E-2));
#12573=DIRECTION('',(-1.E0,0.E0,0.E0));
#12574=AXIS2_PLACEMENT_3D('',#12571,#12572,#12573);
#12575=PLANE('',#12574);
#12576=ORIENTED_EDGE('',*,*,#12565,.T.);
#12577=ORIENTED_EDGE('',*,*,#12189,.T.);
#12578=ORIENTED_EDGE('',*,*,#12236,.T.);
#12580=ORIENTED_EDGE('',*,*,#12579,.T.);
#12581=EDGE_LOOP('',(#12576,#12577,#12578,#12580));
#12582=FACE_OUTER_BOUND('',#12581,.F.);
#12584=CARTESIAN_POINT('',(-1.775E1,0.E0,8.499657324976E-1));
#12585=DIRECTION('',(0.E0,0.E0,-1.E0));
#12586=DIRECTION('',(-1.E0,0.E0,0.E0));
#12587=AXIS2_PLACEMENT_3D('',#12584,#12585,#12586);
#12588=CONICAL_SURFACE('',#12587,2.267021746346E0,1.5E0);
#12589=ORIENTED_EDGE('',*,*,#12552,.T.);
#12590=ORIENTED_EDGE('',*,*,#12579,.F.);
#12591=ORIENTED_EDGE('',*,*,#12250,.T.);
#12593=ORIENTED_EDGE('',*,*,#12592,.T.);
#12594=EDGE_LOOP('',(#12589,#12590,#12591,#12593));
#12595=FACE_OUTER_BOUND('',#12594,.F.);
#12597=CARTESIAN_POINT('',(-1.775E1,-2.25E0,1.5E0));
#12598=DIRECTION('',(0.E0,-9.996573249756E-1,2.617694830787E-2));
#12599=DIRECTION('',(1.E0,0.E0,0.E0));
#12600=AXIS2_PLACEMENT_3D('',#12597,#12598,#12599);
#12601=PLANE('',#12600);
#12602=ORIENTED_EDGE('',*,*,#12538,.T.);
#12603=ORIENTED_EDGE('',*,*,#12592,.F.);
#12604=ORIENTED_EDGE('',*,*,#12262,.T.);
#12605=ORIENTED_EDGE('',*,*,#12333,.T.);
#12606=EDGE_LOOP('',(#12602,#12603,#12604,#12605));
#12607=FACE_OUTER_BOUND('',#12606,.F.);
#12609=CARTESIAN_POINT('',(-2.3E0,1.465E1,1.85E0));
#12610=DIRECTION('',(0.E0,-7.071067811865E-1,-7.071067811865E-1));
#12611=DIRECTION('',(0.E0,7.071067811865E-1,-7.071067811865E-1));
#12612=AXIS2_PLACEMENT_3D('',#12609,#12610,#12611);
#12613=PLANE('',#12612);
#12615=ORIENTED_EDGE('',*,*,#12614,.T.);
#12616=ORIENTED_EDGE('',*,*,#11639,.T.);
#12617=ORIENTED_EDGE('',*,*,#8351,.F.);
#12619=ORIENTED_EDGE('',*,*,#12618,.F.);
#12620=EDGE_LOOP('',(#12615,#12616,#12617,#12619));
#12621=FACE_OUTER_BOUND('',#12620,.F.);
#12623=CARTESIAN_POINT('',(-2.3E0,1.720004800192E1,1.5E0));
#12624=DIRECTION('',(9.986295347546E-1,0.E0,5.233595624294E-2));
#12625=DIRECTION('',(0.E0,1.E0,0.E0));
#12626=AXIS2_PLACEMENT_3D('',#12623,#12624,#12625);
#12627=PLANE('',#12626);
#12629=ORIENTED_EDGE('',*,*,#12628,.F.);
#12630=ORIENTED_EDGE('',*,*,#8322,.T.);
#12631=ORIENTED_EDGE('',*,*,#11641,.F.);
#12632=ORIENTED_EDGE('',*,*,#12614,.F.);
#12634=ORIENTED_EDGE('',*,*,#12633,.F.);
#12635=ORIENTED_EDGE('',*,*,#8371,.F.);
#12636=ORIENTED_EDGE('',*,*,#8175,.F.);
#12637=EDGE_LOOP('',(#12629,#12630,#12631,#12632,#12634,#12635,#12636));
#12638=FACE_OUTER_BOUND('',#12637,.F.);
#12640=CARTESIAN_POINT('',(-6.627952656550E0,1.571067620978E1,
2.250342616311E0));
#12641=DIRECTION('',(0.E0,6.883545756938E-1,7.253743710123E-1));
#12642=DIRECTION('',(0.E0,7.253743710123E-1,-6.883545756938E-1));
#12643=AXIS2_PLACEMENT_3D('',#12640,#12641,#12642);
#12644=PLANE('',#12643);
#12645=ORIENTED_EDGE('',*,*,#12628,.T.);
#12646=ORIENTED_EDGE('',*,*,#8173,.T.);
#12647=ORIENTED_EDGE('',*,*,#11594,.T.);
#12648=ORIENTED_EDGE('',*,*,#8316,.F.);
#12649=EDGE_LOOP('',(#12645,#12646,#12647,#12648));
#12650=FACE_OUTER_BOUND('',#12649,.F.);
#12652=CARTESIAN_POINT('',(-2.3E0,1.3E1,1.85E0));
#12653=DIRECTION('',(0.E0,0.E0,-1.E0));
#12654=DIRECTION('',(0.E0,1.E0,0.E0));
#12655=AXIS2_PLACEMENT_3D('',#12652,#12653,#12654);
#12656=PLANE('',#12655);
#12657=ORIENTED_EDGE('',*,*,#8373,.F.);
#12658=ORIENTED_EDGE('',*,*,#12633,.T.);
#12659=ORIENTED_EDGE('',*,*,#12618,.T.);
#12660=ORIENTED_EDGE('',*,*,#8349,.F.);
#12661=EDGE_LOOP('',(#12657,#12658,#12659,#12660));
#12662=FACE_OUTER_BOUND('',#12661,.F.);
#12664=CARTESIAN_POINT('',(-1.395614069884E1,-8.831140698840E0,
-5.281161675290E0));
#12665=DIRECTION('',(-2.616798426498E-2,-2.616798426498E-2,9.993150019884E-1));
#12666=DIRECTION('',(-9.996573249756E-1,0.E0,-2.617694830787E-2));
#12667=AXIS2_PLACEMENT_3D('',#12664,#12665,#12666);
#12668=CYLINDRICAL_SURFACE('',#12667,5.E-1);
#12669=ORIENTED_EDGE('',*,*,#11465,.F.);
#12670=ORIENTED_EDGE('',*,*,#10730,.F.);
#12672=ORIENTED_EDGE('',*,*,#12671,.T.);
#12673=ORIENTED_EDGE('',*,*,#8129,.T.);
#12674=EDGE_LOOP('',(#12669,#12670,#12672,#12673));
#12675=FACE_OUTER_BOUND('',#12674,.F.);
#12677=CARTESIAN_POINT('',(-9.7E0,-9.5E0,1.160769515459E0));
#12678=DIRECTION('',(0.E0,-9.996573249756E-1,-2.617694830787E-2));
#12679=DIRECTION('',(1.E0,0.E0,0.E0));
#12680=AXIS2_PLACEMENT_3D('',#12677,#12678,#12679);
#12681=PLANE('',#12680);
#12683=ORIENTED_EDGE('',*,*,#12682,.T.);
#12684=ORIENTED_EDGE('',*,*,#8131,.T.);
#12685=ORIENTED_EDGE('',*,*,#12671,.F.);
#12686=ORIENTED_EDGE('',*,*,#10749,.F.);
#12688=ORIENTED_EDGE('',*,*,#12687,.F.);
#12689=EDGE_LOOP('',(#12683,#12684,#12685,#12686,#12688));
#12690=FACE_OUTER_BOUND('',#12689,.F.);
#12692=CARTESIAN_POINT('',(-1.063148349133E1,-9.831483491330E0,
-5.281161675290E0));
#12693=DIRECTION('',(-2.616798426498E-2,-2.616798426498E-2,9.993150019884E-1));
#12694=DIRECTION('',(9.996573249756E-1,0.E0,2.617694830787E-2));
#12695=AXIS2_PLACEMENT_3D('',#12692,#12693,#12694);
#12696=CYLINDRICAL_SURFACE('',#12695,5.E-1);
#12697=ORIENTED_EDGE('',*,*,#8133,.T.);
#12698=ORIENTED_EDGE('',*,*,#12682,.F.);
#12700=ORIENTED_EDGE('',*,*,#12699,.T.);
#12701=ORIENTED_EDGE('',*,*,#11404,.T.);
#12702=EDGE_LOOP('',(#12697,#12698,#12700,#12701));
#12703=FACE_OUTER_BOUND('',#12702,.F.);
#12705=CARTESIAN_POINT('',(-9.7E0,-1.550004800192E1,1.E0));
#12706=DIRECTION('',(2.588190451025E-1,0.E0,9.659258262891E-1));
#12707=DIRECTION('',(0.E0,-1.E0,0.E0));
#12708=AXIS2_PLACEMENT_3D('',#12705,#12706,#12707);
#12709=PLANE('',#12708);
#12710=ORIENTED_EDGE('',*,*,#11406,.T.);
#12711=ORIENTED_EDGE('',*,*,#12699,.F.);
#12712=ORIENTED_EDGE('',*,*,#12687,.T.);
#12713=ORIENTED_EDGE('',*,*,#10747,.T.);
#12714=ORIENTED_EDGE('',*,*,#10820,.F.);
#12715=ORIENTED_EDGE('',*,*,#10837,.T.);
#12716=ORIENTED_EDGE('',*,*,#11381,.F.);
#12717=EDGE_LOOP('',(#12710,#12711,#12712,#12713,#12714,#12715,#12716));
#12718=FACE_OUTER_BOUND('',#12717,.F.);
#12720=CARTESIAN_POINT('',(-9.7E0,-1.43E1,1.E0));
#12721=DIRECTION('',(0.E0,-9.986295347546E-1,5.233595624294E-2));
#12722=DIRECTION('',(-1.E0,0.E0,0.E0));
#12723=AXIS2_PLACEMENT_3D('',#12720,#12721,#12722);
#12724=PLANE('',#12723);
#12726=ORIENTED_EDGE('',*,*,#12725,.T.);
#12727=ORIENTED_EDGE('',*,*,#11367,.F.);
#12729=ORIENTED_EDGE('',*,*,#12728,.F.);
#12730=ORIENTED_EDGE('',*,*,#10877,.T.);
#12731=EDGE_LOOP('',(#12726,#12727,#12729,#12730));
#12732=FACE_OUTER_BOUND('',#12731,.F.);
#12734=CARTESIAN_POINT('',(-7.7E0,-1.43E1,1.E0));
#12735=DIRECTION('',(-1.402199852936E-2,-9.985313564351E-1,5.233081093525E-2));
#12736=DIRECTION('',(-9.999016869459E-1,1.400278186771E-2,-7.338547014715E-4));
#12737=AXIS2_PLACEMENT_3D('',#12734,#12735,#12736);
#12738=PLANE('',#12737);
#12739=ORIENTED_EDGE('',*,*,#12725,.F.);
#12740=ORIENTED_EDGE('',*,*,#10891,.T.);
#12742=ORIENTED_EDGE('',*,*,#12741,.T.);
#12743=ORIENTED_EDGE('',*,*,#11327,.F.);
#12744=EDGE_LOOP('',(#12739,#12740,#12742,#12743));
#12745=FACE_OUTER_BOUND('',#12744,.F.);
#12747=CARTESIAN_POINT('',(-5.833974596216E0,-1.43E1,1.5E0));
#12748=DIRECTION('',(0.E0,-9.986295347546E-1,5.233595624294E-2));
#12749=DIRECTION('',(-1.E0,0.E0,0.E0));
#12750=AXIS2_PLACEMENT_3D('',#12747,#12748,#12749);
#12751=PLANE('',#12750);
#12752=ORIENTED_EDGE('',*,*,#12741,.F.);
#12753=ORIENTED_EDGE('',*,*,#10905,.T.);
#12754=ORIENTED_EDGE('',*,*,#11052,.T.);
#12755=ORIENTED_EDGE('',*,*,#11084,.F.);
#12756=EDGE_LOOP('',(#12752,#12753,#12754,#12755));
#12757=FACE_OUTER_BOUND('',#12756,.F.);
#12759=CARTESIAN_POINT('',(-1.03E1,-1.43E1,1.160769515459E0));
#12760=DIRECTION('',(1.402199852936E-2,-9.985313564351E-1,5.233081093525E-2));
#12761=DIRECTION('',(-9.999016869459E-1,-1.400278186771E-2,7.338547014715E-4));
#12762=AXIS2_PLACEMENT_3D('',#12759,#12760,#12761);
#12763=PLANE('',#12762);
#12764=ORIENTED_EDGE('',*,*,#12728,.T.);
#12765=ORIENTED_EDGE('',*,*,#10835,.F.);
#12766=ORIENTED_EDGE('',*,*,#10863,.T.);
#12767=EDGE_LOOP('',(#12764,#12765,#12766));
#12768=FACE_OUTER_BOUND('',#12767,.F.);
#12770=CARTESIAN_POINT('',(-5.833974596216E0,1.43E1,1.5E0));
#12771=DIRECTION('',(1.402199852936E-2,9.985313564351E-1,-5.233081093525E-2));
#12772=DIRECTION('',(9.999016869459E-1,-1.400278186771E-2,7.338547014715E-4));
#12773=AXIS2_PLACEMENT_3D('',#12770,#12771,#12772);
#12774=PLANE('',#12773);
#12775=ORIENTED_EDGE('',*,*,#10425,.T.);
#12776=ORIENTED_EDGE('',*,*,#8179,.T.);
#12777=ORIENTED_EDGE('',*,*,#8368,.F.);
#12778=ORIENTED_EDGE('',*,*,#10344,.T.);
#12779=EDGE_LOOP('',(#12775,#12776,#12777,#12778));
#12780=FACE_OUTER_BOUND('',#12779,.F.);
#12782=CARTESIAN_POINT('',(1.018780996869E1,4.843943431211E0,9.372910105198E0));
#12783=DIRECTION('',(5.231807111546E-2,2.614109824195E-2,-9.982882661924E-1));
#12784=DIRECTION('',(0.E0,-9.996573249756E-1,-2.617694830787E-2));
#12785=AXIS2_PLACEMENT_3D('',#12782,#12783,#12784);
#12786=CYLINDRICAL_SURFACE('',#12785,3.E-1);
#12787=ORIENTED_EDGE('',*,*,#10300,.F.);
#12789=ORIENTED_EDGE('',*,*,#12788,.F.);
#12791=ORIENTED_EDGE('',*,*,#12790,.T.);
#12792=ORIENTED_EDGE('',*,*,#10064,.T.);
#12793=EDGE_LOOP('',(#12787,#12789,#12791,#12792));
#12794=FACE_OUTER_BOUND('',#12793,.F.);
#12796=CARTESIAN_POINT('',(1.101301343891E1,5.256262244283E0,9.372910105198E0));
#12797=DIRECTION('',(-5.231807111546E-2,-2.614109824195E-2,-9.982882661924E-1));
#12798=DIRECTION('',(0.E0,-9.996573249756E-1,2.617694830787E-2));
#12799=AXIS2_PLACEMENT_3D('',#12796,#12797,#12798);
#12800=CYLINDRICAL_SURFACE('',#12799,3.E-1);
#12801=ORIENTED_EDGE('',*,*,#9806,.T.);
#12803=ORIENTED_EDGE('',*,*,#12802,.T.);
#12804=ORIENTED_EDGE('',*,*,#12788,.T.);
#12805=ORIENTED_EDGE('',*,*,#8430,.F.);
#12806=EDGE_LOOP('',(#12801,#12803,#12804,#12805));
#12807=FACE_OUTER_BOUND('',#12806,.F.);
#12809=CARTESIAN_POINT('',(1.03E1,4.75E0,1.5E0));
#12810=DIRECTION('',(0.E0,9.996573249756E-1,-2.617694830787E-2));
#12811=DIRECTION('',(-1.E0,0.E0,0.E0));
#12812=AXIS2_PLACEMENT_3D('',#12809,#12810,#12811);
#12813=PLANE('',#12812);
#12815=ORIENTED_EDGE('',*,*,#12814,.T.);
#12817=ORIENTED_EDGE('',*,*,#12816,.F.);
#12819=ORIENTED_EDGE('',*,*,#12818,.F.);
#12820=ORIENTED_EDGE('',*,*,#12802,.F.);
#12821=ORIENTED_EDGE('',*,*,#9804,.T.);
#12822=EDGE_LOOP('',(#12815,#12817,#12819,#12820,#12821));
#12823=FACE_OUTER_BOUND('',#12822,.F.);
#12825=CARTESIAN_POINT('',(1.326640875930E1,4.266408759300E0,
-5.507139407625E0));
#12826=DIRECTION('',(2.616798426498E-2,2.616798426498E-2,9.993150019884E-1));
#12827=DIRECTION('',(9.996573249756E-1,0.E0,-2.617694830787E-2));
#12828=AXIS2_PLACEMENT_3D('',#12825,#12826,#12827);
#12829=CYLINDRICAL_SURFACE('',#12828,3.E-1);
#12830=ORIENTED_EDGE('',*,*,#9832,.F.);
#12832=ORIENTED_EDGE('',*,*,#12831,.T.);
#12833=ORIENTED_EDGE('',*,*,#12814,.F.);
#12834=ORIENTED_EDGE('',*,*,#9802,.T.);
#12835=EDGE_LOOP('',(#12830,#12832,#12833,#12834));
#12836=FACE_OUTER_BOUND('',#12835,.F.);
#12838=CARTESIAN_POINT('',(1.824116289841E1,4.633385565205E0,
-5.507139407625E0));
#12839=DIRECTION('',(-5.695077336335E-1,-2.151708434927E-2,8.217042998626E-1));
#12840=DIRECTION('',(8.218945842886E-1,0.E0,5.696396161759E-1));
#12841=AXIS2_PLACEMENT_3D('',#12838,#12839,#12840);
#12842=CYLINDRICAL_SURFACE('',#12841,3.E-1);
#12843=ORIENTED_EDGE('',*,*,#10004,.T.);
#12845=ORIENTED_EDGE('',*,*,#12844,.T.);
#12846=ORIENTED_EDGE('',*,*,#12816,.T.);
#12847=ORIENTED_EDGE('',*,*,#12831,.F.);
#12849=ORIENTED_EDGE('',*,*,#12848,.F.);
#12850=EDGE_LOOP('',(#12843,#12845,#12846,#12847,#12849));
#12851=FACE_OUTER_BOUND('',#12850,.F.);
#12853=CARTESIAN_POINT('',(1.03E1,4.75E0,1.5E0));
#12854=DIRECTION('',(0.E0,9.996573249756E-1,2.617694830787E-2));
#12855=DIRECTION('',(-1.E0,0.E0,0.E0));
#12856=AXIS2_PLACEMENT_3D('',#12853,#12854,#12855);
#12857=PLANE('',#12856);
#12858=ORIENTED_EDGE('',*,*,#12790,.F.);
#12859=ORIENTED_EDGE('',*,*,#12818,.T.);
#12860=ORIENTED_EDGE('',*,*,#12844,.F.);
#12861=ORIENTED_EDGE('',*,*,#10018,.T.);
#12862=EDGE_LOOP('',(#12858,#12859,#12860,#12861));
#12863=FACE_OUTER_BOUND('',#12862,.F.);
#12865=CARTESIAN_POINT('',(1.426964617112E1,3.25E0,7.497429937317E-1));
#12866=DIRECTION('',(-8.218945842886E-1,0.E0,-5.696396161759E-1));
#12867=DIRECTION('',(-5.696396161759E-1,0.E0,8.218945842886E-1));
#12868=AXIS2_PLACEMENT_3D('',#12865,#12866,#12867);
#12869=PLANE('',#12868);
#12870=ORIENTED_EDGE('',*,*,#9954,.T.);
#12871=ORIENTED_EDGE('',*,*,#12848,.T.);
#12872=ORIENTED_EDGE('',*,*,#9830,.F.);
#12874=ORIENTED_EDGE('',*,*,#12873,.T.);
#12875=EDGE_LOOP('',(#12870,#12871,#12872,#12874));
#12876=FACE_OUTER_BOUND('',#12875,.F.);
#12878=CARTESIAN_POINT('',(7.912606661256E0,2.256846915648E0,9.395237803817E0));
#12879=DIRECTION('',(5.695077336335E-1,-2.151708434927E-2,-8.217042998626E-1));
#12880=DIRECTION('',(8.218945842886E-1,0.E0,5.696396161759E-1));
#12881=AXIS2_PLACEMENT_3D('',#12878,#12879,#12880);
#12882=CYLINDRICAL_SURFACE('',#12881,3.E-1);
#12883=ORIENTED_EDGE('',*,*,#9940,.T.);
#12884=ORIENTED_EDGE('',*,*,#12873,.F.);
#12885=ORIENTED_EDGE('',*,*,#9844,.T.);
#12886=ORIENTED_EDGE('',*,*,#9858,.T.);
#12887=ORIENTED_EDGE('',*,*,#9874,.T.);
#12888=EDGE_LOOP('',(#12883,#12884,#12885,#12886,#12887));
#12889=FACE_OUTER_BOUND('',#12888,.F.);
#12891=CARTESIAN_POINT('',(2.815004800192E1,7.25E0,2.5E0));
#12892=DIRECTION('',(0.E0,9.961946980917E-1,-8.715574274766E-2));
#12893=DIRECTION('',(-1.E0,0.E0,0.E0));
#12894=AXIS2_PLACEMENT_3D('',#12891,#12892,#12893);
#12895=PLANE('',#12894);
#12896=ORIENTED_EDGE('',*,*,#8214,.F.);
#12897=ORIENTED_EDGE('',*,*,#8627,.T.);
#12898=ORIENTED_EDGE('',*,*,#9741,.F.);
#12899=ORIENTED_EDGE('',*,*,#8049,.F.);
#12900=EDGE_LOOP('',(#12896,#12897,#12898,#12899));
#12901=FACE_OUTER_BOUND('',#12900,.F.);
#12903=CARTESIAN_POINT('',(1.530461218924E1,5.994688288525E0,
9.425771305560E-1));
#12904=CARTESIAN_POINT('',(1.530548837560E1,5.997247289133E0,1.009874362600E0));
#12905=CARTESIAN_POINT('',(1.530772564594E1,6.003725382604E0,1.180058111756E0));
#12906=CARTESIAN_POINT('',(1.531058867705E1,6.011837811671E0,1.392606282439E0));
#12907=CARTESIAN_POINT('',(1.531258610646E1,6.017394581446E0,1.537857283723E0));
#12908=CARTESIAN_POINT('',(1.531317218718E1,6.019016387524E0,1.580221511527E0));
#12909=CARTESIAN_POINT('',(1.555485776903E1,5.933656428422E0,
9.382554726222E-1));
#12910=CARTESIAN_POINT('',(1.555562579406E1,5.935772340206E0,1.005547067364E0));
#12911=CARTESIAN_POINT('',(1.555758602732E1,5.941128464077E0,1.175716425819E0));
#12912=CARTESIAN_POINT('',(1.556009182530E1,5.947834930006E0,1.388246186486E0));
#12913=CARTESIAN_POINT('',(1.556183845549E1,5.952428102885E0,1.533484341527E0));
#12914=CARTESIAN_POINT('',(1.556235081539E1,5.953768624889E0,1.575844799623E0));
#12915=CARTESIAN_POINT('',(1.578465254031E1,6.049678985808E0,
9.282782913130E-1));
#12916=CARTESIAN_POINT('',(1.578562556988E1,6.051387745601E0,
9.955568715155E-1));
#12917=CARTESIAN_POINT('',(1.578810249615E1,6.055710848759E0,1.165693006926E0));
#12918=CARTESIAN_POINT('',(1.579124807925E1,6.061116276502E0,1.378180265371E0));
#12919=CARTESIAN_POINT('',(1.579342863883E1,6.064813892458E0,1.523388762976E0));
#12920=CARTESIAN_POINT('',(1.579406727772E1,6.065892660977E0,1.565740518147E0));
#12921=CARTESIAN_POINT('',(1.588389373315E1,6.287165466299E0,
9.174260056611E-1));
#12922=CARTESIAN_POINT('',(1.588528670823E1,6.288698091794E0,
9.846904298113E-1));
#12923=CARTESIAN_POINT('',(1.588882649176E1,6.292572079741E0,1.154790428165E0));
#12924=CARTESIAN_POINT('',(1.589330233467E1,6.297404767475E0,1.367231456493E0));
#12925=CARTESIAN_POINT('',(1.589639364138E1,6.300703959352E0,1.512407695391E0));
#12926=CARTESIAN_POINT('',(1.589729805438E1,6.301665920292E0,1.554749984298E0));
#12927=(BOUNDED_SURFACE()B_SPLINE_SURFACE(3,3,((#12903,#12904,#12905,#12906,
#12907,#12908),(#12909,#12910,#12911,#12912,#12913,#12914),(#12915,#12916,
#12917,#12918,#12919,#12920),(#12921,#12922,#12923,#12924,#12925,#12926)),
.UNSPECIFIED.,.F.,.F.,.F.)B_SPLINE_SURFACE_WITH_KNOTS((4,4),(4,1,1,4),(0.E0,
1.E0),(4.279089369098E-1,4.413674669834E-1,4.619433486273E-1,4.704155824183E-1),
.UNSPECIFIED.)GEOMETRIC_REPRESENTATION_ITEM()RATIONAL_B_SPLINE_SURFACE(((
1.136084529807E0,1.136084529807E0,1.136084529807E0,1.136084529807E0,
1.136084529807E0,1.136084529807E0),(9.546384900645E-1,9.546384900645E-1,
9.546384900645E-1,9.546384900645E-1,9.546384900645E-1,9.546384900645E-1),(
9.546384900645E-1,9.546384900645E-1,9.546384900645E-1,9.546384900645E-1,
9.546384900645E-1,9.546384900645E-1),(1.136084529807E0,1.136084529807E0,
1.136084529807E0,1.136084529807E0,1.136084529807E0,1.136084529807E0)))REPRESENTATION_ITEM('')SURFACE());
#12928=ORIENTED_EDGE('',*,*,#9595,.T.);
#12929=ORIENTED_EDGE('',*,*,#9112,.F.);
#12930=ORIENTED_EDGE('',*,*,#8772,.T.);
#12931=ORIENTED_EDGE('',*,*,#9044,.T.);
#12932=EDGE_LOOP('',(#12928,#12929,#12930,#12931));
#12933=FACE_OUTER_BOUND('',#12932,.F.);
#12935=CARTESIAN_POINT('',(1.891061722712E1,5.496305765105E0,
6.822796800751E-1));
#12936=CARTESIAN_POINT('',(1.891238630368E1,5.497700451330E0,
7.222182680780E-1));
#12937=CARTESIAN_POINT('',(1.892262620779E1,5.505773538642E0,
9.534012411092E-1));
#12938=CARTESIAN_POINT('',(1.893654300737E1,5.516747498998E0,1.267654349385E0));
#12939=CARTESIAN_POINT('',(1.894868846502E1,5.526326776440E0,1.541968964464E0));
#12940=CARTESIAN_POINT('',(1.895236620477E1,5.529227648249E0,1.625039064351E0));
#12941=CARTESIAN_POINT('',(1.889358110506E1,5.834710174797E0,
6.712169513510E-1));
#12942=CARTESIAN_POINT('',(1.889535018091E1,5.836104860463E0,
7.111555233325E-1));
#12943=CARTESIAN_POINT('',(1.890559008091E1,5.844177944537E0,
9.423384036651E-1));
#12944=CARTESIAN_POINT('',(1.891950687493E1,5.855151900504E0,1.256591386248E0));
#12945=CARTESIAN_POINT('',(1.893165232774E1,5.864731174125E0,1.530905891933E0));
#12946=CARTESIAN_POINT('',(1.893533006602E1,5.867632044779E0,1.613975958722E0));
#12947=CARTESIAN_POINT('',(1.862197280840E1,6.037526852872E0,
6.761653046271E-1));
#12948=CARTESIAN_POINT('',(1.862374187293E1,6.038921529618E0,
7.161036211794E-1));
#12949=CARTESIAN_POINT('',(1.863398170748E1,6.046994562083E0,
9.472850236093E-1));
#12950=CARTESIAN_POINT('',(1.864789841275E1,6.057968448071E0,1.261536002262E0));
#12951=CARTESIAN_POINT('',(1.866004378834E1,6.067547660788E0,1.535848763868E0));
#12952=CARTESIAN_POINT('',(1.866372150325E1,6.070448513015E0,1.618918302974E0));
#12953=CARTESIAN_POINT('',(1.829299906770E1,5.957496623237E0,
6.935318873165E-1));
#12954=CARTESIAN_POINT('',(1.829476811853E1,5.958891289180E0,
7.334698944915E-1));
#12955=CARTESIAN_POINT('',(1.830500787379E1,5.966964259135E0,
9.646495068760E-1));
#12956=CARTESIAN_POINT('',(1.831892447157E1,5.977938060364E0,1.278898058355E0));
#12957=CARTESIAN_POINT('',(1.833106975363E1,5.987517199313E0,1.553208707521E0));
#12958=CARTESIAN_POINT('',(1.833474744025E1,5.990418029221E0,1.636277607495E0));
#12959=(BOUNDED_SURFACE()B_SPLINE_SURFACE(3,3,((#12935,#12936,#12937,#12938,
#12939,#12940),(#12941,#12942,#12943,#12944,#12945,#12946),(#12947,#12948,
#12949,#12950,#12951,#12952),(#12953,#12954,#12955,#12956,#12957,#12958)),
.UNSPECIFIED.,.F.,.F.,.F.)B_SPLINE_SURFACE_WITH_KNOTS((4,4),(4,1,1,4),(0.E0,
1.E0),(-1.421774593930E-2,0.E0,6.808112204882E-2,9.765323611814E-2),
.UNSPECIFIED.)GEOMETRIC_REPRESENTATION_ITEM()RATIONAL_B_SPLINE_SURFACE(((
1.221773350548E0,1.221773350548E0,1.221773350548E0,1.221773350548E0,
1.221773350548E0,1.221773350548E0),(9.260755498173E-1,9.260755498173E-1,
9.260755498173E-1,9.260755498173E-1,9.260755498173E-1,9.260755498173E-1),(
9.260755498173E-1,9.260755498173E-1,9.260755498173E-1,9.260755498173E-1,
9.260755498173E-1,9.260755498173E-1),(1.221773350548E0,1.221773350548E0,
1.221773350548E0,1.221773350548E0,1.221773350548E0,1.221773350548E0)))REPRESENTATION_ITEM('')SURFACE());
#12960=ORIENTED_EDGE('',*,*,#9093,.F.);
#12961=ORIENTED_EDGE('',*,*,#9157,.F.);
#12962=ORIENTED_EDGE('',*,*,#7864,.T.);
#12963=ORIENTED_EDGE('',*,*,#9600,.T.);
#12964=EDGE_LOOP('',(#12960,#12961,#12962,#12963));
#12965=FACE_OUTER_BOUND('',#12964,.F.);
#12967=CARTESIAN_POINT('',(1.948391926344E1,2.951769952708E0,2.068180958620E0));
#12968=CARTESIAN_POINT('',(1.948690574815E1,2.950392257915E0,2.015568917068E0));
#12969=CARTESIAN_POINT('',(1.949573079742E1,2.946320830228E0,1.860087366567E0));
#12970=CARTESIAN_POINT('',(1.950779722784E1,2.940752599682E0,1.647445220998E0));
#12971=CARTESIAN_POINT('',(1.951687584365E1,2.936562062049E0,1.487415045169E0));
#12972=CARTESIAN_POINT('',(1.952011830052E1,2.935065260712E0,1.430254508235E0));
#12973=CARTESIAN_POINT('',(1.965725364693E1,2.520735146509E0,2.089307203890E0));
#12974=CARTESIAN_POINT('',(1.966024016312E1,2.519357437193E0,2.036694607734E0));
#12975=CARTESIAN_POINT('',(1.966906530536E1,2.515285966617E0,1.881211419398E0));
#12976=CARTESIAN_POINT('',(1.968113186262E1,2.509717677538E0,1.668567038530E0));
#12977=CARTESIAN_POINT('',(1.969021057366E1,2.505527095948E0,1.508535184061E0));
#12978=CARTESIAN_POINT('',(1.969345306451E1,2.504030278922E0,1.451374047998E0));
#12979=CARTESIAN_POINT('',(1.935315158201E1,2.168969245249E0,2.081256383143E0));
#12980=CARTESIAN_POINT('',(1.935613804296E1,2.167591561412E0,2.028644759998E0));
#12981=CARTESIAN_POINT('',(1.936496302210E1,2.163520166081E0,1.873164445120E0));
#12982=CARTESIAN_POINT('',(1.937702935683E1,2.157951979694E0,1.660523985913E0));
#12983=CARTESIAN_POINT('',(1.938610790080E1,2.153761475223E0,1.500495076492E0));
#12984=CARTESIAN_POINT('',(1.938935033203E1,2.152264685722E0,1.443334991555E0));
#12985=CARTESIAN_POINT('',(1.890214634798E1,2.278812095655E0,2.052779059067E0));
#12986=CARTESIAN_POINT('',(1.890513272702E1,2.277434449605E0,2.000168878967E0));
#12987=CARTESIAN_POINT('',(1.891395746428E1,2.273363165867E0,1.844692825636E0));
#12988=CARTESIAN_POINT('',(1.892602346897E1,2.267795131780E0,1.632058182533E0));
#12989=CARTESIAN_POINT('',(1.893510176515E1,2.263604741681E0,1.472033640829E0));
#12990=CARTESIAN_POINT('',(1.893834410795E1,2.262107993002E0,1.414875114788E0));
#12991=(BOUNDED_SURFACE()B_SPLINE_SURFACE(3,3,((#12967,#12968,#12969,#12970,
#12971,#12972),(#12973,#12974,#12975,#12976,#12977,#12978),(#12979,#12980,
#12981,#12982,#12983,#12984),(#12985,#12986,#12987,#12988,#12989,#12990)),
.UNSPECIFIED.,.F.,.F.,.F.)B_SPLINE_SURFACE_WITH_KNOTS((4,4),(4,1,1,4),(0.E0,
1.E0),(4.886080576664E-1,4.991343496451E-1,5.197158368892E-1,5.311521397825E-1),
.UNSPECIFIED.)GEOMETRIC_REPRESENTATION_ITEM()RATIONAL_B_SPLINE_SURFACE(((
1.373115040639E0,1.373115040639E0,1.373115040639E0,1.373115040639E0,
1.373115040639E0,1.373115040639E0),(8.756283197871E-1,8.756283197871E-1,
8.756283197871E-1,8.756283197871E-1,8.756283197871E-1,8.756283197871E-1),(
8.756283197871E-1,8.756283197871E-1,8.756283197871E-1,8.756283197871E-1,
8.756283197871E-1,8.756283197871E-1),(1.373115040639E0,1.373115040639E0,
1.373115040639E0,1.373115040639E0,1.373115040639E0,1.373115040639E0)))REPRESENTATION_ITEM('')SURFACE());
#12992=ORIENTED_EDGE('',*,*,#8631,.T.);
#12993=ORIENTED_EDGE('',*,*,#9528,.T.);
#12995=ORIENTED_EDGE('',*,*,#12994,.F.);
#12997=ORIENTED_EDGE('',*,*,#12996,.F.);
#12998=EDGE_LOOP('',(#12992,#12993,#12995,#12997));
#12999=FACE_OUTER_BOUND('',#12998,.F.);
#13001=CARTESIAN_POINT('',(1.951985343824E1,2.935722551282E0,1.569777726635E0));
#13002=CARTESIAN_POINT('',(1.951906469531E1,2.936086655270E0,1.555873156298E0));
#13003=CARTESIAN_POINT('',(1.950767186753E1,2.941345759690E0,1.355036061209E0));
#13004=CARTESIAN_POINT('',(1.948501440978E1,2.951801418432E0,
9.557505629252E-1));
#13005=CARTESIAN_POINT('',(1.945858691544E1,2.963989245050E0,
4.903162422168E-1));
#13006=CARTESIAN_POINT('',(1.944276635587E1,2.971282075260E0,
2.118142925691E-1));
#13007=CARTESIAN_POINT('',(1.943821822541E1,2.973378362190E0,
1.317603244768E-1));
#13008=CARTESIAN_POINT('',(1.969397734165E1,2.504493856778E0,1.548608350042E0));
#13009=CARTESIAN_POINT('',(1.969318859041E1,2.504857964600E0,1.534703633300E0));
#13010=CARTESIAN_POINT('',(1.968179564265E1,2.510117124405E0,1.333864423158E0));
#13011=CARTESIAN_POINT('',(1.965913794565E1,2.520572893553E0,
9.345747086217E-1));
#13012=CARTESIAN_POINT('',(1.963271017081E1,2.532760849535E0,
4.691354476973E-1));
#13013=CARTESIAN_POINT('',(1.961688944268E1,2.540053757444E0,
1.906305308750E-1));
#13014=CARTESIAN_POINT('',(1.961234126371E1,2.542150066731E0,
1.105757089637E-1));
#13015=CARTESIAN_POINT('',(1.938981232868E1,2.152152165693E0,1.556635853719E0));
#13016=CARTESIAN_POINT('',(1.938902359195E1,2.152516266818E0,1.542731392720E0));
#13017=CARTESIAN_POINT('',(1.937763085378E1,2.157775329875E0,1.341895877219E0));
#13018=CARTESIAN_POINT('',(1.935497357471E1,2.168230906162E0,
9.426135277628E-1));
#13019=CARTESIAN_POINT('',(1.932854628986E1,2.180418636167E0,
4.771828965603E-1));
#13020=CARTESIAN_POINT('',(1.931272585617E1,2.187711408349E0,
1.986831628903E-1));
#13021=CARTESIAN_POINT('',(1.930817776194E1,2.189807678582E0,
1.186298324564E-1));
#13022=CARTESIAN_POINT('',(1.893834410788E1,2.262107993036E0,1.585124883897E0));
#13023=CARTESIAN_POINT('',(1.893755539268E1,2.262472084221E0,1.571220802496E0));
#13024=CARTESIAN_POINT('',(1.892616296559E1,2.267731003677E0,1.370390770901E0));
#13025=CARTESIAN_POINT('',(1.890350630685E1,2.278186293702E0,
9.711193533395E-1));
#13026=CARTESIAN_POINT('',(1.887707974930E1,2.290373688292E0,
5.057015311225E-1));
#13027=CARTESIAN_POINT('',(1.886125975263E1,2.297666259019E0,
2.272094907387E-1));
#13028=CARTESIAN_POINT('',(1.885671178417E1,2.299762471281E0,
1.471583740857E-1));
#13029=(BOUNDED_SURFACE()B_SPLINE_SURFACE(3,3,((#13001,#13002,#13003,#13004,
#13005,#13006,#13007),(#13008,#13009,#13010,#13011,#13012,#13013,#13014),
(#13015,#13016,#13017,#13018,#13019,#13020,#13021),(#13022,#13023,#13024,#13025,
#13026,#13027,#13028)),.UNSPECIFIED.,.F.,.F.,.F.)B_SPLINE_SURFACE_WITH_KNOTS((4,
4),(4,1,1,1,4),(0.E0,1.E0),(5.189859535120E-1,5.217678955755E-1,
5.591682236036E-1,5.988726573716E-1,6.148894453719E-1),.UNSPECIFIED.)GEOMETRIC_REPRESENTATION_ITEM()RATIONAL_B_SPLINE_SURFACE(((1.373710394825E0,
1.373710394825E0,1.373710394825E0,1.373710394825E0,1.373710394825E0,
1.373710394825E0,1.373710394825E0),(8.754298683917E-1,8.754298683917E-1,
8.754298683917E-1,8.754298683917E-1,8.754298683917E-1,8.754298683917E-1,
8.754298683917E-1),(8.754298683917E-1,8.754298683917E-1,8.754298683917E-1,
8.754298683917E-1,8.754298683917E-1,8.754298683917E-1,8.754298683917E-1),(
1.373710394825E0,1.373710394825E0,1.373710394825E0,1.373710394825E0,
1.373710394825E0,1.373710394825E0,1.373710394825E0)))REPRESENTATION_ITEM('')SURFACE());
#13030=ORIENTED_EDGE('',*,*,#9333,.T.);
#13032=ORIENTED_EDGE('',*,*,#13031,.F.);
#13033=ORIENTED_EDGE('',*,*,#12994,.T.);
#13034=ORIENTED_EDGE('',*,*,#7860,.T.);
#13035=EDGE_LOOP('',(#13030,#13032,#13033,#13034));
#13036=FACE_OUTER_BOUND('',#13035,.F.);
#13038=CARTESIAN_POINT('',(1.775E1,2.25E0,1.5E0));
#13039=DIRECTION('',(0.E0,9.996573249756E-1,2.617694830787E-2));
#13040=DIRECTION('',(-1.E0,0.E0,0.E0));
#13041=AXIS2_PLACEMENT_3D('',#13038,#13039,#13040);
#13042=PLANE('',#13041);
#13043=ORIENTED_EDGE('',*,*,#9346,.T.);
#13044=ORIENTED_EDGE('',*,*,#8513,.F.);
#13046=ORIENTED_EDGE('',*,*,#13045,.T.);
#13047=ORIENTED_EDGE('',*,*,#13031,.T.);
#13048=EDGE_LOOP('',(#13043,#13044,#13046,#13047));
#13049=FACE_OUTER_BOUND('',#13048,.F.);
#13051=CARTESIAN_POINT('',(1.775E1,2.25E0,1.5E0));
#13052=DIRECTION('',(0.E0,9.996573249756E-1,-2.617694830787E-2));
#13053=DIRECTION('',(-1.E0,0.E0,0.E0));
#13054=AXIS2_PLACEMENT_3D('',#13051,#13052,#13053);
#13055=PLANE('',#13054);
#13056=ORIENTED_EDGE('',*,*,#12996,.T.);
#13057=ORIENTED_EDGE('',*,*,#13045,.F.);
#13058=ORIENTED_EDGE('',*,*,#8549,.F.);
#13059=ORIENTED_EDGE('',*,*,#8633,.F.);
#13060=EDGE_LOOP('',(#13056,#13057,#13058,#13059));
#13061=FACE_OUTER_BOUND('',#13060,.F.);
#13063=CARTESIAN_POINT('',(1.25E1,1.25E1,2.E0));
#13064=DIRECTION('',(0.E0,0.E0,1.E0));
#13065=DIRECTION('',(1.E0,0.E0,0.E0));
#13066=AXIS2_PLACEMENT_3D('',#13063,#13064,#13065);
#13067=CONICAL_SURFACE('',#13066,1.043744331763E0,5.E0);
#13068=ORIENTED_EDGE('',*,*,#8077,.F.);
#13070=ORIENTED_EDGE('',*,*,#13069,.T.);
#13072=ORIENTED_EDGE('',*,*,#13071,.T.);
#13074=ORIENTED_EDGE('',*,*,#13073,.F.);
#13075=EDGE_LOOP('',(#13068,#13070,#13072,#13074));
#13076=FACE_OUTER_BOUND('',#13075,.F.);
#13078=CARTESIAN_POINT('',(1.25E1,1.25E1,2.E0));
#13079=DIRECTION('',(0.E0,0.E0,1.E0));
#13080=DIRECTION('',(1.E0,0.E0,0.E0));
#13081=AXIS2_PLACEMENT_3D('',#13078,#13079,#13080);
#13082=CONICAL_SURFACE('',#13081,1.043744331763E0,5.E0);
#13083=ORIENTED_EDGE('',*,*,#8079,.F.);
#13084=ORIENTED_EDGE('',*,*,#13073,.T.);
#13086=ORIENTED_EDGE('',*,*,#13085,.T.);
#13087=ORIENTED_EDGE('',*,*,#13069,.F.);
#13088=EDGE_LOOP('',(#13083,#13084,#13086,#13087));
#13089=FACE_OUTER_BOUND('',#13088,.F.);
#13091=CARTESIAN_POINT('',(0.E0,0.E0,1.5E0));
#13092=DIRECTION('',(0.E0,0.E0,1.E0));
#13093=DIRECTION('',(1.E0,0.E0,0.E0));
#13094=AXIS2_PLACEMENT_3D('',#13091,#13092,#13093);
#13095=PLANE('',#13094);
#13097=ORIENTED_EDGE('',*,*,#13096,.F.);
#13099=ORIENTED_EDGE('',*,*,#13098,.F.);
#13100=EDGE_LOOP('',(#13097,#13099));
#13101=FACE_OUTER_BOUND('',#13100,.F.);
#13103=CARTESIAN_POINT('',(0.E0,0.E0,1.5E0));
#13104=DIRECTION('',(0.E0,0.E0,1.E0));
#13105=DIRECTION('',(1.E0,0.E0,0.E0));
#13106=AXIS2_PLACEMENT_3D('',#13103,#13104,#13105);
#13107=PLANE('',#13106);
#13108=ORIENTED_EDGE('',*,*,#13071,.F.);
#13109=ORIENTED_EDGE('',*,*,#13085,.F.);
#13110=EDGE_LOOP('',(#13108,#13109));
#13111=FACE_OUTER_BOUND('',#13110,.F.);
#13113=CARTESIAN_POINT('',(0.E0,0.E0,1.5E0));
#13114=DIRECTION('',(0.E0,0.E0,1.E0));
#13115=DIRECTION('',(1.E0,0.E0,0.E0));
#13116=AXIS2_PLACEMENT_3D('',#13113,#13114,#13115);
#13117=PLANE('',#13116);
#13119=ORIENTED_EDGE('',*,*,#13118,.F.);
#13121=ORIENTED_EDGE('',*,*,#13120,.F.);
#13122=EDGE_LOOP('',(#13119,#13121));
#13123=FACE_OUTER_BOUND('',#13122,.F.);
#13125=CARTESIAN_POINT('',(0.E0,0.E0,1.5E0));
#13126=DIRECTION('',(0.E0,0.E0,1.E0));
#13127=DIRECTION('',(1.E0,0.E0,0.E0));
#13128=AXIS2_PLACEMENT_3D('',#13125,#13126,#13127);
#13129=PLANE('',#13128);
#13131=ORIENTED_EDGE('',*,*,#13130,.F.);
#13133=ORIENTED_EDGE('',*,*,#13132,.F.);
#13134=EDGE_LOOP('',(#13131,#13133));
#13135=FACE_OUTER_BOUND('',#13134,.F.);
#13137=CARTESIAN_POINT('',(-1.25E1,1.25E1,2.E0));
#13138=DIRECTION('',(0.E0,0.E0,1.E0));
#13139=DIRECTION('',(1.E0,0.E0,0.E0));
#13140=AXIS2_PLACEMENT_3D('',#13137,#13138,#13139);
#13141=CONICAL_SURFACE('',#13140,1.043744331763E0,5.E0);
#13142=ORIENTED_EDGE('',*,*,#8197,.F.);
#13144=ORIENTED_EDGE('',*,*,#13143,.T.);
#13145=ORIENTED_EDGE('',*,*,#13096,.T.);
#13147=ORIENTED_EDGE('',*,*,#13146,.F.);
#13148=EDGE_LOOP('',(#13142,#13144,#13145,#13147));
#13149=FACE_OUTER_BOUND('',#13148,.F.);
#13151=CARTESIAN_POINT('',(-1.25E1,1.25E1,2.E0));
#13152=DIRECTION('',(0.E0,0.E0,1.E0));
#13153=DIRECTION('',(1.E0,0.E0,0.E0));
#13154=AXIS2_PLACEMENT_3D('',#13151,#13152,#13153);
#13155=CONICAL_SURFACE('',#13154,1.043744331763E0,5.E0);
#13156=ORIENTED_EDGE('',*,*,#8199,.F.);
#13157=ORIENTED_EDGE('',*,*,#13146,.T.);
#13158=ORIENTED_EDGE('',*,*,#13098,.T.);
#13159=ORIENTED_EDGE('',*,*,#13143,.F.);
#13160=EDGE_LOOP('',(#13156,#13157,#13158,#13159));
#13161=FACE_OUTER_BOUND('',#13160,.F.);
#13163=CARTESIAN_POINT('',(-1.25E1,-1.25E1,2.E0));
#13164=DIRECTION('',(0.E0,0.E0,1.E0));
#13165=DIRECTION('',(1.E0,0.E0,0.E0));
#13166=AXIS2_PLACEMENT_3D('',#13163,#13164,#13165);
#13167=CONICAL_SURFACE('',#13166,1.043744331763E0,5.E0);
#13168=ORIENTED_EDGE('',*,*,#8153,.F.);
#13170=ORIENTED_EDGE('',*,*,#13169,.T.);
#13171=ORIENTED_EDGE('',*,*,#13118,.T.);
#13173=ORIENTED_EDGE('',*,*,#13172,.F.);
#13174=EDGE_LOOP('',(#13168,#13170,#13171,#13173));
#13175=FACE_OUTER_BOUND('',#13174,.F.);
#13177=CARTESIAN_POINT('',(-1.25E1,-1.25E1,2.E0));
#13178=DIRECTION('',(0.E0,0.E0,1.E0));
#13179=DIRECTION('',(1.E0,0.E0,0.E0));
#13180=AXIS2_PLACEMENT_3D('',#13177,#13178,#13179);
#13181=CONICAL_SURFACE('',#13180,1.043744331763E0,5.E0);
#13182=ORIENTED_EDGE('',*,*,#8155,.F.);
#13183=ORIENTED_EDGE('',*,*,#13172,.T.);
#13184=ORIENTED_EDGE('',*,*,#13120,.T.);
#13185=ORIENTED_EDGE('',*,*,#13169,.F.);
#13186=EDGE_LOOP('',(#13182,#13183,#13184,#13185));
#13187=FACE_OUTER_BOUND('',#13186,.F.);
#13189=CARTESIAN_POINT('',(1.25E1,-1.25E1,2.E0));
#13190=DIRECTION('',(0.E0,0.E0,1.E0));
#13191=DIRECTION('',(1.E0,0.E0,0.E0));
#13192=AXIS2_PLACEMENT_3D('',#13189,#13190,#13191);
#13193=CONICAL_SURFACE('',#13192,1.043744331763E0,5.E0);
#13194=ORIENTED_EDGE('',*,*,#8113,.F.);
#13196=ORIENTED_EDGE('',*,*,#13195,.T.);
#13197=ORIENTED_EDGE('',*,*,#13130,.T.);
#13199=ORIENTED_EDGE('',*,*,#13198,.F.);
#13200=EDGE_LOOP('',(#13194,#13196,#13197,#13199));
#13201=FACE_OUTER_BOUND('',#13200,.F.);
#13203=CARTESIAN_POINT('',(1.25E1,-1.25E1,2.E0));
#13204=DIRECTION('',(0.E0,0.E0,1.E0));
#13205=DIRECTION('',(1.E0,0.E0,0.E0));
#13206=AXIS2_PLACEMENT_3D('',#13203,#13204,#13205);
#13207=CONICAL_SURFACE('',#13206,1.043744331763E0,5.E0);
#13208=ORIENTED_EDGE('',*,*,#8115,.F.);
#13209=ORIENTED_EDGE('',*,*,#13198,.T.);
#13210=ORIENTED_EDGE('',*,*,#13132,.T.);
#13211=ORIENTED_EDGE('',*,*,#13195,.F.);
#13212=EDGE_LOOP('',(#13208,#13209,#13210,#13211));
#13213=FACE_OUTER_BOUND('',#13212,.F.);
#13215=CARTESIAN_POINT('',(1.695004800192E1,-1.175E1,1.5E-1));
#13216=DIRECTION('',(0.E0,-9.848077530122E-1,1.736481776669E-1));
#13217=DIRECTION('',(-1.E0,0.E0,0.E0));
#13218=AXIS2_PLACEMENT_3D('',#13215,#13216,#13217);
#13219=PLANE('',#13218);
#13221=ORIENTED_EDGE('',*,*,#13220,.T.);
#13223=ORIENTED_EDGE('',*,*,#13222,.T.);
#13225=ORIENTED_EDGE('',*,*,#13224,.F.);
#13226=ORIENTED_EDGE('',*,*,#7630,.F.);
#13227=EDGE_LOOP('',(#13221,#13223,#13225,#13226));
#13228=FACE_OUTER_BOUND('',#13227,.F.);
#13230=CARTESIAN_POINT('',(1.445E1,-1.145E1,7.5E-2));
#13231=DIRECTION('',(0.E0,0.E0,-1.E0));
#13232=DIRECTION('',(0.E0,1.E0,0.E0));
#13233=AXIS2_PLACEMENT_3D('',#13230,#13231,#13232);
#13234=CONICAL_SURFACE('',#13233,3.132245235531E-1,1.E1);
#13236=ORIENTED_EDGE('',*,*,#13235,.T.);
#13237=ORIENTED_EDGE('',*,*,#13220,.F.);
#13238=ORIENTED_EDGE('',*,*,#7644,.T.);
#13240=ORIENTED_EDGE('',*,*,#13239,.T.);
#13241=EDGE_LOOP('',(#13236,#13237,#13238,#13240));
#13242=FACE_OUTER_BOUND('',#13241,.F.);
#13244=CARTESIAN_POINT('',(0.E0,0.E0,1.5E-1));
#13245=DIRECTION('',(0.E0,0.E0,-1.E0));
#13246=DIRECTION('',(-1.E0,0.E0,0.E0));
#13247=AXIS2_PLACEMENT_3D('',#13244,#13245,#13246);
#13248=PLANE('',#13247);
#13249=ORIENTED_EDGE('',*,*,#13235,.F.);
#13251=ORIENTED_EDGE('',*,*,#13250,.F.);
#13253=ORIENTED_EDGE('',*,*,#13252,.F.);
#13255=ORIENTED_EDGE('',*,*,#13254,.F.);
#13257=ORIENTED_EDGE('',*,*,#13256,.F.);
#13259=ORIENTED_EDGE('',*,*,#13258,.F.);
#13261=ORIENTED_EDGE('',*,*,#13260,.F.);
#13262=ORIENTED_EDGE('',*,*,#13222,.F.);
#13263=EDGE_LOOP('',(#13249,#13251,#13253,#13255,#13257,#13259,#13261,#13262));
#13264=FACE_OUTER_BOUND('',#13263,.F.);
#13266=CARTESIAN_POINT('',(1.475E1,1.950048001920E0,1.5E-1));
#13267=DIRECTION('',(9.848077530122E-1,0.E0,1.736481776669E-1));
#13268=DIRECTION('',(0.E0,-1.E0,0.E0));
#13269=AXIS2_PLACEMENT_3D('',#13266,#13267,#13268);
#13270=PLANE('',#13269);
#13271=ORIENTED_EDGE('',*,*,#13239,.F.);
#13272=ORIENTED_EDGE('',*,*,#7642,.F.);
#13274=ORIENTED_EDGE('',*,*,#13273,.T.);
#13275=ORIENTED_EDGE('',*,*,#13250,.T.);
#13276=EDGE_LOOP('',(#13271,#13272,#13274,#13275));
#13277=FACE_OUTER_BOUND('',#13276,.F.);
#13279=CARTESIAN_POINT('',(1.445E1,-5.5E-1,7.5E-2));
#13280=DIRECTION('',(0.E0,0.E0,-1.E0));
#13281=DIRECTION('',(-1.E0,0.E0,0.E0));
#13282=AXIS2_PLACEMENT_3D('',#13279,#13280,#13281);
#13283=CONICAL_SURFACE('',#13282,3.132245235531E-1,1.E1);
#13284=ORIENTED_EDGE('',*,*,#13252,.T.);
#13285=ORIENTED_EDGE('',*,*,#13273,.F.);
#13286=ORIENTED_EDGE('',*,*,#7640,.T.);
#13288=ORIENTED_EDGE('',*,*,#13287,.T.);
#13289=EDGE_LOOP('',(#13284,#13285,#13286,#13288));
#13290=FACE_OUTER_BOUND('',#13289,.F.);
#13292=CARTESIAN_POINT('',(8.799951998080E0,-2.5E-1,1.5E-1));
#13293=DIRECTION('',(0.E0,9.848077530122E-1,1.736481776669E-1));
#13294=DIRECTION('',(1.E0,0.E0,0.E0));
#13295=AXIS2_PLACEMENT_3D('',#13292,#13293,#13294);
#13296=PLANE('',#13295);
#13297=ORIENTED_EDGE('',*,*,#13287,.F.);
#13298=ORIENTED_EDGE('',*,*,#7638,.F.);
#13300=ORIENTED_EDGE('',*,*,#13299,.T.);
#13301=ORIENTED_EDGE('',*,*,#13254,.T.);
#13302=EDGE_LOOP('',(#13297,#13298,#13300,#13301));
#13303=FACE_OUTER_BOUND('',#13302,.F.);
#13305=CARTESIAN_POINT('',(1.13E1,-5.5E-1,7.5E-2));
#13306=DIRECTION('',(0.E0,0.E0,-1.E0));
#13307=DIRECTION('',(0.E0,-1.E0,0.E0));
#13308=AXIS2_PLACEMENT_3D('',#13305,#13306,#13307);
#13309=CONICAL_SURFACE('',#13308,3.132245235531E-1,1.E1);
#13310=ORIENTED_EDGE('',*,*,#13256,.T.);
#13311=ORIENTED_EDGE('',*,*,#13299,.F.);
#13312=ORIENTED_EDGE('',*,*,#7636,.T.);
#13314=ORIENTED_EDGE('',*,*,#13313,.T.);
#13315=EDGE_LOOP('',(#13310,#13311,#13312,#13314));
#13316=FACE_OUTER_BOUND('',#13315,.F.);
#13318=CARTESIAN_POINT('',(1.1E1,-1.395004800192E1,1.5E-1));
#13319=DIRECTION('',(-9.848077530122E-1,0.E0,1.736481776669E-1));
#13320=DIRECTION('',(0.E0,1.E0,0.E0));
#13321=AXIS2_PLACEMENT_3D('',#13318,#13319,#13320);
#13322=PLANE('',#13321);
#13324=ORIENTED_EDGE('',*,*,#13323,.T.);
#13325=ORIENTED_EDGE('',*,*,#13258,.T.);
#13326=ORIENTED_EDGE('',*,*,#13313,.F.);
#13327=ORIENTED_EDGE('',*,*,#7634,.F.);
#13328=EDGE_LOOP('',(#13324,#13325,#13326,#13327));
#13329=FACE_OUTER_BOUND('',#13328,.F.);
#13331=CARTESIAN_POINT('',(1.13E1,-1.145E1,7.5E-2));
#13332=DIRECTION('',(0.E0,0.E0,-1.E0));
#13333=DIRECTION('',(1.E0,0.E0,0.E0));
#13334=AXIS2_PLACEMENT_3D('',#13331,#13332,#13333);
#13335=CONICAL_SURFACE('',#13334,3.132245235531E-1,1.E1);
#13336=ORIENTED_EDGE('',*,*,#13260,.T.);
#13337=ORIENTED_EDGE('',*,*,#13323,.F.);
#13338=ORIENTED_EDGE('',*,*,#7632,.T.);
#13339=ORIENTED_EDGE('',*,*,#13224,.T.);
#13340=EDGE_LOOP('',(#13336,#13337,#13338,#13339));
#13341=FACE_OUTER_BOUND('',#13340,.F.);
#13343=CARTESIAN_POINT('',(1.593754800192E1,1.085106396675E0,2.E-1));
#13344=DIRECTION('',(0.E0,-9.993908270191E-1,3.489949670250E-2));
#13345=DIRECTION('',(-1.E0,0.E0,0.E0));
#13346=AXIS2_PLACEMENT_3D('',#13343,#13344,#13345);
#13347=PLANE('',#13346);
#13348=ORIENTED_EDGE('',*,*,#7740,.F.);
#13350=ORIENTED_EDGE('',*,*,#13349,.T.);
#13352=ORIENTED_EDGE('',*,*,#13351,.T.);
#13354=ORIENTED_EDGE('',*,*,#13353,.F.);
#13355=EDGE_LOOP('',(#13348,#13350,#13352,#13354));
#13356=FACE_OUTER_BOUND('',#13355,.F.);
#13358=CARTESIAN_POINT('',(1.37375E1,-1.785154385184E0,2.E-1));
#13359=DIRECTION('',(-9.993908270191E-1,0.E0,3.489949670250E-2));
#13360=DIRECTION('',(0.E0,1.E0,0.E0));
#13361=AXIS2_PLACEMENT_3D('',#13358,#13359,#13360);
#13362=PLANE('',#13361);
#13363=ORIENTED_EDGE('',*,*,#7762,.F.);
#13365=ORIENTED_EDGE('',*,*,#13364,.T.);
#13367=ORIENTED_EDGE('',*,*,#13366,.T.);
#13368=ORIENTED_EDGE('',*,*,#13349,.F.);
#13369=EDGE_LOOP('',(#13363,#13365,#13367,#13368));
#13370=FACE_OUTER_BOUND('',#13369,.F.);
#13372=CARTESIAN_POINT('',(1.119995199808E1,4.148936167359E-1,2.E-1));
#13373=DIRECTION('',(0.E0,9.993908270191E-1,3.489949670250E-2));
#13374=DIRECTION('',(1.E0,0.E0,0.E0));
#13375=AXIS2_PLACEMENT_3D('',#13372,#13373,#13374);
#13376=PLANE('',#13375);
#13377=ORIENTED_EDGE('',*,*,#7760,.F.);
#13379=ORIENTED_EDGE('',*,*,#13378,.T.);
#13381=ORIENTED_EDGE('',*,*,#13380,.T.);
#13382=ORIENTED_EDGE('',*,*,#13364,.F.);
#13383=EDGE_LOOP('',(#13377,#13379,#13381,#13382));
#13384=FACE_OUTER_BOUND('',#13383,.F.);
#13386=CARTESIAN_POINT('',(1.119333456015E1,9.782976259887E-1,2.E-1));
#13387=DIRECTION('',(2.472325737456E-1,9.683274650701E-1,3.489949670250E-2));
#13388=DIRECTION('',(9.689177035558E-1,-2.473832729514E-1,0.E0));
#13389=AXIS2_PLACEMENT_3D('',#13386,#13387,#13388);
#13390=PLANE('',#13389);
#13391=ORIENTED_EDGE('',*,*,#7758,.F.);
#13393=ORIENTED_EDGE('',*,*,#13392,.T.);
#13395=ORIENTED_EDGE('',*,*,#13394,.T.);
#13396=ORIENTED_EDGE('',*,*,#13378,.F.);
#13397=EDGE_LOOP('',(#13391,#13393,#13395,#13396));
#13398=FACE_OUTER_BOUND('',#13397,.F.);
#13400=CARTESIAN_POINT('',(1.145019212787E1,1.710507791836E0,2.E-1));
#13401=DIRECTION('',(5.624482287863E-1,8.260956452282E-1,3.489949670250E-2));
#13402=DIRECTION('',(8.265991871191E-1,-5.627910658975E-1,0.E0));
#13403=AXIS2_PLACEMENT_3D('',#13400,#13401,#13402);
#13404=PLANE('',#13403);
#13405=ORIENTED_EDGE('',*,*,#7756,.F.);
#13407=ORIENTED_EDGE('',*,*,#13406,.T.);
#13409=ORIENTED_EDGE('',*,*,#13408,.T.);
#13410=ORIENTED_EDGE('',*,*,#13392,.F.);
#13411=EDGE_LOOP('',(#13405,#13407,#13409,#13410));
#13412=FACE_OUTER_BOUND('',#13411,.F.);
#13414=CARTESIAN_POINT('',(1.202865375639E1,2.372061231987E0,2.E-1));
#13415=DIRECTION('',(8.368688925718E-1,5.462897415983E-1,3.489949670250E-2));
#13416=DIRECTION('',(5.466227293958E-1,-8.373790012341E-1,0.E0));
#13417=AXIS2_PLACEMENT_3D('',#13414,#13415,#13416);
#13418=PLANE('',#13417);
#13419=ORIENTED_EDGE('',*,*,#7754,.F.);
#13421=ORIENTED_EDGE('',*,*,#13420,.T.);
#13423=ORIENTED_EDGE('',*,*,#13422,.T.);
#13424=ORIENTED_EDGE('',*,*,#13406,.F.);
#13425=EDGE_LOOP('',(#13419,#13421,#13423,#13424));
#13426=FACE_OUTER_BOUND('',#13425,.F.);
#13428=CARTESIAN_POINT('',(1.268939209964E1,2.743336248022E0,2.E-1));
#13429=DIRECTION('',(9.707295036003E-1,2.376262947778E-1,3.489949670250E-2));
#13430=DIRECTION('',(2.377711385310E-1,-9.713212062349E-1,0.E0));
#13431=AXIS2_PLACEMENT_3D('',#13428,#13429,#13430);
#13432=PLANE('',#13431);
#13433=ORIENTED_EDGE('',*,*,#7752,.F.);
#13435=ORIENTED_EDGE('',*,*,#13434,.T.);
#13437=ORIENTED_EDGE('',*,*,#13436,.T.);
#13438=ORIENTED_EDGE('',*,*,#13420,.F.);
#13439=EDGE_LOOP('',(#13433,#13435,#13437,#13438));
#13440=FACE_OUTER_BOUND('',#13439,.F.);
#13442=CARTESIAN_POINT('',(1.321250001788E1,3.093665006076E0,2.E-1));
#13443=DIRECTION('',(9.993908270191E-1,0.E0,3.489949670250E-2));
#13444=DIRECTION('',(0.E0,-1.E0,0.E0));
#13445=AXIS2_PLACEMENT_3D('',#13442,#13443,#13444);
#13446=PLANE('',#13445);
#13447=ORIENTED_EDGE('',*,*,#7750,.F.);
#13449=ORIENTED_EDGE('',*,*,#13448,.T.);
#13451=ORIENTED_EDGE('',*,*,#13450,.T.);
#13452=ORIENTED_EDGE('',*,*,#13434,.F.);
#13453=EDGE_LOOP('',(#13447,#13449,#13451,#13452));
#13454=FACE_OUTER_BOUND('',#13453,.F.);
#13456=CARTESIAN_POINT('',(1.375435791824E1,3.107166018706E0,2.E-1));
#13457=DIRECTION('',(9.707295036003E-1,-2.376262947778E-1,3.489949670250E-2));
#13458=DIRECTION('',(-2.377711385310E-1,-9.713212062349E-1,0.E0));
#13459=AXIS2_PLACEMENT_3D('',#13456,#13457,#13458);
#13460=PLANE('',#13459);
#13461=ORIENTED_EDGE('',*,*,#7748,.F.);
#13463=ORIENTED_EDGE('',*,*,#13462,.T.);
#13465=ORIENTED_EDGE('',*,*,#13464,.T.);
#13466=ORIENTED_EDGE('',*,*,#13448,.F.);
#13467=EDGE_LOOP('',(#13461,#13463,#13465,#13466));
#13468=FACE_OUTER_BOUND('',#13467,.F.);
#13470=CARTESIAN_POINT('',(1.447134547405E1,2.869934107555E0,2.E-1));
#13471=DIRECTION('',(8.368691260730E-1,-5.462893838944E-1,3.489949670250E-2));
#13472=DIRECTION('',(-5.466223714738E-1,-8.373792348777E-1,0.E0));
#13473=AXIS2_PLACEMENT_3D('',#13470,#13471,#13472);
#13474=PLANE('',#13473);
#13475=ORIENTED_EDGE('',*,*,#7746,.F.);
#13477=ORIENTED_EDGE('',*,*,#13476,.T.);
#13479=ORIENTED_EDGE('',*,*,#13478,.T.);
#13480=ORIENTED_EDGE('',*,*,#13462,.F.);
#13481=EDGE_LOOP('',(#13475,#13477,#13479,#13480));
#13482=FACE_OUTER_BOUND('',#13481,.F.);
#13484=CARTESIAN_POINT('',(1.514355810959E1,2.304124526565E0,2.E-1));
#13485=DIRECTION('',(5.624480942125E-1,-8.260957368529E-1,3.489949670250E-2));
#13486=DIRECTION('',(-8.265992787996E-1,-5.627909312417E-1,0.E0));
#13487=AXIS2_PLACEMENT_3D('',#13484,#13485,#13486);
#13488=PLANE('',#13487);
#13489=ORIENTED_EDGE('',*,*,#7744,.F.);
#13491=ORIENTED_EDGE('',*,*,#13490,.T.);
#13493=ORIENTED_EDGE('',*,*,#13492,.T.);
#13494=ORIENTED_EDGE('',*,*,#13476,.F.);
#13495=EDGE_LOOP('',(#13489,#13491,#13493,#13494));
#13496=FACE_OUTER_BOUND('',#13495,.F.);
#13498=CARTESIAN_POINT('',(1.553166545773E1,1.629361472040E0,2.E-1));
#13499=DIRECTION('',(2.472325737456E-1,-9.683274650701E-1,3.489949670250E-2));
#13500=DIRECTION('',(-9.689177035558E-1,-2.473832729514E-1,0.E0));
#13501=AXIS2_PLACEMENT_3D('',#13498,#13499,#13500);
#13502=PLANE('',#13501);
#13503=ORIENTED_EDGE('',*,*,#7742,.F.);
#13504=ORIENTED_EDGE('',*,*,#13353,.T.);
#13506=ORIENTED_EDGE('',*,*,#13505,.T.);
#13507=ORIENTED_EDGE('',*,*,#13490,.F.);
#13508=EDGE_LOOP('',(#13503,#13504,#13506,#13507));
#13509=FACE_OUTER_BOUND('',#13508,.F.);
#13511=CARTESIAN_POINT('',(0.E0,0.E0,2.E-1));
#13512=DIRECTION('',(0.E0,0.E0,-1.E0));
#13513=DIRECTION('',(-1.E0,0.E0,0.E0));
#13514=AXIS2_PLACEMENT_3D('',#13511,#13512,#13513);
#13515=PLANE('',#13514);
#13517=ORIENTED_EDGE('',*,*,#13516,.F.);
#13519=ORIENTED_EDGE('',*,*,#13518,.F.);
#13521=ORIENTED_EDGE('',*,*,#13520,.F.);
#13523=ORIENTED_EDGE('',*,*,#13522,.F.);
#13525=ORIENTED_EDGE('',*,*,#13524,.F.);
#13527=ORIENTED_EDGE('',*,*,#13526,.F.);
#13529=ORIENTED_EDGE('',*,*,#13528,.F.);
#13531=ORIENTED_EDGE('',*,*,#13530,.F.);
#13533=ORIENTED_EDGE('',*,*,#13532,.F.);
#13535=ORIENTED_EDGE('',*,*,#13534,.F.);
#13537=ORIENTED_EDGE('',*,*,#13536,.F.);
#13539=ORIENTED_EDGE('',*,*,#13538,.F.);
#13541=ORIENTED_EDGE('',*,*,#13540,.F.);
#13543=ORIENTED_EDGE('',*,*,#13542,.F.);
#13545=ORIENTED_EDGE('',*,*,#13544,.F.);
#13547=ORIENTED_EDGE('',*,*,#13546,.F.);
#13548=EDGE_LOOP('',(#13517,#13519,#13521,#13523,#13525,#13527,#13529,#13531,
#13533,#13535,#13537,#13539,#13541,#13543,#13545,#13547));
#13549=FACE_OUTER_BOUND('',#13548,.F.);
#13550=ORIENTED_EDGE('',*,*,#13351,.F.);
#13551=ORIENTED_EDGE('',*,*,#13366,.F.);
#13552=ORIENTED_EDGE('',*,*,#13380,.F.);
#13553=ORIENTED_EDGE('',*,*,#13394,.F.);
#13554=ORIENTED_EDGE('',*,*,#13408,.F.);
#13555=ORIENTED_EDGE('',*,*,#13422,.F.);
#13556=ORIENTED_EDGE('',*,*,#13436,.F.);
#13557=ORIENTED_EDGE('',*,*,#13450,.F.);
#13558=ORIENTED_EDGE('',*,*,#13464,.F.);
#13559=ORIENTED_EDGE('',*,*,#13478,.F.);
#13560=ORIENTED_EDGE('',*,*,#13492,.F.);
#13561=ORIENTED_EDGE('',*,*,#13505,.F.);
#13562=EDGE_LOOP('',(#13550,#13551,#13552,#13553,#13554,#13555,#13556,#13557,
#13558,#13559,#13560,#13561));
#13563=FACE_BOUND('',#13562,.F.);
#13565=CARTESIAN_POINT('',(0.E0,0.E0,2.E-1));
#13566=DIRECTION('',(0.E0,0.E0,-1.E0));
#13567=DIRECTION('',(-1.E0,0.E0,0.E0));
#13568=AXIS2_PLACEMENT_3D('',#13565,#13566,#13567);
#13569=PLANE('',#13568);
#13571=ORIENTED_EDGE('',*,*,#13570,.F.);
#13573=ORIENTED_EDGE('',*,*,#13572,.F.);
#13575=ORIENTED_EDGE('',*,*,#13574,.F.);
#13577=ORIENTED_EDGE('',*,*,#13576,.F.);
#13579=ORIENTED_EDGE('',*,*,#13578,.F.);
#13581=ORIENTED_EDGE('',*,*,#13580,.F.);
#13583=ORIENTED_EDGE('',*,*,#13582,.F.);
#13585=ORIENTED_EDGE('',*,*,#13584,.F.);
#13587=ORIENTED_EDGE('',*,*,#13586,.F.);
#13589=ORIENTED_EDGE('',*,*,#13588,.F.);
#13591=ORIENTED_EDGE('',*,*,#13590,.F.);
#13593=ORIENTED_EDGE('',*,*,#13592,.F.);
#13595=ORIENTED_EDGE('',*,*,#13594,.F.);
#13597=ORIENTED_EDGE('',*,*,#13596,.F.);
#13598=EDGE_LOOP('',(#13571,#13573,#13575,#13577,#13579,#13581,#13583,#13585,
#13587,#13589,#13591,#13593,#13595,#13597));
#13599=FACE_OUTER_BOUND('',#13598,.F.);
#13601=CARTESIAN_POINT('',(0.E0,0.E0,2.E-1));
#13602=DIRECTION('',(0.E0,0.E0,-1.E0));
#13603=DIRECTION('',(-1.E0,0.E0,0.E0));
#13604=AXIS2_PLACEMENT_3D('',#13601,#13602,#13603);
#13605=PLANE('',#13604);
#13607=ORIENTED_EDGE('',*,*,#13606,.F.);
#13609=ORIENTED_EDGE('',*,*,#13608,.F.);
#13611=ORIENTED_EDGE('',*,*,#13610,.F.);
#13613=ORIENTED_EDGE('',*,*,#13612,.F.);
#13615=ORIENTED_EDGE('',*,*,#13614,.F.);
#13617=ORIENTED_EDGE('',*,*,#13616,.F.);
#13619=ORIENTED_EDGE('',*,*,#13618,.F.);
#13621=ORIENTED_EDGE('',*,*,#13620,.F.);
#13623=ORIENTED_EDGE('',*,*,#13622,.F.);
#13625=ORIENTED_EDGE('',*,*,#13624,.F.);
#13626=EDGE_LOOP('',(#13607,#13609,#13611,#13613,#13615,#13617,#13619,#13621,
#13623,#13625));
#13627=FACE_OUTER_BOUND('',#13626,.F.);
#13629=CARTESIAN_POINT('',(1.399753011688E1,1.524698831243E-1,
-5.457395211103E0));
#13630=DIRECTION('',(-3.487826274237E-2,3.487826274237E-2,9.987827659587E-1));
#13631=DIRECTION('',(0.E0,-9.993908270191E-1,3.489949670250E-2));
#13632=AXIS2_PLACEMENT_3D('',#13629,#13630,#13631);
#13633=CYLINDRICAL_SURFACE('',#13632,5.E-2);
#13634=ORIENTED_EDGE('',*,*,#13516,.T.);
#13636=ORIENTED_EDGE('',*,*,#13635,.F.);
#13637=ORIENTED_EDGE('',*,*,#7650,.T.);
#13639=ORIENTED_EDGE('',*,*,#13638,.T.);
#13640=EDGE_LOOP('',(#13634,#13636,#13637,#13639));
#13641=FACE_OUTER_BOUND('',#13640,.F.);
#13643=CARTESIAN_POINT('',(1.605004800192E1,3.E-1,2.E-1));
#13644=DIRECTION('',(0.E0,-9.993908270191E-1,3.489949670250E-2));
#13645=DIRECTION('',(-1.E0,0.E0,0.E0));
#13646=AXIS2_PLACEMENT_3D('',#13643,#13644,#13645);
#13647=PLANE('',#13646);
#13648=ORIENTED_EDGE('',*,*,#13635,.T.);
#13649=ORIENTED_EDGE('',*,*,#13546,.T.);
#13651=ORIENTED_EDGE('',*,*,#13650,.F.);
#13652=ORIENTED_EDGE('',*,*,#7652,.F.);
#13653=EDGE_LOOP('',(#13648,#13649,#13651,#13652));
#13654=FACE_OUTER_BOUND('',#13653,.F.);
#13656=CARTESIAN_POINT('',(1.555554260020E1,-1.402809438237E-1,2.E-1));
#13657=DIRECTION('',(-2.000014255074E-1,-9.791738634813E-1,3.489949670250E-2));
#13658=DIRECTION('',(-9.797707133274E-1,2.001233352361E-1,0.E0));
#13659=AXIS2_PLACEMENT_3D('',#13656,#13657,#13658);
#13660=PLANE('',#13659);
#13661=ORIENTED_EDGE('',*,*,#7654,.F.);
#13662=ORIENTED_EDGE('',*,*,#13650,.T.);
#13663=ORIENTED_EDGE('',*,*,#13544,.T.);
#13665=ORIENTED_EDGE('',*,*,#13664,.F.);
#13666=EDGE_LOOP('',(#13661,#13662,#13663,#13665));
#13667=FACE_OUTER_BOUND('',#13666,.F.);
#13669=CARTESIAN_POINT('',(1.526562421415E1,-6.813828378371E-1,2.E-1));
#13670=DIRECTION('',(-4.545002089070E-1,-8.900626861258E-1,3.489949670250E-2));
#13671=DIRECTION('',(-8.906052187617E-1,4.547772469181E-1,0.E0));
#13672=AXIS2_PLACEMENT_3D('',#13669,#13670,#13671);
#13673=PLANE('',#13672);
#13674=ORIENTED_EDGE('',*,*,#7656,.F.);
#13675=ORIENTED_EDGE('',*,*,#13664,.T.);
#13676=ORIENTED_EDGE('',*,*,#13542,.T.);
#13678=ORIENTED_EDGE('',*,*,#13677,.F.);
#13679=EDGE_LOOP('',(#13674,#13675,#13676,#13678));
#13680=FACE_OUTER_BOUND('',#13679,.F.);
#13682=CARTESIAN_POINT('',(1.477045796460E1,-1.214510586873E0,2.E-1));
#13683=DIRECTION('',(-7.140752383120E-1,-6.991985262853E-1,3.489949670250E-2));
#13684=DIRECTION('',(-6.996247187608E-1,7.145104988024E-1,0.E0));
#13685=AXIS2_PLACEMENT_3D('',#13682,#13683,#13684);
#13686=PLANE('',#13685);
#13687=ORIENTED_EDGE('',*,*,#7658,.F.);
#13688=ORIENTED_EDGE('',*,*,#13677,.T.);
#13689=ORIENTED_EDGE('',*,*,#13540,.T.);
#13691=ORIENTED_EDGE('',*,*,#13690,.F.);
#13692=EDGE_LOOP('',(#13687,#13688,#13689,#13691));
#13693=FACE_OUTER_BOUND('',#13692,.F.);
#13695=CARTESIAN_POINT('',(1.412364105126E1,-1.541904260224E0,2.E-1));
#13696=DIRECTION('',(-8.975909233413E-1,-4.394457412072E-1,3.489949670250E-2));
#13697=DIRECTION('',(-4.397136028534E-1,8.981380447713E-1,0.E0));
#13698=AXIS2_PLACEMENT_3D('',#13695,#13696,#13697);
#13699=PLANE('',#13698);
#13700=ORIENTED_EDGE('',*,*,#7660,.F.);
#13701=ORIENTED_EDGE('',*,*,#13690,.T.);
#13702=ORIENTED_EDGE('',*,*,#13538,.T.);
#13704=ORIENTED_EDGE('',*,*,#13703,.F.);
#13705=EDGE_LOOP('',(#13700,#13701,#13702,#13704));
#13706=FACE_OUTER_BOUND('',#13705,.F.);
#13708=CARTESIAN_POINT('',(1.354156111433E1,-1.648398979472E0,2.E-1));
#13709=DIRECTION('',(-9.807613515695E-1,-1.920656044102E-1,3.489949670250E-2));
#13710=DIRECTION('',(-1.921826769043E-1,9.813591690599E-1,0.E0));
#13711=AXIS2_PLACEMENT_3D('',#13708,#13709,#13710);
#13712=PLANE('',#13711);
#13713=ORIENTED_EDGE('',*,*,#7662,.F.);
#13714=ORIENTED_EDGE('',*,*,#13703,.T.);
#13715=ORIENTED_EDGE('',*,*,#13536,.T.);
#13717=ORIENTED_EDGE('',*,*,#13716,.F.);
#13718=EDGE_LOOP('',(#13713,#13714,#13715,#13717));
#13719=FACE_OUTER_BOUND('',#13718,.F.);
#13721=CARTESIAN_POINT('',(1.310000001788E1,-1.593665032898E0,2.E-1));
#13722=DIRECTION('',(-9.993908270191E-1,0.E0,3.489949670250E-2));
#13723=DIRECTION('',(0.E0,1.E0,0.E0));
#13724=AXIS2_PLACEMENT_3D('',#13721,#13722,#13723);
#13725=PLANE('',#13724);
#13726=ORIENTED_EDGE('',*,*,#7664,.F.);
#13727=ORIENTED_EDGE('',*,*,#13716,.T.);
#13728=ORIENTED_EDGE('',*,*,#13534,.T.);
#13730=ORIENTED_EDGE('',*,*,#13729,.F.);
#13731=EDGE_LOOP('',(#13726,#13727,#13728,#13730));
#13732=FACE_OUTER_BOUND('',#13731,.F.);
#13734=CARTESIAN_POINT('',(1.267718913170E1,-1.265420319578E0,2.E-1));
#13735=DIRECTION('',(-9.807613718650E-1,1.920655007735E-1,3.489949670250E-2));
#13736=DIRECTION('',(1.921825732045E-1,9.813591893677E-1,0.E0));
#13737=AXIS2_PLACEMENT_3D('',#13734,#13735,#13736);
#13738=PLANE('',#13737);
#13739=ORIENTED_EDGE('',*,*,#7666,.F.);
#13740=ORIENTED_EDGE('',*,*,#13729,.T.);
#13741=ORIENTED_EDGE('',*,*,#13532,.T.);
#13743=ORIENTED_EDGE('',*,*,#13742,.F.);
#13744=EDGE_LOOP('',(#13739,#13740,#13741,#13743));
#13745=FACE_OUTER_BOUND('',#13744,.F.);
#13747=CARTESIAN_POINT('',(1.215135883E1,-9.865850167181E-1,2.E-1));
#13748=DIRECTION('',(-8.975908929551E-1,4.394458032726E-1,3.489949670250E-2));
#13749=DIRECTION('',(4.397136649566E-1,8.981380143666E-1,0.E0));
#13750=AXIS2_PLACEMENT_3D('',#13747,#13748,#13749);
#13751=PLANE('',#13750);
#13752=ORIENTED_EDGE('',*,*,#7668,.F.);
#13753=ORIENTED_EDGE('',*,*,#13742,.T.);
#13754=ORIENTED_EDGE('',*,*,#13530,.T.);
#13756=ORIENTED_EDGE('',*,*,#13755,.F.);
#13757=EDGE_LOOP('',(#13752,#13753,#13754,#13756));
#13758=FACE_OUTER_BOUND('',#13757,.F.);
#13760=CARTESIAN_POINT('',(1.161704198449E1,-5.059998650941E-1,2.E-1));
#13761=DIRECTION('',(-7.140752077134E-1,6.991985575350E-1,3.489949670250E-2));
#13762=DIRECTION('',(6.996247500295E-1,7.145104681851E-1,0.E0));
#13763=AXIS2_PLACEMENT_3D('',#13760,#13761,#13762);
#13764=PLANE('',#13763);
#13765=ORIENTED_EDGE('',*,*,#7670,.F.);
#13766=ORIENTED_EDGE('',*,*,#13755,.T.);
#13767=ORIENTED_EDGE('',*,*,#13528,.T.);
#13769=ORIENTED_EDGE('',*,*,#13768,.F.);
#13770=EDGE_LOOP('',(#13765,#13766,#13767,#13769));
#13771=FACE_OUTER_BOUND('',#13770,.F.);
#13773=CARTESIAN_POINT('',(1.127187571475E1,1.420215291493E-1,2.E-1));
#13774=DIRECTION('',(-4.545001615674E-1,8.900627102992E-1,3.489949670250E-2));
#13775=DIRECTION('',(8.906052429498E-1,4.547771995497E-1,0.E0));
#13776=AXIS2_PLACEMENT_3D('',#13773,#13774,#13775);
#13777=PLANE('',#13776);
#13778=ORIENTED_EDGE('',*,*,#7672,.F.);
#13779=ORIENTED_EDGE('',*,*,#13768,.T.);
#13780=ORIENTED_EDGE('',*,*,#13526,.T.);
#13782=ORIENTED_EDGE('',*,*,#13781,.F.);
#13783=EDGE_LOOP('',(#13778,#13779,#13780,#13782));
#13784=FACE_OUTER_BOUND('',#13783,.F.);
#13786=CARTESIAN_POINT('',(1.115070737437E1,7.405701592893E-1,2.E-1));
#13787=DIRECTION('',(-2.000014086996E-1,9.791738669144E-1,3.489949670250E-2));
#13788=DIRECTION('',(9.797707167625E-1,2.001233184181E-1,0.E0));
#13789=AXIS2_PLACEMENT_3D('',#13786,#13787,#13788);
#13790=PLANE('',#13789);
#13791=ORIENTED_EDGE('',*,*,#7674,.F.);
#13792=ORIENTED_EDGE('',*,*,#13781,.T.);
#13793=ORIENTED_EDGE('',*,*,#13524,.T.);
#13795=ORIENTED_EDGE('',*,*,#13794,.F.);
#13796=EDGE_LOOP('',(#13791,#13792,#13793,#13795));
#13797=FACE_OUTER_BOUND('',#13796,.F.);
#13799=CARTESIAN_POINT('',(1.119995199808E1,1.2E0,2.E-1));
#13800=DIRECTION('',(0.E0,9.993908270191E-1,3.489949670250E-2));
#13801=DIRECTION('',(1.E0,0.E0,0.E0));
#13802=AXIS2_PLACEMENT_3D('',#13799,#13800,#13801);
#13803=PLANE('',#13802);
#13805=ORIENTED_EDGE('',*,*,#13804,.F.);
#13806=ORIENTED_EDGE('',*,*,#7676,.F.);
#13807=ORIENTED_EDGE('',*,*,#13794,.T.);
#13808=ORIENTED_EDGE('',*,*,#13522,.T.);
#13809=EDGE_LOOP('',(#13805,#13806,#13807,#13808));
#13810=FACE_OUTER_BOUND('',#13809,.F.);
#13812=CARTESIAN_POINT('',(1.399753011688E1,1.347530116876E0,
-5.457395211103E0));
#13813=DIRECTION('',(-3.487826274237E-2,-3.487826274237E-2,9.987827659587E-1));
#13814=DIRECTION('',(9.993908270191E-1,0.E0,3.489949670250E-2));
#13815=AXIS2_PLACEMENT_3D('',#13812,#13813,#13814);
#13816=CYLINDRICAL_SURFACE('',#13815,5.E-2);
#13817=ORIENTED_EDGE('',*,*,#13520,.T.);
#13819=ORIENTED_EDGE('',*,*,#13818,.F.);
#13820=ORIENTED_EDGE('',*,*,#7678,.T.);
#13821=ORIENTED_EDGE('',*,*,#13804,.T.);
#13822=EDGE_LOOP('',(#13817,#13819,#13820,#13821));
#13823=FACE_OUTER_BOUND('',#13822,.F.);
#13825=CARTESIAN_POINT('',(1.385E1,3.400048001920E0,2.E-1));
#13826=DIRECTION('',(9.993908270191E-1,0.E0,3.489949670250E-2));
#13827=DIRECTION('',(0.E0,-1.E0,0.E0));
#13828=AXIS2_PLACEMENT_3D('',#13825,#13826,#13827);
#13829=PLANE('',#13828);
#13830=ORIENTED_EDGE('',*,*,#13638,.F.);
#13831=ORIENTED_EDGE('',*,*,#7648,.F.);
#13832=ORIENTED_EDGE('',*,*,#13818,.T.);
#13833=ORIENTED_EDGE('',*,*,#13518,.T.);
#13834=EDGE_LOOP('',(#13830,#13831,#13832,#13833));
#13835=FACE_OUTER_BOUND('',#13834,.F.);
#13837=CARTESIAN_POINT('',(1.309753011688E1,1.347530116876E0,
-5.457395211103E0));
#13838=DIRECTION('',(-3.487826274237E-2,-3.487826274237E-2,9.987827659587E-1));
#13839=DIRECTION('',(9.993908270191E-1,0.E0,3.489949670250E-2));
#13840=AXIS2_PLACEMENT_3D('',#13837,#13838,#13839);
#13841=CYLINDRICAL_SURFACE('',#13840,5.E-2);
#13842=ORIENTED_EDGE('',*,*,#13570,.T.);
#13844=ORIENTED_EDGE('',*,*,#13843,.F.);
#13845=ORIENTED_EDGE('',*,*,#7684,.T.);
#13847=ORIENTED_EDGE('',*,*,#13846,.T.);
#13848=EDGE_LOOP('',(#13842,#13844,#13845,#13847));
#13849=FACE_OUTER_BOUND('',#13848,.F.);
#13851=CARTESIAN_POINT('',(1.295E1,3.400048001920E0,2.E-1));
#13852=DIRECTION('',(9.993908270191E-1,0.E0,3.489949670250E-2));
#13853=DIRECTION('',(0.E0,-1.E0,0.E0));
#13854=AXIS2_PLACEMENT_3D('',#13851,#13852,#13853);
#13855=PLANE('',#13854);
#13856=ORIENTED_EDGE('',*,*,#13843,.T.);
#13857=ORIENTED_EDGE('',*,*,#13596,.T.);
#13859=ORIENTED_EDGE('',*,*,#13858,.F.);
#13860=ORIENTED_EDGE('',*,*,#7686,.F.);
#13861=EDGE_LOOP('',(#13856,#13857,#13859,#13860));
#13862=FACE_OUTER_BOUND('',#13861,.F.);
#13864=CARTESIAN_POINT('',(1.309753011688E1,1.524698831243E-1,
-5.457395211103E0));
#13865=DIRECTION('',(-3.487826274237E-2,3.487826274237E-2,9.987827659587E-1));
#13866=DIRECTION('',(0.E0,-9.993908270191E-1,3.489949670250E-2));
#13867=AXIS2_PLACEMENT_3D('',#13864,#13865,#13866);
#13868=CYLINDRICAL_SURFACE('',#13867,5.E-2);
#13869=ORIENTED_EDGE('',*,*,#13594,.T.);
#13871=ORIENTED_EDGE('',*,*,#13870,.F.);
#13872=ORIENTED_EDGE('',*,*,#7688,.T.);
#13873=ORIENTED_EDGE('',*,*,#13858,.T.);
#13874=EDGE_LOOP('',(#13869,#13871,#13872,#13873));
#13875=FACE_OUTER_BOUND('',#13874,.F.);
#13877=CARTESIAN_POINT('',(1.515004800192E1,3.E-1,2.E-1));
#13878=DIRECTION('',(0.E0,-9.993908270191E-1,3.489949670250E-2));
#13879=DIRECTION('',(-1.E0,0.E0,0.E0));
#13880=AXIS2_PLACEMENT_3D('',#13877,#13878,#13879);
#13881=PLANE('',#13880);
#13882=ORIENTED_EDGE('',*,*,#13870,.T.);
#13883=ORIENTED_EDGE('',*,*,#13592,.T.);
#13885=ORIENTED_EDGE('',*,*,#13884,.F.);
#13886=ORIENTED_EDGE('',*,*,#7690,.F.);
#13887=EDGE_LOOP('',(#13882,#13883,#13885,#13886));
#13888=FACE_OUTER_BOUND('',#13887,.F.);
#13890=CARTESIAN_POINT('',(1.2275E1,-1.900048001920E0,2.E-1));
#13891=DIRECTION('',(-9.993908270191E-1,0.E0,3.489949670250E-2));
#13892=DIRECTION('',(0.E0,1.E0,0.E0));
#13893=AXIS2_PLACEMENT_3D('',#13890,#13891,#13892);
#13894=PLANE('',#13893);
#13895=ORIENTED_EDGE('',*,*,#7692,.F.);
#13896=ORIENTED_EDGE('',*,*,#13884,.T.);
#13897=ORIENTED_EDGE('',*,*,#13590,.T.);
#13899=ORIENTED_EDGE('',*,*,#13898,.F.);
#13900=EDGE_LOOP('',(#13895,#13896,#13897,#13899));
#13901=FACE_OUTER_BOUND('',#13900,.F.);
#13903=CARTESIAN_POINT('',(1.007495199808E1,4.148936167359E-1,2.E-1));
#13904=DIRECTION('',(0.E0,9.993908270191E-1,3.489949670250E-2));
#13905=DIRECTION('',(1.E0,0.E0,0.E0));
#13906=AXIS2_PLACEMENT_3D('',#13903,#13904,#13905);
#13907=PLANE('',#13906);
#13908=ORIENTED_EDGE('',*,*,#7694,.F.);
#13909=ORIENTED_EDGE('',*,*,#13898,.T.);
#13910=ORIENTED_EDGE('',*,*,#13588,.T.);
#13912=ORIENTED_EDGE('',*,*,#13911,.F.);
#13913=EDGE_LOOP('',(#13908,#13909,#13910,#13912));
#13914=FACE_OUTER_BOUND('',#13913,.F.);
#13916=CARTESIAN_POINT('',(1.28375E1,-1.785154385184E0,2.E-1));
#13917=DIRECTION('',(-9.993908270191E-1,0.E0,3.489949670250E-2));
#13918=DIRECTION('',(0.E0,1.E0,0.E0));
#13919=AXIS2_PLACEMENT_3D('',#13916,#13917,#13918);
#13920=PLANE('',#13919);
#13921=ORIENTED_EDGE('',*,*,#7696,.F.);
#13922=ORIENTED_EDGE('',*,*,#13911,.T.);
#13923=ORIENTED_EDGE('',*,*,#13586,.T.);
#13925=ORIENTED_EDGE('',*,*,#13924,.F.);
#13926=EDGE_LOOP('',(#13921,#13922,#13923,#13925));
#13927=FACE_OUTER_BOUND('',#13926,.F.);
#13929=CARTESIAN_POINT('',(1.503754800192E1,7.212765991688E-1,2.E-1));
#13930=DIRECTION('',(0.E0,-9.993908270191E-1,3.489949670250E-2));
#13931=DIRECTION('',(-1.E0,0.E0,0.E0));
#13932=AXIS2_PLACEMENT_3D('',#13929,#13930,#13931);
#13933=PLANE('',#13932);
#13934=ORIENTED_EDGE('',*,*,#7698,.F.);
#13935=ORIENTED_EDGE('',*,*,#13924,.T.);
#13936=ORIENTED_EDGE('',*,*,#13584,.T.);
#13938=ORIENTED_EDGE('',*,*,#13937,.F.);
#13939=EDGE_LOOP('',(#13934,#13935,#13936,#13938));
#13940=FACE_OUTER_BOUND('',#13939,.F.);
#13942=CARTESIAN_POINT('',(1.235000003576E1,-1.478771402751E0,2.E-1));
#13943=DIRECTION('',(-9.993908270191E-1,0.E0,3.489949670250E-2));
#13944=DIRECTION('',(0.E0,1.E0,0.E0));
#13945=AXIS2_PLACEMENT_3D('',#13942,#13943,#13944);
#13946=PLANE('',#13945);
#13947=ORIENTED_EDGE('',*,*,#7700,.F.);
#13948=ORIENTED_EDGE('',*,*,#13937,.T.);
#13949=ORIENTED_EDGE('',*,*,#13582,.T.);
#13951=ORIENTED_EDGE('',*,*,#13950,.F.);
#13952=EDGE_LOOP('',(#13947,#13948,#13949,#13951));
#13953=FACE_OUTER_BOUND('',#13952,.F.);
#13955=CARTESIAN_POINT('',(1.014995203384E1,8.361702024937E-1,2.E-1));
#13956=DIRECTION('',(0.E0,9.993908270191E-1,3.489949670250E-2));
#13957=DIRECTION('',(1.E0,0.E0,0.E0));
#13958=AXIS2_PLACEMENT_3D('',#13955,#13956,#13957);
#13959=PLANE('',#13958);
#13960=ORIENTED_EDGE('',*,*,#7702,.F.);
#13961=ORIENTED_EDGE('',*,*,#13950,.T.);
#13962=ORIENTED_EDGE('',*,*,#13580,.T.);
#13964=ORIENTED_EDGE('',*,*,#13963,.F.);
#13965=EDGE_LOOP('',(#13960,#13961,#13962,#13964));
#13966=FACE_OUTER_BOUND('',#13965,.F.);
#13968=CARTESIAN_POINT('',(1.28375E1,-1.363877799426E0,2.E-1));
#13969=DIRECTION('',(-9.993908270191E-1,0.E0,3.489949670250E-2));
#13970=DIRECTION('',(0.E0,1.E0,0.E0));
#13971=AXIS2_PLACEMENT_3D('',#13968,#13969,#13970);
#13972=PLANE('',#13971);
#13973=ORIENTED_EDGE('',*,*,#7704,.F.);
#13974=ORIENTED_EDGE('',*,*,#13963,.T.);
#13975=ORIENTED_EDGE('',*,*,#13578,.T.);
#13977=ORIENTED_EDGE('',*,*,#13976,.F.);
#13978=EDGE_LOOP('',(#13973,#13974,#13975,#13977));
#13979=FACE_OUTER_BOUND('',#13978,.F.);
#13981=CARTESIAN_POINT('',(1.503754800192E1,1.085106396675E0,2.E-1));
#13982=DIRECTION('',(0.E0,-9.993908270191E-1,3.489949670250E-2));
#13983=DIRECTION('',(-1.E0,0.E0,0.E0));
#13984=AXIS2_PLACEMENT_3D('',#13981,#13982,#13983);
#13985=PLANE('',#13984);
#13986=ORIENTED_EDGE('',*,*,#7706,.F.);
#13987=ORIENTED_EDGE('',*,*,#13976,.T.);
#13988=ORIENTED_EDGE('',*,*,#13576,.T.);
#13990=ORIENTED_EDGE('',*,*,#13989,.F.);
#13991=EDGE_LOOP('',(#13986,#13987,#13988,#13990));
#13992=FACE_OUTER_BOUND('',#13991,.F.);
#13994=CARTESIAN_POINT('',(1.2275E1,-1.114941605245E0,2.E-1));
#13995=DIRECTION('',(-9.993908270191E-1,0.E0,3.489949670250E-2));
#13996=DIRECTION('',(0.E0,1.E0,0.E0));
#13997=AXIS2_PLACEMENT_3D('',#13994,#13995,#13996);
#13998=PLANE('',#13997);
#13999=ORIENTED_EDGE('',*,*,#7708,.F.);
#14000=ORIENTED_EDGE('',*,*,#13989,.T.);
#14001=ORIENTED_EDGE('',*,*,#13574,.T.);
#14003=ORIENTED_EDGE('',*,*,#14002,.F.);
#14004=EDGE_LOOP('',(#13999,#14000,#14001,#14003));
#14005=FACE_OUTER_BOUND('',#14004,.F.);
#14007=CARTESIAN_POINT('',(1.007495199808E1,1.2E0,2.E-1));
#14008=DIRECTION('',(0.E0,9.993908270191E-1,3.489949670250E-2));
#14009=DIRECTION('',(1.E0,0.E0,0.E0));
#14010=AXIS2_PLACEMENT_3D('',#14007,#14008,#14009);
#14011=PLANE('',#14010);
#14012=ORIENTED_EDGE('',*,*,#13846,.F.);
#14013=ORIENTED_EDGE('',*,*,#7682,.F.);
#14014=ORIENTED_EDGE('',*,*,#14002,.T.);
#14015=ORIENTED_EDGE('',*,*,#13572,.T.);
#14016=EDGE_LOOP('',(#14012,#14013,#14014,#14015));
#14017=FACE_OUTER_BOUND('',#14016,.F.);
#14019=CARTESIAN_POINT('',(1.105237604482E1,-1.671618287883E0,2.E-1));
#14020=DIRECTION('',(-9.478160731595E-1,3.169017459568E-1,3.489949670250E-2));
#14021=DIRECTION('',(3.170949116093E-1,9.483938090432E-1,0.E0));
#14022=AXIS2_PLACEMENT_3D('',#14019,#14020,#14021);
#14023=PLANE('',#14022);
#14025=ORIENTED_EDGE('',*,*,#14024,.F.);
#14026=ORIENTED_EDGE('',*,*,#13606,.T.);
#14028=ORIENTED_EDGE('',*,*,#14027,.F.);
#14029=ORIENTED_EDGE('',*,*,#7714,.F.);
#14030=EDGE_LOOP('',(#14025,#14026,#14028,#14029));
#14031=FACE_OUTER_BOUND('',#14030,.F.);
#14033=CARTESIAN_POINT('',(1.175000018398E1,-4.999850317685E-1,
9.367087719347E0));
#14034=DIRECTION('',(-1.345482765419E-8,1.094653462695E-1,-9.939906126147E-1));
#14035=DIRECTION('',(9.478160731595E-1,-3.169017459568E-1,-3.489949670250E-2));
#14036=AXIS2_PLACEMENT_3D('',#14033,#14034,#14035);
#14037=CYLINDRICAL_SURFACE('',#14036,3.E-2);
#14038=ORIENTED_EDGE('',*,*,#7712,.T.);
#14040=ORIENTED_EDGE('',*,*,#14039,.F.);
#14041=ORIENTED_EDGE('',*,*,#13608,.T.);
#14042=ORIENTED_EDGE('',*,*,#14024,.T.);
#14043=EDGE_LOOP('',(#14038,#14040,#14041,#14042));
#14044=FACE_OUTER_BOUND('',#14043,.F.);
#14046=CARTESIAN_POINT('',(1.078987546037E1,3.286511733123E0,2.E-1));
#14047=DIRECTION('',(9.478159952561E-1,3.169019789566E-1,3.489949670250E-2));
#14048=DIRECTION('',(3.170951447511E-1,-9.483937310923E-1,0.E0));
#14049=AXIS2_PLACEMENT_3D('',#14046,#14047,#14048);
#14050=PLANE('',#14049);
#14051=ORIENTED_EDGE('',*,*,#14039,.T.);
#14052=ORIENTED_EDGE('',*,*,#7730,.F.);
#14054=ORIENTED_EDGE('',*,*,#14053,.T.);
#14055=ORIENTED_EDGE('',*,*,#13610,.T.);
#14056=EDGE_LOOP('',(#14051,#14052,#14054,#14055));
#14057=FACE_OUTER_BOUND('',#14056,.F.);
#14059=CARTESIAN_POINT('',(9.174951998080E0,1.2E0,2.E-1));
#14060=DIRECTION('',(0.E0,9.993908270191E-1,3.489949670250E-2));
#14061=DIRECTION('',(1.E0,0.E0,0.E0));
#14062=AXIS2_PLACEMENT_3D('',#14059,#14060,#14061);
#14063=PLANE('',#14062);
#14064=ORIENTED_EDGE('',*,*,#7728,.F.);
#14066=ORIENTED_EDGE('',*,*,#14065,.T.);
#14067=ORIENTED_EDGE('',*,*,#13612,.T.);
#14068=ORIENTED_EDGE('',*,*,#14053,.F.);
#14069=EDGE_LOOP('',(#14064,#14066,#14067,#14068));
#14070=FACE_OUTER_BOUND('',#14069,.F.);
#14072=CARTESIAN_POINT('',(1.237071604397E1,-1.787148844092E0,2.E-1));
#14073=DIRECTION('',(-9.481054084225E-1,-3.160350607922E-1,3.489949670250E-2));
#14074=DIRECTION('',(-3.162276981617E-1,9.486833206689E-1,0.E0));
#14075=AXIS2_PLACEMENT_3D('',#14072,#14073,#14074);
#14076=PLANE('',#14075);
#14078=ORIENTED_EDGE('',*,*,#14077,.T.);
#14079=ORIENTED_EDGE('',*,*,#13614,.T.);
#14080=ORIENTED_EDGE('',*,*,#14065,.F.);
#14081=ORIENTED_EDGE('',*,*,#7726,.F.);
#14082=EDGE_LOOP('',(#14078,#14079,#14080,#14081));
#14083=FACE_OUTER_BOUND('',#14082,.F.);
#14085=CARTESIAN_POINT('',(1.156866622848E1,1.524698831243E-1,
-5.457395211103E0));
#14086=DIRECTION('',(2.514618179937E-2,3.488846095028E-2,9.990748044233E-1));
#14087=DIRECTION('',(-9.481054084225E-1,-3.160350607922E-1,3.489949670250E-2));
#14088=AXIS2_PLACEMENT_3D('',#14085,#14086,#14087);
#14089=CYLINDRICAL_SURFACE('',#14088,5.E-2);
#14090=ORIENTED_EDGE('',*,*,#13616,.T.);
#14091=ORIENTED_EDGE('',*,*,#14077,.F.);
#14092=ORIENTED_EDGE('',*,*,#7724,.T.);
#14094=ORIENTED_EDGE('',*,*,#14093,.T.);
#14095=EDGE_LOOP('',(#14090,#14091,#14092,#14094));
#14096=FACE_OUTER_BOUND('',#14095,.F.);
#14098=CARTESIAN_POINT('',(1.402504800192E1,3.E-1,2.E-1));
#14099=DIRECTION('',(0.E0,-9.993908270191E-1,3.489949670250E-2));
#14100=DIRECTION('',(-1.E0,0.E0,0.E0));
#14101=AXIS2_PLACEMENT_3D('',#14098,#14099,#14100);
#14102=PLANE('',#14101);
#14103=ORIENTED_EDGE('',*,*,#14093,.F.);
#14104=ORIENTED_EDGE('',*,*,#7722,.F.);
#14106=ORIENTED_EDGE('',*,*,#14105,.T.);
#14107=ORIENTED_EDGE('',*,*,#13618,.T.);
#14108=EDGE_LOOP('',(#14103,#14104,#14106,#14107));
#14109=FACE_OUTER_BOUND('',#14108,.F.);
#14111=CARTESIAN_POINT('',(1.193133368797E1,1.524698831243E-1,
-5.457395211103E0));
#14112=DIRECTION('',(-2.514617895734E-2,3.488846095277E-2,9.990748044947E-1));
#14113=DIRECTION('',(0.E0,-9.993908270191E-1,3.489949670250E-2));
#14114=AXIS2_PLACEMENT_3D('',#14111,#14112,#14113);
#14115=CYLINDRICAL_SURFACE('',#14114,5.E-2);
#14116=ORIENTED_EDGE('',*,*,#13620,.T.);
#14117=ORIENTED_EDGE('',*,*,#14105,.F.);
#14118=ORIENTED_EDGE('',*,*,#7720,.T.);
#14120=ORIENTED_EDGE('',*,*,#14119,.T.);
#14121=EDGE_LOOP('',(#14116,#14117,#14118,#14120));
#14122=FACE_OUTER_BOUND('',#14121,.F.);
#14124=CARTESIAN_POINT('',(1.282071637518E1,3.287148769450E0,2.E-1));
#14125=DIRECTION('',(9.481053745156E-1,-3.160351625129E-1,3.489949670250E-2));
#14126=DIRECTION('',(-3.162277999444E-1,-9.486832867413E-1,0.E0));
#14127=AXIS2_PLACEMENT_3D('',#14124,#14125,#14126);
#14128=PLANE('',#14127);
#14129=ORIENTED_EDGE('',*,*,#14119,.F.);
#14130=ORIENTED_EDGE('',*,*,#7718,.F.);
#14132=ORIENTED_EDGE('',*,*,#14131,.T.);
#14133=ORIENTED_EDGE('',*,*,#13622,.T.);
#14134=EDGE_LOOP('',(#14129,#14130,#14132,#14133));
#14135=FACE_OUTER_BOUND('',#14134,.F.);
#14137=CARTESIAN_POINT('',(9.812451926554E0,1.2E0,2.E-1));
#14138=DIRECTION('',(0.E0,9.993908270191E-1,3.489949670250E-2));
#14139=DIRECTION('',(1.E0,0.E0,0.E0));
#14140=AXIS2_PLACEMENT_3D('',#14137,#14138,#14139);
#14141=PLANE('',#14140);
#14142=ORIENTED_EDGE('',*,*,#7716,.F.);
#14143=ORIENTED_EDGE('',*,*,#14027,.T.);
#14144=ORIENTED_EDGE('',*,*,#13624,.T.);
#14145=ORIENTED_EDGE('',*,*,#14131,.F.);
#14146=EDGE_LOOP('',(#14142,#14143,#14144,#14145));
#14147=FACE_OUTER_BOUND('',#14146,.F.);
#14151=FILL_AREA_STYLE_COLOUR('',#17);
#14152=FILL_AREA_STYLE('',(#14151));
#14153=SURFACE_STYLE_FILL_AREA(#14152);
#14154=SURFACE_SIDE_STYLE('',(#14153));
#14155=SURFACE_STYLE_USAGE(.BOTH.,#14154);
#14156=PRESENTATION_STYLE_ASSIGNMENT((#14155));
#19=STYLED_ITEM('',(#14156),#14150);
#14159=PLANE_ANGLE_MEASURE_WITH_UNIT(PLANE_ANGLE_MEASURE(1.745329251994E-2),
#14158);
#14160=(CONVERSION_BASED_UNIT('DEGREE',#14159)NAMED_UNIT(*)PLANE_ANGLE_UNIT());
#14162=UNCERTAINTY_MEASURE_WITH_UNIT(LENGTH_MEASURE(1.E-2),#14157,
'distance_accuracy_value',
'Maximum model space distance between geometric entities at asserted connectivities');
#14164=CARTESIAN_POINT('',(0.E0,0.E0,0.E0));
#14165=DIRECTION('',(0.E0,0.E0,1.E0));
#14166=DIRECTION('',(1.E0,0.E0,0.E0));
#14169=APPLICATION_CONTEXT('automotive_design');
#14170=APPLICATION_PROTOCOL_DEFINITION('international standard',
'automotive_design',2001,#14169);
#14171=PRODUCT_DEFINITION_CONTEXT('part definition',#14169,'design');
#14172=PRODUCT_CONTEXT('',#14169,'mechanical');
#14173=PRODUCT('501-0018','501-0018','NOT SPECIFIED',(#14172));
#14174=PRODUCT_DEFINITION_FORMATION('68','LAST_VERSION',#14173);
#14182=DERIVED_UNIT_ELEMENT(#14181,2.E0);
#14183=DERIVED_UNIT((#14182));
#14184=MEASURE_REPRESENTATION_ITEM('surface area measure',AREA_MEASURE(
1.466748332324E3),#14183);
#14189=DERIVED_UNIT_ELEMENT(#14188,3.E0);
#14190=DERIVED_UNIT((#14189));
#14191=MEASURE_REPRESENTATION_ITEM('volume measure',VOLUME_MEASURE(
8.020878545214E2),#14190);
#14195=CARTESIAN_POINT('centre point',(1.312537577618E0,-8.461798529780E-2,
1.191887379948E0));
#14200=DERIVED_UNIT_ELEMENT(#14199,2.E0);
#14201=DERIVED_UNIT((#14200));
#14202=MEASURE_REPRESENTATION_ITEM('surface area measure',AREA_MEASURE(
1.466748332324E3),#14201);
#14207=DERIVED_UNIT_ELEMENT(#14206,3.E0);
#14208=DERIVED_UNIT((#14207));
#14209=MEASURE_REPRESENTATION_ITEM('volume measure',VOLUME_MEASURE(
8.020878545214E2),#14208);
#14213=CARTESIAN_POINT('centre point',(1.312537577618E0,-8.461798529780E-2,
1.191887379948E0));
#14223=CARTESIAN_POINT('centre point',(1.312537577618E0,-8.461798529780E-2,
1.191887379948E0));
#14227=CARTESIAN_POINT('',(0.E0,0.E0,0.E0));
#14228=DIRECTION('',(0.E0,0.E0,1.E0));
#14229=DIRECTION('',(1.E0,0.E0,0.E0));
#14230=AXIS2_PLACEMENT_3D('',#14227,#14228,#14229);
#14231=ITEM_DEFINED_TRANSFORMATION('','',#14167,#14230);
#14232=(REPRESENTATION_RELATIONSHIP('','',#14168,#14220)REPRESENTATION_RELATIONSHIP_WITH_TRANSFORMATION(#14231)SHAPE_REPRESENTATION_RELATIONSHIP());
#14233=CONTEXT_DEPENDENT_SHAPE_REPRESENTATION(#14232,#14222);
#14236=CARTESIAN_POINT('',(0.E0,0.E0,0.E0));
#14237=DIRECTION('',(0.E0,-1.E0,0.E0));
#14238=DIRECTION('',(1.E0,0.E0,0.E0));
#14239=AXIS2_PLACEMENT_3D('',#14236,#14237,#14238);
#14241=CURVE_STYLE('',#25,POSITIVE_LENGTH_MEASURE(2.E-2),#14234);
#14242=PRESENTATION_STYLE_ASSIGNMENT((#14241));
#14243=STYLED_ITEM('',(#14242),#14240);
#14244=CARTESIAN_POINT('',(0.E0,0.E0,0.E0));
#14245=DIRECTION('',(0.E0,-1.E0,0.E0));
#14246=DIRECTION('',(-1.E0,0.E0,0.E0));
#14247=AXIS2_PLACEMENT_3D('',#14244,#14245,#14246);
#14249=CURVE_STYLE('',#25,POSITIVE_LENGTH_MEASURE(2.E-2),#14234);
#14250=PRESENTATION_STYLE_ASSIGNMENT((#14249));
#14251=STYLED_ITEM('',(#14250),#14248);
#14252=CARTESIAN_POINT('',(0.E0,0.E0,0.E0));
#14253=DIRECTION('',(0.E0,-1.E0,0.E0));
#14254=DIRECTION('',(1.E0,0.E0,0.E0));
#14255=AXIS2_PLACEMENT_3D('',#14252,#14253,#14254);
#14257=CURVE_STYLE('',#25,POSITIVE_LENGTH_MEASURE(2.E-2),#14234);
#14258=PRESENTATION_STYLE_ASSIGNMENT((#14257));
#14259=STYLED_ITEM('',(#14258),#14256);
#14260=CARTESIAN_POINT('',(0.E0,0.E0,0.E0));
#14261=DIRECTION('',(0.E0,-1.E0,0.E0));
#14262=DIRECTION('',(-1.E0,0.E0,0.E0));
#14263=AXIS2_PLACEMENT_3D('',#14260,#14261,#14262);
#14265=CURVE_STYLE('',#25,POSITIVE_LENGTH_MEASURE(2.E-2),#14234);
#14266=PRESENTATION_STYLE_ASSIGNMENT((#14265));
#14267=STYLED_ITEM('',(#14266),#14264);
#14268=DIRECTION('',(0.E0,1.E0,0.E0));
#14269=VECTOR('',#14268,1.5E0);
#14270=CARTESIAN_POINT('',(8.E-1,0.E0,0.E0));
#14271=LINE('',#14270,#14269);
#14272=CURVE_STYLE('',#25,POSITIVE_LENGTH_MEASURE(2.E-2),#14234);
#14273=PRESENTATION_STYLE_ASSIGNMENT((#14272));
#14274=STYLED_ITEM('',(#14273),#14271);
#14275=DIRECTION('',(0.E0,1.E0,0.E0));
#14276=VECTOR('',#14275,1.5E0);
#14277=CARTESIAN_POINT('',(-8.E-1,0.E0,0.E0));
#14278=LINE('',#14277,#14276);
#14279=CURVE_STYLE('',#25,POSITIVE_LENGTH_MEASURE(2.E-2),#14234);
#14280=PRESENTATION_STYLE_ASSIGNMENT((#14279));
#14281=STYLED_ITEM('',(#14280),#14278);
#14282=CARTESIAN_POINT('',(0.E0,1.5E0,0.E0));
#14283=DIRECTION('',(0.E0,-1.E0,0.E0));
#14284=DIRECTION('',(1.E0,0.E0,0.E0));
#14285=AXIS2_PLACEMENT_3D('',#14282,#14283,#14284);
#14287=CURVE_STYLE('',#25,POSITIVE_LENGTH_MEASURE(2.E-2),#14234);
#14288=PRESENTATION_STYLE_ASSIGNMENT((#14287));
#14289=STYLED_ITEM('',(#14288),#14286);
#14290=CARTESIAN_POINT('',(0.E0,1.5E0,0.E0));
#14291=DIRECTION('',(0.E0,-1.E0,0.E0));
#14292=DIRECTION('',(-1.E0,0.E0,0.E0));
#14293=AXIS2_PLACEMENT_3D('',#14290,#14291,#14292);
#14295=CURVE_STYLE('',#25,POSITIVE_LENGTH_MEASURE(2.E-2),#14234);
#14296=PRESENTATION_STYLE_ASSIGNMENT((#14295));
#14297=STYLED_ITEM('',(#14296),#14294);
#14298=CARTESIAN_POINT('',(0.E0,1.5E0,0.E0));
#14299=DIRECTION('',(0.E0,-1.E0,0.E0));
#14300=DIRECTION('',(1.E0,0.E0,0.E0));
#14301=AXIS2_PLACEMENT_3D('',#14298,#14299,#14300);
#14303=CURVE_STYLE('',#25,POSITIVE_LENGTH_MEASURE(2.E-2),#14234);
#14304=PRESENTATION_STYLE_ASSIGNMENT((#14303));
#14305=STYLED_ITEM('',(#14304),#14302);
#14306=CARTESIAN_POINT('',(0.E0,1.5E0,0.E0));
#14307=DIRECTION('',(0.E0,-1.E0,0.E0));
#14308=DIRECTION('',(-1.E0,0.E0,0.E0));
#14309=AXIS2_PLACEMENT_3D('',#14306,#14307,#14308);
#14311=CURVE_STYLE('',#25,POSITIVE_LENGTH_MEASURE(2.E-2),#14234);
#14312=PRESENTATION_STYLE_ASSIGNMENT((#14311));
#14313=STYLED_ITEM('',(#14312),#14310);
#14314=DIRECTION('',(-8.660254037844E-1,-5.E-1,0.E0));
#14315=VECTOR('',#14314,2.020725942164E-1);
#14316=CARTESIAN_POINT('',(-1.075E0,1.5E0,0.E0));
#14317=LINE('',#14316,#14315);
#14318=CURVE_STYLE('',#25,POSITIVE_LENGTH_MEASURE(2.E-2),#14234);
#14319=PRESENTATION_STYLE_ASSIGNMENT((#14318));
#14320=STYLED_ITEM('',(#14319),#14317);
#14321=DIRECTION('',(8.660254037844E-1,-5.E-1,0.E0));
#14322=VECTOR('',#14321,2.020725942164E-1);
#14323=CARTESIAN_POINT('',(1.075E0,1.5E0,0.E0));
#14324=LINE('',#14323,#14322);
#14325=CURVE_STYLE('',#25,POSITIVE_LENGTH_MEASURE(2.E-2),#14234);
#14326=PRESENTATION_STYLE_ASSIGNMENT((#14325));
#14327=STYLED_ITEM('',(#14326),#14324);
#14328=CARTESIAN_POINT('',(0.E0,6.096894838830E-1,0.E0));
#14329=DIRECTION('',(0.E0,1.E0,0.E0));
#14330=DIRECTION('',(1.E0,0.E0,0.E0));
#14331=AXIS2_PLACEMENT_3D('',#14328,#14329,#14330);
#14333=CURVE_STYLE('',#25,POSITIVE_LENGTH_MEASURE(2.E-2),#14234);
#14334=PRESENTATION_STYLE_ASSIGNMENT((#14333));
#14335=STYLED_ITEM('',(#14334),#14332);
#14336=CARTESIAN_POINT('',(0.E0,1.010362971082E-1,0.E0));
#14337=DIRECTION('',(0.E0,1.E0,0.E0));
#14338=DIRECTION('',(1.E0,0.E0,0.E0));
#14339=AXIS2_PLACEMENT_3D('',#14336,#14337,#14338);
#14341=CURVE_STYLE('',#25,POSITIVE_LENGTH_MEASURE(2.E-2),#14234);
#14342=PRESENTATION_STYLE_ASSIGNMENT((#14341));
#14343=STYLED_ITEM('',(#14342),#14340);
#14344=DIRECTION('',(0.E0,1.E0,0.E0));
#14345=VECTOR('',#14344,5.086531867748E-1);
#14346=CARTESIAN_POINT('',(1.25E0,1.010362971082E-1,0.E0));
#14347=LINE('',#14346,#14345);
#14348=CURVE_STYLE('',#25,POSITIVE_LENGTH_MEASURE(2.E-2),#14234);
#14349=PRESENTATION_STYLE_ASSIGNMENT((#14348));
#14350=STYLED_ITEM('',(#14349),#14347);
#14351=CARTESIAN_POINT('',(0.E0,8.903105161170E-1,0.E0));
#14352=DIRECTION('',(0.E0,1.E0,0.E0));
#14353=DIRECTION('',(1.E0,0.E0,0.E0));
#14354=AXIS2_PLACEMENT_3D('',#14351,#14352,#14353);
#14356=CURVE_STYLE('',#25,POSITIVE_LENGTH_MEASURE(2.E-2),#14234);
#14357=PRESENTATION_STYLE_ASSIGNMENT((#14356));
#14358=STYLED_ITEM('',(#14357),#14355);
#14359=DIRECTION('',(0.E0,1.E0,0.E0));
#14360=VECTOR('',#14359,5.086531867748E-1);
#14361=CARTESIAN_POINT('',(1.25E0,8.903105161170E-1,0.E0));
#14362=LINE('',#14361,#14360);
#14363=CURVE_STYLE('',#25,POSITIVE_LENGTH_MEASURE(2.E-2),#14234);
#14364=PRESENTATION_STYLE_ASSIGNMENT((#14363));
#14365=STYLED_ITEM('',(#14364),#14362);
#14366=CARTESIAN_POINT('',(0.E0,1.398963702892E0,0.E0));
#14367=DIRECTION('',(0.E0,1.E0,0.E0));
#14368=DIRECTION('',(1.E0,0.E0,0.E0));
#14369=AXIS2_PLACEMENT_3D('',#14366,#14367,#14368);
#14371=CURVE_STYLE('',#25,POSITIVE_LENGTH_MEASURE(2.E-2),#14234);
#14372=PRESENTATION_STYLE_ASSIGNMENT((#14371));
#14373=STYLED_ITEM('',(#14372),#14370);
#14374=DIRECTION('',(9.961946980917E-1,-8.715574274766E-2,0.E0));
#14375=VECTOR('',#14374,1.756684715701E-1);
#14376=CARTESIAN_POINT('',(1.075E0,6.25E-1,0.E0));
#14377=LINE('',#14376,#14375);
#14378=CURVE_STYLE('',#25,POSITIVE_LENGTH_MEASURE(2.E-2),#14234);
#14379=PRESENTATION_STYLE_ASSIGNMENT((#14378));
#14380=STYLED_ITEM('',(#14379),#14377);
#14381=CARTESIAN_POINT('',(0.E0,6.25E-1,0.E0));
#14382=DIRECTION('',(0.E0,1.E0,0.E0));
#14383=DIRECTION('',(1.E0,0.E0,0.E0));
#14384=AXIS2_PLACEMENT_3D('',#14381,#14382,#14383);
#14386=CURVE_STYLE('',#25,POSITIVE_LENGTH_MEASURE(2.E-2),#14234);
#14387=PRESENTATION_STYLE_ASSIGNMENT((#14386));
#14388=STYLED_ITEM('',(#14387),#14385);
#14389=DIRECTION('',(-9.961946980917E-1,-8.715574274766E-2,0.E0));
#14390=VECTOR('',#14389,1.756684715701E-1);
#14391=CARTESIAN_POINT('',(-1.075E0,6.25E-1,0.E0));
#14392=LINE('',#14391,#14390);
#14393=CURVE_STYLE('',#25,POSITIVE_LENGTH_MEASURE(2.E-2),#14234);
#14394=PRESENTATION_STYLE_ASSIGNMENT((#14393));
#14395=STYLED_ITEM('',(#14394),#14392);
#14396=CARTESIAN_POINT('',(0.E0,6.25E-1,0.E0));
#14397=DIRECTION('',(0.E0,-1.E0,0.E0));
#14398=DIRECTION('',(1.E0,0.E0,0.E0));
#14399=AXIS2_PLACEMENT_3D('',#14396,#14397,#14398);
#14401=CURVE_STYLE('',#25,POSITIVE_LENGTH_MEASURE(2.E-2),#14234);
#14402=PRESENTATION_STYLE_ASSIGNMENT((#14401));
#14403=STYLED_ITEM('',(#14402),#14400);
#14404=CARTESIAN_POINT('',(0.E0,6.096894838830E-1,0.E0));
#14405=DIRECTION('',(0.E0,1.E0,0.E0));
#14406=DIRECTION('',(-1.E0,0.E0,0.E0));
#14407=AXIS2_PLACEMENT_3D('',#14404,#14405,#14406);
#14409=CURVE_STYLE('',#25,POSITIVE_LENGTH_MEASURE(2.E-2),#14234);
#14410=PRESENTATION_STYLE_ASSIGNMENT((#14409));
#14411=STYLED_ITEM('',(#14410),#14408);
#14412=CARTESIAN_POINT('',(0.E0,1.010362971082E-1,0.E0));
#14413=DIRECTION('',(0.E0,1.E0,0.E0));
#14414=DIRECTION('',(-1.E0,0.E0,0.E0));
#14415=AXIS2_PLACEMENT_3D('',#14412,#14413,#14414);
#14417=CURVE_STYLE('',#25,POSITIVE_LENGTH_MEASURE(2.E-2),#14234);
#14418=PRESENTATION_STYLE_ASSIGNMENT((#14417));
#14419=STYLED_ITEM('',(#14418),#14416);
#14420=DIRECTION('',(0.E0,1.E0,0.E0));
#14421=VECTOR('',#14420,5.086531867748E-1);
#14422=CARTESIAN_POINT('',(-1.25E0,1.010362971082E-1,0.E0));
#14423=LINE('',#14422,#14421);
#14424=CURVE_STYLE('',#25,POSITIVE_LENGTH_MEASURE(2.E-2),#14234);
#14425=PRESENTATION_STYLE_ASSIGNMENT((#14424));
#14426=STYLED_ITEM('',(#14425),#14423);
#14427=CARTESIAN_POINT('',(0.E0,8.903105161170E-1,0.E0));
#14428=DIRECTION('',(0.E0,1.E0,0.E0));
#14429=DIRECTION('',(-1.E0,0.E0,0.E0));
#14430=AXIS2_PLACEMENT_3D('',#14427,#14428,#14429);
#14432=CURVE_STYLE('',#25,POSITIVE_LENGTH_MEASURE(2.E-2),#14234);
#14433=PRESENTATION_STYLE_ASSIGNMENT((#14432));
#14434=STYLED_ITEM('',(#14433),#14431);
#14435=DIRECTION('',(0.E0,1.E0,0.E0));
#14436=VECTOR('',#14435,5.086531867748E-1);
#14437=CARTESIAN_POINT('',(-1.25E0,8.903105161170E-1,0.E0));
#14438=LINE('',#14437,#14436);
#14439=CURVE_STYLE('',#25,POSITIVE_LENGTH_MEASURE(2.E-2),#14234);
#14440=PRESENTATION_STYLE_ASSIGNMENT((#14439));
#14441=STYLED_ITEM('',(#14440),#14438);
#14442=CARTESIAN_POINT('',(0.E0,1.398963702892E0,0.E0));
#14443=DIRECTION('',(0.E0,1.E0,0.E0));
#14444=DIRECTION('',(-1.E0,0.E0,0.E0));
#14445=AXIS2_PLACEMENT_3D('',#14442,#14443,#14444);
#14447=CURVE_STYLE('',#25,POSITIVE_LENGTH_MEASURE(2.E-2),#14234);
#14448=PRESENTATION_STYLE_ASSIGNMENT((#14447));
#14449=STYLED_ITEM('',(#14448),#14446);
#14450=DIRECTION('',(-8.660254037844E-1,-5.E-1,0.E0));
#14451=VECTOR('',#14450,2.020725942164E-1);
#14452=CARTESIAN_POINT('',(1.25E0,1.010362971082E-1,0.E0));
#14453=LINE('',#14452,#14451);
#14454=CURVE_STYLE('',#25,POSITIVE_LENGTH_MEASURE(2.E-2),#14234);
#14455=PRESENTATION_STYLE_ASSIGNMENT((#14454));
#14456=STYLED_ITEM('',(#14455),#14453);
#14457=DIRECTION('',(8.660254037844E-1,-5.E-1,0.E0));
#14458=VECTOR('',#14457,2.020725942164E-1);
#14459=CARTESIAN_POINT('',(-1.25E0,1.010362971082E-1,0.E0));
#14460=LINE('',#14459,#14458);
#14461=CURVE_STYLE('',#25,POSITIVE_LENGTH_MEASURE(2.E-2),#14234);
#14462=PRESENTATION_STYLE_ASSIGNMENT((#14461));
#14463=STYLED_ITEM('',(#14462),#14460);
#14464=DIRECTION('',(9.961946980917E-1,-8.715574274766E-2,0.E0));
#14465=VECTOR('',#14464,1.756684715701E-1);
#14466=CARTESIAN_POINT('',(-1.25E0,8.903105161170E-1,0.E0));
#14467=LINE('',#14466,#14465);
#14468=CURVE_STYLE('',#25,POSITIVE_LENGTH_MEASURE(2.E-2),#14234);
#14469=PRESENTATION_STYLE_ASSIGNMENT((#14468));
#14470=STYLED_ITEM('',(#14469),#14467);
#14471=DIRECTION('',(-9.961946980917E-1,-8.715574274766E-2,0.E0));
#14472=VECTOR('',#14471,1.756684715701E-1);
#14473=CARTESIAN_POINT('',(1.25E0,8.903105161170E-1,0.E0));
#14474=LINE('',#14473,#14472);
#14475=CURVE_STYLE('',#25,POSITIVE_LENGTH_MEASURE(2.E-2),#14234);
#14476=PRESENTATION_STYLE_ASSIGNMENT((#14475));
#14477=STYLED_ITEM('',(#14476),#14474);
#14478=DIRECTION('',(0.E0,-1.E0,0.E0));
#14479=VECTOR('',#14478,2.5E-1);
#14480=CARTESIAN_POINT('',(1.075E0,8.75E-1,0.E0));
#14481=LINE('',#14480,#14479);
#14482=CURVE_STYLE('',#25,POSITIVE_LENGTH_MEASURE(2.E-2),#14234);
#14483=PRESENTATION_STYLE_ASSIGNMENT((#14482));
#14484=STYLED_ITEM('',(#14483),#14481);
#14485=CARTESIAN_POINT('',(0.E0,8.75E-1,0.E0));
#14486=DIRECTION('',(0.E0,1.E0,0.E0));
#14487=DIRECTION('',(1.E0,0.E0,0.E0));
#14488=AXIS2_PLACEMENT_3D('',#14485,#14486,#14487);
#14490=CURVE_STYLE('',#25,POSITIVE_LENGTH_MEASURE(2.E-2),#14234);
#14491=PRESENTATION_STYLE_ASSIGNMENT((#14490));
#14492=STYLED_ITEM('',(#14491),#14489);
#14493=DIRECTION('',(0.E0,-1.E0,0.E0));
#14494=VECTOR('',#14493,2.5E-1);
#14495=CARTESIAN_POINT('',(-1.075E0,8.75E-1,0.E0));
#14496=LINE('',#14495,#14494);
#14497=CURVE_STYLE('',#25,POSITIVE_LENGTH_MEASURE(2.E-2),#14234);
#14498=PRESENTATION_STYLE_ASSIGNMENT((#14497));
#14499=STYLED_ITEM('',(#14498),#14496);
#14500=CARTESIAN_POINT('',(0.E0,8.75E-1,0.E0));
#14501=DIRECTION('',(0.E0,-1.E0,0.E0));
#14502=DIRECTION('',(1.E0,0.E0,0.E0));
#14503=AXIS2_PLACEMENT_3D('',#14500,#14501,#14502);
#14505=CURVE_STYLE('',#25,POSITIVE_LENGTH_MEASURE(2.E-2),#14234);
#14506=PRESENTATION_STYLE_ASSIGNMENT((#14505));
#14507=STYLED_ITEM('',(#14506),#14504);
#14508=CARTESIAN_POINT('',(8.E-1,0.E0,0.E0));
#14509=CARTESIAN_POINT('',(-8.E-1,0.E0,0.E0));
#14510=VERTEX_POINT('',#14508);
#14511=VERTEX_POINT('',#14509);
#14512=CARTESIAN_POINT('',(8.E-1,1.5E0,0.E0));
#14513=CARTESIAN_POINT('',(-8.E-1,1.5E0,0.E0));
#14514=VERTEX_POINT('',#14512);
#14515=VERTEX_POINT('',#14513);
#14516=CARTESIAN_POINT('',(1.075E0,8.75E-1,0.E0));
#14517=CARTESIAN_POINT('',(1.075E0,6.25E-1,0.E0));
#14518=VERTEX_POINT('',#14516);
#14519=VERTEX_POINT('',#14517);
#14520=CARTESIAN_POINT('',(-1.075E0,8.75E-1,0.E0));
#14521=CARTESIAN_POINT('',(-1.075E0,6.25E-1,0.E0));
#14522=VERTEX_POINT('',#14520);
#14523=VERTEX_POINT('',#14521);
#14524=CARTESIAN_POINT('',(1.075E0,0.E0,0.E0));
#14525=CARTESIAN_POINT('',(-1.075E0,0.E0,0.E0));
#14526=VERTEX_POINT('',#14524);
#14527=VERTEX_POINT('',#14525);
#14528=CARTESIAN_POINT('',(1.075E0,1.5E0,0.E0));
#14529=CARTESIAN_POINT('',(-1.075E0,1.5E0,0.E0));
#14530=VERTEX_POINT('',#14528);
#14531=VERTEX_POINT('',#14529);
#14532=CARTESIAN_POINT('',(1.25E0,6.096894838830E-1,0.E0));
#14533=CARTESIAN_POINT('',(-1.25E0,6.096894838830E-1,0.E0));
#14534=VERTEX_POINT('',#14532);
#14535=VERTEX_POINT('',#14533);
#14536=CARTESIAN_POINT('',(1.25E0,8.903105161170E-1,0.E0));
#14537=CARTESIAN_POINT('',(-1.25E0,8.903105161170E-1,0.E0));
#14538=VERTEX_POINT('',#14536);
#14539=VERTEX_POINT('',#14537);
#14540=CARTESIAN_POINT('',(1.25E0,1.398963702892E0,0.E0));
#14541=CARTESIAN_POINT('',(-1.25E0,1.398963702892E0,0.E0));
#14542=VERTEX_POINT('',#14540);
#14543=VERTEX_POINT('',#14541);
#14544=CARTESIAN_POINT('',(1.25E0,1.010362971082E-1,0.E0));
#14545=CARTESIAN_POINT('',(-1.25E0,1.010362971082E-1,0.E0));
#14546=VERTEX_POINT('',#14544);
#14547=VERTEX_POINT('',#14545);
#14548=CARTESIAN_POINT('',(0.E0,0.E0,0.E0));
#14549=DIRECTION('',(0.E0,1.E0,0.E0));
#14550=DIRECTION('',(1.E0,0.E0,0.E0));
#14551=AXIS2_PLACEMENT_3D('',#14548,#14549,#14550);
#14552=PLANE('',#14551);
#14554=ORIENTED_EDGE('',*,*,#14553,.F.);
#14556=ORIENTED_EDGE('',*,*,#14555,.F.);
#14557=EDGE_LOOP('',(#14554,#14556));
#14558=FACE_OUTER_BOUND('',#14557,.F.);
#14560=ORIENTED_EDGE('',*,*,#14559,.T.);
#14562=ORIENTED_EDGE('',*,*,#14561,.T.);
#14563=EDGE_LOOP('',(#14560,#14562));
#14564=FACE_BOUND('',#14563,.F.);
#14566=CARTESIAN_POINT('',(0.E0,0.E0,0.E0));
#14567=DIRECTION('',(0.E0,1.E0,0.E0));
#14568=DIRECTION('',(1.E0,0.E0,0.E0));
#14569=AXIS2_PLACEMENT_3D('',#14566,#14567,#14568);
#14570=CYLINDRICAL_SURFACE('',#14569,8.E-1);
#14571=ORIENTED_EDGE('',*,*,#14559,.F.);
#14573=ORIENTED_EDGE('',*,*,#14572,.T.);
#14575=ORIENTED_EDGE('',*,*,#14574,.T.);
#14577=ORIENTED_EDGE('',*,*,#14576,.F.);
#14578=EDGE_LOOP('',(#14571,#14573,#14575,#14577));
#14579=FACE_OUTER_BOUND('',#14578,.F.);
#14581=CARTESIAN_POINT('',(0.E0,0.E0,0.E0));
#14582=DIRECTION('',(0.E0,1.E0,0.E0));
#14583=DIRECTION('',(1.E0,0.E0,0.E0));
#14584=AXIS2_PLACEMENT_3D('',#14581,#14582,#14583);
#14585=CYLINDRICAL_SURFACE('',#14584,8.E-1);
#14586=ORIENTED_EDGE('',*,*,#14561,.F.);
#14587=ORIENTED_EDGE('',*,*,#14576,.T.);
#14589=ORIENTED_EDGE('',*,*,#14588,.T.);
#14590=ORIENTED_EDGE('',*,*,#14572,.F.);
#14591=EDGE_LOOP('',(#14586,#14587,#14589,#14590));
#14592=FACE_OUTER_BOUND('',#14591,.F.);
#14594=CARTESIAN_POINT('',(0.E0,1.5E0,0.E0));
#14595=DIRECTION('',(0.E0,1.E0,0.E0));
#14596=DIRECTION('',(1.E0,0.E0,0.E0));
#14597=AXIS2_PLACEMENT_3D('',#14594,#14595,#14596);
#14598=PLANE('',#14597);
#14600=ORIENTED_EDGE('',*,*,#14599,.T.);
#14602=ORIENTED_EDGE('',*,*,#14601,.T.);
#14603=EDGE_LOOP('',(#14600,#14602));
#14604=FACE_OUTER_BOUND('',#14603,.F.);
#14605=ORIENTED_EDGE('',*,*,#14574,.F.);
#14606=ORIENTED_EDGE('',*,*,#14588,.F.);
#14607=EDGE_LOOP('',(#14605,#14606));
#14608=FACE_BOUND('',#14607,.F.);
#14610=CARTESIAN_POINT('',(0.E0,1.449481851446E0,0.E0));
#14611=DIRECTION('',(0.E0,-1.E0,0.E0));
#14612=DIRECTION('',(-1.E0,0.E0,0.E0));
#14613=AXIS2_PLACEMENT_3D('',#14610,#14611,#14612);
#14614=CONICAL_SURFACE('',#14613,1.1625E0,6.E1);
#14615=ORIENTED_EDGE('',*,*,#14599,.F.);
#14617=ORIENTED_EDGE('',*,*,#14616,.T.);
#14619=ORIENTED_EDGE('',*,*,#14618,.F.);
#14621=ORIENTED_EDGE('',*,*,#14620,.F.);
#14622=EDGE_LOOP('',(#14615,#14617,#14619,#14621));
#14623=FACE_OUTER_BOUND('',#14622,.F.);
#14625=CARTESIAN_POINT('',(0.E0,1.449481851446E0,0.E0));
#14626=DIRECTION('',(0.E0,-1.E0,0.E0));
#14627=DIRECTION('',(-1.E0,0.E0,0.E0));
#14628=AXIS2_PLACEMENT_3D('',#14625,#14626,#14627);
#14629=CONICAL_SURFACE('',#14628,1.1625E0,6.E1);
#14630=ORIENTED_EDGE('',*,*,#14601,.F.);
#14631=ORIENTED_EDGE('',*,*,#14620,.T.);
#14633=ORIENTED_EDGE('',*,*,#14632,.F.);
#14634=ORIENTED_EDGE('',*,*,#14616,.F.);
#14635=EDGE_LOOP('',(#14630,#14631,#14633,#14634));
#14636=FACE_OUTER_BOUND('',#14635,.F.);
#14638=CARTESIAN_POINT('',(0.E0,0.E0,0.E0));
#14639=DIRECTION('',(0.E0,1.E0,0.E0));
#14640=DIRECTION('',(1.E0,0.E0,0.E0));
#14641=AXIS2_PLACEMENT_3D('',#14638,#14639,#14640);
#14642=CYLINDRICAL_SURFACE('',#14641,1.25E0);
#14644=ORIENTED_EDGE('',*,*,#14643,.T.);
#14646=ORIENTED_EDGE('',*,*,#14645,.F.);
#14648=ORIENTED_EDGE('',*,*,#14647,.F.);
#14650=ORIENTED_EDGE('',*,*,#14649,.T.);
#14651=EDGE_LOOP('',(#14644,#14646,#14648,#14650));
#14652=FACE_OUTER_BOUND('',#14651,.F.);
#14654=CARTESIAN_POINT('',(0.E0,0.E0,0.E0));
#14655=DIRECTION('',(0.E0,1.E0,0.E0));
#14656=DIRECTION('',(1.E0,0.E0,0.E0));
#14657=AXIS2_PLACEMENT_3D('',#14654,#14655,#14656);
#14658=CYLINDRICAL_SURFACE('',#14657,1.25E0);
#14660=ORIENTED_EDGE('',*,*,#14659,.F.);
#14662=ORIENTED_EDGE('',*,*,#14661,.T.);
#14663=ORIENTED_EDGE('',*,*,#14632,.T.);
#14665=ORIENTED_EDGE('',*,*,#14664,.F.);
#14666=EDGE_LOOP('',(#14660,#14662,#14663,#14665));
#14667=FACE_OUTER_BOUND('',#14666,.F.);
#14669=CARTESIAN_POINT('',(0.E0,6.173447419415E-1,0.E0));
#14670=DIRECTION('',(0.E0,-1.E0,0.E0));
#14671=DIRECTION('',(-1.E0,0.E0,0.E0));
#14672=AXIS2_PLACEMENT_3D('',#14669,#14670,#14671);
#14673=CONICAL_SURFACE('',#14672,1.1625E0,8.5E1);
#14674=ORIENTED_EDGE('',*,*,#14643,.F.);
#14676=ORIENTED_EDGE('',*,*,#14675,.F.);
#14678=ORIENTED_EDGE('',*,*,#14677,.T.);
#14680=ORIENTED_EDGE('',*,*,#14679,.T.);
#14681=EDGE_LOOP('',(#14674,#14676,#14678,#14680));
#14682=FACE_OUTER_BOUND('',#14681,.F.);
#14684=CARTESIAN_POINT('',(0.E0,6.173447419415E-1,0.E0));
#14685=DIRECTION('',(0.E0,-1.E0,0.E0));
#14686=DIRECTION('',(-1.E0,0.E0,0.E0));
#14687=AXIS2_PLACEMENT_3D('',#14684,#14685,#14686);
#14688=CONICAL_SURFACE('',#14687,1.1625E0,8.5E1);
#14690=ORIENTED_EDGE('',*,*,#14689,.F.);
#14691=ORIENTED_EDGE('',*,*,#14679,.F.);
#14693=ORIENTED_EDGE('',*,*,#14692,.F.);
#14694=ORIENTED_EDGE('',*,*,#14675,.T.);
#14695=EDGE_LOOP('',(#14690,#14691,#14693,#14694));
#14696=FACE_OUTER_BOUND('',#14695,.F.);
#14698=CARTESIAN_POINT('',(0.E0,0.E0,0.E0));
#14699=DIRECTION('',(0.E0,1.E0,0.E0));
#14700=DIRECTION('',(1.E0,0.E0,0.E0));
#14701=AXIS2_PLACEMENT_3D('',#14698,#14699,#14700);
#14702=CYLINDRICAL_SURFACE('',#14701,1.25E0);
#14703=ORIENTED_EDGE('',*,*,#14689,.T.);
#14704=ORIENTED_EDGE('',*,*,#14649,.F.);
#14706=ORIENTED_EDGE('',*,*,#14705,.F.);
#14707=ORIENTED_EDGE('',*,*,#14645,.T.);
#14708=EDGE_LOOP('',(#14703,#14704,#14706,#14707));
#14709=FACE_OUTER_BOUND('',#14708,.F.);
#14711=CARTESIAN_POINT('',(0.E0,0.E0,0.E0));
#14712=DIRECTION('',(0.E0,1.E0,0.E0));
#14713=DIRECTION('',(1.E0,0.E0,0.E0));
#14714=AXIS2_PLACEMENT_3D('',#14711,#14712,#14713);
#14715=CYLINDRICAL_SURFACE('',#14714,1.25E0);
#14717=ORIENTED_EDGE('',*,*,#14716,.F.);
#14718=ORIENTED_EDGE('',*,*,#14664,.T.);
#14719=ORIENTED_EDGE('',*,*,#14618,.T.);
#14720=ORIENTED_EDGE('',*,*,#14661,.F.);
#14721=EDGE_LOOP('',(#14717,#14718,#14719,#14720));
#14722=FACE_OUTER_BOUND('',#14721,.F.);
#14724=CARTESIAN_POINT('',(0.E0,5.051814855409E-2,0.E0));
#14725=DIRECTION('',(0.E0,1.E0,0.E0));
#14726=DIRECTION('',(1.E0,0.E0,0.E0));
#14727=AXIS2_PLACEMENT_3D('',#14724,#14725,#14726);
#14728=CONICAL_SURFACE('',#14727,1.1625E0,6.E1);
#14729=ORIENTED_EDGE('',*,*,#14553,.T.);
#14731=ORIENTED_EDGE('',*,*,#14730,.F.);
#14732=ORIENTED_EDGE('',*,*,#14705,.T.);
#14734=ORIENTED_EDGE('',*,*,#14733,.T.);
#14735=EDGE_LOOP('',(#14729,#14731,#14732,#14734));
#14736=FACE_OUTER_BOUND('',#14735,.F.);
#14738=CARTESIAN_POINT('',(0.E0,5.051814855409E-2,0.E0));
#14739=DIRECTION('',(0.E0,1.E0,0.E0));
#14740=DIRECTION('',(1.E0,0.E0,0.E0));
#14741=AXIS2_PLACEMENT_3D('',#14738,#14739,#14740);
#14742=CONICAL_SURFACE('',#14741,1.1625E0,6.E1);
#14743=ORIENTED_EDGE('',*,*,#14555,.T.);
#14744=ORIENTED_EDGE('',*,*,#14733,.F.);
#14745=ORIENTED_EDGE('',*,*,#14647,.T.);
#14746=ORIENTED_EDGE('',*,*,#14730,.T.);
#14747=EDGE_LOOP('',(#14743,#14744,#14745,#14746));
#14748=FACE_OUTER_BOUND('',#14747,.F.);
#14750=CARTESIAN_POINT('',(0.E0,8.826552580585E-1,0.E0));
#14751=DIRECTION('',(0.E0,1.E0,0.E0));
#14752=DIRECTION('',(1.E0,0.E0,0.E0));
#14753=AXIS2_PLACEMENT_3D('',#14750,#14751,#14752);
#14754=CONICAL_SURFACE('',#14753,1.1625E0,8.5E1);
#14755=ORIENTED_EDGE('',*,*,#14716,.T.);
#14757=ORIENTED_EDGE('',*,*,#14756,.T.);
#14759=ORIENTED_EDGE('',*,*,#14758,.T.);
#14761=ORIENTED_EDGE('',*,*,#14760,.F.);
#14762=EDGE_LOOP('',(#14755,#14757,#14759,#14761));
#14763=FACE_OUTER_BOUND('',#14762,.F.);
#14765=CARTESIAN_POINT('',(0.E0,8.826552580585E-1,0.E0));
#14766=DIRECTION('',(0.E0,1.E0,0.E0));
#14767=DIRECTION('',(1.E0,0.E0,0.E0));
#14768=AXIS2_PLACEMENT_3D('',#14765,#14766,#14767);
#14769=CONICAL_SURFACE('',#14768,1.1625E0,8.5E1);
#14770=ORIENTED_EDGE('',*,*,#14659,.T.);
#14771=ORIENTED_EDGE('',*,*,#14760,.T.);
#14773=ORIENTED_EDGE('',*,*,#14772,.F.);
#14774=ORIENTED_EDGE('',*,*,#14756,.F.);
#14775=EDGE_LOOP('',(#14770,#14771,#14773,#14774));
#14776=FACE_OUTER_BOUND('',#14775,.F.);
#14778=CARTESIAN_POINT('',(0.E0,1.575E0,0.E0));
#14779=DIRECTION('',(0.E0,-1.E0,0.E0));
#14780=DIRECTION('',(-1.E0,0.E0,0.E0));
#14781=AXIS2_PLACEMENT_3D('',#14778,#14779,#14780);
#14782=CYLINDRICAL_SURFACE('',#14781,1.075E0);
#14784=ORIENTED_EDGE('',*,*,#14783,.F.);
#14785=ORIENTED_EDGE('',*,*,#14772,.T.);
#14787=ORIENTED_EDGE('',*,*,#14786,.T.);
#14788=ORIENTED_EDGE('',*,*,#14677,.F.);
#14789=EDGE_LOOP('',(#14784,#14785,#14787,#14788));
#14790=FACE_OUTER_BOUND('',#14789,.F.);
#14792=CARTESIAN_POINT('',(0.E0,1.575E0,0.E0));
#14793=DIRECTION('',(0.E0,-1.E0,0.E0));
#14794=DIRECTION('',(-1.E0,0.E0,0.E0));
#14795=AXIS2_PLACEMENT_3D('',#14792,#14793,#14794);
#14796=CYLINDRICAL_SURFACE('',#14795,1.075E0);
#14797=ORIENTED_EDGE('',*,*,#14783,.T.);
#14798=ORIENTED_EDGE('',*,*,#14692,.T.);
#14799=ORIENTED_EDGE('',*,*,#14786,.F.);
#14800=ORIENTED_EDGE('',*,*,#14758,.F.);
#14801=EDGE_LOOP('',(#14797,#14798,#14799,#14800));
#14802=FACE_OUTER_BOUND('',#14801,.F.);
#14806=FILL_AREA_STYLE_COLOUR('',#14234);
#14807=FILL_AREA_STYLE('',(#14806));
#14808=SURFACE_STYLE_FILL_AREA(#14807);
#14809=SURFACE_SIDE_STYLE('',(#14808));
#14810=SURFACE_STYLE_USAGE(.BOTH.,#14809);
#14811=PRESENTATION_STYLE_ASSIGNMENT((#14810));
#14235=STYLED_ITEM('',(#14811),#14805);
#14814=PLANE_ANGLE_MEASURE_WITH_UNIT(PLANE_ANGLE_MEASURE(1.745329251994E-2),
#14813);
#14815=(CONVERSION_BASED_UNIT('DEGREE',#14814)NAMED_UNIT(*)PLANE_ANGLE_UNIT());
#14817=UNCERTAINTY_MEASURE_WITH_UNIT(LENGTH_MEASURE(3.840419251019E-4),#14812,
'distance_accuracy_value',
'Maximum model space distance between geometric entities at asserted connectivities');
#14819=CARTESIAN_POINT('',(0.E0,0.E0,0.E0));
#14820=DIRECTION('',(0.E0,0.E0,1.E0));
#14821=DIRECTION('',(1.E0,0.E0,0.E0));
#14824=PRODUCT_CONTEXT('',#14169,'mechanical');
#14825=PRODUCT('604-0001','604-0001','NOT SPECIFIED',(#14824));
#14826=PRODUCT_DEFINITION_FORMATION('59','LAST_VERSION',#14825);
#14834=DERIVED_UNIT_ELEMENT(#14833,2.E0);
#14835=DERIVED_UNIT((#14834));
#14836=MEASURE_REPRESENTATION_ITEM('surface area measure',AREA_MEASURE(
2.597629620906E1),#14835);
#14841=DERIVED_UNIT_ELEMENT(#14840,3.E0);
#14842=DERIVED_UNIT((#14841));
#14843=MEASURE_REPRESENTATION_ITEM('volume measure',VOLUME_MEASURE(
3.875170036676E0),#14842);
#14847=CARTESIAN_POINT('centre point',(0.E0,7.5E-1,0.E0));
#14852=DERIVED_UNIT_ELEMENT(#14851,2.E0);
#14853=DERIVED_UNIT((#14852));
#14854=MEASURE_REPRESENTATION_ITEM('surface area measure',AREA_MEASURE(
2.597629620906E1),#14853);
#14859=DERIVED_UNIT_ELEMENT(#14858,3.E0);
#14860=DERIVED_UNIT((#14859));
#14861=MEASURE_REPRESENTATION_ITEM('volume measure',VOLUME_MEASURE(
3.875170036676E0),#14860);
#14865=CARTESIAN_POINT('centre point',(0.E0,7.5E-1,0.E0));
#14872=CARTESIAN_POINT('centre point',(1.25E1,8.25E0,2.45E0));
#14876=CARTESIAN_POINT('',(1.25E1,8.25E0,3.2E0));
#14877=DIRECTION('',(0.E0,1.E0,0.E0));
#14878=DIRECTION('',(1.E0,0.E0,0.E0));
#14879=AXIS2_PLACEMENT_3D('',#14876,#14877,#14878);
#14880=ITEM_DEFINED_TRANSFORMATION('','',#14822,#14879);
#14881=(REPRESENTATION_RELATIONSHIP('','',#14823,#14220)REPRESENTATION_RELATIONSHIP_WITH_TRANSFORMATION(#14880)SHAPE_REPRESENTATION_RELATIONSHIP());
#14882=CONTEXT_DEPENDENT_SHAPE_REPRESENTATION(#14881,#14871);
#14885=PLANE_ANGLE_MEASURE_WITH_UNIT(PLANE_ANGLE_MEASURE(1.745329251994E-2),
#14884);
#14886=(CONVERSION_BASED_UNIT('DEGREE',#14885)NAMED_UNIT(*)PLANE_ANGLE_UNIT());
#14888=UNCERTAINTY_MEASURE_WITH_UNIT(LENGTH_MEASURE(1.E-2),#14883,
'distance_accuracy_value',
'Maximum model space distance between geometric entities at asserted connectivities');
#14890=CARTESIAN_POINT('',(0.E0,0.E0,0.E0));
#14891=DIRECTION('',(0.E0,0.E0,1.E0));
#14892=DIRECTION('',(1.E0,0.E0,0.E0));
#14894=MECHANICAL_DESIGN_GEOMETRIC_PRESENTATION_REPRESENTATION('',(#28,#39,#46,
#54,#61,#72,#80,#94,#102,#113,#120,#131,#138,#149,#156,#168,#175,#187,#194,#205,
#212,#224,#231,#238,#245,#252,#259,#270,#277,#289,#296,#308,#315,#326,#333,#340,
#347,#354,#361,#373,#380,#391,#398,#412,#420,#430,#437,#447,#455,#466,#473,#481,
#488,#499,#507,#517,#524,#534,#542,#550,#558,#566,#574,#582,#589,#596,#603,#610,
#617,#624,#631,#638,#645,#652,#659,#666,#673,#680,#687,#694,#701,#708,#715,#722,
#729,#736,#743,#750,#757,#764,#771,#778,#785,#792,#799,#806,#813,#820,#827,#834,
#841,#848,#855,#862,#869,#876,#885,#892,#899,#906,#913,#920,#927,#934,#941,#951,
#959,#969,#977,#987,#995,#1005,#1013,#1023,#1031,#1041,#1049,#1059,#1067,#1077,
#1085,#1093,#1103,#1111,#1118,#1128,#1138,#1148,#1155,#1165,#1172,#1182,#1190,
#1197,#1205,#1215,#1225,#1235,#1242,#1249,#1257,#1264,#1271,#1278,#1285,#1293,
#1300,#1308,#1315,#1322,#1329,#1336,#1346,#1354,#1362,#1370,#1378,#1386,#1394,
#1402,#1412,#1419,#1426,#1433,#1440,#1449,#1456,#1463,#1470,#1478,#1486,#1495,
#1502,#1511,#1518,#1525,#1532,#1539,#1546,#1553,#1563,#1571,#1578,#1587,#1594,
#1602,#1612,#1619,#1626,#1633,#1640,#1647,#1654,#1661,#1670,#1677,#1684,#1691,
#1701,#1711,#1718,#1725,#1734,#1741,#1750,#1757,#1764,#1771,#1778,#1785,#1792,
#1799,#1806,#1813,#1825,#1836,#1843,#1850,#1857,#1864,#1871,#1878,#1885,#1892,
#1899,#1906,#1913,#1922,#1929,#1936,#1943,#1951,#1958,#1965,#1972,#1980,#1988,
#1995,#2003,#2010,#2017,#2024,#2034,#2042,#2050,#2058,#2066,#2074,#2082,#2090,
#2098,#2108,#2116,#2123,#2135,#2142,#2149,#2160,#2170,#2177,#2184,#2196,#2203,
#2211,#2218,#2225,#2237,#2244,#2252,#2259,#2271,#2278,#2285,#2292,#2300,#2308,
#2316,#2324,#2332,#2340,#2348,#2356,#2364,#2372,#2380,#2388,#2396,#2404,#2411,
#2418,#2425,#2433,#2440,#2447,#2454,#2462,#2469,#2476,#2483,#2491,#2498,#2505,
#2512,#2520,#2527,#2534,#2541,#2549,#2556,#2564,#2571,#2578,#2585,#2593,#2600,
#2608,#2618,#2627,#2634,#2643,#2652,#2659,#2666,#2675,#2682,#2691,#2699,#2710,
#2718,#2732,#2739,#2746,#2753,#2760,#2767,#2774,#2781,#2792,#2804,#2813,#2820,
#2827,#2837,#2845,#2852,#2859,#2867,#2875,#2883,#2890,#2897,#2905,#2912,#2919,
#2927,#2935,#2943,#2950,#2957,#2965,#2972,#2979,#2986,#2996,#3006,#3013,#3021,
#3028,#3035,#3043,#3051,#3059,#3066,#3074,#3081,#3089,#3096,#3106,#3116,#3123,
#3130,#3137,#3144,#3151,#3158,#3167,#3174,#3181,#3188,#3198,#3205,#3212,#3221,
#3228,#3235,#3242,#3249,#3256,#3265,#3272,#3279,#3286,#3293,#3307,#3316,#3323,
#3330,#3337,#3344,#3351,#3358,#3365,#3372,#3379,#3386,#3393,#3400,#3407,#3414,
#3421,#3428,#3435,#3443,#3453,#3460,#3468,#3475,#3486,#3497,#3506,#3517,#3524,
#3531,#3538,#3545,#3552,#3559,#3566,#3573,#3580,#3592,#3599,#3606,#3613,#3620,
#3627,#3634,#3641,#3648,#3655,#3662,#3670,#3677,#3684,#3691,#3698,#3705,#3712,
#3720,#3727,#3734,#3741,#3750,#3757,#3764,#3771,#3778,#3789,#3801,#3808,#3815,
#3822,#3829,#3836,#3843,#3850,#3861,#3868,#3875,#3882,#3889,#3901,#3908,#3915,
#3922,#3929,#3936,#3943,#3954,#3961,#3968,#3975,#3982,#3989,#3996,#4003,#4010,
#4017,#4024,#4035,#4046,#4058,#4070,#4081,#4088,#4095,#4102,#4109,#4116,#4123,
#4130,#4137,#4144,#4151,#4160,#4167,#4174,#4183,#4192,#4199,#4209,#4219,#4226,
#4233,#4240,#4249,#4256,#4265,#4272,#4279,#4286,#4293,#4300,#4307,#4314,#4321,
#4328,#4335,#4343,#4350,#4357,#4364,#4371,#4378,#4385,#4394,#4401,#4408,#4415,
#4422,#4431,#4438,#4445,#4452,#4459,#4466,#4473,#4483,#4490,#4497,#4507,#4514,
#4521,#4530,#4539,#4546,#4553,#4560,#4567,#4577,#4587,#4597,#4605,#4612,#4619,
#4626,#4634,#4644,#4654,#4664,#4671,#4681,#4688,#4698,#4705,#4712,#4719,#4726,
#4733,#4740,#4747,#4754,#4761,#4768,#4779,#4788,#4795,#4805,#4812,#4826,#4840,
#4847,#4854,#4865,#4877,#4886,#4893,#4900,#4909,#4916,#4923,#4935,#4946,#4953,
#4960,#4967,#4974,#4981,#4991,#4998,#5005,#5012,#5019,#5029,#5037,#5044,#5052,
#5059,#5066,#5076,#5083,#5090,#5097,#5104,#5111,#5122,#5131,#5138,#5145,#5152,
#5159,#5168,#5177,#5184,#5192,#5199,#5206,#5213,#5220,#5227,#5234,#5241,#5248,
#5255,#5262,#5269,#5280,#5291,#5298,#5306,#5313,#5320,#5329,#5341,#5355,#5362,
#5369,#5376,#5383,#5390,#5397,#5409,#5417,#5426,#5436,#5444,#5455,#5467,#5478,
#5485,#5492,#5502,#5511,#5518,#5525,#5532,#5539,#5547,#5555,#5563,#5571,#5579,
#5587,#5595,#5603,#5610,#5617,#5624,#5631,#5638,#5645,#5652,#5659,#5667,#5675,
#5682,#5690,#5697,#5705,#5712,#5720,#5727,#5734,#5741,#5749,#5756,#5763,#5771,
#5778,#5785,#5793,#5800,#5807,#5814,#5821,#5828,#5835,#5842,#5849,#5856,#5863,
#5870,#5877,#5884,#5891,#5898,#5905,#5912,#5919,#5926,#5933,#5940,#5947,#5954,
#5961,#5969,#5976,#5984,#5991,#5998,#6005,#6012,#6019,#6026,#6033,#6040,#6047,
#6054,#6061,#6068,#6075,#6083,#6090,#6097,#6104,#6111,#6118,#6125,#6132,#6139,
#6146,#6153,#6160,#6168,#6175,#6182,#6189,#6196,#6203,#6211,#6218,#6226,#6233,
#6240,#6248,#6255,#6262,#6269,#6276,#6283,#6290,#6297,#6304,#6311,#6318,#6325,
#6332,#6339,#6346,#6354,#6361,#6368,#6376,#6383,#6390,#6398,#6405,#6412,#6419,
#6426,#6433,#6440,#6447,#6454,#6461,#6468,#6475,#6482,#6489,#6498,#6505,#6512,
#6519,#6526,#6534,#6541,#6548,#6556,#6563,#6570,#6577,#19,#14243,#14251,#14259,
#14267,#14274,#14281,#14289,#14297,#14305,#14313,#14320,#14327,#14335,#14343,
#14350,#14358,#14365,#14373,#14380,#14388,#14395,#14403,#14411,#14419,#14426,
#14434,#14441,#14449,#14456,#14463,#14470,#14477,#14484,#14492,#14499,#14507,
#14235),#14889);
#14895=PRODUCT_DEFINITION_CONTEXT('part definition',#14169,'design');
#14896=PRODUCT_CONTEXT('',#14169,'mechanical');
#14897=PRODUCT('501-0018_ASM','501-0018_ASM','NOT SPECIFIED',(#14896));
#14898=PRODUCT_DEFINITION_FORMATION('27','LAST_VERSION',#14897);
#14901=DERIVED_UNIT_ELEMENT(#14900,2.E0);
#14902=DERIVED_UNIT((#14901));
#14903=MEASURE_REPRESENTATION_ITEM('surface area measure',AREA_MEASURE(
1.492724628533E3),#14902);
#14908=DERIVED_UNIT_ELEMENT(#14907,3.E0);
#14909=DERIVED_UNIT((#14908));
#14910=MEASURE_REPRESENTATION_ITEM('volume measure',VOLUME_MEASURE(
8.059630245581E2),#14909);
#14914=CARTESIAN_POINT('centre point',(1.366328282457E0,-4.454410982258E-2,
1.197936541237E0));
#14918=PRODUCT_RELATED_PRODUCT_CATEGORY('part','',(#14897,#14173,#14825));
#1=DRAUGHTING_PRE_DEFINED_COLOUR('black');
#2=DRAUGHTING_PRE_DEFINED_COLOUR('green');
#3=COLOUR_RGB('',1.1E-2,1.2E-2,1.E0);
#4=COLOUR_RGB('',4.1E-1,2.61589E-1,1.12848E-1);
#5=COLOUR_RGB('',5.04854E-1,1.5455E-2,1.5455E-2);
#6=COLOUR_RGB('',6.35294E-1,6.86275E-1,7.4902E-1);
#7=COLOUR_RGB('',6.40777E-1,6.40777E-1,6.40777E-1);
#8=COLOUR_RGB('',6.69062E-1,6.69903E-1,6.55217E-1);
#9=COLOUR_RGB('',9.21569E-1,7.05882E-1,4.70588E-1);
#10=DRAUGHTING_PRE_DEFINED_COLOUR('red');
#11=DRAUGHTING_PRE_DEFINED_COLOUR('yellow');
#12=COLOUR_RGB('',1.E0,1.E0,5.3E-1);
#13=COLOUR_RGB('',1.E0,1.E0,9.49E-1);
#14=DRAUGHTING_PRE_DEFINED_COLOUR('white');
#15=COLOUR_RGB('',2.E-1,2.E-1,6.E-1);
#16=COLOUR_RGB('',6.66667E-1,6.66667E-1,6.66667E-1);
#17=COLOUR_RGB('',8.23529E-1,7.05882E-1,4.31373E-1);
#18=COLOUR_RGB('',1.E0,0.E0,2.E-1);
#24=CIRCLE('',#23,1.947138833108E1);
#36=B_SPLINE_CURVE_WITH_KNOTS('',3,(#29,#30,#31,#32,#33,#34,#35),.UNSPECIFIED.,
.F.,.F.,(4,1,1,1,4),(0.E0,2.500000811848E-1,5.000001162772E-1,7.500001513696E-1,
1.E0),.UNSPECIFIED.);
#51=CIRCLE('',#50,2.489278882354E0);
#69=B_SPLINE_CURVE_WITH_KNOTS('',3,(#62,#63,#64,#65,#66,#67,#68),.UNSPECIFIED.,
.F.,.F.,(4,1,1,1,4),(0.E0,2.499998490485E-1,4.999998839781E-1,7.499999189078E-1,
1.E0),.UNSPECIFIED.);
#77=CIRCLE('',#76,1.947132975580E1);
#91=B_SPLINE_CURVE_WITH_KNOTS('',3,(#81,#82,#83,#84,#85,#86,#87,#88,#89,#90),
.UNSPECIFIED.,.F.,.F.,(4,1,1,1,1,1,1,4),(0.E0,1.428571505289E-1,2.8571429E-1,
4.285714294711E-1,5.714285689422E-1,7.142857084134E-1,8.571428478845E-1,1.E0),
.UNSPECIFIED.);
#99=CIRCLE('',#98,1.437489100274E0);
#110=B_SPLINE_CURVE_WITH_KNOTS('',3,(#103,#104,#105,#106,#107,#108,#109),
.UNSPECIFIED.,.F.,.F.,(4,1,1,1,4),(0.E0,2.500000167987E-1,5.000000280751E-1,
7.500000393515E-1,1.E0),.UNSPECIFIED.);
#128=B_SPLINE_CURVE_WITH_KNOTS('',3,(#121,#122,#123,#124,#125,#126,#127),
.UNSPECIFIED.,.F.,.F.,(4,1,1,1,4),(0.E0,2.499999608412E-1,4.999999714639E-1,
7.499999820867E-1,1.E0),.UNSPECIFIED.);
#146=B_SPLINE_CURVE_WITH_KNOTS('',3,(#139,#140,#141,#142,#143,#144,#145),
.UNSPECIFIED.,.F.,.F.,(4,1,1,1,4),(0.E0,2.500000784699E-1,5.000000567593E-1,
7.500000350487E-1,1.E0),.UNSPECIFIED.);
#165=B_SPLINE_CURVE_WITH_KNOTS('',3,(#157,#158,#159,#160,#161,#162,#163,#164),
.UNSPECIFIED.,.F.,.F.,(4,1,1,1,1,4),(0.E0,1.999997057635E-1,3.999998499762E-1,
5.999999941889E-1,8.000001384015E-1,1.E0),.UNSPECIFIED.);
#184=B_SPLINE_CURVE_WITH_KNOTS('',3,(#176,#177,#178,#179,#180,#181,#182,#183),
.UNSPECIFIED.,.F.,.F.,(4,1,1,1,1,4),(0.E0,1.999998634099E-1,4.000000088736E-1,
6.000001543373E-1,8.000002998010E-1,1.E0),.UNSPECIFIED.);
#202=B_SPLINE_CURVE_WITH_KNOTS('',3,(#195,#196,#197,#198,#199,#200,#201),
.UNSPECIFIED.,.F.,.F.,(4,1,1,1,4),(0.E0,2.499999649796E-1,4.999999433E-1,
7.499999216204E-1,1.E0),.UNSPECIFIED.);
#221=B_SPLINE_CURVE_WITH_KNOTS('',3,(#213,#214,#215,#216,#217,#218,#219,#220),
.UNSPECIFIED.,.F.,.F.,(4,1,1,1,1,4),(0.E0,1.999999803933E-1,3.999999949148E-1,
6.000000094363E-1,8.000000239578E-1,1.E0),.UNSPECIFIED.);
#267=B_SPLINE_CURVE_WITH_KNOTS('',3,(#260,#261,#262,#263,#264,#265,#266),
.UNSPECIFIED.,.F.,.F.,(4,1,1,1,4),(0.E0,2.499999949180E-1,4.999999966127E-1,
7.499999983073E-1,1.E0),.UNSPECIFIED.);
#286=B_SPLINE_CURVE_WITH_KNOTS('',3,(#278,#279,#280,#281,#282,#283,#284,#285),
.UNSPECIFIED.,.F.,.F.,(4,1,1,1,1,4),(0.E0,1.999999980506E-1,4.000000033346E-1,
6.000000086185E-1,8.000000139024E-1,1.E0),.UNSPECIFIED.);
#305=B_SPLINE_CURVE_WITH_KNOTS('',3,(#297,#298,#299,#300,#301,#302,#303,#304),
.UNSPECIFIED.,.F.,.F.,(4,1,1,1,1,4),(0.E0,1.999999980506E-1,4.000000033346E-1,
6.000000086185E-1,8.000000139024E-1,1.E0),.UNSPECIFIED.);
#323=B_SPLINE_CURVE_WITH_KNOTS('',3,(#316,#317,#318,#319,#320,#321,#322),
.UNSPECIFIED.,.F.,.F.,(4,1,1,1,4),(0.E0,2.500000016948E-1,5.000000033916E-1,
7.500000050883E-1,1.E0),.UNSPECIFIED.);
#370=B_SPLINE_CURVE_WITH_KNOTS('',3,(#362,#363,#364,#365,#366,#367,#368,#369),
.UNSPECIFIED.,.F.,.F.,(4,1,1,1,1,4),(0.E0,1.999999803933E-1,3.999999949148E-1,
6.000000094363E-1,8.000000239578E-1,1.E0),.UNSPECIFIED.);
#388=B_SPLINE_CURVE_WITH_KNOTS('',3,(#381,#382,#383,#384,#385,#386,#387),
.UNSPECIFIED.,.F.,.F.,(4,1,1,1,4),(0.E0,2.500000179395E-1,5.000000285970E-1,
7.500000392544E-1,1.E0),.UNSPECIFIED.);
#409=B_SPLINE_CURVE_WITH_KNOTS('',3,(#399,#400,#401,#402,#403,#404,#405,#406,
#407,#408),.UNSPECIFIED.,.F.,.F.,(4,1,1,1,1,1,1,4),(0.E0,1.428571034321E-1,
2.857142561758E-1,4.285714089194E-1,5.714285616631E-1,7.142857144067E-1,
8.571428671504E-1,1.E0),.UNSPECIFIED.);
#417=CIRCLE('',#416,1.947138833019E1);
#427=B_SPLINE_CURVE_WITH_KNOTS('',3,(#421,#422,#423,#424,#425,#426),
.UNSPECIFIED.,.F.,.F.,(4,1,1,4),(0.E0,3.333332997333E-1,6.666666210671E-1,1.E0),
.UNSPECIFIED.);
#444=B_SPLINE_CURVE_WITH_KNOTS('',3,(#438,#439,#440,#441,#442,#443),
.UNSPECIFIED.,.F.,.F.,(4,1,1,4),(0.E0,3.333333791569E-1,6.666667003011E-1,1.E0),
.UNSPECIFIED.);
#452=CIRCLE('',#451,1.947138833108E1);
#463=B_SPLINE_CURVE_WITH_KNOTS('',3,(#456,#457,#458,#459,#460,#461,#462),
.UNSPECIFIED.,.F.,.F.,(4,1,1,1,4),(0.E0,2.500000811849E-1,5.000001162773E-1,
7.500001513696E-1,1.E0),.UNSPECIFIED.);
#478=CIRCLE('',#477,2.489278882354E0);
#496=B_SPLINE_CURVE_WITH_KNOTS('',3,(#489,#490,#491,#492,#493,#494,#495),
.UNSPECIFIED.,.F.,.F.,(4,1,1,1,4),(0.E0,2.499998490485E-1,4.999998839781E-1,
7.499999189078E-1,1.E0),.UNSPECIFIED.);
#504=CIRCLE('',#503,1.947138833107E1);
#514=B_SPLINE_CURVE_WITH_KNOTS('',3,(#508,#509,#510,#511,#512,#513),
.UNSPECIFIED.,.F.,.F.,(4,1,1,4),(0.E0,3.333332997333E-1,6.666666210671E-1,1.E0),
.UNSPECIFIED.);
#531=B_SPLINE_CURVE_WITH_KNOTS('',3,(#525,#526,#527,#528,#529,#530),
.UNSPECIFIED.,.F.,.F.,(4,1,1,4),(0.E0,3.333333791569E-1,6.666667003011E-1,1.E0),
.UNSPECIFIED.);
#539=CIRCLE('',#538,1.437488663526E0);
#547=CIRCLE('',#546,1.437488663526E0);
#555=CIRCLE('',#554,1.437488663526E0);
#563=CIRCLE('',#562,1.437488663526E0);
#571=CIRCLE('',#570,1.437488663526E0);
#579=CIRCLE('',#578,1.437488663526E0);
#882=B_SPLINE_CURVE_WITH_KNOTS('',3,(#877,#878,#879,#880,#881),.UNSPECIFIED.,
.F.,.F.,(4,1,4),(0.E0,5.E-1,1.E0),.UNSPECIFIED.);
#948=B_SPLINE_CURVE_WITH_KNOTS('',3,(#942,#943,#944,#945,#946,#947),
.UNSPECIFIED.,.F.,.F.,(4,1,1,4),(0.E0,3.333333333333E-1,6.666666666667E-1,1.E0),
.UNSPECIFIED.);
#956=CIRCLE('',#955,1.968185552232E1);
#966=B_SPLINE_CURVE_WITH_KNOTS('',3,(#960,#961,#962,#963,#964,#965),
.UNSPECIFIED.,.F.,.F.,(4,1,1,4),(0.E0,3.333333333333E-1,6.666666666667E-1,1.E0),
.UNSPECIFIED.);
#974=CIRCLE('',#973,1.975E1);
#984=B_SPLINE_CURVE_WITH_KNOTS('',3,(#978,#979,#980,#981,#982,#983),
.UNSPECIFIED.,.F.,.F.,(4,1,1,4),(0.E0,3.333333333333E-1,6.666666666667E-1,1.E0),
.UNSPECIFIED.);
#992=CIRCLE('',#991,1.975E1);
#1002=B_SPLINE_CURVE_WITH_KNOTS('',3,(#996,#997,#998,#999,#1000,#1001),
.UNSPECIFIED.,.F.,.F.,(4,1,1,4),(0.E0,3.333333333333E-1,6.666666666667E-1,1.E0),
.UNSPECIFIED.);
#1010=CIRCLE('',#1009,1.968185552232E1);
#1020=B_SPLINE_CURVE_WITH_KNOTS('',3,(#1014,#1015,#1016,#1017,#1018,#1019),
.UNSPECIFIED.,.F.,.F.,(4,1,1,4),(0.E0,3.333333333333E-1,6.666666666667E-1,1.E0),
.UNSPECIFIED.);
#1028=CIRCLE('',#1027,1.968185552232E1);
#1038=B_SPLINE_CURVE_WITH_KNOTS('',3,(#1032,#1033,#1034,#1035,#1036,#1037),
.UNSPECIFIED.,.F.,.F.,(4,1,1,4),(0.E0,3.333333333333E-1,6.666666666667E-1,1.E0),
.UNSPECIFIED.);
#1046=CIRCLE('',#1045,1.975E1);
#1056=B_SPLINE_CURVE_WITH_KNOTS('',3,(#1050,#1051,#1052,#1053,#1054,#1055),
.UNSPECIFIED.,.F.,.F.,(4,1,1,4),(0.E0,3.333333333333E-1,6.666666666667E-1,1.E0),
.UNSPECIFIED.);
#1064=CIRCLE('',#1063,1.975E1);
#1074=B_SPLINE_CURVE_WITH_KNOTS('',3,(#1068,#1069,#1070,#1071,#1072,#1073),
.UNSPECIFIED.,.F.,.F.,(4,1,1,4),(0.E0,3.333333333333E-1,6.666666666667E-1,1.E0),
.UNSPECIFIED.);
#1082=CIRCLE('',#1081,1.968185552232E1);
#1090=CIRCLE('',#1089,1.968185551724E1);
#1100=B_SPLINE_CURVE_WITH_KNOTS('',3,(#1094,#1095,#1096,#1097,#1098,#1099),
.UNSPECIFIED.,.F.,.F.,(4,1,1,4),(0.E0,3.333333333333E-1,6.666666666667E-1,1.E0),
.UNSPECIFIED.);
#1108=CIRCLE('',#1107,1.975E1);
#1125=B_SPLINE_CURVE_WITH_KNOTS('',3,(#1119,#1120,#1121,#1122,#1123,#1124),
.UNSPECIFIED.,.F.,.F.,(4,1,1,4),(0.E0,3.333333333333E-1,6.666666666667E-1,1.E0),
.UNSPECIFIED.);
#1135=B_SPLINE_CURVE_WITH_KNOTS('',3,(#1129,#1130,#1131,#1132,#1133,#1134),
.UNSPECIFIED.,.F.,.F.,(4,1,1,4),(0.E0,3.333333026752E-1,6.666666251499E-1,1.E0),
.UNSPECIFIED.);
#1145=B_SPLINE_CURVE_WITH_KNOTS('',3,(#1139,#1140,#1141,#1142,#1143,#1144),
.UNSPECIFIED.,.F.,.F.,(4,1,1,4),(0.E0,3.333333333333E-1,6.666666666667E-1,1.E0),
.UNSPECIFIED.);
#1162=B_SPLINE_CURVE_WITH_KNOTS('',3,(#1156,#1157,#1158,#1159,#1160,#1161),
.UNSPECIFIED.,.F.,.F.,(4,1,1,4),(0.E0,3.333333333333E-1,6.666666666667E-1,1.E0),
.UNSPECIFIED.);
#1179=B_SPLINE_CURVE_WITH_KNOTS('',3,(#1173,#1174,#1175,#1176,#1177,#1178),
.UNSPECIFIED.,.F.,.F.,(4,1,1,4),(0.E0,3.333333333333E-1,6.666666666667E-1,1.E0),
.UNSPECIFIED.);
#1187=CIRCLE('',#1186,1.975E1);
#1202=CIRCLE('',#1201,1.975E1);
#1212=B_SPLINE_CURVE_WITH_KNOTS('',3,(#1206,#1207,#1208,#1209,#1210,#1211),
.UNSPECIFIED.,.F.,.F.,(4,1,1,4),(0.E0,3.333333333333E-1,6.666666666667E-1,1.E0),
.UNSPECIFIED.);
#1222=B_SPLINE_CURVE_WITH_KNOTS('',3,(#1216,#1217,#1218,#1219,#1220,#1221),
.UNSPECIFIED.,.F.,.F.,(4,1,1,4),(0.E0,3.333333442887E-1,6.666666622573E-1,1.E0),
.UNSPECIFIED.);
#1232=B_SPLINE_CURVE_WITH_KNOTS('',3,(#1226,#1227,#1228,#1229,#1230,#1231),
.UNSPECIFIED.,.F.,.F.,(4,1,1,4),(0.E0,3.333333333333E-1,6.666666666667E-1,1.E0),
.UNSPECIFIED.);
#1254=CIRCLE('',#1253,1.919759222072E1);
#1290=CIRCLE('',#1289,2.147592220717E0);
#1305=CIRCLE('',#1304,2.147592220717E0);
#1343=B_SPLINE_CURVE_WITH_KNOTS('',3,(#1337,#1338,#1339,#1340,#1341,#1342),
.UNSPECIFIED.,.F.,.F.,(4,1,1,4),(0.E0,3.333333439797E-1,6.666666623908E-1,1.E0),
.UNSPECIFIED.);
#1351=CIRCLE('',#1350,1.087488663526E0);
#1359=CIRCLE('',#1358,1.087488663526E0);
#1367=CIRCLE('',#1366,1.087488663526E0);
#1375=CIRCLE('',#1374,1.087488663526E0);
#1383=CIRCLE('',#1382,1.087488663526E0);
#1391=CIRCLE('',#1390,1.087488663526E0);
#1399=CIRCLE('',#1398,1.919759222072E1);
#1409=B_SPLINE_CURVE_WITH_KNOTS('',3,(#1403,#1404,#1405,#1406,#1407,#1408),
.UNSPECIFIED.,.F.,.F.,(4,1,1,4),(0.E0,3.333333214956E-1,6.666666445935E-1,1.E0),
.UNSPECIFIED.);
#1446=B_SPLINE_CURVE_WITH_KNOTS('',3,(#1441,#1442,#1443,#1444,#1445),
.UNSPECIFIED.,.F.,.F.,(4,1,4),(0.E0,5.E-1,1.E0),.UNSPECIFIED.);
#1475=CIRCLE('',#1474,1.087488663526E0);
#1483=CIRCLE('',#1482,1.087488663526E0);
#1492=B_SPLINE_CURVE_WITH_KNOTS('',3,(#1487,#1488,#1489,#1490,#1491),
.UNSPECIFIED.,.F.,.F.,(4,1,4),(0.E0,5.E-1,1.E0),.UNSPECIFIED.);
#1508=B_SPLINE_CURVE_WITH_KNOTS('',3,(#1503,#1504,#1505,#1506,#1507),
.UNSPECIFIED.,.F.,.F.,(4,1,4),(0.E0,5.E-1,1.E0),.UNSPECIFIED.);
#1560=B_SPLINE_CURVE_WITH_KNOTS('',3,(#1554,#1555,#1556,#1557,#1558,#1559),
.UNSPECIFIED.,.F.,.F.,(4,1,1,4),(0.E0,3.333333439797E-1,6.666666623908E-1,1.E0),
.UNSPECIFIED.);
#1568=CIRCLE('',#1567,1.919759222072E1);
#1584=B_SPLINE_CURVE_WITH_KNOTS('',3,(#1579,#1580,#1581,#1582,#1583),
.UNSPECIFIED.,.F.,.F.,(4,1,4),(0.E0,5.E-1,1.E0),.UNSPECIFIED.);
#1599=CIRCLE('',#1598,1.919759222072E1);
#1609=B_SPLINE_CURVE_WITH_KNOTS('',3,(#1603,#1604,#1605,#1606,#1607,#1608),
.UNSPECIFIED.,.F.,.F.,(4,1,1,4),(0.E0,3.333333214956E-1,6.666666445935E-1,1.E0),
.UNSPECIFIED.);
#1667=B_SPLINE_CURVE_WITH_KNOTS('',3,(#1662,#1663,#1664,#1665,#1666),
.UNSPECIFIED.,.F.,.F.,(4,1,4),(0.E0,5.E-1,1.E0),.UNSPECIFIED.);
#1698=B_SPLINE_CURVE_WITH_KNOTS('',3,(#1692,#1693,#1694,#1695,#1696,#1697),
.UNSPECIFIED.,.F.,.F.,(4,1,1,4),(0.E0,3.333333442887E-1,6.666666622573E-1,1.E0),
.UNSPECIFIED.);
#1708=B_SPLINE_CURVE_WITH_KNOTS('',3,(#1702,#1703,#1704,#1705,#1706,#1707),
.UNSPECIFIED.,.F.,.F.,(4,1,1,4),(0.E0,3.333333333333E-1,6.666666666667E-1,1.E0),
.UNSPECIFIED.);
#1731=B_SPLINE_CURVE_WITH_KNOTS('',3,(#1726,#1727,#1728,#1729,#1730),
.UNSPECIFIED.,.F.,.F.,(4,1,4),(0.E0,5.E-1,1.E0),.UNSPECIFIED.);
#1747=B_SPLINE_CURVE_WITH_KNOTS('',3,(#1742,#1743,#1744,#1745,#1746),
.UNSPECIFIED.,.F.,.F.,(4,1,4),(0.E0,5.E-1,1.E0),.UNSPECIFIED.);
#1822=B_SPLINE_CURVE_WITH_KNOTS('',3,(#1814,#1815,#1816,#1817,#1818,#1819,#1820,
#1821),.UNSPECIFIED.,.F.,.F.,(4,1,1,1,1,4),(0.E0,2.E-1,4.E-1,6.E-1,8.E-1,1.E0),
.UNSPECIFIED.);
#1833=B_SPLINE_CURVE_WITH_KNOTS('',3,(#1826,#1827,#1828,#1829,#1830,#1831,
#1832),.UNSPECIFIED.,.F.,.F.,(4,1,1,1,4),(0.E0,2.5E-1,5.E-1,7.5E-1,1.E0),
.UNSPECIFIED.);
#1919=B_SPLINE_CURVE_WITH_KNOTS('',3,(#1914,#1915,#1916,#1917,#1918),
.UNSPECIFIED.,.F.,.F.,(4,1,4),(0.E0,5.E-1,1.E0),.UNSPECIFIED.);
#1948=CIRCLE('',#1947,2.25E0);
#1977=CIRCLE('',#1976,2.25E0);
#1985=CIRCLE('',#1984,2.284043492692E0);
#2000=CIRCLE('',#1999,2.25E0);
#2031=B_SPLINE_CURVE_WITH_KNOTS('',3,(#2025,#2026,#2027,#2028,#2029,#2030),
.UNSPECIFIED.,.F.,.F.,(4,1,1,4),(0.E0,3.333333333333E-1,6.666666666667E-1,1.E0),
.UNSPECIFIED.);
#2039=CIRCLE('',#2038,6.E-1);
#2047=CIRCLE('',#2046,6.E-1);
#2055=CIRCLE('',#2054,6.E-1);
#2063=CIRCLE('',#2062,6.E-1);
#2071=CIRCLE('',#2070,6.E-1);
#2079=CIRCLE('',#2078,6.E-1);
#2087=CIRCLE('',#2086,6.E-1);
#2095=CIRCLE('',#2094,6.E-1);
#2105=B_SPLINE_CURVE_WITH_KNOTS('',3,(#2099,#2100,#2101,#2102,#2103,#2104),
.UNSPECIFIED.,.F.,.F.,(4,1,1,4),(0.E0,3.333333333333E-1,6.666666666667E-1,1.E0),
.UNSPECIFIED.);
#2113=CIRCLE('',#2112,2.263092960785E0);
#2132=B_SPLINE_CURVE_WITH_KNOTS('',3,(#2124,#2125,#2126,#2127,#2128,#2129,#2130,
#2131),.UNSPECIFIED.,.F.,.F.,(4,1,1,1,1,4),(0.E0,2.E-1,4.E-1,6.E-1,8.E-1,1.E0),
.UNSPECIFIED.);
#2157=B_SPLINE_CURVE_WITH_KNOTS('',3,(#2150,#2151,#2152,#2153,#2154,#2155,
#2156),.UNSPECIFIED.,.F.,.F.,(4,1,1,1,4),(0.E0,2.5E-1,5.E-1,7.5E-1,1.E0),
.UNSPECIFIED.);
#2167=B_SPLINE_CURVE_WITH_KNOTS('',3,(#2161,#2162,#2163,#2164,#2165,#2166),
.UNSPECIFIED.,.F.,.F.,(4,1,1,4),(0.E0,3.333333333333E-1,6.666666666667E-1,1.E0),
.UNSPECIFIED.);
#2193=B_SPLINE_CURVE_WITH_KNOTS('',3,(#2185,#2186,#2187,#2188,#2189,#2190,#2191,
#2192),.UNSPECIFIED.,.F.,.F.,(4,1,1,1,1,4),(0.E0,2.E-1,4.E-1,6.E-1,8.E-1,1.E0),
.UNSPECIFIED.);
#2208=CIRCLE('',#2207,2.263092960785E0);
#2234=B_SPLINE_CURVE_WITH_KNOTS('',3,(#2226,#2227,#2228,#2229,#2230,#2231,#2232,
#2233),.UNSPECIFIED.,.F.,.F.,(4,1,1,1,1,4),(0.E0,2.E-1,4.E-1,6.E-1,8.E-1,1.E0),
.UNSPECIFIED.);
#2249=CIRCLE('',#2248,2.263092960785E0);
#2268=B_SPLINE_CURVE_WITH_KNOTS('',3,(#2260,#2261,#2262,#2263,#2264,#2265,#2266,
#2267),.UNSPECIFIED.,.F.,.F.,(4,1,1,1,1,4),(0.E0,2.E-1,4.E-1,6.E-1,8.E-1,1.E0),
.UNSPECIFIED.);
#2297=CIRCLE('',#2296,1.15E0);
#2305=CIRCLE('',#2304,1.15E0);
#2313=CIRCLE('',#2312,6.349207694917E-1);
#2321=CIRCLE('',#2320,6.349207694917E-1);
#2329=CIRCLE('',#2328,1.15E0);
#2337=CIRCLE('',#2336,1.15E0);
#2345=CIRCLE('',#2344,6.349207694917E-1);
#2353=CIRCLE('',#2352,6.349207694917E-1);
#2361=CIRCLE('',#2360,1.15E0);
#2369=CIRCLE('',#2368,1.15E0);
#2377=CIRCLE('',#2376,6.349207694917E-1);
#2385=CIRCLE('',#2384,6.349207694917E-1);
#2393=CIRCLE('',#2392,6.349207694917E-1);
#2401=CIRCLE('',#2400,1.220057514976E0);
#2430=CIRCLE('',#2429,1.220057514976E0);
#2459=CIRCLE('',#2458,1.220057514976E0);
#2488=CIRCLE('',#2487,1.220057514976E0);
#2517=CIRCLE('',#2516,1.220057514976E0);
#2546=CIRCLE('',#2545,1.220057514976E0);
#2561=CIRCLE('',#2560,6.349207694917E-1);
#2590=CIRCLE('',#2589,1.15E0);
#2605=CIRCLE('',#2604,1.15E0);
#2615=B_SPLINE_CURVE_WITH_KNOTS('',3,(#2609,#2610,#2611,#2612,#2613,#2614),
.UNSPECIFIED.,.F.,.F.,(4,1,1,4),(0.E0,3.333333333333E-1,6.666666666667E-1,1.E0),
.UNSPECIFIED.);
#2624=B_SPLINE_CURVE_WITH_KNOTS('',3,(#2619,#2620,#2621,#2622,#2623),
.UNSPECIFIED.,.F.,.F.,(4,1,4),(0.E0,5.E-1,1.E0),.UNSPECIFIED.);
#2640=B_SPLINE_CURVE_WITH_KNOTS('',3,(#2635,#2636,#2637,#2638,#2639),
.UNSPECIFIED.,.F.,.F.,(4,1,4),(0.E0,5.E-1,1.E0),.UNSPECIFIED.);
#2649=B_SPLINE_CURVE_WITH_KNOTS('',3,(#2644,#2645,#2646,#2647,#2648),
.UNSPECIFIED.,.F.,.F.,(4,1,4),(0.E0,5.E-1,1.E0),.UNSPECIFIED.);
#2672=B_SPLINE_CURVE_WITH_KNOTS('',3,(#2667,#2668,#2669,#2670,#2671),
.UNSPECIFIED.,.F.,.F.,(4,1,4),(0.E0,5.E-1,1.E0),.UNSPECIFIED.);
#2688=B_SPLINE_CURVE_WITH_KNOTS('',3,(#2683,#2684,#2685,#2686,#2687),
.UNSPECIFIED.,.F.,.F.,(4,1,4),(0.E0,5.E-1,1.E0),.UNSPECIFIED.);
#2696=CIRCLE('',#2695,5.E-1);
#2707=B_SPLINE_CURVE_WITH_KNOTS('',3,(#2700,#2701,#2702,#2703,#2704,#2705,
#2706),.UNSPECIFIED.,.F.,.F.,(4,1,1,1,4),(0.E0,2.5E-1,5.E-1,7.5E-1,1.E0),
.UNSPECIFIED.);
#2715=CIRCLE('',#2714,5.000000028505E-1);
#2729=B_SPLINE_CURVE_WITH_KNOTS('',3,(#2719,#2720,#2721,#2722,#2723,#2724,#2725,
#2726,#2727,#2728),.UNSPECIFIED.,.F.,.F.,(4,1,1,1,1,1,1,4),(0.E0,
1.428571437837E-1,2.857142859664E-1,4.285714281490E-1,5.714285703316E-1,
7.142857125142E-1,8.571428546969E-1,1.E0),.UNSPECIFIED.);
#2789=B_SPLINE_CURVE_WITH_KNOTS('',3,(#2782,#2783,#2784,#2785,#2786,#2787,
#2788),.UNSPECIFIED.,.F.,.F.,(4,1,1,1,4),(0.E0,2.500001456450E-1,
5.000002327238E-1,7.500003198026E-1,1.E0),.UNSPECIFIED.);
#2801=B_SPLINE_CURVE_WITH_KNOTS('',3,(#2793,#2794,#2795,#2796,#2797,#2798,#2799,
#2800),.UNSPECIFIED.,.F.,.F.,(4,1,1,1,1,4),(0.E0,2.E-1,4.E-1,6.E-1,8.E-1,1.E0),
.UNSPECIFIED.);
#2810=B_SPLINE_CURVE_WITH_KNOTS('',3,(#2805,#2806,#2807,#2808,#2809),
.UNSPECIFIED.,.F.,.F.,(4,1,4),(0.E0,5.E-1,1.E0),.UNSPECIFIED.);
#2834=B_SPLINE_CURVE_WITH_KNOTS('',3,(#2828,#2829,#2830,#2831,#2832,#2833),
.UNSPECIFIED.,.F.,.F.,(4,1,1,4),(0.E0,3.333333333333E-1,6.666666666667E-1,1.E0),
.UNSPECIFIED.);
#2842=CIRCLE('',#2841,1.972376019884E1);
#2864=CIRCLE('',#2863,1.972379611036E1);
#2872=CIRCLE('',#2871,1.972376019884E1);
#2880=CIRCLE('',#2879,1.972379611036E1);
#2902=CIRCLE('',#2901,1.972376019884E1);
#2924=CIRCLE('',#2923,1.972379611036E1);
#2932=CIRCLE('',#2931,1.972376019884E1);
#2940=CIRCLE('',#2939,1.972379611036E1);
#2962=CIRCLE('',#2961,1.975E1);
#2993=B_SPLINE_CURVE_WITH_KNOTS('',3,(#2987,#2988,#2989,#2990,#2991,#2992),
.UNSPECIFIED.,.F.,.F.,(4,1,1,4),(0.E0,3.333333333333E-1,6.666666666667E-1,1.E0),
.UNSPECIFIED.);
#3003=B_SPLINE_CURVE_WITH_KNOTS('',3,(#2997,#2998,#2999,#3000,#3001,#3002),
.UNSPECIFIED.,.F.,.F.,(4,1,1,4),(0.E0,3.333333333333E-1,6.666666666667E-1,1.E0),
.UNSPECIFIED.);
#3018=CIRCLE('',#3017,1.152407779283E0);
#3040=CIRCLE('',#3039,1.152407779283E0);
#3048=CIRCLE('',#3047,1.047592220717E0);
#3056=CIRCLE('',#3055,1.047592220717E0);
#3071=CIRCLE('',#3070,2.095184441434E0);
#3086=CIRCLE('',#3085,2.095184441434E0);
#3103=B_SPLINE_CURVE_WITH_KNOTS('',3,(#3097,#3098,#3099,#3100,#3101,#3102),
.UNSPECIFIED.,.F.,.F.,(4,1,1,4),(0.E0,3.333333333333E-1,6.666666666667E-1,1.E0),
.UNSPECIFIED.);
#3113=B_SPLINE_CURVE_WITH_KNOTS('',3,(#3107,#3108,#3109,#3110,#3111,#3112),
.UNSPECIFIED.,.F.,.F.,(4,1,1,4),(0.E0,3.333333333333E-1,6.666666666667E-1,1.E0),
.UNSPECIFIED.);
#3164=B_SPLINE_CURVE_WITH_KNOTS('',3,(#3159,#3160,#3161,#3162,#3163),
.UNSPECIFIED.,.F.,.F.,(4,1,4),(0.E0,5.E-1,1.E0),.UNSPECIFIED.);
#3195=B_SPLINE_CURVE_WITH_KNOTS('',3,(#3189,#3190,#3191,#3192,#3193,#3194),
.UNSPECIFIED.,.F.,.F.,(4,1,1,4),(0.E0,3.333333333333E-1,6.666666666667E-1,1.E0),
.UNSPECIFIED.);
#3218=B_SPLINE_CURVE_WITH_KNOTS('',3,(#3213,#3214,#3215,#3216,#3217),
.UNSPECIFIED.,.F.,.F.,(4,1,4),(0.E0,5.E-1,1.E0),.UNSPECIFIED.);
#3262=B_SPLINE_CURVE_WITH_KNOTS('',3,(#3257,#3258,#3259,#3260,#3261),
.UNSPECIFIED.,.F.,.F.,(4,1,4),(0.E0,5.E-1,1.E0),.UNSPECIFIED.);
#3304=B_SPLINE_CURVE_WITH_KNOTS('',3,(#3294,#3295,#3296,#3297,#3298,#3299,#3300,
#3301,#3302,#3303),.UNSPECIFIED.,.F.,.F.,(4,1,1,1,1,1,1,4),(0.E0,
1.428571428571E-1,2.857142857143E-1,4.285714285714E-1,5.714285714286E-1,
7.142857142857E-1,8.571428571429E-1,1.E0),.UNSPECIFIED.);
#3313=B_SPLINE_CURVE_WITH_KNOTS('',3,(#3308,#3309,#3310,#3311,#3312),
.UNSPECIFIED.,.F.,.F.,(4,1,4),(0.E0,5.E-1,1.E0),.UNSPECIFIED.);
#3440=CIRCLE('',#3439,1.220057502072E0);
#3450=B_SPLINE_CURVE_WITH_KNOTS('',3,(#3444,#3445,#3446,#3447,#3448,#3449),
.UNSPECIFIED.,.F.,.F.,(4,1,1,4),(0.E0,3.333333333333E-1,6.666666666667E-1,1.E0),
.UNSPECIFIED.);
#3465=CIRCLE('',#3464,1.15E0);
#3483=B_SPLINE_CURVE_WITH_KNOTS('',3,(#3476,#3477,#3478,#3479,#3480,#3481,
#3482),.UNSPECIFIED.,.F.,.F.,(4,1,1,1,4),(0.E0,2.500000070559E-1,
5.000000049782E-1,7.500000029005E-1,1.E0),.UNSPECIFIED.);
#3494=B_SPLINE_CURVE_WITH_KNOTS('',3,(#3487,#3488,#3489,#3490,#3491,#3492,
#3493),.UNSPECIFIED.,.F.,.F.,(4,1,1,1,4),(0.E0,2.5E-1,5.E-1,7.5E-1,1.E0),
.UNSPECIFIED.);
#3503=B_SPLINE_CURVE_WITH_KNOTS('',3,(#3498,#3499,#3500,#3501,#3502),
.UNSPECIFIED.,.F.,.F.,(4,1,4),(0.E0,5.E-1,1.E0),.UNSPECIFIED.);
#3514=B_SPLINE_CURVE_WITH_KNOTS('',3,(#3507,#3508,#3509,#3510,#3511,#3512,
#3513),.UNSPECIFIED.,.F.,.F.,(4,1,1,1,4),(0.E0,2.499999904090E-1,
4.999999887042E-1,7.499999869994E-1,1.E0),.UNSPECIFIED.);
#3589=B_SPLINE_CURVE_WITH_KNOTS('',3,(#3581,#3582,#3583,#3584,#3585,#3586,#3587,
#3588),.UNSPECIFIED.,.F.,.F.,(4,1,1,1,1,4),(0.E0,1.999999744181E-1,
3.999999894457E-1,6.000000044734E-1,8.000000195010E-1,1.E0),.UNSPECIFIED.);
#3667=B_SPLINE_CURVE_WITH_KNOTS('',3,(#3663,#3664,#3665,#3666),.UNSPECIFIED.,
.F.,.F.,(4,4),(0.E0,1.E0),.UNSPECIFIED.);
#3717=B_SPLINE_CURVE_WITH_KNOTS('',3,(#3713,#3714,#3715,#3716),.UNSPECIFIED.,
.F.,.F.,(4,4),(0.E0,1.E0),.UNSPECIFIED.);
#3747=B_SPLINE_CURVE_WITH_KNOTS('',3,(#3742,#3743,#3744,#3745,#3746),
.UNSPECIFIED.,.F.,.F.,(4,1,4),(0.E0,5.E-1,1.E0),.UNSPECIFIED.);
#3786=B_SPLINE_CURVE_WITH_KNOTS('',3,(#3779,#3780,#3781,#3782,#3783,#3784,
#3785),.UNSPECIFIED.,.F.,.F.,(4,1,1,1,4),(0.E0,2.5E-1,5.E-1,7.5E-1,1.E0),
.UNSPECIFIED.);
#3798=B_SPLINE_CURVE_WITH_KNOTS('',3,(#3790,#3791,#3792,#3793,#3794,#3795,#3796,
#3797),.UNSPECIFIED.,.F.,.F.,(4,1,1,1,1,4),(0.E0,1.999999988527E-1,
4.000000036507E-1,6.000000084486E-1,8.000000132466E-1,1.E0),.UNSPECIFIED.);
#3858=B_SPLINE_CURVE_WITH_KNOTS('',3,(#3851,#3852,#3853,#3854,#3855,#3856,
#3857),.UNSPECIFIED.,.F.,.F.,(4,1,1,1,4),(0.E0,2.499999991650E-1,
4.999999997330E-1,7.500000003011E-1,1.E0),.UNSPECIFIED.);
#3898=B_SPLINE_CURVE_WITH_KNOTS('',3,(#3890,#3891,#3892,#3893,#3894,#3895,#3896,
#3897),.UNSPECIFIED.,.F.,.F.,(4,1,1,1,1,4),(0.E0,1.999999988527E-1,
4.000000036507E-1,6.000000084486E-1,8.000000132466E-1,1.E0),.UNSPECIFIED.);
#3951=B_SPLINE_CURVE_WITH_KNOTS('',3,(#3944,#3945,#3946,#3947,#3948,#3949,
#3950),.UNSPECIFIED.,.F.,.F.,(4,1,1,1,4),(0.E0,2.499999997002E-1,
5.000000002685E-1,7.500000008368E-1,1.E0),.UNSPECIFIED.);
#4032=B_SPLINE_CURVE_WITH_KNOTS('',3,(#4025,#4026,#4027,#4028,#4029,#4030,
#4031),.UNSPECIFIED.,.F.,.F.,(4,1,1,1,4),(0.E0,2.499998003988E-1,
4.999998004113E-1,7.499998004239E-1,1.E0),.UNSPECIFIED.);
#4043=B_SPLINE_CURVE_WITH_KNOTS('',3,(#4036,#4037,#4038,#4039,#4040,#4041,
#4042),.UNSPECIFIED.,.F.,.F.,(4,1,1,1,4),(0.E0,2.5E-1,5.E-1,7.5E-1,1.E0),
.UNSPECIFIED.);
#4055=B_SPLINE_CURVE_WITH_KNOTS('',3,(#4047,#4048,#4049,#4050,#4051,#4052,#4053,
#4054),.UNSPECIFIED.,.F.,.F.,(4,1,1,1,1,4),(0.E0,2.E-1,4.E-1,6.E-1,8.E-1,1.E0),
.UNSPECIFIED.);
#4067=B_SPLINE_CURVE_WITH_KNOTS('',3,(#4059,#4060,#4061,#4062,#4063,#4064,#4065,
#4066),.UNSPECIFIED.,.F.,.F.,(4,1,1,1,1,4),(0.E0,1.999999744181E-1,
3.999999894457E-1,6.000000044734E-1,8.000000195010E-1,1.E0),.UNSPECIFIED.);
#4078=B_SPLINE_CURVE_WITH_KNOTS('',3,(#4071,#4072,#4073,#4074,#4075,#4076,
#4077),.UNSPECIFIED.,.F.,.F.,(4,1,1,1,4),(0.E0,2.5E-1,5.E-1,7.5E-1,1.E0),
.UNSPECIFIED.);
#4157=B_SPLINE_CURVE_WITH_KNOTS('',3,(#4152,#4153,#4154,#4155,#4156),
.UNSPECIFIED.,.F.,.F.,(4,1,4),(0.E0,5.E-1,1.E0),.UNSPECIFIED.);
#4180=B_SPLINE_CURVE_WITH_KNOTS('',3,(#4175,#4176,#4177,#4178,#4179),
.UNSPECIFIED.,.F.,.F.,(4,1,4),(0.E0,5.E-1,1.E0),.UNSPECIFIED.);
#4189=B_SPLINE_CURVE_WITH_KNOTS('',3,(#4184,#4185,#4186,#4187,#4188),
.UNSPECIFIED.,.F.,.F.,(4,1,4),(0.E0,5.E-1,1.E0),.UNSPECIFIED.);
#4206=B_SPLINE_CURVE_WITH_KNOTS('',3,(#4200,#4201,#4202,#4203,#4204,#4205),
.UNSPECIFIED.,.F.,.F.,(4,1,1,4),(0.E0,3.333333211881E-1,6.666666439635E-1,1.E0),
.UNSPECIFIED.);
#4216=B_SPLINE_CURVE_WITH_KNOTS('',3,(#4210,#4211,#4212,#4213,#4214,#4215),
.UNSPECIFIED.,.F.,.F.,(4,1,1,4),(0.E0,3.333333333333E-1,6.666666666667E-1,1.E0),
.UNSPECIFIED.);
#4246=B_SPLINE_CURVE_WITH_KNOTS('',3,(#4241,#4242,#4243,#4244,#4245),
.UNSPECIFIED.,.F.,.F.,(4,1,4),(0.E0,5.E-1,1.E0),.UNSPECIFIED.);
#4262=B_SPLINE_CURVE_WITH_KNOTS('',3,(#4257,#4258,#4259,#4260,#4261),
.UNSPECIFIED.,.F.,.F.,(4,1,4),(0.E0,5.E-1,1.E0),.UNSPECIFIED.);
#4340=B_SPLINE_CURVE_WITH_KNOTS('',3,(#4336,#4337,#4338,#4339),.UNSPECIFIED.,
.F.,.F.,(4,4),(0.E0,1.E0),.UNSPECIFIED.);
#4391=B_SPLINE_CURVE_WITH_KNOTS('',3,(#4386,#4387,#4388,#4389,#4390),
.UNSPECIFIED.,.F.,.F.,(4,1,4),(0.E0,5.E-1,1.E0),.UNSPECIFIED.);
#4428=B_SPLINE_CURVE_WITH_KNOTS('',3,(#4423,#4424,#4425,#4426,#4427),
.UNSPECIFIED.,.F.,.F.,(4,1,4),(0.E0,5.E-1,1.E0),.UNSPECIFIED.);
#4480=B_SPLINE_CURVE_WITH_KNOTS('',3,(#4474,#4475,#4476,#4477,#4478,#4479),
.UNSPECIFIED.,.F.,.F.,(4,1,1,4),(0.E0,2.5E-1,5.E-1,1.E0),.UNSPECIFIED.);
#4504=B_SPLINE_CURVE_WITH_KNOTS('',3,(#4498,#4499,#4500,#4501,#4502,#4503),
.UNSPECIFIED.,.F.,.F.,(4,1,1,4),(0.E0,5.E-1,7.5E-1,1.E0),.UNSPECIFIED.);
#4527=B_SPLINE_CURVE_WITH_KNOTS('',3,(#4522,#4523,#4524,#4525,#4526),
.UNSPECIFIED.,.F.,.F.,(4,1,4),(0.E0,5.E-1,1.E0),.UNSPECIFIED.);
#4536=B_SPLINE_CURVE_WITH_KNOTS('',3,(#4531,#4532,#4533,#4534,#4535),
.UNSPECIFIED.,.F.,.F.,(4,1,4),(0.E0,5.E-1,1.E0),.UNSPECIFIED.);
#4574=B_SPLINE_CURVE_WITH_KNOTS('',3,(#4568,#4569,#4570,#4571,#4572,#4573),
.UNSPECIFIED.,.F.,.F.,(4,1,1,4),(0.E0,3.333333211881E-1,6.666666439635E-1,1.E0),
.UNSPECIFIED.);
#4584=B_SPLINE_CURVE_WITH_KNOTS('',3,(#4578,#4579,#4580,#4581,#4582,#4583),
.UNSPECIFIED.,.F.,.F.,(4,1,1,4),(0.E0,3.333333333333E-1,6.666666666667E-1,1.E0),
.UNSPECIFIED.);
#4594=B_SPLINE_CURVE_WITH_KNOTS('',3,(#4588,#4589,#4590,#4591,#4592,#4593),
.UNSPECIFIED.,.F.,.F.,(4,1,1,4),(0.E0,3.333333333333E-1,6.666666666667E-1,1.E0),
.UNSPECIFIED.);
#4602=CIRCLE('',#4601,1.975E1);
#4631=CIRCLE('',#4630,1.975E1);
#4641=B_SPLINE_CURVE_WITH_KNOTS('',3,(#4635,#4636,#4637,#4638,#4639,#4640),
.UNSPECIFIED.,.F.,.F.,(4,1,1,4),(0.E0,3.333333333333E-1,6.666666666667E-1,1.E0),
.UNSPECIFIED.);
#4651=B_SPLINE_CURVE_WITH_KNOTS('',3,(#4645,#4646,#4647,#4648,#4649,#4650),
.UNSPECIFIED.,.F.,.F.,(4,1,1,4),(0.E0,3.333333026752E-1,6.666666251499E-1,1.E0),
.UNSPECIFIED.);
#4661=B_SPLINE_CURVE_WITH_KNOTS('',3,(#4655,#4656,#4657,#4658,#4659,#4660),
.UNSPECIFIED.,.F.,.F.,(4,1,1,4),(0.E0,3.333333333333E-1,6.666666666667E-1,1.E0),
.UNSPECIFIED.);
#4678=B_SPLINE_CURVE_WITH_KNOTS('',3,(#4672,#4673,#4674,#4675,#4676,#4677),
.UNSPECIFIED.,.F.,.F.,(4,1,1,4),(0.E0,3.333333333333E-1,6.666666666667E-1,1.E0),
.UNSPECIFIED.);
#4695=B_SPLINE_CURVE_WITH_KNOTS('',3,(#4689,#4690,#4691,#4692,#4693,#4694),
.UNSPECIFIED.,.F.,.F.,(4,1,1,4),(0.E0,3.333333750535E-1,6.666666973553E-1,1.E0),
.UNSPECIFIED.);
#4776=B_SPLINE_CURVE_WITH_KNOTS('',3,(#4769,#4770,#4771,#4772,#4773,#4774,
#4775),.UNSPECIFIED.,.F.,.F.,(4,1,1,1,4),(0.E0,2.500000129927E-1,
5.000000112975E-1,7.500000096022E-1,1.E0),.UNSPECIFIED.);
#4785=B_SPLINE_CURVE_WITH_KNOTS('',3,(#4780,#4781,#4782,#4783,#4784),
.UNSPECIFIED.,.F.,.F.,(4,1,4),(0.E0,5.E-1,1.E0),.UNSPECIFIED.);
#4802=B_SPLINE_CURVE_WITH_KNOTS('',3,(#4796,#4797,#4798,#4799,#4800,#4801),
.UNSPECIFIED.,.F.,.F.,(4,1,1,4),(0.E0,3.333333333333E-1,6.666666666667E-1,1.E0),
.UNSPECIFIED.);
#4823=B_SPLINE_CURVE_WITH_KNOTS('',3,(#4813,#4814,#4815,#4816,#4817,#4818,#4819,
#4820,#4821,#4822),.UNSPECIFIED.,.F.,.F.,(4,1,1,1,1,1,1,4),(0.E0,
1.428570905146E-1,2.857142449584E-1,4.285713994022E-1,5.714285538461E-1,
7.142857082899E-1,8.571428627337E-1,1.E0),.UNSPECIFIED.);
#4837=B_SPLINE_CURVE_WITH_KNOTS('',3,(#4827,#4828,#4829,#4830,#4831,#4832,#4833,
#4834,#4835,#4836),.UNSPECIFIED.,.F.,.F.,(4,1,1,1,1,1,1,4),(0.E0,
1.428571428571E-1,2.857142857143E-1,4.285714285714E-1,5.714285714286E-1,
7.142857142857E-1,8.571428571429E-1,1.E0),.UNSPECIFIED.);
#4862=B_SPLINE_CURVE_WITH_KNOTS('',3,(#4855,#4856,#4857,#4858,#4859,#4860,
#4861),.UNSPECIFIED.,.F.,.F.,(4,1,1,1,4),(0.E0,2.500001456450E-1,
5.000002327238E-1,7.500003198026E-1,1.E0),.UNSPECIFIED.);
#4874=B_SPLINE_CURVE_WITH_KNOTS('',3,(#4866,#4867,#4868,#4869,#4870,#4871,#4872,
#4873),.UNSPECIFIED.,.F.,.F.,(4,1,1,1,1,4),(0.E0,2.E-1,4.E-1,6.E-1,8.E-1,1.E0),
.UNSPECIFIED.);
#4883=B_SPLINE_CURVE_WITH_KNOTS('',3,(#4878,#4879,#4880,#4881,#4882),
.UNSPECIFIED.,.F.,.F.,(4,1,4),(0.E0,5.E-1,1.E0),.UNSPECIFIED.);
#4906=B_SPLINE_CURVE_WITH_KNOTS('',3,(#4901,#4902,#4903,#4904,#4905),
.UNSPECIFIED.,.F.,.F.,(4,1,4),(0.E0,5.E-1,1.E0),.UNSPECIFIED.);
#4932=B_SPLINE_CURVE_WITH_KNOTS('',3,(#4924,#4925,#4926,#4927,#4928,#4929,#4930,
#4931),.UNSPECIFIED.,.F.,.F.,(4,1,1,1,1,4),(0.E0,2.E-1,4.E-1,6.E-1,8.E-1,1.E0),
.UNSPECIFIED.);
#4943=B_SPLINE_CURVE_WITH_KNOTS('',3,(#4936,#4937,#4938,#4939,#4940,#4941,
#4942),.UNSPECIFIED.,.F.,.F.,(4,1,1,1,4),(0.E0,2.499996811275E-1,
4.999997678663E-1,7.499998546052E-1,1.E0),.UNSPECIFIED.);
#4988=B_SPLINE_CURVE_WITH_KNOTS('',3,(#4982,#4983,#4984,#4985,#4986,#4987),
.UNSPECIFIED.,.F.,.F.,(4,1,1,4),(0.E0,3.333333750535E-1,6.666666973553E-1,1.E0),
.UNSPECIFIED.);
#5026=B_SPLINE_CURVE_WITH_KNOTS('',3,(#5020,#5021,#5022,#5023,#5024,#5025),
.UNSPECIFIED.,.F.,.F.,(4,1,1,4),(0.E0,3.333333333333E-1,6.666666666667E-1,1.E0),
.UNSPECIFIED.);
#5034=CIRCLE('',#5033,2.284043492692E0);
#5049=CIRCLE('',#5048,2.25E0);
#5073=B_SPLINE_CURVE_WITH_KNOTS('',3,(#5067,#5068,#5069,#5070,#5071,#5072),
.UNSPECIFIED.,.F.,.F.,(4,1,1,4),(0.E0,3.333333333333E-1,6.666666666667E-1,1.E0),
.UNSPECIFIED.);
#5119=B_SPLINE_CURVE_WITH_KNOTS('',3,(#5112,#5113,#5114,#5115,#5116,#5117,
#5118),.UNSPECIFIED.,.F.,.F.,(4,1,1,1,4),(0.E0,2.5E-1,5.E-1,7.5E-1,1.E0),
.UNSPECIFIED.);
#5128=B_SPLINE_CURVE_WITH_KNOTS('',3,(#5123,#5124,#5125,#5126,#5127),
.UNSPECIFIED.,.F.,.F.,(4,1,4),(0.E0,5.E-1,1.E0),.UNSPECIFIED.);
#5165=B_SPLINE_CURVE_WITH_KNOTS('',3,(#5160,#5161,#5162,#5163,#5164),
.UNSPECIFIED.,.F.,.F.,(4,1,4),(0.E0,5.E-1,1.E0),.UNSPECIFIED.);
#5174=B_SPLINE_CURVE_WITH_KNOTS('',3,(#5169,#5170,#5171,#5172,#5173),
.UNSPECIFIED.,.F.,.F.,(4,1,4),(0.E0,5.E-1,1.E0),.UNSPECIFIED.);
#5189=B_SPLINE_CURVE_WITH_KNOTS('',3,(#5185,#5186,#5187,#5188),.UNSPECIFIED.,
.F.,.F.,(4,4),(0.E0,1.E0),.UNSPECIFIED.);
#5277=B_SPLINE_CURVE_WITH_KNOTS('',3,(#5270,#5271,#5272,#5273,#5274,#5275,
#5276),.UNSPECIFIED.,.F.,.F.,(4,1,1,1,4),(0.E0,2.5E-1,5.E-1,7.5E-1,1.E0),
.UNSPECIFIED.);
#5288=B_SPLINE_CURVE_WITH_KNOTS('',3,(#5281,#5282,#5283,#5284,#5285,#5286,
#5287),.UNSPECIFIED.,.F.,.F.,(4,1,1,1,4),(0.E0,2.500001997512E-1,
5.000001996917E-1,7.500001996323E-1,1.E0),.UNSPECIFIED.);
#5303=B_SPLINE_CURVE_WITH_KNOTS('',3,(#5299,#5300,#5301,#5302),.UNSPECIFIED.,
.F.,.F.,(4,4),(0.E0,1.E0),.UNSPECIFIED.);
#5326=B_SPLINE_CURVE_WITH_KNOTS('',3,(#5321,#5322,#5323,#5324,#5325),
.UNSPECIFIED.,.F.,.F.,(4,1,4),(0.E0,5.E-1,1.E0),.UNSPECIFIED.);
#5338=B_SPLINE_CURVE_WITH_KNOTS('',3,(#5330,#5331,#5332,#5333,#5334,#5335,#5336,
#5337),.UNSPECIFIED.,.F.,.F.,(4,1,1,1,1,4),(0.E0,1.999997979882E-1,
4.000000221081E-1,6.000002462281E-1,8.000004703480E-1,1.E0),.UNSPECIFIED.);
#5352=B_SPLINE_CURVE_WITH_KNOTS('',3,(#5342,#5343,#5344,#5345,#5346,#5347,#5348,
#5349,#5350,#5351),.UNSPECIFIED.,.F.,.F.,(4,1,1,1,1,1,1,4),(0.E0,
1.428571428571E-1,2.857142857143E-1,4.285714285714E-1,5.714285714286E-1,
7.142857142857E-1,8.571428571429E-1,1.E0),.UNSPECIFIED.);
#5406=B_SPLINE_CURVE_WITH_KNOTS('',3,(#5398,#5399,#5400,#5401,#5402,#5403,#5404,
#5405),.UNSPECIFIED.,.F.,.F.,(4,1,1,1,1,4),(0.E0,1.999995320684E-1,
3.999997572783E-1,5.999999824881E-1,8.000002076980E-1,1.E0),.UNSPECIFIED.);
#5414=B_SPLINE_CURVE_WITH_KNOTS('',3,(#5410,#5411,#5412,#5413),.UNSPECIFIED.,
.F.,.F.,(4,4),(0.E0,1.E0),.UNSPECIFIED.);
#5423=B_SPLINE_CURVE_WITH_KNOTS('',3,(#5418,#5419,#5420,#5421,#5422),
.UNSPECIFIED.,.F.,.F.,(4,1,4),(0.E0,5.E-1,1.E0),.UNSPECIFIED.);
#5433=B_SPLINE_CURVE_WITH_KNOTS('',3,(#5427,#5428,#5429,#5430,#5431,#5432),
.UNSPECIFIED.,.F.,.F.,(4,1,1,4),(0.E0,3.333333333333E-1,6.666666666667E-1,1.E0),
.UNSPECIFIED.);
#5441=CIRCLE('',#5440,5.E-1);
#5452=B_SPLINE_CURVE_WITH_KNOTS('',3,(#5445,#5446,#5447,#5448,#5449,#5450,
#5451),.UNSPECIFIED.,.F.,.F.,(4,1,1,1,4),(0.E0,2.5E-1,5.E-1,7.5E-1,1.E0),
.UNSPECIFIED.);
#5464=B_SPLINE_CURVE_WITH_KNOTS('',3,(#5456,#5457,#5458,#5459,#5460,#5461,#5462,
#5463),.UNSPECIFIED.,.F.,.F.,(4,1,1,1,1,4),(0.E0,2.E-1,4.E-1,6.E-1,8.E-1,1.E0),
.UNSPECIFIED.);
#5475=B_SPLINE_CURVE_WITH_KNOTS('',3,(#5468,#5469,#5470,#5471,#5472,#5473,
#5474),.UNSPECIFIED.,.F.,.F.,(4,1,1,1,4),(0.E0,2.499996811275E-1,
4.999997678663E-1,7.499998546052E-1,1.E0),.UNSPECIFIED.);
#5499=B_SPLINE_CURVE_WITH_KNOTS('',3,(#5493,#5494,#5495,#5496,#5497,#5498),
.UNSPECIFIED.,.F.,.F.,(4,1,1,4),(0.E0,3.333333333333E-1,6.666666666667E-1,1.E0),
.UNSPECIFIED.);
#5508=B_SPLINE_CURVE_WITH_KNOTS('',3,(#5503,#5504,#5505,#5506,#5507),
.UNSPECIFIED.,.F.,.F.,(4,1,4),(0.E0,5.E-1,1.E0),.UNSPECIFIED.);
#5544=CIRCLE('',#5543,1.E0);
#5552=CIRCLE('',#5551,1.E0);
#5560=CIRCLE('',#5559,1.E0);
#5568=CIRCLE('',#5567,1.E0);
#5576=CIRCLE('',#5575,1.E0);
#5584=CIRCLE('',#5583,1.E0);
#5592=CIRCLE('',#5591,1.E0);
#5600=CIRCLE('',#5599,1.E0);
#5664=CIRCLE('',#5663,3.264490471063E-1);
#5672=CIRCLE('',#5671,3.E-1);
#5687=CIRCLE('',#5686,3.E-1);
#5702=CIRCLE('',#5701,3.E-1);
#5717=CIRCLE('',#5716,3.E-1);
#5746=CIRCLE('',#5745,3.264490471063E-1);
#5768=CIRCLE('',#5767,3.264490471063E-1);
#5790=CIRCLE('',#5789,3.264490471063E-1);
#5966=B_SPLINE_CURVE_WITH_KNOTS('',3,(#5962,#5963,#5964,#5965),.UNSPECIFIED.,
.F.,.F.,(4,4),(0.E0,1.E0),.UNSPECIFIED.);
#5981=B_SPLINE_CURVE_WITH_KNOTS('',3,(#5977,#5978,#5979,#5980),.UNSPECIFIED.,
.F.,.F.,(4,4),(0.E0,1.E0),.UNSPECIFIED.);
#6080=B_SPLINE_CURVE_WITH_KNOTS('',3,(#6076,#6077,#6078,#6079),.UNSPECIFIED.,
.F.,.F.,(4,4),(0.E0,1.E0),.UNSPECIFIED.);
#6165=B_SPLINE_CURVE_WITH_KNOTS('',3,(#6161,#6162,#6163,#6164),.UNSPECIFIED.,
.F.,.F.,(4,4),(0.E0,1.E0),.UNSPECIFIED.);
#6208=B_SPLINE_CURVE_WITH_KNOTS('',3,(#6204,#6205,#6206,#6207),.UNSPECIFIED.,
.F.,.F.,(4,4),(0.E0,1.E0),.UNSPECIFIED.);
#6223=B_SPLINE_CURVE_WITH_KNOTS('',3,(#6219,#6220,#6221,#6222),.UNSPECIFIED.,
.F.,.F.,(4,4),(0.E0,1.E0),.UNSPECIFIED.);
#6245=B_SPLINE_CURVE_WITH_KNOTS('',3,(#6241,#6242,#6243,#6244),.UNSPECIFIED.,
.F.,.F.,(4,4),(0.E0,1.E0),.UNSPECIFIED.);
#6351=B_SPLINE_CURVE_WITH_KNOTS('',3,(#6347,#6348,#6349,#6350),.UNSPECIFIED.,
.F.,.F.,(4,4),(0.E0,1.E0),.UNSPECIFIED.);
#6373=B_SPLINE_CURVE_WITH_KNOTS('',3,(#6369,#6370,#6371,#6372),.UNSPECIFIED.,
.F.,.F.,(4,4),(0.E0,1.E0),.UNSPECIFIED.);
#6395=B_SPLINE_CURVE_WITH_KNOTS('',3,(#6391,#6392,#6393,#6394),.UNSPECIFIED.,
.F.,.F.,(4,4),(0.E0,1.E0),.UNSPECIFIED.);
#6495=B_SPLINE_CURVE_WITH_KNOTS('',3,(#6490,#6491,#6492,#6493,#6494),
.UNSPECIFIED.,.F.,.F.,(4,1,4),(0.E0,5.E-1,1.E0),.UNSPECIFIED.);
#6531=B_SPLINE_CURVE_WITH_KNOTS('',3,(#6527,#6528,#6529,#6530),.UNSPECIFIED.,
.F.,.F.,(4,4),(0.E0,1.E0),.UNSPECIFIED.);
#6553=B_SPLINE_CURVE_WITH_KNOTS('',3,(#6549,#6550,#6551,#6552),.UNSPECIFIED.,
.F.,.F.,(4,4),(0.E0,1.E0),.UNSPECIFIED.);
#7494=EDGE_CURVE('',#6856,#6857,#24,.T.);
#7496=EDGE_CURVE('',#7030,#6856,#36,.T.);
#7498=EDGE_CURVE('',#7033,#7030,#43,.T.);
#7500=EDGE_CURVE('',#7037,#7033,#51,.T.);
#7502=EDGE_CURVE('',#7041,#7037,#58,.T.);
#7504=EDGE_CURVE('',#6865,#7041,#69,.T.);
#7506=EDGE_CURVE('',#6864,#6865,#77,.T.);
#7508=EDGE_CURVE('',#7116,#6864,#91,.T.);
#7510=EDGE_CURVE('',#7119,#7116,#99,.T.);
#7512=EDGE_CURVE('',#6873,#7119,#110,.T.);
#7514=EDGE_CURVE('',#6872,#6873,#117,.T.);
#7516=EDGE_CURVE('',#6876,#6872,#128,.T.);
#7518=EDGE_CURVE('',#6964,#6876,#135,.T.);
#7520=EDGE_CURVE('',#7184,#6964,#146,.T.);
#7522=EDGE_CURVE('',#7186,#7184,#153,.T.);
#7524=EDGE_CURVE('',#7189,#7186,#165,.T.);
#7526=EDGE_CURVE('',#7192,#7189,#172,.T.);
#7528=EDGE_CURVE('',#7195,#7192,#184,.T.);
#7530=EDGE_CURVE('',#7198,#7195,#191,.T.);
#7532=EDGE_CURVE('',#6880,#7198,#202,.T.);
#7534=EDGE_CURVE('',#6879,#6880,#209,.T.);
#7536=EDGE_CURVE('',#6883,#6879,#221,.T.);
#7538=EDGE_CURVE('',#6885,#6883,#228,.T.);
#7540=EDGE_CURVE('',#6887,#6885,#235,.T.);
#7542=EDGE_CURVE('',#6889,#6887,#242,.T.);
#7544=EDGE_CURVE('',#6891,#6889,#249,.T.);
#7546=EDGE_CURVE('',#6891,#7147,#256,.T.);
#7548=EDGE_CURVE('',#7147,#7146,#267,.T.);
#7550=EDGE_CURVE('',#7146,#7144,#274,.T.);
#7552=EDGE_CURVE('',#7144,#7143,#286,.T.);
#7554=EDGE_CURVE('',#7143,#7141,#293,.T.);
#7556=EDGE_CURVE('',#7141,#7140,#305,.T.);
#7558=EDGE_CURVE('',#7140,#7138,#312,.T.);
#7560=EDGE_CURVE('',#7138,#7137,#323,.T.);
#7562=EDGE_CURVE('',#7137,#6955,#330,.T.);
#7564=EDGE_CURVE('',#6954,#6955,#337,.T.);
#7566=EDGE_CURVE('',#6957,#6954,#344,.T.);
#7568=EDGE_CURVE('',#6959,#6957,#351,.T.);
#7570=EDGE_CURVE('',#6961,#6959,#358,.T.);
#7572=EDGE_CURVE('',#6962,#6961,#370,.T.);
#7574=EDGE_CURVE('',#6968,#6962,#377,.T.);
#7576=EDGE_CURVE('',#6967,#6968,#388,.T.);
#7578=EDGE_CURVE('',#6970,#6967,#395,.T.);
#7580=EDGE_CURVE('',#6976,#6970,#409,.T.);
#7582=EDGE_CURVE('',#6975,#6976,#417,.T.);
#7584=EDGE_CURVE('',#6985,#6975,#427,.T.);
#7586=EDGE_CURVE('',#6987,#6985,#434,.T.);
#7588=EDGE_CURVE('',#6982,#6987,#444,.T.);
#7590=EDGE_CURVE('',#6981,#6982,#452,.T.);
#7592=EDGE_CURVE('',#7044,#6981,#463,.T.);
#7594=EDGE_CURVE('',#7047,#7044,#470,.T.);
#7596=EDGE_CURVE('',#7051,#7047,#478,.T.);
#7598=EDGE_CURVE('',#7055,#7051,#485,.T.);
#7600=EDGE_CURVE('',#6989,#7055,#496,.T.);
#7602=EDGE_CURVE('',#6859,#6989,#504,.T.);
#7604=EDGE_CURVE('',#6858,#6859,#514,.T.);
#7606=EDGE_CURVE('',#6861,#6858,#521,.T.);
#7608=EDGE_CURVE('',#6857,#6861,#531,.T.);
#7612=EDGE_CURVE('',#6838,#6839,#539,.T.);
#7614=EDGE_CURVE('',#6839,#6838,#547,.T.);
#7618=EDGE_CURVE('',#6846,#6847,#555,.T.);
#7620=EDGE_CURVE('',#6847,#6846,#563,.T.);
#7624=EDGE_CURVE('',#7124,#7125,#571,.T.);
#7626=EDGE_CURVE('',#7125,#7124,#579,.T.);
#7630=EDGE_CURVE('',#7268,#7278,#586,.T.);
#7632=EDGE_CURVE('',#7276,#7278,#5790,.T.);
#7634=EDGE_CURVE('',#7276,#7294,#593,.T.);
#7636=EDGE_CURVE('',#7292,#7294,#5768,.T.);
#7638=EDGE_CURVE('',#7292,#7286,#600,.T.);
#7640=EDGE_CURVE('',#7284,#7286,#5746,.T.);
#7642=EDGE_CURVE('',#7284,#7270,#607,.T.);
#7644=EDGE_CURVE('',#7268,#7270,#5664,.T.);
#7648=EDGE_CURVE('',#7468,#7464,#698,.T.);
#7650=EDGE_CURVE('',#7462,#7464,#6245,.T.);
#7652=EDGE_CURVE('',#7462,#7373,#705,.T.);
#7654=EDGE_CURVE('',#7373,#7374,#712,.T.);
#7656=EDGE_CURVE('',#7374,#7376,#719,.T.);
#7658=EDGE_CURVE('',#7376,#7378,#726,.T.);
#7660=EDGE_CURVE('',#7378,#7380,#733,.T.);
#7662=EDGE_CURVE('',#7380,#7382,#740,.T.);
#7664=EDGE_CURVE('',#7382,#7384,#747,.T.);
#7666=EDGE_CURVE('',#7384,#7386,#754,.T.);
#7668=EDGE_CURVE('',#7386,#7388,#761,.T.);
#7670=EDGE_CURVE('',#7388,#7390,#768,.T.);
#7672=EDGE_CURVE('',#7390,#7392,#775,.T.);
#7674=EDGE_CURVE('',#7392,#7394,#782,.T.);
#7676=EDGE_CURVE('',#7394,#7470,#789,.T.);
#7678=EDGE_CURVE('',#7468,#7470,#6351,.T.);
#7682=EDGE_CURVE('',#7436,#7476,#796,.T.);
#7684=EDGE_CURVE('',#7474,#7476,#6373,.T.);
#7686=EDGE_CURVE('',#7474,#7482,#803,.T.);
#7688=EDGE_CURVE('',#7480,#7482,#6395,.T.);
#7690=EDGE_CURVE('',#7480,#7438,#810,.T.);
#7692=EDGE_CURVE('',#7438,#7421,#817,.T.);
#7694=EDGE_CURVE('',#7421,#7422,#824,.T.);
#7696=EDGE_CURVE('',#7422,#7424,#831,.T.);
#7698=EDGE_CURVE('',#7424,#7426,#838,.T.);
#7700=EDGE_CURVE('',#7426,#7428,#845,.T.);
#7702=EDGE_CURVE('',#7428,#7430,#852,.T.);
#7704=EDGE_CURVE('',#7430,#7432,#859,.T.);
#7706=EDGE_CURVE('',#7432,#7434,#866,.T.);
#7708=EDGE_CURVE('',#7434,#7436,#873,.T.);
#7712=EDGE_CURVE('',#7483,#7484,#882,.T.);
#7714=EDGE_CURVE('',#7483,#7445,#889,.T.);
#7716=EDGE_CURVE('',#7445,#7446,#896,.T.);
#7718=EDGE_CURVE('',#7446,#7458,#903,.T.);
#7720=EDGE_CURVE('',#7456,#7458,#6553,.T.);
#7722=EDGE_CURVE('',#7456,#7452,#910,.T.);
#7724=EDGE_CURVE('',#7450,#7452,#6531,.T.);
#7726=EDGE_CURVE('',#7450,#7441,#917,.T.);
#7728=EDGE_CURVE('',#7441,#7442,#924,.T.);
#7730=EDGE_CURVE('',#7442,#7484,#931,.T.);
#7734=ADVANCED_FACE('',(#7611,#7617,#7623,#7629,#7647,#7681,#7711,#7733),#7493,
.F.);
#7740=EDGE_CURVE('',#7397,#7398,#614,.T.);
#7742=EDGE_CURVE('',#7398,#7400,#621,.T.);
#7744=EDGE_CURVE('',#7400,#7402,#628,.T.);
#7746=EDGE_CURVE('',#7402,#7404,#635,.T.);
#7748=EDGE_CURVE('',#7404,#7406,#642,.T.);
#7750=EDGE_CURVE('',#7406,#7408,#649,.T.);
#7752=EDGE_CURVE('',#7408,#7410,#656,.T.);
#7754=EDGE_CURVE('',#7410,#7412,#663,.T.);
#7756=EDGE_CURVE('',#7412,#7414,#670,.T.);
#7758=EDGE_CURVE('',#7414,#7416,#677,.T.);
#7760=EDGE_CURVE('',#7416,#7418,#684,.T.);
#7762=EDGE_CURVE('',#7418,#7397,#691,.T.);
#7766=ADVANCED_FACE('',(#7765),#7739,.F.);
#7772=EDGE_CURVE('',#6853,#6785,#1010,.T.);
#7774=EDGE_CURVE('',#6856,#6853,#938,.T.);
#7777=EDGE_CURVE('',#6857,#6785,#4978,.T.);
#7781=ADVANCED_FACE('',(#7780),#7771,.T.);
#7787=EDGE_CURVE('',#6783,#6654,#948,.T.);
#7789=EDGE_CURVE('',#6783,#6991,#956,.T.);
#7791=EDGE_CURVE('',#7021,#6991,#966,.T.);
#7793=EDGE_CURVE('',#7021,#6653,#974,.T.);
#7795=EDGE_CURVE('',#6654,#6653,#1187,.T.);
#7799=ADVANCED_FACE('',(#7798),#7786,.T.);
#7805=EDGE_CURVE('',#6657,#6785,#984,.T.);
#7807=EDGE_CURVE('',#6646,#6657,#1202,.T.);
#7809=EDGE_CURVE('',#6646,#7012,#992,.T.);
#7811=EDGE_CURVE('',#6853,#7012,#1002,.T.);
#7816=ADVANCED_FACE('',(#7815),#7804,.T.);
#7822=EDGE_CURVE('',#6787,#6658,#1020,.T.);
#7824=EDGE_CURVE('',#6787,#6978,#1028,.T.);
#7826=EDGE_CURVE('',#6781,#6978,#1038,.T.);
#7828=EDGE_CURVE('',#6781,#6649,#1046,.T.);
#7830=EDGE_CURVE('',#6658,#6649,#4602,.T.);
#7834=ADVANCED_FACE('',(#7833),#7821,.T.);
#7840=EDGE_CURVE('',#6661,#6789,#1056,.T.);
#7842=EDGE_CURVE('',#6650,#6661,#4631,.T.);
#7844=EDGE_CURVE('',#6650,#7028,#1064,.T.);
#7846=EDGE_CURVE('',#6984,#7028,#1074,.T.);
#7848=EDGE_CURVE('',#6984,#6789,#1082,.T.);
#7852=ADVANCED_FACE('',(#7851),#7839,.T.);
#7858=EDGE_CURVE('',#6868,#6869,#1090,.T.);
#7860=EDGE_CURVE('',#7016,#6869,#1100,.T.);
#7862=EDGE_CURVE('',#7016,#6775,#1108,.T.);
#7864=EDGE_CURVE('',#6774,#6775,#1115,.T.);
#7866=EDGE_CURVE('',#6868,#6774,#1125,.T.);
#7870=ADVANCED_FACE('',(#7869),#7857,.T.);
#7896=EDGE_CURVE('',#6782,#6655,#1145,.T.);
#7898=EDGE_CURVE('',#6782,#6783,#1135,.T.);
#7901=EDGE_CURVE('',#6654,#6655,#1179,.T.);
#7905=ADVANCED_FACE('',(#7904),#7895,.T.);
#7912=EDGE_CURVE('',#6655,#6656,#1152,.T.);
#7914=EDGE_CURVE('',#6656,#6784,#1162,.T.);
#7916=EDGE_CURVE('',#6784,#6782,#1169,.T.);
#7920=ADVANCED_FACE('',(#7919),#7910,.F.);
#7928=EDGE_CURVE('',#6652,#6653,#1232,.T.);
#7930=EDGE_CURVE('',#6652,#6601,#4237,.T.);
#7932=EDGE_CURVE('',#6597,#6601,#4304,.T.);
#7934=EDGE_CURVE('',#6593,#6597,#1194,.T.);
#7936=EDGE_CURVE('',#6593,#6599,#4120,.T.);
#7938=EDGE_CURVE('',#6599,#6647,#4269,.T.);
#7940=EDGE_CURVE('',#6646,#6647,#4216,.T.);
#7943=EDGE_CURVE('',#6656,#6657,#1212,.T.);
#7948=ADVANCED_FACE('',(#7947),#7925,.F.);
#7974=EDGE_CURVE('',#6930,#6928,#1222,.T.);
#7976=EDGE_CURVE('',#6652,#6930,#4246,.T.);
#7979=EDGE_CURVE('',#6653,#6928,#2909,.T.);
#7983=ADVANCED_FACE('',(#7982),#7973,.T.);
#8018=EDGE_CURVE('',#6928,#6924,#1246,.T.);
#8020=EDGE_CURVE('',#6931,#6924,#1560,.T.);
#8022=EDGE_CURVE('',#6930,#6931,#1239,.T.);
#8026=ADVANCED_FACE('',(#8025),#8016,.F.);
#8032=EDGE_CURVE('',#6924,#6925,#1568,.T.);
#8035=EDGE_CURVE('',#6928,#6929,#2902,.T.);
#8037=EDGE_CURVE('',#6929,#6925,#4527,.T.);
#8041=ADVANCED_FACE('',(#8040),#8031,.T.);
#8047=EDGE_CURVE('',#6896,#6897,#1254,.T.);
#8049=EDGE_CURVE('',#6897,#7211,#1261,.T.);
#8051=EDGE_CURVE('',#7211,#7207,#1268,.T.);
#8053=EDGE_CURVE('',#7207,#7154,#1275,.T.);
#8055=EDGE_CURVE('',#7154,#7155,#1282,.T.);
#8057=EDGE_CURVE('',#7155,#7157,#1290,.T.);
#8059=EDGE_CURVE('',#7157,#7086,#1297,.T.);
#8061=EDGE_CURVE('',#7086,#7087,#1305,.T.);
#8063=EDGE_CURVE('',#6713,#7087,#1312,.T.);
#8065=EDGE_CURVE('',#6717,#6713,#1833,.T.);
#8067=EDGE_CURVE('',#6700,#6717,#1319,.T.);
#8069=EDGE_CURVE('',#6906,#6700,#1326,.T.);
#8071=EDGE_CURVE('',#6906,#6903,#1333,.T.);
#8073=EDGE_CURVE('',#6903,#6896,#1343,.T.);
#8077=EDGE_CURVE('',#7253,#7254,#1351,.T.);
#8079=EDGE_CURVE('',#7254,#7253,#1359,.T.);
#8083=ADVANCED_FACE('',(#8076,#8082),#8046,.T.);
#8089=EDGE_CURVE('',#6942,#6943,#1399,.T.);
#8091=EDGE_CURVE('',#6944,#6942,#1409,.T.);
#8093=EDGE_CURVE('',#6949,#6944,#1416,.T.);
#8095=EDGE_CURVE('',#6949,#6704,#1423,.T.);
#8097=EDGE_CURVE('',#6721,#6704,#1430,.T.);
#8099=EDGE_CURVE('',#6725,#6721,#4078,.T.);
#8101=EDGE_CURVE('',#6746,#6725,#1437,.T.);
#8103=EDGE_CURVE('',#6744,#6746,#1446,.T.);
#8105=EDGE_CURVE('',#6777,#6744,#1453,.T.);
#8107=EDGE_CURVE('',#6777,#7095,#1460,.T.);
#8109=EDGE_CURVE('',#6943,#7095,#1467,.T.);
#8113=EDGE_CURVE('',#7261,#7262,#1475,.T.);
#8115=EDGE_CURVE('',#7262,#7261,#1483,.T.);
#8119=ADVANCED_FACE('',(#8112,#8118),#8088,.T.);
#8125=EDGE_CURVE('',#7068,#7069,#1492,.T.);
#8127=EDGE_CURVE('',#6737,#7068,#4470,.T.);
#8129=EDGE_CURVE('',#6741,#6737,#5128,.T.);
#8131=EDGE_CURVE('',#6761,#6741,#1499,.T.);
#8133=EDGE_CURVE('',#6760,#6761,#1508,.T.);
#8135=EDGE_CURVE('',#6683,#6760,#1515,.T.);
#8137=EDGE_CURVE('',#6685,#6683,#1522,.T.);
#8139=EDGE_CURVE('',#6689,#6685,#1529,.T.);
#8141=EDGE_CURVE('',#6708,#6689,#1536,.T.);
#8143=EDGE_CURVE('',#6934,#6708,#1543,.T.);
#8145=EDGE_CURVE('',#6934,#6931,#1550,.T.);
#8149=EDGE_CURVE('',#6925,#7069,#1575,.T.);
#8153=EDGE_CURVE('',#7257,#7258,#1383,.T.);
#8155=EDGE_CURVE('',#7258,#7257,#1391,.T.);
#8159=ADVANCED_FACE('',(#8152,#8158),#8124,.T.);
#8165=EDGE_CURVE('',#7070,#7071,#1584,.T.);
#8167=EDGE_CURVE('',#6915,#7070,#1591,.T.);
#8169=EDGE_CURVE('',#6914,#6915,#1599,.T.);
#8171=EDGE_CURVE('',#6916,#6914,#1609,.T.);
#8173=EDGE_CURVE('',#6921,#6916,#1616,.T.);
#8175=EDGE_CURVE('',#6921,#6696,#1623,.T.);
#8177=EDGE_CURVE('',#6673,#6696,#1630,.T.);
#8179=EDGE_CURVE('',#6677,#6673,#1637,.T.);
#8181=EDGE_CURVE('',#6679,#6677,#1644,.T.);
#8183=EDGE_CURVE('',#6669,#6679,#1651,.T.);
#8185=EDGE_CURVE('',#6755,#6669,#1658,.T.);
#8187=EDGE_CURVE('',#6753,#6755,#1667,.T.);
#8189=EDGE_CURVE('',#6729,#6753,#1674,.T.);
#8191=EDGE_CURVE('',#6733,#6729,#4428,.T.);
#8193=EDGE_CURVE('',#7071,#6733,#4442,.T.);
#8197=EDGE_CURVE('',#7249,#7250,#1367,.T.);
#8199=EDGE_CURVE('',#7250,#7249,#1375,.T.);
#8203=ADVANCED_FACE('',(#8196,#8202),#8164,.T.);
#8210=EDGE_CURVE('',#6900,#6896,#1681,.T.);
#8212=EDGE_CURVE('',#6900,#6901,#2842,.T.);
#8214=EDGE_CURVE('',#6901,#6897,#5423,.T.);
#8218=ADVANCED_FACE('',(#8217),#8208,.T.);
#8252=EDGE_CURVE('',#6902,#6900,#1698,.T.);
#8256=EDGE_CURVE('',#6902,#6903,#1688,.T.);
#8260=ADVANCED_FACE('',(#8259),#8251,.F.);
#8287=EDGE_CURVE('',#6648,#6902,#1731,.T.);
#8289=EDGE_CURVE('',#6648,#6649,#1708,.T.);
#8291=EDGE_CURVE('',#6649,#6900,#2849,.T.);
#8295=ADVANCED_FACE('',(#8294),#8285,.T.);
#8301=EDGE_CURVE('',#6907,#6902,#1715,.T.);
#8303=EDGE_CURVE('',#6907,#6589,#1722,.T.);
#8305=EDGE_CURVE('',#6589,#6648,#4609,.T.);
#8310=ADVANCED_FACE('',(#8309),#8300,.F.);
#8316=EDGE_CURVE('',#6920,#6917,#1738,.T.);
#8318=EDGE_CURVE('',#6917,#6651,#1747,.T.);
#8320=EDGE_CURVE('',#6651,#6587,#4623,.T.);
#8322=EDGE_CURVE('',#6920,#6587,#1754,.T.);
#8326=ADVANCED_FACE('',(#8325),#8315,.F.);
#8332=EDGE_CURVE('',#6906,#6907,#1761,.T.);
#8339=ADVANCED_FACE('',(#8338),#8331,.T.);
#8347=EDGE_CURVE('',#6700,#6701,#1810,.T.);
#8349=EDGE_CURVE('',#6701,#6584,#1768,.T.);
#8351=EDGE_CURVE('',#6584,#6585,#1775,.T.);
#8353=EDGE_CURVE('',#6585,#6589,#1782,.T.);
#8358=ADVANCED_FACE('',(#8357),#8344,.F.);
#8364=EDGE_CURVE('',#6716,#6717,#1789,.T.);
#8366=EDGE_CURVE('',#6716,#6672,#3596,.T.);
#8368=EDGE_CURVE('',#6672,#6673,#5266,.T.);
#8371=EDGE_CURVE('',#6696,#6697,#1796,.T.);
#8373=EDGE_CURVE('',#6697,#6701,#1803,.T.);
#8379=ADVANCED_FACE('',(#8378),#8363,.F.);
#8385=EDGE_CURVE('',#6712,#6713,#1875,.T.);
#8387=EDGE_CURVE('',#6716,#6712,#1822,.T.);
#8393=ADVANCED_FACE('',(#8392),#8384,.F.);
#8399=EDGE_CURVE('',#6746,#6748,#1840,.T.);
#8402=EDGE_CURVE('',#6724,#6725,#1847,.T.);
#8404=EDGE_CURVE('',#6748,#6724,#1854,.T.);
#8408=ADVANCED_FACE('',(#8407),#8398,.F.);
#8414=EDGE_CURVE('',#6779,#7131,#1861,.T.);
#8416=EDGE_CURVE('',#6823,#6779,#2976,.T.);
#8418=EDGE_CURVE('',#6712,#6823,#1868,.T.);
#8422=EDGE_CURVE('',#7087,#7081,#1882,.T.);
#8424=EDGE_CURVE('',#7081,#7076,#3063,.T.);
#8426=EDGE_CURVE('',#7076,#7079,#1889,.T.);
#8428=EDGE_CURVE('',#7079,#7158,#3225,.T.);
#8430=EDGE_CURVE('',#7158,#7131,#1896,.T.);
#8434=ADVANCED_FACE('',(#8433),#8413,.F.);
#8440=EDGE_CURVE('',#7165,#7163,#1903,.T.);
#8442=EDGE_CURVE('',#7163,#7204,#3253,.T.);
#8444=EDGE_CURVE('',#7203,#7204,#3178,.T.);
#8446=EDGE_CURVE('',#7165,#7203,#1910,.T.);
#8450=ADVANCED_FACE('',(#8449),#8439,.F.);
#8456=EDGE_CURVE('',#6744,#6745,#1926,.T.);
#8460=EDGE_CURVE('',#6748,#6745,#1919,.T.);
#8464=ADVANCED_FACE('',(#8463),#8455,.T.);
#8471=EDGE_CURVE('',#7089,#6745,#1933,.T.);
#8473=EDGE_CURVE('',#6777,#7089,#1940,.T.);
#8478=ADVANCED_FACE('',(#8477),#8469,.T.);
#8484=EDGE_CURVE('',#7073,#7062,#1948,.T.);
#8486=EDGE_CURVE('',#7060,#7062,#2031,.T.);
#8488=EDGE_CURVE('',#7064,#7060,#1955,.T.);
#8490=EDGE_CURVE('',#7067,#7064,#4180,.T.);
#8492=EDGE_CURVE('',#7089,#7067,#1962,.T.);
#8496=EDGE_CURVE('',#6748,#7203,#1969,.T.);
#8498=EDGE_CURVE('',#7218,#7203,#3171,.T.);
#8500=EDGE_CURVE('',#7073,#7218,#3195,.T.);
#8504=ADVANCED_FACE('',(#8503),#8483,.F.);
#8511=EDGE_CURVE('',#7073,#6999,#1977,.T.);
#8513=EDGE_CURVE('',#6999,#7039,#5489,.T.);
#8515=EDGE_CURVE('',#7039,#7035,#1985,.T.);
#8517=EDGE_CURVE('',#7003,#7035,#1992,.T.);
#8519=EDGE_CURVE('',#7003,#7062,#2000,.T.);
#8523=ADVANCED_FACE('',(#8522),#8509,.F.);
#8529=EDGE_CURVE('',#7062,#7058,#2007,.T.);
#8532=EDGE_CURVE('',#7002,#7003,#2014,.T.);
#8534=EDGE_CURVE('',#7002,#7058,#2113,.T.);
#8538=ADVANCED_FACE('',(#8537),#8528,.F.);
#8545=EDGE_CURVE('',#7219,#7073,#2021,.T.);
#8547=EDGE_CURVE('',#7219,#6998,#2208,.T.);
#8549=EDGE_CURVE('',#6998,#6999,#5522,.T.);
#8553=ADVANCED_FACE('',(#8552),#8543,.F.);
#8579=EDGE_CURVE('',#7058,#7059,#2105,.T.);
#8581=EDGE_CURVE('',#7060,#7059,#4189,.T.);
#8587=ADVANCED_FACE('',(#8586),#8578,.T.);
#8595=EDGE_CURVE('',#7009,#7002,#2120,.T.);
#8597=EDGE_CURVE('',#7008,#7009,#2132,.T.);
#8599=EDGE_CURVE('',#6939,#7008,#2940,.T.);
#8601=EDGE_CURVE('',#7097,#6939,#2139,.T.);
#8603=EDGE_CURVE('',#7097,#7065,#2146,.T.);
#8605=EDGE_CURVE('',#7059,#7065,#2157,.T.);
#8609=EDGE_CURVE('',#6604,#6605,#2071,.T.);
#8611=EDGE_CURVE('',#6605,#6604,#2079,.T.);
#8615=ADVANCED_FACE('',(#8608,#8614),#8592,.T.);
#8621=EDGE_CURVE('',#7217,#7219,#2167,.T.);
#8623=EDGE_CURVE('',#7216,#7217,#3185,.T.);
#8625=EDGE_CURVE('',#7212,#7216,#2174,.T.);
#8627=EDGE_CURVE('',#6901,#7212,#2181,.T.);
#8629=EDGE_CURVE('',#7014,#6901,#2864,.T.);
#8631=EDGE_CURVE('',#7013,#7014,#2193,.T.);
#8633=EDGE_CURVE('',#7013,#6998,#2200,.T.);
#8638=EDGE_CURVE('',#6608,#6609,#2087,.T.);
#8640=EDGE_CURVE('',#6609,#6608,#2095,.T.);
#8644=ADVANCED_FACE('',(#8637,#8643),#8620,.T.);
#8650=EDGE_CURVE('',#7226,#7227,#2215,.T.);
#8652=EDGE_CURVE('',#6929,#7226,#2222,.T.);
#8654=EDGE_CURVE('',#7020,#6929,#2924,.T.);
#8656=EDGE_CURVE('',#7022,#7020,#2234,.T.);
#8658=EDGE_CURVE('',#7022,#6995,#2241,.T.);
#8660=EDGE_CURVE('',#6994,#6995,#2249,.T.);
#8662=EDGE_CURVE('',#7025,#6994,#2256,.T.);
#8664=EDGE_CURVE('',#7029,#7025,#2268,.T.);
#8666=EDGE_CURVE('',#6911,#7029,#2880,.T.);
#8668=EDGE_CURVE('',#7227,#6911,#2275,.T.);
#8672=EDGE_CURVE('',#6620,#6621,#2039,.T.);
#8674=EDGE_CURVE('',#6621,#6620,#2047,.T.);
#8678=EDGE_CURVE('',#6624,#6625,#2055,.T.);
#8680=EDGE_CURVE('',#6625,#6624,#2063,.T.);
#8684=ADVANCED_FACE('',(#8671,#8677,#8683),#8649,.T.);
#8691=EDGE_CURVE('',#6629,#6621,#2289,.T.);
#8693=EDGE_CURVE('',#6628,#6629,#2377,.T.);
#8695=EDGE_CURVE('',#6628,#6620,#2282,.T.);
#8699=ADVANCED_FACE('',(#8698),#8689,.F.);
#8707=EDGE_CURVE('',#6629,#6628,#2385,.T.);
#8712=ADVANCED_FACE('',(#8711),#8704,.F.);
#8718=EDGE_CURVE('',#6636,#6637,#2297,.T.);
#8720=EDGE_CURVE('',#6637,#6636,#2305,.T.);
#8724=EDGE_CURVE('',#6612,#6613,#2313,.T.);
#8726=EDGE_CURVE('',#6613,#6612,#2321,.T.);
#8730=ADVANCED_FACE('',(#8723,#8729),#8717,.F.);
#8736=EDGE_CURVE('',#6640,#6641,#2329,.T.);
#8738=EDGE_CURVE('',#6641,#6640,#2337,.T.);
#8742=EDGE_CURVE('',#6632,#6633,#2345,.T.);
#8744=EDGE_CURVE('',#6633,#6632,#2353,.T.);
#8748=ADVANCED_FACE('',(#8741,#8747),#8735,.F.);
#8754=EDGE_CURVE('',#6644,#6645,#2361,.T.);
#8756=EDGE_CURVE('',#6645,#6644,#2369,.T.);
#8764=ADVANCED_FACE('',(#8759,#8763),#8753,.F.);
#8770=EDGE_CURVE('',#7115,#7110,#2605,.T.);
#8772=EDGE_CURVE('',#7113,#7115,#5433,.T.);
#8774=EDGE_CURVE('',#7102,#7113,#2679,.T.);
#8776=EDGE_CURVE('',#7101,#7102,#3494,.T.);
#8778=EDGE_CURVE('',#7100,#7101,#3465,.T.);
#8780=EDGE_CURVE('',#7103,#7100,#2707,.T.);
#8782=EDGE_CURVE('',#7103,#7107,#2631,.T.);
#8784=EDGE_CURVE('',#7110,#7107,#2615,.T.);
#8788=EDGE_CURVE('',#6616,#6617,#2561,.T.);
#8790=EDGE_CURVE('',#6616,#6617,#2393,.T.);
#8794=ADVANCED_FACE('',(#8787,#8793),#8769,.F.);
#8800=EDGE_CURVE('',#7129,#7128,#2401,.T.);
#8802=EDGE_CURVE('',#7128,#6636,#2437,.T.);
#8805=EDGE_CURVE('',#7129,#6637,#2408,.T.);
#8809=ADVANCED_FACE('',(#8808),#8799,.F.);
#8816=EDGE_CURVE('',#7124,#7128,#2422,.T.);
#8819=EDGE_CURVE('',#7125,#7129,#2415,.T.);
#8823=ADVANCED_FACE('',(#8822),#8814,.F.);
#8831=EDGE_CURVE('',#7128,#7129,#2430,.T.);
#8836=ADVANCED_FACE('',(#8835),#8828,.F.);
#8848=ADVANCED_FACE('',(#8847),#8841,.F.);
#8855=EDGE_CURVE('',#6613,#6605,#2451,.T.);
#8858=EDGE_CURVE('',#6612,#6604,#2444,.T.);
#8862=ADVANCED_FACE('',(#8861),#8853,.F.);
#8874=ADVANCED_FACE('',(#8873),#8867,.F.);
#8880=EDGE_CURVE('',#6842,#6843,#2459,.T.);
#8882=EDGE_CURVE('',#6641,#6843,#2495,.T.);
#8885=EDGE_CURVE('',#6640,#6842,#2466,.T.);
#8889=ADVANCED_FACE('',(#8888),#8879,.F.);
#8896=EDGE_CURVE('',#6839,#6843,#2480,.T.);
#8899=EDGE_CURVE('',#6838,#6842,#2473,.T.);
#8903=ADVANCED_FACE('',(#8902),#8894,.F.);
#8911=EDGE_CURVE('',#6843,#6842,#2488,.T.);
#8916=ADVANCED_FACE('',(#8915),#8908,.F.);
#8928=ADVANCED_FACE('',(#8927),#8921,.F.);
#8935=EDGE_CURVE('',#6633,#6625,#2509,.T.);
#8938=EDGE_CURVE('',#6632,#6624,#2502,.T.);
#8942=ADVANCED_FACE('',(#8941),#8933,.F.);
#8954=ADVANCED_FACE('',(#8953),#8947,.F.);
#8960=EDGE_CURVE('',#6851,#6850,#2517,.T.);
#8962=EDGE_CURVE('',#6645,#6850,#2553,.T.);
#8965=EDGE_CURVE('',#6644,#6851,#2524,.T.);
#8969=ADVANCED_FACE('',(#8968),#8959,.F.);
#8976=EDGE_CURVE('',#6846,#6850,#2538,.T.);
#8979=EDGE_CURVE('',#6847,#6851,#2531,.T.);
#8983=ADVANCED_FACE('',(#8982),#8974,.F.);
#8991=EDGE_CURVE('',#6850,#6851,#2546,.T.);
#8996=ADVANCED_FACE('',(#8995),#8988,.F.);
#9008=ADVANCED_FACE('',(#9007),#9001,.F.);
#9015=EDGE_CURVE('',#6617,#6608,#2568,.T.);
#9018=EDGE_CURVE('',#6616,#6609,#2575,.T.);
#9022=ADVANCED_FACE('',(#9021),#9013,.F.);
#9034=ADVANCED_FACE('',(#9033),#9027,.F.);
#9040=EDGE_CURVE('',#7108,#7110,#2582,.T.);
#9042=EDGE_CURVE('',#7108,#7111,#2590,.T.);
#9044=EDGE_CURVE('',#7115,#7111,#2597,.T.);
#9049=ADVANCED_FACE('',(#9048),#9039,.T.);
#9075=EDGE_CURVE('',#7106,#7107,#2624,.T.);
#9077=EDGE_CURVE('',#7106,#7108,#3003,.T.);
#9083=ADVANCED_FACE('',(#9082),#9074,.F.);
#9091=EDGE_CURVE('',#7103,#6770,#2640,.T.);
#9093=EDGE_CURVE('',#6770,#6771,#2649,.T.);
#9095=EDGE_CURVE('',#6771,#7106,#3010,.T.);
#9099=ADVANCED_FACE('',(#9098),#9088,.F.);
#9105=EDGE_CURVE('',#6778,#6833,#2656,.T.);
#9107=EDGE_CURVE('',#6833,#6875,#2663,.T.);
#9109=EDGE_CURVE('',#6875,#7102,#2672,.T.);
#9112=EDGE_CURVE('',#7113,#7112,#2688,.T.);
#9114=EDGE_CURVE('',#7112,#6778,#2983,.T.);
#9118=ADVANCED_FACE('',(#9117),#9104,.F.);
#9140=EDGE_CURVE('',#7105,#6770,#2696,.T.);
#9144=EDGE_CURVE('',#7100,#7105,#3457,.T.);
#9148=ADVANCED_FACE('',(#9147),#9139,.T.);
#9155=EDGE_CURVE('',#6774,#7105,#2715,.T.);
#9157=EDGE_CURVE('',#6774,#6770,#5441,.T.);
#9161=ADVANCED_FACE('',(#9160),#9153,.T.);
#9212=EDGE_CURVE('',#7117,#6868,#2729,.T.);
#9216=EDGE_CURVE('',#7117,#7105,#3450,.T.);
#9220=ADVANCED_FACE('',(#9219),#9211,.T.);
#9271=EDGE_CURVE('',#6864,#6868,#2743,.T.);
#9274=EDGE_CURVE('',#7116,#7117,#2736,.T.);
#9278=ADVANCED_FACE('',(#9277),#9269,.F.);
#9285=EDGE_CURVE('',#6865,#6869,#2750,.T.);
#9291=ADVANCED_FACE('',(#9290),#9283,.T.);
#9331=EDGE_CURVE('',#7041,#7043,#2757,.T.);
#9333=EDGE_CURVE('',#6869,#7043,#5475,.T.);
#9337=ADVANCED_FACE('',(#9336),#9328,.F.);
#9344=EDGE_CURVE('',#7037,#7039,#2764,.T.);
#9346=EDGE_CURVE('',#7043,#7039,#5482,.T.);
#9351=ADVANCED_FACE('',(#9350),#9342,.T.);
#9358=EDGE_CURVE('',#7033,#7035,#2771,.T.);
#9364=ADVANCED_FACE('',(#9363),#9356,.F.);
#9371=EDGE_CURVE('',#7030,#7031,#2778,.T.);
#9373=EDGE_CURVE('',#7035,#7031,#2824,.T.);
#9378=ADVANCED_FACE('',(#9377),#9369,.T.);
#9418=EDGE_CURVE('',#7031,#6853,#2789,.T.);
#9423=ADVANCED_FACE('',(#9422),#9415,.F.);
#9451=EDGE_CURVE('',#7010,#7012,#2801,.T.);
#9453=EDGE_CURVE('',#7031,#7010,#2834,.T.);
#9457=ADVANCED_FACE('',(#9456),#9448,.T.);
#9484=EDGE_CURVE('',#7010,#7009,#2810,.T.);
#9487=EDGE_CURVE('',#7012,#7008,#2947,.T.);
#9491=ADVANCED_FACE('',(#9490),#9482,.T.);
#9500=EDGE_CURVE('',#7010,#7003,#2817,.T.);
#9504=ADVANCED_FACE('',(#9503),#9496,.F.);
#9516=ADVANCED_FACE('',(#9515),#9509,.F.);
#9525=EDGE_CURVE('',#6775,#6781,#2962,.T.);
#9528=EDGE_CURVE('',#7014,#7016,#2856,.T.);
#9533=ADVANCED_FACE('',(#9532),#9521,.T.);
#9539=EDGE_CURVE('',#6910,#6911,#2872,.T.);
#9542=EDGE_CURVE('',#7028,#7029,#2887,.T.);
#9545=EDGE_CURVE('',#6910,#6650,#2894,.T.);
#9549=ADVANCED_FACE('',(#9548),#9538,.T.);
#9558=EDGE_CURVE('',#7020,#7021,#2916,.T.);
#9563=ADVANCED_FACE('',(#9562),#9554,.T.);
#9569=EDGE_CURVE('',#6938,#6939,#2932,.T.);
#9574=EDGE_CURVE('',#6938,#6646,#2954,.T.);
#9578=ADVANCED_FACE('',(#9577),#9568,.T.);
#9585=EDGE_CURVE('',#6780,#6781,#4837,.T.);
#9587=EDGE_CURVE('',#6819,#6780,#2969,.T.);
#9589=EDGE_CURVE('',#6823,#6819,#4785,.T.);
#9592=EDGE_CURVE('',#6778,#6779,#3503,.T.);
#9595=EDGE_CURVE('',#7111,#7112,#2993,.T.);
#9600=EDGE_CURVE('',#6775,#6771,#5452,.T.);
#9604=EDGE_CURVE('',#6664,#6665,#3018,.T.);
#9606=EDGE_CURVE('',#6665,#6664,#3040,.T.);
#9610=ADVANCED_FACE('',(#9603,#9609),#9583,.T.);
#9616=EDGE_CURVE('',#7092,#6664,#3032,.T.);
#9618=EDGE_CURVE('',#7092,#7093,#3048,.T.);
#9620=EDGE_CURVE('',#6665,#7093,#3025,.T.);
#9625=ADVANCED_FACE('',(#9624),#9615,.F.);
#9632=EDGE_CURVE('',#7093,#7092,#3056,.T.);
#9638=ADVANCED_FACE('',(#9637),#9630,.F.);
#9645=EDGE_CURVE('',#7083,#7081,#3071,.T.);
#9647=EDGE_CURVE('',#7151,#7083,#3078,.T.);
#9649=EDGE_CURVE('',#7150,#7151,#3086,.T.);
#9651=EDGE_CURVE('',#7077,#7150,#3093,.T.);
#9653=EDGE_CURVE('',#7076,#7077,#3141,.T.);
#9661=ADVANCED_FACE('',(#9656,#9660),#9643,.T.);
#9668=EDGE_CURVE('',#7086,#7083,#3103,.T.);
#9674=ADVANCED_FACE('',(#9673),#9666,.T.);
#9681=EDGE_CURVE('',#7157,#7151,#3113,.T.);
#9687=ADVANCED_FACE('',(#9686),#9679,.T.);
#9694=EDGE_CURVE('',#7155,#7150,#3120,.T.);
#9700=ADVANCED_FACE('',(#9699),#9692,.T.);
#9707=EDGE_CURVE('',#7154,#7077,#3127,.T.);
#9713=ADVANCED_FACE('',(#9712),#9705,.T.);
#9721=EDGE_CURVE('',#7207,#7208,#3134,.T.);
#9723=EDGE_CURVE('',#7208,#7079,#3232,.T.);
#9729=ADVANCED_FACE('',(#9728),#9718,.T.);
#9735=EDGE_CURVE('',#7216,#7214,#3148,.T.);
#9737=EDGE_CURVE('',#7214,#7208,#3239,.T.);
#9741=EDGE_CURVE('',#7211,#7212,#3155,.T.);
#9746=ADVANCED_FACE('',(#9745),#9734,.F.);
#9752=EDGE_CURVE('',#7217,#7218,#3164,.T.);
#9756=EDGE_CURVE('',#7204,#7214,#3246,.T.);
#9762=ADVANCED_FACE('',(#9761),#9751,.F.);
#9794=ADVANCED_FACE('',(#9793),#9787,.T.);
#9800=EDGE_CURVE('',#7134,#7135,#3202,.T.);
#9802=EDGE_CURVE('',#7171,#7134,#5326,.T.);
#9804=EDGE_CURVE('',#7159,#7171,#3209,.T.);
#9806=EDGE_CURVE('',#7158,#7159,#3218,.T.);
#9813=EDGE_CURVE('',#7162,#7163,#3262,.T.);
#9815=EDGE_CURVE('',#7173,#7162,#3269,.T.);
#9817=EDGE_CURVE('',#7135,#7173,#3313,.T.);
#9821=ADVANCED_FACE('',(#9820),#9799,.T.);
#9828=EDGE_CURVE('',#7177,#7135,#3276,.T.);
#9830=EDGE_CURVE('',#7177,#7169,#3283,.T.);
#9832=EDGE_CURVE('',#7169,#7134,#3290,.T.);
#9836=ADVANCED_FACE('',(#9835),#9826,.F.);
#9842=EDGE_CURVE('',#7182,#7173,#3327,.T.);
#9844=EDGE_CURVE('',#7177,#7182,#3304,.T.);
#9850=ADVANCED_FACE('',(#9849),#9841,.F.);
#9856=EDGE_CURVE('',#7181,#7167,#3320,.T.);
#9858=EDGE_CURVE('',#7182,#7181,#5414,.T.);
#9862=EDGE_CURVE('',#7167,#7162,#3334,.T.);
#9866=ADVANCED_FACE('',(#9865),#9855,.F.);
#9872=EDGE_CURVE('',#7200,#7196,#3341,.T.);
#9874=EDGE_CURVE('',#7181,#7196,#3348,.T.);
#9877=EDGE_CURVE('',#7200,#7167,#3355,.T.);
#9881=ADVANCED_FACE('',(#9880),#9871,.F.);
#9888=EDGE_CURVE('',#7195,#7196,#3369,.T.);
#9891=EDGE_CURVE('',#7198,#7200,#3362,.T.);
#9895=ADVANCED_FACE('',(#9894),#9886,.T.);
#9938=EDGE_CURVE('',#7192,#7194,#3376,.T.);
#9940=EDGE_CURVE('',#7196,#7194,#5406,.T.);
#9945=ADVANCED_FACE('',(#9944),#9936,.F.);
#9952=EDGE_CURVE('',#7189,#7190,#3383,.T.);
#9954=EDGE_CURVE('',#7194,#7190,#5380,.T.);
#9959=ADVANCED_FACE('',(#9958),#9950,.T.);
#10002=EDGE_CURVE('',#7186,#7188,#3390,.T.);
#10004=EDGE_CURVE('',#7190,#7188,#5338,.T.);
#10009=ADVANCED_FACE('',(#10008),#10000,.F.);
#10016=EDGE_CURVE('',#7184,#7175,#3397,.T.);
#10018=EDGE_CURVE('',#7188,#7175,#5373,.T.);
#10023=ADVANCED_FACE('',(#10022),#10014,.T.);
#10062=EDGE_CURVE('',#6964,#6966,#3404,.T.);
#10064=EDGE_CURVE('',#7175,#6966,#5288,.T.);
#10069=ADVANCED_FACE('',(#10068),#10060,.F.);
#10076=EDGE_CURVE('',#6876,#6835,#3411,.T.);
#10078=EDGE_CURVE('',#6966,#6835,#3577,.T.);
#10083=ADVANCED_FACE('',(#10082),#10074,.T.);
#10122=EDGE_CURVE('',#6872,#6833,#3418,.T.);
#10124=EDGE_CURVE('',#6835,#6833,#3514,.T.);
#10129=ADVANCED_FACE('',(#10128),#10120,.F.);
#10136=EDGE_CURVE('',#6873,#6875,#3425,.T.);
#10142=ADVANCED_FACE('',(#10141),#10134,.T.);
#10182=EDGE_CURVE('',#7119,#7121,#3432,.T.);
#10184=EDGE_CURVE('',#6875,#7121,#3483,.T.);
#10188=ADVANCED_FACE('',(#10187),#10179,.F.);
#10196=EDGE_CURVE('',#7121,#7117,#3440,.T.);
#10201=ADVANCED_FACE('',(#10200),#10193,.F.);
#10211=EDGE_CURVE('',#7121,#7101,#3472,.T.);
#10215=ADVANCED_FACE('',(#10214),#10206,.F.);
#10247=ADVANCED_FACE('',(#10246),#10240,.T.);
#10255=EDGE_CURVE('',#6779,#6835,#3563,.T.);
#10260=ADVANCED_FACE('',(#10259),#10252,.T.);
#10266=EDGE_CURVE('',#6803,#6712,#3521,.T.);
#10269=EDGE_CURVE('',#6822,#6823,#3528,.T.);
#10271=EDGE_CURVE('',#6822,#6803,#3535,.T.);
#10275=ADVANCED_FACE('',(#10274),#10265,.F.);
#10281=EDGE_CURVE('',#6805,#6724,#3542,.T.);
#10283=EDGE_CURVE('',#6805,#6882,#3549,.T.);
#10285=EDGE_CURVE('',#6882,#7165,#3556,.T.);
#10292=ADVANCED_FACE('',(#10291),#10280,.F.);
#10300=EDGE_CURVE('',#7131,#6966,#3570,.T.);
#10305=ADVANCED_FACE('',(#10304),#10297,.F.);
#10311=EDGE_CURVE('',#6801,#6716,#3603,.T.);
#10315=EDGE_CURVE('',#6803,#6801,#3589,.T.);
#10319=ADVANCED_FACE('',(#10318),#10310,.F.);
#10325=EDGE_CURVE('',#6791,#6672,#3617,.T.);
#10329=EDGE_CURVE('',#6801,#6791,#3610,.T.);
#10333=ADVANCED_FACE('',(#10332),#10324,.F.);
#10340=EDGE_CURVE('',#6791,#6793,#3624,.T.);
#10342=EDGE_CURVE('',#6793,#6676,#3688,.T.);
#10344=EDGE_CURVE('',#6672,#6676,#3631,.T.);
#10348=ADVANCED_FACE('',(#10347),#10338,.F.);
#10355=EDGE_CURVE('',#6957,#6793,#3645,.T.);
#10358=EDGE_CURVE('',#6959,#6791,#3638,.T.);
#10362=ADVANCED_FACE('',(#10361),#10353,.T.);
#10369=EDGE_CURVE('',#6954,#6799,#3652,.T.);
#10371=EDGE_CURVE('',#6793,#6799,#3695,.T.);
#10376=ADVANCED_FACE('',(#10375),#10367,.T.);
#10382=EDGE_CURVE('',#6799,#6951,#3674,.T.);
#10386=EDGE_CURVE('',#6951,#6955,#3659,.T.);
#10390=ADVANCED_FACE('',(#10389),#10381,.T.);
#10396=EDGE_CURVE('',#6799,#6678,#3667,.T.);
#10399=EDGE_CURVE('',#6951,#6678,#3681,.T.);
#10403=ADVANCED_FACE('',(#10402),#10395,.F.);
#10412=EDGE_CURVE('',#6676,#6678,#3702,.T.);
#10416=ADVANCED_FACE('',(#10415),#10408,.F.);
#10422=EDGE_CURVE('',#6678,#6679,#3717,.T.);
#10425=EDGE_CURVE('',#6676,#6677,#3709,.T.);
#10430=ADVANCED_FACE('',(#10429),#10421,.F.);
#10437=EDGE_CURVE('',#6668,#6678,#3724,.T.);
#10439=EDGE_CURVE('',#6668,#6669,#3731,.T.);
#10444=ADVANCED_FACE('',(#10443),#10435,.F.);
#10450=EDGE_CURVE('',#6749,#6759,#3761,.T.);
#10452=EDGE_CURVE('',#6754,#6759,#4405,.T.);
#10454=EDGE_CURVE('',#6757,#6754,#4391,.T.);
#10456=EDGE_CURVE('',#6668,#6757,#4361,.T.);
#10459=EDGE_CURVE('',#6750,#6678,#3738,.T.);
#10461=EDGE_CURVE('',#6749,#6750,#3747,.T.);
#10465=ADVANCED_FACE('',(#10464),#10449,.T.);
#10471=EDGE_CURVE('',#6811,#6728,#3754,.T.);
#10473=EDGE_CURVE('',#6728,#6759,#4412,.T.);
#10476=EDGE_CURVE('',#6827,#6749,#3768,.T.);
#10478=EDGE_CURVE('',#6811,#6827,#3775,.T.);
#10482=ADVANCED_FACE('',(#10481),#10470,.F.);
#10488=EDGE_CURVE('',#6809,#6732,#3805,.T.);
#10490=EDGE_CURVE('',#6728,#6732,#3786,.T.);
#10493=EDGE_CURVE('',#6809,#6811,#3798,.T.);
#10497=ADVANCED_FACE('',(#10496),#10487,.F.);
#10504=EDGE_CURVE('',#6815,#6809,#3812,.T.);
#10506=EDGE_CURVE('',#6815,#6736,#3819,.T.);
#10508=EDGE_CURVE('',#6736,#6732,#4456,.T.);
#10512=ADVANCED_FACE('',(#10511),#10502,.F.);
#10519=EDGE_CURVE('',#6809,#7141,#3833,.T.);
#10522=EDGE_CURVE('',#6815,#7143,#3826,.T.);
#10526=ADVANCED_FACE('',(#10525),#10517,.T.);
#10569=EDGE_CURVE('',#6811,#7140,#3840,.T.);
#10575=ADVANCED_FACE('',(#10574),#10567,.F.);
#10582=EDGE_CURVE('',#6827,#7138,#3847,.T.);
#10588=ADVANCED_FACE('',(#10587),#10580,.T.);
#10626=EDGE_CURVE('',#6827,#6825,#3858,.T.);
#10628=EDGE_CURVE('',#6825,#7137,#3879,.T.);
#10634=ADVANCED_FACE('',(#10633),#10625,.F.);
#10640=EDGE_CURVE('',#6825,#6750,#3865,.T.);
#10647=ADVANCED_FACE('',(#10646),#10639,.T.);
#10656=EDGE_CURVE('',#6825,#6951,#3872,.T.);
#10660=ADVANCED_FACE('',(#10659),#10652,.T.);
#10672=ADVANCED_FACE('',(#10671),#10665,.T.);
#10714=EDGE_CURVE('',#6813,#6815,#3898,.T.);
#10718=EDGE_CURVE('',#6813,#7144,#3886,.T.);
#10722=ADVANCED_FACE('',(#10721),#10713,.F.);
#10728=EDGE_CURVE('',#6813,#6740,#3905,.T.);
#10730=EDGE_CURVE('',#6740,#6736,#5119,.T.);
#10736=ADVANCED_FACE('',(#10735),#10727,.F.);
#10743=EDGE_CURVE('',#6831,#6813,#3912,.T.);
#10745=EDGE_CURVE('',#6769,#6831,#3919,.T.);
#10747=EDGE_CURVE('',#6767,#6769,#3926,.T.);
#10749=EDGE_CURVE('',#6767,#6740,#5149,.T.);
#10753=ADVANCED_FACE('',(#10752),#10741,.F.);
#10762=EDGE_CURVE('',#6831,#7146,#3933,.T.);
#10766=ADVANCED_FACE('',(#10765),#10758,.T.);
#10804=EDGE_CURVE('',#6829,#6831,#3951,.T.);
#10808=EDGE_CURVE('',#6829,#7147,#3940,.T.);
#10812=ADVANCED_FACE('',(#10811),#10803,.F.);
#10818=EDGE_CURVE('',#6768,#6829,#3958,.T.);
#10820=EDGE_CURVE('',#6768,#6769,#5174,.T.);
#10826=ADVANCED_FACE('',(#10825),#10817,.T.);
#10833=EDGE_CURVE('',#6893,#6829,#3965,.T.);
#10835=EDGE_CURVE('',#6893,#6684,#5252,.T.);
#10837=EDGE_CURVE('',#6768,#6684,#3972,.T.);
#10841=ADVANCED_FACE('',(#10840),#10831,.T.);
#10850=EDGE_CURVE('',#6893,#6891,#3979,.T.);
#10854=ADVANCED_FACE('',(#10853),#10846,.T.);
#10861=EDGE_CURVE('',#6889,#6798,#3986,.T.);
#10863=EDGE_CURVE('',#6893,#6798,#5259,.T.);
#10868=ADVANCED_FACE('',(#10867),#10859,.T.);
#10875=EDGE_CURVE('',#6887,#6795,#3993,.T.);
#10877=EDGE_CURVE('',#6798,#6795,#5196,.T.);
#10882=ADVANCED_FACE('',(#10881),#10873,.T.);
#10889=EDGE_CURVE('',#6885,#6797,#4000,.T.);
#10891=EDGE_CURVE('',#6795,#6797,#5210,.T.);
#10896=ADVANCED_FACE('',(#10895),#10887,.T.);
#10903=EDGE_CURVE('',#6883,#6807,#4007,.T.);
#10905=EDGE_CURVE('',#6797,#6807,#5231,.T.);
#10910=ADVANCED_FACE('',(#10909),#10901,.T.);
#10953=EDGE_CURVE('',#6879,#6805,#4014,.T.);
#10955=EDGE_CURVE('',#6807,#6805,#4067,.T.);
#10960=ADVANCED_FACE('',(#10959),#10951,.F.);
#10967=EDGE_CURVE('',#6880,#6882,#4021,.T.);
#10973=ADVANCED_FACE('',(#10972),#10965,.T.);
#11014=EDGE_CURVE('',#6882,#7200,#4032,.T.);
#11018=ADVANCED_FACE('',(#11017),#11010,.F.);
#11026=EDGE_CURVE('',#7167,#7165,#4043,.T.);
#11031=ADVANCED_FACE('',(#11030),#11023,.T.);
#11043=ADVANCED_FACE('',(#11042),#11036,.T.);
#11050=EDGE_CURVE('',#6720,#6724,#4055,.T.);
#11052=EDGE_CURVE('',#6807,#6720,#5238,.T.);
#11057=ADVANCED_FACE('',(#11056),#11048,.F.);
#11063=EDGE_CURVE('',#6720,#6721,#4085,.T.);
#11070=ADVANCED_FACE('',(#11069),#11062,.F.);
#11078=EDGE_CURVE('',#6704,#6705,#4092,.T.);
#11080=EDGE_CURVE('',#6705,#6693,#4099,.T.);
#11082=EDGE_CURVE('',#6692,#6693,#4106,.T.);
#11084=EDGE_CURVE('',#6692,#6720,#5245,.T.);
#11088=ADVANCED_FACE('',(#11087),#11075,.F.);
#11094=EDGE_CURVE('',#6948,#6949,#4113,.T.);
#11096=EDGE_CURVE('',#6599,#6948,#4276,.T.);
#11099=EDGE_CURVE('',#6592,#6593,#4127,.T.);
#11101=EDGE_CURVE('',#6705,#6592,#4134,.T.);
#11107=ADVANCED_FACE('',(#11106),#11093,.T.);
#11115=EDGE_CURVE('',#6944,#6945,#4141,.T.);
#11117=EDGE_CURVE('',#6948,#6945,#4253,.T.);
#11121=ADVANCED_FACE('',(#11120),#11112,.T.);
#11156=EDGE_CURVE('',#6942,#6938,#4148,.T.);
#11158=EDGE_CURVE('',#6945,#6938,#4206,.T.);
#11163=ADVANCED_FACE('',(#11162),#11154,.F.);
#11172=EDGE_CURVE('',#6943,#6939,#4157,.T.);
#11176=ADVANCED_FACE('',(#11175),#11168,.T.);
#11184=EDGE_CURVE('',#7097,#7095,#4164,.T.);
#11189=ADVANCED_FACE('',(#11188),#11181,.F.);
#11195=EDGE_CURVE('',#7065,#7067,#4171,.T.);
#11204=ADVANCED_FACE('',(#11203),#11194,.F.);
#11210=EDGE_CURVE('',#7059,#7064,#4196,.T.);
#11217=ADVANCED_FACE('',(#11216),#11209,.T.);
#11228=ADVANCED_FACE('',(#11227),#11222,.F.);
#11253=EDGE_CURVE('',#6945,#6647,#4262,.T.);
#11257=ADVANCED_FACE('',(#11256),#11249,.T.);
#11263=EDGE_CURVE('',#6935,#6930,#4223,.T.);
#11265=EDGE_CURVE('',#6601,#6935,#4230,.T.);
#11271=ADVANCED_FACE('',(#11270),#11262,.F.);
#11283=ADVANCED_FACE('',(#11282),#11276,.F.);
#11289=EDGE_CURVE('',#6934,#6935,#4283,.T.);
#11296=ADVANCED_FACE('',(#11295),#11288,.T.);
#11304=EDGE_CURVE('',#6708,#6709,#4318,.T.);
#11306=EDGE_CURVE('',#6709,#6596,#4290,.T.);
#11308=EDGE_CURVE('',#6596,#6597,#4297,.T.);
#11314=ADVANCED_FACE('',(#11313),#11301,.F.);
#11321=EDGE_CURVE('',#6693,#6709,#4311,.T.);
#11325=EDGE_CURVE('',#6688,#6689,#4325,.T.);
#11327=EDGE_CURVE('',#6688,#6692,#5217,.T.);
#11331=ADVANCED_FACE('',(#11330),#11319,.F.);
#11339=EDGE_CURVE('',#6592,#6596,#4332,.T.);
#11345=ADVANCED_FACE('',(#11344),#11336,.F.);
#11357=ADVANCED_FACE('',(#11356),#11350,.F.);
#11365=EDGE_CURVE('',#6684,#6685,#4340,.T.);
#11367=EDGE_CURVE('',#6684,#6688,#5181,.T.);
#11371=ADVANCED_FACE('',(#11370),#11362,.F.);
#11379=EDGE_CURVE('',#6682,#6683,#4382,.T.);
#11381=EDGE_CURVE('',#6682,#6684,#4347,.T.);
#11385=ADVANCED_FACE('',(#11384),#11376,.F.);
#11391=EDGE_CURVE('',#6755,#6757,#4354,.T.);
#11398=ADVANCED_FACE('',(#11397),#11390,.F.);
#11404=EDGE_CURVE('',#6765,#6760,#4368,.T.);
#11406=EDGE_CURVE('',#6682,#6765,#4375,.T.);
#11412=ADVANCED_FACE('',(#11411),#11403,.F.);
#11418=EDGE_CURVE('',#6753,#6754,#4398,.T.);
#11425=ADVANCED_FACE('',(#11424),#11417,.T.);
#11434=EDGE_CURVE('',#6728,#6729,#4419,.T.);
#11439=ADVANCED_FACE('',(#11438),#11430,.F.);
#11447=EDGE_CURVE('',#6732,#6733,#4449,.T.);
#11452=ADVANCED_FACE('',(#11451),#11444,.F.);
#11458=EDGE_CURVE('',#7222,#7223,#4435,.T.);
#11460=EDGE_CURVE('',#7071,#7223,#4543,.T.);
#11465=EDGE_CURVE('',#6736,#6737,#4463,.T.);
#11468=EDGE_CURVE('',#7222,#7068,#4511,.T.);
#11472=ADVANCED_FACE('',(#11471),#11457,.F.);
#11479=EDGE_CURVE('',#7222,#7228,#4480,.T.);
#11481=EDGE_CURVE('',#7228,#7226,#4487,.T.);
#11484=EDGE_CURVE('',#7227,#7230,#4494,.T.);
#11486=EDGE_CURVE('',#7230,#7223,#4504,.T.);
#11490=ADVANCED_FACE('',(#11489),#11477,.T.);
#11496=EDGE_CURVE('',#7228,#7069,#4518,.T.);
#11503=ADVANCED_FACE('',(#11502),#11495,.T.);
#11516=ADVANCED_FACE('',(#11515),#11508,.F.);
#11522=EDGE_CURVE('',#7230,#7070,#4550,.T.);
#11526=EDGE_CURVE('',#6915,#6911,#4536,.T.);
#11531=ADVANCED_FACE('',(#11530),#11521,.F.);
#11543=ADVANCED_FACE('',(#11542),#11536,.T.);
#11550=EDGE_CURVE('',#6914,#6910,#4557,.T.);
#11556=ADVANCED_FACE('',(#11555),#11548,.T.);
#11592=EDGE_CURVE('',#6917,#6910,#4574,.T.);
#11594=EDGE_CURVE('',#6916,#6917,#4564,.T.);
#11598=ADVANCED_FACE('',(#11597),#11589,.F.);
#11622=EDGE_CURVE('',#6650,#6651,#4584,.T.);
#11627=ADVANCED_FACE('',(#11626),#11619,.T.);
#11633=EDGE_CURVE('',#6658,#6659,#4594,.T.);
#11639=EDGE_CURVE('',#6581,#6585,#4616,.T.);
#11641=EDGE_CURVE('',#6581,#6587,#5094,.T.);
#11646=EDGE_CURVE('',#6660,#6661,#4641,.T.);
#11648=EDGE_CURVE('',#6659,#6660,#4668,.T.);
#11652=ADVANCED_FACE('',(#11651),#11632,.F.);
#11678=EDGE_CURVE('',#6786,#6659,#4661,.T.);
#11680=EDGE_CURVE('',#6786,#6787,#4651,.T.);
#11686=ADVANCED_FACE('',(#11685),#11677,.T.);
#11694=EDGE_CURVE('',#6660,#6788,#4678,.T.);
#11696=EDGE_CURVE('',#6788,#6786,#4685,.T.);
#11700=ADVANCED_FACE('',(#11699),#11691,.F.);
#11733=EDGE_CURVE('',#6789,#6788,#4695,.T.);
#11737=ADVANCED_FACE('',(#11736),#11729,.T.);
#11772=EDGE_CURVE('',#6987,#6788,#4709,.T.);
#11775=EDGE_CURVE('',#6982,#6789,#4702,.T.);
#11779=ADVANCED_FACE('',(#11778),#11770,.F.);
#11786=EDGE_CURVE('',#6985,#6786,#4716,.T.);
#11792=ADVANCED_FACE('',(#11791),#11784,.T.);
#11827=EDGE_CURVE('',#6975,#6787,#4723,.T.);
#11833=ADVANCED_FACE('',(#11832),#11825,.F.);
#11840=EDGE_CURVE('',#6976,#6978,#4730,.T.);
#11846=ADVANCED_FACE('',(#11845),#11838,.T.);
#11898=EDGE_CURVE('',#6970,#6972,#4737,.T.);
#11900=EDGE_CURVE('',#6978,#6972,#4823,.T.);
#11904=ADVANCED_FACE('',(#11903),#11895,.F.);
#11911=EDGE_CURVE('',#6967,#6818,#4744,.T.);
#11913=EDGE_CURVE('',#6972,#6818,#4809,.T.);
#11918=ADVANCED_FACE('',(#11917),#11909,.T.);
#11957=EDGE_CURVE('',#6968,#6822,#4751,.T.);
#11959=EDGE_CURVE('',#6818,#6822,#4776,.T.);
#11964=ADVANCED_FACE('',(#11963),#11955,.F.);
#11972=EDGE_CURVE('',#6962,#6803,#4758,.T.);
#11977=ADVANCED_FACE('',(#11976),#11969,.T.);
#12020=EDGE_CURVE('',#6961,#6801,#4765,.T.);
#12026=ADVANCED_FACE('',(#12025),#12018,.F.);
#12038=ADVANCED_FACE('',(#12037),#12031,.T.);
#12044=EDGE_CURVE('',#6818,#6819,#4792,.T.);
#12051=ADVANCED_FACE('',(#12050),#12043,.T.);
#12059=EDGE_CURVE('',#6780,#6972,#4802,.T.);
#12064=ADVANCED_FACE('',(#12063),#12056,.F.);
#12100=ADVANCED_FACE('',(#12099),#12093,.T.);
#12109=EDGE_CURVE('',#6981,#6984,#4844,.T.);
#12113=ADVANCED_FACE('',(#12112),#12105,.T.);
#12153=EDGE_CURVE('',#7045,#6984,#4862,.T.);
#12155=EDGE_CURVE('',#7044,#7045,#4851,.T.);
#12159=ADVANCED_FACE('',(#12158),#12150,.F.);
#12187=EDGE_CURVE('',#7024,#7028,#4874,.T.);
#12189=EDGE_CURVE('',#7045,#7024,#5026,.T.);
#12193=ADVANCED_FACE('',(#12192),#12184,.T.);
#12219=EDGE_CURVE('',#7024,#7025,#4883,.T.);
#12226=ADVANCED_FACE('',(#12225),#12218,.T.);
#12234=EDGE_CURVE('',#6994,#7006,#4897,.T.);
#12236=EDGE_CURVE('',#7024,#7006,#4890,.T.);
#12240=ADVANCED_FACE('',(#12239),#12231,.F.);
#12248=EDGE_CURVE('',#6995,#7007,#4920,.T.);
#12250=EDGE_CURVE('',#7006,#7007,#5049,.T.);
#12254=ADVANCED_FACE('',(#12253),#12245,.F.);
#12260=EDGE_CURVE('',#7022,#7023,#4906,.T.);
#12262=EDGE_CURVE('',#7007,#7023,#4913,.T.);
#12268=ADVANCED_FACE('',(#12267),#12259,.F.);
#12295=EDGE_CURVE('',#7023,#7021,#4932,.T.);
#12301=ADVANCED_FACE('',(#12300),#12293,.T.);
#12331=EDGE_CURVE('',#6991,#7057,#4943,.T.);
#12333=EDGE_CURVE('',#7023,#7057,#5073,.T.);
#12339=ADVANCED_FACE('',(#12338),#12330,.T.);
#12377=EDGE_CURVE('',#6989,#6991,#4950,.T.);
#12380=EDGE_CURVE('',#7055,#7057,#4995,.T.);
#12385=ADVANCED_FACE('',(#12384),#12376,.F.);
#12391=EDGE_CURVE('',#6859,#6783,#4957,.T.);
#12398=ADVANCED_FACE('',(#12397),#12390,.T.);
#12435=EDGE_CURVE('',#6858,#6782,#4964,.T.);
#12439=ADVANCED_FACE('',(#12438),#12431,.F.);
#12448=EDGE_CURVE('',#6861,#6784,#4971,.T.);
#12452=ADVANCED_FACE('',(#12451),#12444,.T.);
#12488=EDGE_CURVE('',#6785,#6784,#4988,.T.);
#12493=ADVANCED_FACE('',(#12492),#12485,.F.);
#12529=ADVANCED_FACE('',(#12528),#12522,.T.);
#12536=EDGE_CURVE('',#7051,#7053,#5002,.T.);
#12538=EDGE_CURVE('',#7057,#7053,#5056,.T.);
#12543=ADVANCED_FACE('',(#12542),#12534,.T.);
#12550=EDGE_CURVE('',#7047,#7049,#5009,.T.);
#12552=EDGE_CURVE('',#7053,#7049,#5034,.T.);
#12557=ADVANCED_FACE('',(#12556),#12548,.F.);
#12565=EDGE_CURVE('',#7049,#7045,#5016,.T.);
#12570=ADVANCED_FACE('',(#12569),#12562,.T.);
#12579=EDGE_CURVE('',#7006,#7049,#5041,.T.);
#12583=ADVANCED_FACE('',(#12582),#12575,.F.);
#12592=EDGE_CURVE('',#7007,#7053,#5063,.T.);
#12596=ADVANCED_FACE('',(#12595),#12588,.F.);
#12608=ADVANCED_FACE('',(#12607),#12601,.F.);
#12614=EDGE_CURVE('',#6580,#6581,#5101,.T.);
#12618=EDGE_CURVE('',#6580,#6584,#5080,.T.);
#12622=ADVANCED_FACE('',(#12621),#12613,.F.);
#12628=EDGE_CURVE('',#6920,#6921,#5087,.T.);
#12633=EDGE_CURVE('',#6697,#6580,#5108,.T.);
#12639=ADVANCED_FACE('',(#12638),#12627,.T.);
#12651=ADVANCED_FACE('',(#12650),#12644,.T.);
#12663=ADVANCED_FACE('',(#12662),#12656,.F.);
#12671=EDGE_CURVE('',#6740,#6741,#5142,.T.);
#12676=ADVANCED_FACE('',(#12675),#12668,.F.);
#12682=EDGE_CURVE('',#6763,#6761,#5135,.T.);
#12687=EDGE_CURVE('',#6763,#6767,#5156,.T.);
#12691=ADVANCED_FACE('',(#12690),#12681,.F.);
#12699=EDGE_CURVE('',#6763,#6765,#5165,.T.);
#12704=ADVANCED_FACE('',(#12703),#12696,.T.);
#12719=ADVANCED_FACE('',(#12718),#12709,.T.);
#12725=EDGE_CURVE('',#6795,#6688,#5203,.T.);
#12728=EDGE_CURVE('',#6798,#6684,#5189,.T.);
#12733=ADVANCED_FACE('',(#12732),#12724,.F.);
#12741=EDGE_CURVE('',#6797,#6692,#5224,.T.);
#12746=ADVANCED_FACE('',(#12745),#12738,.F.);
#12758=ADVANCED_FACE('',(#12757),#12751,.F.);
#12769=ADVANCED_FACE('',(#12768),#12763,.F.);
#12781=ADVANCED_FACE('',(#12780),#12774,.F.);
#12788=EDGE_CURVE('',#7161,#7131,#5277,.T.);
#12790=EDGE_CURVE('',#7161,#7175,#5359,.T.);
#12795=ADVANCED_FACE('',(#12794),#12786,.T.);
#12802=EDGE_CURVE('',#7159,#7161,#5317,.T.);
#12808=ADVANCED_FACE('',(#12807),#12800,.T.);
#12814=EDGE_CURVE('',#7171,#7183,#5295,.T.);
#12816=EDGE_CURVE('',#7179,#7183,#5303,.T.);
#12818=EDGE_CURVE('',#7161,#7179,#5310,.T.);
#12824=ADVANCED_FACE('',(#12823),#12813,.F.);
#12831=EDGE_CURVE('',#7169,#7183,#5352,.T.);
#12837=ADVANCED_FACE('',(#12836),#12829,.F.);
#12844=EDGE_CURVE('',#7188,#7179,#5366,.T.);
#12848=EDGE_CURVE('',#7190,#7169,#5387,.T.);
#12852=ADVANCED_FACE('',(#12851),#12842,.F.);
#12864=ADVANCED_FACE('',(#12863),#12857,.F.);
#12873=EDGE_CURVE('',#7177,#7194,#5394,.T.);
#12877=ADVANCED_FACE('',(#12876),#12869,.T.);
#12890=ADVANCED_FACE('',(#12889),#12882,.F.);
#12902=ADVANCED_FACE('',(#12901),#12895,.F.);
#12934=ADVANCED_FACE('',(#12933),#12927,.F.);
#12966=ADVANCED_FACE('',(#12965),#12959,.T.);
#12994=EDGE_CURVE('',#7017,#7016,#5464,.T.);
#12996=EDGE_CURVE('',#7013,#7017,#5508,.T.);
#13000=ADVANCED_FACE('',(#12999),#12991,.T.);
#13031=EDGE_CURVE('',#7017,#7043,#5499,.T.);
#13037=ADVANCED_FACE('',(#13036),#13029,.T.);
#13045=EDGE_CURVE('',#6999,#7017,#5515,.T.);
#13050=ADVANCED_FACE('',(#13049),#13042,.F.);
#13062=ADVANCED_FACE('',(#13061),#13055,.F.);
#13069=EDGE_CURVE('',#7253,#7237,#5529,.T.);
#13071=EDGE_CURVE('',#7237,#7238,#5560,.T.);
#13073=EDGE_CURVE('',#7254,#7238,#5536,.T.);
#13077=ADVANCED_FACE('',(#13076),#13067,.F.);
#13085=EDGE_CURVE('',#7238,#7237,#5568,.T.);
#13090=ADVANCED_FACE('',(#13089),#13082,.F.);
#13096=EDGE_CURVE('',#7233,#7234,#5544,.T.);
#13098=EDGE_CURVE('',#7234,#7233,#5552,.T.);
#13102=ADVANCED_FACE('',(#13101),#13095,.T.);
#13112=ADVANCED_FACE('',(#13111),#13107,.T.);
#13118=EDGE_CURVE('',#7241,#7242,#5576,.T.);
#13120=EDGE_CURVE('',#7242,#7241,#5584,.T.);
#13124=ADVANCED_FACE('',(#13123),#13117,.T.);
#13130=EDGE_CURVE('',#7245,#7246,#5592,.T.);
#13132=EDGE_CURVE('',#7246,#7245,#5600,.T.);
#13136=ADVANCED_FACE('',(#13135),#13129,.T.);
#13143=EDGE_CURVE('',#7249,#7233,#5607,.T.);
#13146=EDGE_CURVE('',#7250,#7234,#5614,.T.);
#13150=ADVANCED_FACE('',(#13149),#13141,.F.);
#13162=ADVANCED_FACE('',(#13161),#13155,.F.);
#13169=EDGE_CURVE('',#7257,#7241,#5621,.T.);
#13172=EDGE_CURVE('',#7258,#7242,#5628,.T.);
#13176=ADVANCED_FACE('',(#13175),#13167,.F.);
#13188=ADVANCED_FACE('',(#13187),#13181,.F.);
#13195=EDGE_CURVE('',#7261,#7245,#5635,.T.);
#13198=EDGE_CURVE('',#7262,#7246,#5642,.T.);
#13202=ADVANCED_FACE('',(#13201),#13193,.F.);
#13214=ADVANCED_FACE('',(#13213),#13207,.F.);
#13220=EDGE_CURVE('',#7268,#7266,#5649,.T.);
#13222=EDGE_CURVE('',#7266,#7273,#5724,.T.);
#13224=EDGE_CURVE('',#7278,#7273,#5656,.T.);
#13229=ADVANCED_FACE('',(#13228),#13219,.F.);
#13235=EDGE_CURVE('',#7265,#7266,#5672,.T.);
#13239=EDGE_CURVE('',#7270,#7265,#5731,.T.);
#13243=ADVANCED_FACE('',(#13242),#13234,.F.);
#13250=EDGE_CURVE('',#7282,#7265,#5679,.T.);
#13252=EDGE_CURVE('',#7281,#7282,#5687,.T.);
#13254=EDGE_CURVE('',#7290,#7281,#5694,.T.);
#13256=EDGE_CURVE('',#7289,#7290,#5702,.T.);
#13258=EDGE_CURVE('',#7274,#7289,#5709,.T.);
#13260=EDGE_CURVE('',#7273,#7274,#5717,.T.);
#13265=ADVANCED_FACE('',(#13264),#13248,.T.);
#13273=EDGE_CURVE('',#7284,#7282,#5738,.T.);
#13278=ADVANCED_FACE('',(#13277),#13270,.F.);
#13287=EDGE_CURVE('',#7286,#7281,#5753,.T.);
#13291=ADVANCED_FACE('',(#13290),#13283,.F.);
#13299=EDGE_CURVE('',#7292,#7290,#5760,.T.);
#13304=ADVANCED_FACE('',(#13303),#13296,.F.);
#13313=EDGE_CURVE('',#7294,#7289,#5782,.T.);
#13317=ADVANCED_FACE('',(#13316),#13309,.F.);
#13323=EDGE_CURVE('',#7276,#7274,#5775,.T.);
#13330=ADVANCED_FACE('',(#13329),#13322,.F.);
#13342=ADVANCED_FACE('',(#13341),#13335,.F.);
#13349=EDGE_CURVE('',#7397,#7321,#5797,.T.);
#13351=EDGE_CURVE('',#7321,#7322,#5881,.T.);
#13353=EDGE_CURVE('',#7398,#7322,#5874,.T.);
#13357=ADVANCED_FACE('',(#13356),#13347,.F.);
#13364=EDGE_CURVE('',#7418,#7342,#5804,.T.);
#13366=EDGE_CURVE('',#7342,#7321,#5888,.T.);
#13371=ADVANCED_FACE('',(#13370),#13362,.F.);
#13378=EDGE_CURVE('',#7416,#7340,#5811,.T.);
#13380=EDGE_CURVE('',#7340,#7342,#5895,.T.);
#13385=ADVANCED_FACE('',(#13384),#13376,.F.);
#13392=EDGE_CURVE('',#7414,#7338,#5818,.T.);
#13394=EDGE_CURVE('',#7338,#7340,#5902,.T.);
#13399=ADVANCED_FACE('',(#13398),#13390,.F.);
#13406=EDGE_CURVE('',#7412,#7336,#5825,.T.);
#13408=EDGE_CURVE('',#7336,#7338,#5909,.T.);
#13413=ADVANCED_FACE('',(#13412),#13404,.F.);
#13420=EDGE_CURVE('',#7410,#7334,#5832,.T.);
#13422=EDGE_CURVE('',#7334,#7336,#5916,.T.);
#13427=ADVANCED_FACE('',(#13426),#13418,.F.);
#13434=EDGE_CURVE('',#7408,#7332,#5839,.T.);
#13436=EDGE_CURVE('',#7332,#7334,#5923,.T.);
#13441=ADVANCED_FACE('',(#13440),#13432,.F.);
#13448=EDGE_CURVE('',#7406,#7330,#5846,.T.);
#13450=EDGE_CURVE('',#7330,#7332,#5930,.T.);
#13455=ADVANCED_FACE('',(#13454),#13446,.F.);
#13462=EDGE_CURVE('',#7404,#7328,#5853,.T.);
#13464=EDGE_CURVE('',#7328,#7330,#5937,.T.);
#13469=ADVANCED_FACE('',(#13468),#13460,.F.);
#13476=EDGE_CURVE('',#7402,#7326,#5860,.T.);
#13478=EDGE_CURVE('',#7326,#7328,#5944,.T.);
#13483=ADVANCED_FACE('',(#13482),#13474,.F.);
#13490=EDGE_CURVE('',#7400,#7324,#5867,.T.);
#13492=EDGE_CURVE('',#7324,#7326,#5951,.T.);
#13497=ADVANCED_FACE('',(#13496),#13488,.F.);
#13505=EDGE_CURVE('',#7322,#7324,#5958,.T.);
#13510=ADVANCED_FACE('',(#13509),#13502,.F.);
#13516=EDGE_CURVE('',#7459,#7460,#5966,.T.);
#13518=EDGE_CURVE('',#7466,#7459,#5973,.T.);
#13520=EDGE_CURVE('',#7465,#7466,#5981,.T.);
#13522=EDGE_CURVE('',#7318,#7465,#5988,.T.);
#13524=EDGE_CURVE('',#7316,#7318,#5995,.T.);
#13526=EDGE_CURVE('',#7314,#7316,#6002,.T.);
#13528=EDGE_CURVE('',#7312,#7314,#6009,.T.);
#13530=EDGE_CURVE('',#7310,#7312,#6016,.T.);
#13532=EDGE_CURVE('',#7308,#7310,#6023,.T.);
#13534=EDGE_CURVE('',#7306,#7308,#6030,.T.);
#13536=EDGE_CURVE('',#7304,#7306,#6037,.T.);
#13538=EDGE_CURVE('',#7302,#7304,#6044,.T.);
#13540=EDGE_CURVE('',#7300,#7302,#6051,.T.);
#13542=EDGE_CURVE('',#7298,#7300,#6058,.T.);
#13544=EDGE_CURVE('',#7297,#7298,#6065,.T.);
#13546=EDGE_CURVE('',#7460,#7297,#6072,.T.);
#13564=ADVANCED_FACE('',(#13549,#13563),#13515,.T.);
#13570=EDGE_CURVE('',#7471,#7472,#6080,.T.);
#13572=EDGE_CURVE('',#7360,#7471,#6087,.T.);
#13574=EDGE_CURVE('',#7358,#7360,#6094,.T.);
#13576=EDGE_CURVE('',#7356,#7358,#6101,.T.);
#13578=EDGE_CURVE('',#7354,#7356,#6108,.T.);
#13580=EDGE_CURVE('',#7352,#7354,#6115,.T.);
#13582=EDGE_CURVE('',#7350,#7352,#6122,.T.);
#13584=EDGE_CURVE('',#7348,#7350,#6129,.T.);
#13586=EDGE_CURVE('',#7346,#7348,#6136,.T.);
#13588=EDGE_CURVE('',#7345,#7346,#6143,.T.);
#13590=EDGE_CURVE('',#7362,#7345,#6150,.T.);
#13592=EDGE_CURVE('',#7478,#7362,#6157,.T.);
#13594=EDGE_CURVE('',#7477,#7478,#6165,.T.);
#13596=EDGE_CURVE('',#7472,#7477,#6172,.T.);
#13600=ADVANCED_FACE('',(#13599),#13569,.T.);
#13606=EDGE_CURVE('',#7488,#7369,#6179,.T.);
#13608=EDGE_CURVE('',#7486,#7488,#6495,.T.);
#13610=EDGE_CURVE('',#7366,#7486,#6186,.T.);
#13612=EDGE_CURVE('',#7365,#7366,#6193,.T.);
#13614=EDGE_CURVE('',#7448,#7365,#6200,.T.);
#13616=EDGE_CURVE('',#7447,#7448,#6208,.T.);
#13618=EDGE_CURVE('',#7454,#7447,#6215,.T.);
#13620=EDGE_CURVE('',#7453,#7454,#6223,.T.);
#13622=EDGE_CURVE('',#7370,#7453,#6230,.T.);
#13624=EDGE_CURVE('',#7369,#7370,#6237,.T.);
#13628=ADVANCED_FACE('',(#13627),#13605,.T.);
#13635=EDGE_CURVE('',#7462,#7460,#6252,.T.);
#13638=EDGE_CURVE('',#7464,#7459,#6358,.T.);
#13642=ADVANCED_FACE('',(#13641),#13633,.F.);
#13650=EDGE_CURVE('',#7373,#7297,#6259,.T.);
#13655=ADVANCED_FACE('',(#13654),#13647,.F.);
#13664=EDGE_CURVE('',#7374,#7298,#6266,.T.);
#13668=ADVANCED_FACE('',(#13667),#13660,.F.);
#13677=EDGE_CURVE('',#7376,#7300,#6273,.T.);
#13681=ADVANCED_FACE('',(#13680),#13673,.F.);
#13690=EDGE_CURVE('',#7378,#7302,#6280,.T.);
#13694=ADVANCED_FACE('',(#13693),#13686,.F.);
#13703=EDGE_CURVE('',#7380,#7304,#6287,.T.);
#13707=ADVANCED_FACE('',(#13706),#13699,.F.);
#13716=EDGE_CURVE('',#7382,#7306,#6294,.T.);
#13720=ADVANCED_FACE('',(#13719),#13712,.F.);
#13729=EDGE_CURVE('',#7384,#7308,#6301,.T.);
#13733=ADVANCED_FACE('',(#13732),#13725,.F.);
#13742=EDGE_CURVE('',#7386,#7310,#6308,.T.);
#13746=ADVANCED_FACE('',(#13745),#13738,.F.);
#13755=EDGE_CURVE('',#7388,#7312,#6315,.T.);
#13759=ADVANCED_FACE('',(#13758),#13751,.F.);
#13768=EDGE_CURVE('',#7390,#7314,#6322,.T.);
#13772=ADVANCED_FACE('',(#13771),#13764,.F.);
#13781=EDGE_CURVE('',#7392,#7316,#6329,.T.);
#13785=ADVANCED_FACE('',(#13784),#13777,.F.);
#13794=EDGE_CURVE('',#7394,#7318,#6343,.T.);
#13798=ADVANCED_FACE('',(#13797),#13790,.F.);
#13804=EDGE_CURVE('',#7470,#7465,#6336,.T.);
#13811=ADVANCED_FACE('',(#13810),#13803,.F.);
#13818=EDGE_CURVE('',#7468,#7466,#6365,.T.);
#13824=ADVANCED_FACE('',(#13823),#13816,.F.);
#13836=ADVANCED_FACE('',(#13835),#13829,.F.);
#13843=EDGE_CURVE('',#7474,#7472,#6380,.T.);
#13846=EDGE_CURVE('',#7476,#7471,#6472,.T.);
#13850=ADVANCED_FACE('',(#13849),#13841,.F.);
#13858=EDGE_CURVE('',#7482,#7477,#6387,.T.);
#13863=ADVANCED_FACE('',(#13862),#13855,.F.);
#13870=EDGE_CURVE('',#7480,#7478,#6402,.T.);
#13876=ADVANCED_FACE('',(#13875),#13868,.F.);
#13884=EDGE_CURVE('',#7438,#7362,#6409,.T.);
#13889=ADVANCED_FACE('',(#13888),#13881,.F.);
#13898=EDGE_CURVE('',#7421,#7345,#6416,.T.);
#13902=ADVANCED_FACE('',(#13901),#13894,.F.);
#13911=EDGE_CURVE('',#7422,#7346,#6423,.T.);
#13915=ADVANCED_FACE('',(#13914),#13907,.F.);
#13924=EDGE_CURVE('',#7424,#7348,#6430,.T.);
#13928=ADVANCED_FACE('',(#13927),#13920,.F.);
#13937=EDGE_CURVE('',#7426,#7350,#6437,.T.);
#13941=ADVANCED_FACE('',(#13940),#13933,.F.);
#13950=EDGE_CURVE('',#7428,#7352,#6444,.T.);
#13954=ADVANCED_FACE('',(#13953),#13946,.F.);
#13963=EDGE_CURVE('',#7430,#7354,#6451,.T.);
#13967=ADVANCED_FACE('',(#13966),#13959,.F.);
#13976=EDGE_CURVE('',#7432,#7356,#6458,.T.);
#13980=ADVANCED_FACE('',(#13979),#13972,.F.);
#13989=EDGE_CURVE('',#7434,#7358,#6465,.T.);
#13993=ADVANCED_FACE('',(#13992),#13985,.F.);
#14002=EDGE_CURVE('',#7436,#7360,#6479,.T.);
#14006=ADVANCED_FACE('',(#14005),#13998,.F.);
#14018=ADVANCED_FACE('',(#14017),#14011,.F.);
#14024=EDGE_CURVE('',#7488,#7483,#6486,.T.);
#14027=EDGE_CURVE('',#7445,#7369,#6574,.T.);
#14032=ADVANCED_FACE('',(#14031),#14023,.F.);
#14039=EDGE_CURVE('',#7486,#7484,#6502,.T.);
#14045=ADVANCED_FACE('',(#14044),#14037,.T.);
#14053=EDGE_CURVE('',#7442,#7366,#6509,.T.);
#14058=ADVANCED_FACE('',(#14057),#14050,.F.);
#14065=EDGE_CURVE('',#7441,#7365,#6516,.T.);
#14071=ADVANCED_FACE('',(#14070),#14063,.F.);
#14077=EDGE_CURVE('',#7450,#7448,#6523,.T.);
#14084=ADVANCED_FACE('',(#14083),#14076,.F.);
#14093=EDGE_CURVE('',#7452,#7447,#6538,.T.);
#14097=ADVANCED_FACE('',(#14096),#14089,.F.);
#14105=EDGE_CURVE('',#7456,#7454,#6545,.T.);
#14110=ADVANCED_FACE('',(#14109),#14102,.F.);
#14119=EDGE_CURVE('',#7458,#7453,#6560,.T.);
#14123=ADVANCED_FACE('',(#14122),#14115,.F.);
#14131=EDGE_CURVE('',#7446,#7370,#6567,.T.);
#14136=ADVANCED_FACE('',(#14135),#14128,.F.);
#14148=ADVANCED_FACE('',(#14147),#14141,.F.);
#14149=CLOSED_SHELL('',(#7734,#7766,#7781,#7799,#7816,#7834,#7852,#7870,#7905,
#7920,#7948,#7983,#8026,#8041,#8083,#8119,#8159,#8203,#8218,#8260,#8295,#8310,
#8326,#8339,#8358,#8379,#8393,#8408,#8434,#8450,#8464,#8478,#8504,#8523,#8538,
#8553,#8587,#8615,#8644,#8684,#8699,#8712,#8730,#8748,#8764,#8794,#8809,#8823,
#8836,#8848,#8862,#8874,#8889,#8903,#8916,#8928,#8942,#8954,#8969,#8983,#8996,
#9008,#9022,#9034,#9049,#9083,#9099,#9118,#9148,#9161,#9220,#9278,#9291,#9337,
#9351,#9364,#9378,#9423,#9457,#9491,#9504,#9516,#9533,#9549,#9563,#9578,#9610,
#9625,#9638,#9661,#9674,#9687,#9700,#9713,#9729,#9746,#9762,#9794,#9821,#9836,
#9850,#9866,#9881,#9895,#9945,#9959,#10009,#10023,#10069,#10083,#10129,#10142,
#10188,#10201,#10215,#10247,#10260,#10275,#10292,#10305,#10319,#10333,#10348,
#10362,#10376,#10390,#10403,#10416,#10430,#10444,#10465,#10482,#10497,#10512,
#10526,#10575,#10588,#10634,#10647,#10660,#10672,#10722,#10736,#10753,#10766,
#10812,#10826,#10841,#10854,#10868,#10882,#10896,#10910,#10960,#10973,#11018,
#11031,#11043,#11057,#11070,#11088,#11107,#11121,#11163,#11176,#11189,#11204,
#11217,#11228,#11257,#11271,#11283,#11296,#11314,#11331,#11345,#11357,#11371,
#11385,#11398,#11412,#11425,#11439,#11452,#11472,#11490,#11503,#11516,#11531,
#11543,#11556,#11598,#11627,#11652,#11686,#11700,#11737,#11779,#11792,#11833,
#11846,#11904,#11918,#11964,#11977,#12026,#12038,#12051,#12064,#12100,#12113,
#12159,#12193,#12226,#12240,#12254,#12268,#12301,#12339,#12385,#12398,#12439,
#12452,#12493,#12529,#12543,#12557,#12570,#12583,#12596,#12608,#12622,#12639,
#12651,#12663,#12676,#12691,#12704,#12719,#12733,#12746,#12758,#12769,#12781,
#12795,#12808,#12824,#12837,#12852,#12864,#12877,#12890,#12902,#12934,#12966,
#13000,#13037,#13050,#13062,#13077,#13090,#13102,#13112,#13124,#13136,#13150,
#13162,#13176,#13188,#13202,#13214,#13229,#13243,#13265,#13278,#13291,#13304,
#13317,#13330,#13342,#13357,#13371,#13385,#13399,#13413,#13427,#13441,#13455,
#13469,#13483,#13497,#13510,#13564,#13600,#13628,#13642,#13655,#13668,#13681,
#13694,#13707,#13720,#13733,#13746,#13759,#13772,#13785,#13798,#13811,#13824,
#13836,#13850,#13863,#13876,#13889,#13902,#13915,#13928,#13941,#13954,#13967,
#13980,#13993,#14006,#14018,#14032,#14045,#14058,#14071,#14084,#14097,#14110,
#14123,#14136,#14148));
#14150=MANIFOLD_SOLID_BREP('',#14149);
#14157=(LENGTH_UNIT()NAMED_UNIT(*)SI_UNIT(.MILLI.,.METRE.));
#14158=(NAMED_UNIT(*)PLANE_ANGLE_UNIT()SI_UNIT($,.RADIAN.));
#14161=(NAMED_UNIT(*)SI_UNIT($,.STERADIAN.)SOLID_ANGLE_UNIT());
#14163=(GEOMETRIC_REPRESENTATION_CONTEXT(3)GLOBAL_UNCERTAINTY_ASSIGNED_CONTEXT((
#14162))GLOBAL_UNIT_ASSIGNED_CONTEXT((#14157,#14160,#14161))REPRESENTATION_CONTEXT('ID1','3'));
#14167=AXIS2_PLACEMENT_3D('',#14164,#14165,#14166);
#14168=ADVANCED_BREP_SHAPE_REPRESENTATION('',(#14167,#14150),#14163);
#14175=PRODUCT_DEFINITION('part definition','',#14174,#14171);
#14176=PRODUCT_DEFINITION_SHAPE('','SHAPE FOR 501-0018.',#14175);
#14177=SHAPE_ASPECT('','solid data associated with 501-0018',#14176,.F.);
#14178=PROPERTY_DEFINITION('',
'shape for solid data with which properties are associated',#14177);
#14179=SHAPE_REPRESENTATION('',(#14150),#14163);
#14180=SHAPE_DEFINITION_REPRESENTATION(#14178,#14179);
#14181=(LENGTH_UNIT()NAMED_UNIT(*)SI_UNIT(.MILLI.,.METRE.));
#14185=PROPERTY_DEFINITION('geometric validation property','area of 501-0018',
#14177);
#14186=REPRESENTATION('surface area',(#14184),#14163);
#14187=PROPERTY_DEFINITION_REPRESENTATION(#14185,#14186);
#14188=(LENGTH_UNIT()NAMED_UNIT(*)SI_UNIT(.MILLI.,.METRE.));
#14192=PROPERTY_DEFINITION('geometric validation property','volume of 501-0018',
#14177);
#14193=REPRESENTATION('volume',(#14191),#14163);
#14194=PROPERTY_DEFINITION_REPRESENTATION(#14192,#14193);
#14196=PROPERTY_DEFINITION('geometric validation property',
'centroid of 501-0018',#14177);
#14197=REPRESENTATION('centroid',(#14195),#14163);
#14198=PROPERTY_DEFINITION_REPRESENTATION(#14196,#14197);
#14199=(LENGTH_UNIT()NAMED_UNIT(*)SI_UNIT(.MILLI.,.METRE.));
#14203=PROPERTY_DEFINITION('geometric validation property','area of 501-0018',
#14176);
#14204=REPRESENTATION('surface area',(#14202),#14163);
#14205=PROPERTY_DEFINITION_REPRESENTATION(#14203,#14204);
#14206=(LENGTH_UNIT()NAMED_UNIT(*)SI_UNIT(.MILLI.,.METRE.));
#14210=PROPERTY_DEFINITION('geometric validation property','volume of 501-0018',
#14176);
#14211=REPRESENTATION('volume',(#14209),#14163);
#14212=PROPERTY_DEFINITION_REPRESENTATION(#14210,#14211);
#14214=PROPERTY_DEFINITION('geometric validation property',
'centroid of 501-0018',#14176);
#14215=REPRESENTATION('centroid',(#14213),#14163);
#14216=PROPERTY_DEFINITION_REPRESENTATION(#14214,#14215);
#14217=SHAPE_DEFINITION_REPRESENTATION(#14176,#14168);
#14218=SHAPE_DEFINITION_REPRESENTATION(#14219,#14220);
#14219=PRODUCT_DEFINITION_SHAPE('','SHAPE FOR 501-0018_ASM.',#14899);
#14220=SHAPE_REPRESENTATION('',(#14230,#14879,#14893),#14889);
#14221=NEXT_ASSEMBLY_USAGE_OCCURRENCE('69','Next assembly relationship',
'501-0018',#14899,#14175,$);
#14222=PRODUCT_DEFINITION_SHAPE('Placement #69',
'Placement of 501-0018 with respect to 501-0018_ASM',#14221);
#14224=PROPERTY_DEFINITION('geometric validation property',
'centroid of 501-0018',#14222);
#14225=REPRESENTATION('centroid',(#14223),#14163);
#14226=PROPERTY_DEFINITION_REPRESENTATION(#14224,#14225);
#14234=COLOUR_RGB('',8.03922E-1,5.88235E-1,1.96078E-1);
#14240=CIRCLE('',#14239,8.E-1);
#14248=CIRCLE('',#14247,8.E-1);
#14256=CIRCLE('',#14255,1.075E0);
#14264=CIRCLE('',#14263,1.075E0);
#14286=CIRCLE('',#14285,8.E-1);
#14294=CIRCLE('',#14293,8.E-1);
#14302=CIRCLE('',#14301,1.075E0);
#14310=CIRCLE('',#14309,1.075E0);
#14332=CIRCLE('',#14331,1.25E0);
#14340=CIRCLE('',#14339,1.25E0);
#14355=CIRCLE('',#14354,1.25E0);
#14370=CIRCLE('',#14369,1.25E0);
#14385=CIRCLE('',#14384,1.075E0);
#14400=CIRCLE('',#14399,1.075E0);
#14408=CIRCLE('',#14407,1.25E0);
#14416=CIRCLE('',#14415,1.25E0);
#14431=CIRCLE('',#14430,1.25E0);
#14446=CIRCLE('',#14445,1.25E0);
#14489=CIRCLE('',#14488,1.075E0);
#14504=CIRCLE('',#14503,1.075E0);
#14553=EDGE_CURVE('',#14526,#14527,#14256,.T.);
#14555=EDGE_CURVE('',#14527,#14526,#14264,.T.);
#14559=EDGE_CURVE('',#14510,#14511,#14240,.T.);
#14561=EDGE_CURVE('',#14511,#14510,#14248,.T.);
#14565=ADVANCED_FACE('',(#14558,#14564),#14552,.F.);
#14572=EDGE_CURVE('',#14510,#14514,#14271,.T.);
#14574=EDGE_CURVE('',#14514,#14515,#14286,.T.);
#14576=EDGE_CURVE('',#14511,#14515,#14278,.T.);
#14580=ADVANCED_FACE('',(#14579),#14570,.F.);
#14588=EDGE_CURVE('',#14515,#14514,#14294,.T.);
#14593=ADVANCED_FACE('',(#14592),#14585,.F.);
#14599=EDGE_CURVE('',#14530,#14531,#14302,.T.);
#14601=EDGE_CURVE('',#14531,#14530,#14310,.T.);
#14609=ADVANCED_FACE('',(#14604,#14608),#14598,.T.);
#14616=EDGE_CURVE('',#14530,#14542,#14324,.T.);
#14618=EDGE_CURVE('',#14543,#14542,#14446,.T.);
#14620=EDGE_CURVE('',#14531,#14543,#14317,.T.);
#14624=ADVANCED_FACE('',(#14623),#14614,.T.);
#14632=EDGE_CURVE('',#14542,#14543,#14370,.T.);
#14637=ADVANCED_FACE('',(#14636),#14629,.T.);
#14643=EDGE_CURVE('',#14534,#14535,#14332,.T.);
#14645=EDGE_CURVE('',#14547,#14535,#14423,.T.);
#14647=EDGE_CURVE('',#14546,#14547,#14340,.T.);
#14649=EDGE_CURVE('',#14546,#14534,#14347,.T.);
#14653=ADVANCED_FACE('',(#14652),#14642,.T.);
#14659=EDGE_CURVE('',#14538,#14539,#14355,.T.);
#14661=EDGE_CURVE('',#14538,#14542,#14362,.T.);
#14664=EDGE_CURVE('',#14539,#14543,#14438,.T.);
#14668=ADVANCED_FACE('',(#14667),#14658,.T.);
#14675=EDGE_CURVE('',#14519,#14534,#14377,.T.);
#14677=EDGE_CURVE('',#14519,#14523,#14385,.T.);
#14679=EDGE_CURVE('',#14523,#14535,#14392,.T.);
#14683=ADVANCED_FACE('',(#14682),#14673,.T.);
#14689=EDGE_CURVE('',#14535,#14534,#14408,.T.);
#14692=EDGE_CURVE('',#14519,#14523,#14400,.T.);
#14697=ADVANCED_FACE('',(#14696),#14688,.T.);
#14705=EDGE_CURVE('',#14547,#14546,#14416,.T.);
#14710=ADVANCED_FACE('',(#14709),#14702,.T.);
#14716=EDGE_CURVE('',#14539,#14538,#14431,.T.);
#14723=ADVANCED_FACE('',(#14722),#14715,.T.);
#14730=EDGE_CURVE('',#14547,#14527,#14460,.T.);
#14733=EDGE_CURVE('',#14546,#14526,#14453,.T.);
#14737=ADVANCED_FACE('',(#14736),#14728,.T.);
#14749=ADVANCED_FACE('',(#14748),#14742,.T.);
#14756=EDGE_CURVE('',#14538,#14518,#14474,.T.);
#14758=EDGE_CURVE('',#14518,#14522,#14504,.T.);
#14760=EDGE_CURVE('',#14539,#14522,#14467,.T.);
#14764=ADVANCED_FACE('',(#14763),#14754,.T.);
#14772=EDGE_CURVE('',#14518,#14522,#14489,.T.);
#14777=ADVANCED_FACE('',(#14776),#14769,.T.);
#14783=EDGE_CURVE('',#14518,#14519,#14481,.T.);
#14786=EDGE_CURVE('',#14522,#14523,#14496,.T.);
#14791=ADVANCED_FACE('',(#14790),#14782,.T.);
#14803=ADVANCED_FACE('',(#14802),#14796,.T.);
#14804=CLOSED_SHELL('',(#14565,#14580,#14593,#14609,#14624,#14637,#14653,#14668,
#14683,#14697,#14710,#14723,#14737,#14749,#14764,#14777,#14791,#14803));
#14805=MANIFOLD_SOLID_BREP('',#14804);
#14812=(LENGTH_UNIT()NAMED_UNIT(*)SI_UNIT(.MILLI.,.METRE.));
#14813=(NAMED_UNIT(*)PLANE_ANGLE_UNIT()SI_UNIT($,.RADIAN.));
#14816=(NAMED_UNIT(*)SI_UNIT($,.STERADIAN.)SOLID_ANGLE_UNIT());
#14818=(GEOMETRIC_REPRESENTATION_CONTEXT(3)GLOBAL_UNCERTAINTY_ASSIGNED_CONTEXT((
#14817))GLOBAL_UNIT_ASSIGNED_CONTEXT((#14812,#14815,#14816))REPRESENTATION_CONTEXT('ID2','3'));
#14822=AXIS2_PLACEMENT_3D('',#14819,#14820,#14821);
#14823=ADVANCED_BREP_SHAPE_REPRESENTATION('',(#14822,#14805),#14818);
#14827=PRODUCT_DEFINITION('part definition','',#14826,#14171);
#14828=PRODUCT_DEFINITION_SHAPE('','SHAPE FOR 604-0001.',#14827);
#14829=SHAPE_ASPECT('','solid data associated with 604-0001',#14828,.F.);
#14830=PROPERTY_DEFINITION('',
'shape for solid data with which properties are associated',#14829);
#14831=SHAPE_REPRESENTATION('',(#14805),#14818);
#14832=SHAPE_DEFINITION_REPRESENTATION(#14830,#14831);
#14833=(LENGTH_UNIT()NAMED_UNIT(*)SI_UNIT(.MILLI.,.METRE.));
#14837=PROPERTY_DEFINITION('geometric validation property','area of 604-0001',
#14829);
#14838=REPRESENTATION('surface area',(#14836),#14818);
#14839=PROPERTY_DEFINITION_REPRESENTATION(#14837,#14838);
#14840=(LENGTH_UNIT()NAMED_UNIT(*)SI_UNIT(.MILLI.,.METRE.));
#14844=PROPERTY_DEFINITION('geometric validation property','volume of 604-0001',
#14829);
#14845=REPRESENTATION('volume',(#14843),#14818);
#14846=PROPERTY_DEFINITION_REPRESENTATION(#14844,#14845);
#14848=PROPERTY_DEFINITION('geometric validation property',
'centroid of 604-0001',#14829);
#14849=REPRESENTATION('centroid',(#14847),#14818);
#14850=PROPERTY_DEFINITION_REPRESENTATION(#14848,#14849);
#14851=(LENGTH_UNIT()NAMED_UNIT(*)SI_UNIT(.MILLI.,.METRE.));
#14855=PROPERTY_DEFINITION('geometric validation property','area of 604-0001',
#14828);
#14856=REPRESENTATION('surface area',(#14854),#14818);
#14857=PROPERTY_DEFINITION_REPRESENTATION(#14855,#14856);
#14858=(LENGTH_UNIT()NAMED_UNIT(*)SI_UNIT(.MILLI.,.METRE.));
#14862=PROPERTY_DEFINITION('geometric validation property','volume of 604-0001',
#14828);
#14863=REPRESENTATION('volume',(#14861),#14818);
#14864=PROPERTY_DEFINITION_REPRESENTATION(#14862,#14863);
#14866=PROPERTY_DEFINITION('geometric validation property',
'centroid of 604-0001',#14828);
#14867=REPRESENTATION('centroid',(#14865),#14818);
#14868=PROPERTY_DEFINITION_REPRESENTATION(#14866,#14867);
#14869=SHAPE_DEFINITION_REPRESENTATION(#14828,#14823);
#14870=NEXT_ASSEMBLY_USAGE_OCCURRENCE('70','Next assembly relationship',
'604-0001',#14899,#14827,$);
#14871=PRODUCT_DEFINITION_SHAPE('Placement #70',
'Placement of 604-0001 with respect to 501-0018_ASM',#14870);
#14873=PROPERTY_DEFINITION('geometric validation property',
'centroid of 604-0001',#14871);
#14874=REPRESENTATION('centroid',(#14872),#14818);
#14875=PROPERTY_DEFINITION_REPRESENTATION(#14873,#14874);
#14883=(LENGTH_UNIT()NAMED_UNIT(*)SI_UNIT(.MILLI.,.METRE.));
#14884=(NAMED_UNIT(*)PLANE_ANGLE_UNIT()SI_UNIT($,.RADIAN.));
#14887=(NAMED_UNIT(*)SI_UNIT($,.STERADIAN.)SOLID_ANGLE_UNIT());
#14889=(GEOMETRIC_REPRESENTATION_CONTEXT(3)GLOBAL_UNCERTAINTY_ASSIGNED_CONTEXT((
#14888))GLOBAL_UNIT_ASSIGNED_CONTEXT((#14883,#14886,#14887))REPRESENTATION_CONTEXT('ID3','3'));
#14893=AXIS2_PLACEMENT_3D('',#14890,#14891,#14892);
#14899=PRODUCT_DEFINITION('part definition','',#14898,#14895);
#14900=(LENGTH_UNIT()NAMED_UNIT(*)SI_UNIT(.MILLI.,.METRE.));
#14904=PROPERTY_DEFINITION('geometric validation property',
'area of 501-0018_ASM',#14219);
#14905=REPRESENTATION('surface area',(#14903),#14889);
#14906=PROPERTY_DEFINITION_REPRESENTATION(#14904,#14905);
#14907=(LENGTH_UNIT()NAMED_UNIT(*)SI_UNIT(.MILLI.,.METRE.));
#14911=PROPERTY_DEFINITION('geometric validation property',
'volume of 501-0018_ASM',#14219);
#14912=REPRESENTATION('volume',(#14910),#14889);
#14913=PROPERTY_DEFINITION_REPRESENTATION(#14911,#14912);
#14915=PROPERTY_DEFINITION('geometric validation property',
'centroid of 501-0018_ASM',#14219);
#14916=REPRESENTATION('centroid',(#14914),#14889);
#14917=PROPERTY_DEFINITION_REPRESENTATION(#14915,#14916);
ENDSEC;
END-ISO-10303-21;
