ISO-10303-21;
HEADER;
FILE_DESCRIPTION((''),'2;1');
FILE_NAME('400-0015_ASM','2025-03-23T19:05:48',('colin'),(''),
'CREO PARAMETRIC BY PTC INC, 2022124','CREO PARAMETRIC BY PTC INC, 2022124','');
FILE_SCHEMA(('AUTOMOTIVE_DESIGN { 1 0 10303 214 1 1 1 1 }'));
ENDSEC;
DATA;
#18=CARTESIAN_POINT('',(-1.05E0,0.E0,-1.75E0));
#19=DIRECTION('',(-1.E0,0.E0,0.E0));
#20=DIRECTION('',(0.E0,1.E0,0.E0));
#21=AXIS2_PLACEMENT_3D('',#18,#19,#20);
#23=DRAUGHTING_PRE_DEFINED_CURVE_FONT('continuous');
#24=CURVE_STYLE('',#23,POSITIVE_LENGTH_MEASURE(2.E-2),#16);
#25=PRESENTATION_STYLE_ASSIGNMENT((#24));
#26=STYLED_ITEM('',(#25),#22);
#27=DIRECTION('',(0.E0,0.E0,-1.E0));
#28=VECTOR('',#27,3.5E0);
#29=CARTESIAN_POINT('',(-1.05E0,2.E0,1.75E0));
#30=LINE('',#29,#28);
#31=CURVE_STYLE('',#23,POSITIVE_LENGTH_MEASURE(2.E-2),#16);
#32=PRESENTATION_STYLE_ASSIGNMENT((#31));
#33=STYLED_ITEM('',(#32),#30);
#34=CARTESIAN_POINT('',(-1.05E0,0.E0,1.75E0));
#35=DIRECTION('',(-1.E0,0.E0,0.E0));
#36=DIRECTION('',(0.E0,-1.E0,0.E0));
#37=AXIS2_PLACEMENT_3D('',#34,#35,#36);
#39=CURVE_STYLE('',#23,POSITIVE_LENGTH_MEASURE(2.E-2),#16);
#40=PRESENTATION_STYLE_ASSIGNMENT((#39));
#41=STYLED_ITEM('',(#40),#38);
#42=DIRECTION('',(0.E0,0.E0,1.E0));
#43=VECTOR('',#42,3.5E0);
#44=CARTESIAN_POINT('',(-1.05E0,-2.E0,-1.75E0));
#45=LINE('',#44,#43);
#46=CURVE_STYLE('',#23,POSITIVE_LENGTH_MEASURE(2.E-2),#16);
#47=PRESENTATION_STYLE_ASSIGNMENT((#46));
#48=STYLED_ITEM('',(#47),#45);
#49=CARTESIAN_POINT('',(-1.05E0,0.E0,0.E0));
#50=DIRECTION('',(-1.E0,0.E0,0.E0));
#51=DIRECTION('',(0.E0,0.E0,1.E0));
#52=AXIS2_PLACEMENT_3D('',#49,#50,#51);
#54=CURVE_STYLE('',#23,POSITIVE_LENGTH_MEASURE(2.E-2),#16);
#55=PRESENTATION_STYLE_ASSIGNMENT((#54));
#56=STYLED_ITEM('',(#55),#53);
#57=CARTESIAN_POINT('',(-1.05E0,0.E0,0.E0));
#58=DIRECTION('',(-1.E0,0.E0,0.E0));
#59=DIRECTION('',(0.E0,0.E0,-1.E0));
#60=AXIS2_PLACEMENT_3D('',#57,#58,#59);
#62=CURVE_STYLE('',#23,POSITIVE_LENGTH_MEASURE(2.E-2),#16);
#63=PRESENTATION_STYLE_ASSIGNMENT((#62));
#64=STYLED_ITEM('',(#63),#61);
#65=CARTESIAN_POINT('',(-1.05E0,0.E0,-2.1E0));
#66=DIRECTION('',(-1.E0,0.E0,0.E0));
#67=DIRECTION('',(0.E0,0.E0,1.E0));
#68=AXIS2_PLACEMENT_3D('',#65,#66,#67);
#70=CURVE_STYLE('',#23,POSITIVE_LENGTH_MEASURE(2.E-2),#16);
#71=PRESENTATION_STYLE_ASSIGNMENT((#70));
#72=STYLED_ITEM('',(#71),#69);
#73=CARTESIAN_POINT('',(-1.05E0,0.E0,-2.1E0));
#74=DIRECTION('',(-1.E0,0.E0,0.E0));
#75=DIRECTION('',(0.E0,0.E0,-1.E0));
#76=AXIS2_PLACEMENT_3D('',#73,#74,#75);
#78=CURVE_STYLE('',#23,POSITIVE_LENGTH_MEASURE(2.E-2),#16);
#79=PRESENTATION_STYLE_ASSIGNMENT((#78));
#80=STYLED_ITEM('',(#79),#77);
#81=CARTESIAN_POINT('',(-1.05E0,0.E0,2.1E0));
#82=DIRECTION('',(-1.E0,0.E0,0.E0));
#83=DIRECTION('',(0.E0,0.E0,1.E0));
#84=AXIS2_PLACEMENT_3D('',#81,#82,#83);
#86=CURVE_STYLE('',#23,POSITIVE_LENGTH_MEASURE(2.E-2),#16);
#87=PRESENTATION_STYLE_ASSIGNMENT((#86));
#88=STYLED_ITEM('',(#87),#85);
#89=CARTESIAN_POINT('',(-1.05E0,0.E0,2.1E0));
#90=DIRECTION('',(-1.E0,0.E0,0.E0));
#91=DIRECTION('',(0.E0,0.E0,-1.E0));
#92=AXIS2_PLACEMENT_3D('',#89,#90,#91);
#94=CURVE_STYLE('',#23,POSITIVE_LENGTH_MEASURE(2.E-2),#16);
#95=PRESENTATION_STYLE_ASSIGNMENT((#94));
#96=STYLED_ITEM('',(#95),#93);
#97=CARTESIAN_POINT('',(3.045846890453E-1,1.952696860317E0,-1.749999987095E0));
#98=CARTESIAN_POINT('',(3.013474968966E-1,1.952809811590E0,-1.795254259055E0));
#99=CARTESIAN_POINT('',(2.943328745629E-1,1.949773107293E0,-1.889771945814E0));
#100=CARTESIAN_POINT('',(2.826965309186E-1,1.934567645584E0,-2.036173300122E0));
#101=CARTESIAN_POINT('',(2.681608941525E-1,1.902893983605E0,-2.205914872643E0));
#102=CARTESIAN_POINT('',(2.515841353699E-1,1.851789109580E0,-2.385452128821E0));
#103=CARTESIAN_POINT('',(2.323583568545E-1,1.775375475779E0,-2.579121425050E0));
#104=CARTESIAN_POINT('',(2.098106445094E-1,1.663049374541E0,-2.790033234269E0));
#105=CARTESIAN_POINT('',(1.848801497516E-1,1.508331573476E0,-3.006893032488E0));
#106=CARTESIAN_POINT('',(1.595706716565E-1,1.311832847820E0,-3.212980826783E0));
#107=CARTESIAN_POINT('',(1.360022441396E-1,1.077634398571E0,-3.394458323091E0));
#108=CARTESIAN_POINT('',(1.164817460028E-1,8.182975850028E-1,
-3.538341678059E0));
#109=CARTESIAN_POINT('',(1.021000139630E-1,5.416480665508E-1,
-3.641116260727E0));
#110=CARTESIAN_POINT('',(9.352777764795E-2,2.524103020440E-1,
-3.701172576906E0));
#111=CARTESIAN_POINT('',(9.124336221746E-2,-4.129550590108E-2,
-3.717033044295E0));
#112=CARTESIAN_POINT('',(9.531062296315E-2,-3.345797614178E-1,
-3.688753412699E0));
#113=CARTESIAN_POINT('',(1.056323436617E-1,-6.222581684956E-1,
-3.616122104681E0));
#114=CARTESIAN_POINT('',(1.216431322126E-1,-8.952532163101E-1,
-3.500806443903E0));
#115=CARTESIAN_POINT('',(1.420066124030E-1,-1.142647363891E0,
-3.348991704666E0));
#116=CARTESIAN_POINT('',(1.650272980983E-1,-1.357255794492E0,
-3.169386395789E0));
#117=CARTESIAN_POINT('',(1.886663378894E-1,-1.533037669478E0,
-2.974529262030E0));
#118=CARTESIAN_POINT('',(2.108082109316E-1,-1.667451762782E0,
-2.780406811811E0));
#119=CARTESIAN_POINT('',(2.305031260734E-1,-1.766232378365E0,
-2.596516972055E0));
#120=CARTESIAN_POINT('',(2.480992503798E-1,-1.838809181262E0,
-2.421207382749E0));
#121=CARTESIAN_POINT('',(2.636684836608E-1,-1.889989781514E0,
-2.255458999451E0));
#122=CARTESIAN_POINT('',(2.771594189229E-1,-1.923740967391E0,
-2.102009103890E0));
#123=CARTESIAN_POINT('',(2.903124167077E-1,-1.946298273515E0,
-1.942232111038E0));
#124=CARTESIAN_POINT('',(2.998416462269E-1,-1.952862324813E0,
-1.816302196948E0));
#125=CARTESIAN_POINT('',(3.045846986790E-1,-1.952696859980E0,
-1.749999986109E0));
#127=CURVE_STYLE('',#23,POSITIVE_LENGTH_MEASURE(2.E-2),#16);
#128=PRESENTATION_STYLE_ASSIGNMENT((#127));
#129=STYLED_ITEM('',(#128),#126);
#130=DIRECTION('',(9.993908270191E-1,-3.489949670246E-2,9.521045669240E-9));
#131=VECTOR('',#130,1.355410368420E0);
#132=CARTESIAN_POINT('',(-1.05E0,2.E0,-1.75E0));
#133=LINE('',#132,#131);
#134=CURVE_STYLE('',#23,POSITIVE_LENGTH_MEASURE(2.E-2),#16);
#135=PRESENTATION_STYLE_ASSIGNMENT((#134));
#136=STYLED_ITEM('',(#135),#133);
#137=CARTESIAN_POINT('',(2.976047887850E-1,1.752818694945E0,-1.75E0));
#138=DIRECTION('',(-7.943459440469E-2,2.773917161056E-3,-9.968362205475E-1));
#139=DIRECTION('',(3.489949454494E-2,9.993908270944E-1,1.723188258751E-10));
#140=AXIS2_PLACEMENT_3D('',#137,#138,#139);
#142=CURVE_STYLE('',#23,POSITIVE_LENGTH_MEASURE(2.E-2),#16);
#143=PRESENTATION_STYLE_ASSIGNMENT((#142));
#144=STYLED_ITEM('',(#143),#141);
#145=CARTESIAN_POINT('',(2.976047983496E-1,-1.752818694611E0,
-1.749999999999E0));
#146=DIRECTION('',(7.943160957679E-2,2.773812928388E-3,9.968364586841E-1));
#147=DIRECTION('',(3.489949670250E-2,-9.993908270191E-1,0.E0));
#148=AXIS2_PLACEMENT_3D('',#145,#146,#147);
#150=CURVE_STYLE('',#23,POSITIVE_LENGTH_MEASURE(2.E-2),#16);
#151=PRESENTATION_STYLE_ASSIGNMENT((#150));
#152=STYLED_ITEM('',(#151),#149);
#153=CARTESIAN_POINT('',(3.045846986790E-1,-1.952696859980E0,
-1.749999986109E0));
#154=CARTESIAN_POINT('',(3.046408611667E-1,-1.952694898743E0,
-1.749295302417E0));
#155=CARTESIAN_POINT('',(3.047507415455E-1,-1.952691061636E0,
-1.747903887350E0));
#156=CARTESIAN_POINT('',(3.049112882200E-1,-1.952685455222E0,
-1.745842067151E0));
#157=CARTESIAN_POINT('',(3.050100716001E-1,-1.952682005631E0,
-1.744541387616E0));
#158=CARTESIAN_POINT('',(3.050583014380E-1,-1.952680321408E0,
-1.743904798818E0));
#160=CURVE_STYLE('',#23,POSITIVE_LENGTH_MEASURE(2.E-2),#16);
#161=PRESENTATION_STYLE_ASSIGNMENT((#160));
#162=STYLED_ITEM('',(#161),#159);
#163=DIRECTION('',(9.993908270191E-1,3.489949670245E-2,1.024854688301E-8));
#164=VECTOR('',#163,1.355410378059E0);
#165=CARTESIAN_POINT('',(-1.05E0,-2.E0,-1.75E0));
#166=LINE('',#165,#164);
#167=CURVE_STYLE('',#23,POSITIVE_LENGTH_MEASURE(2.E-2),#16);
#168=PRESENTATION_STYLE_ASSIGNMENT((#167));
#169=STYLED_ITEM('',(#168),#166);
#170=CARTESIAN_POINT('',(3.050583020451E-1,-1.952680321386E0,1.743904790507E0));
#171=CARTESIAN_POINT('',(3.050100713882E-1,-1.952682005638E0,1.744541380795E0));
#172=CARTESIAN_POINT('',(3.049112880759E-1,-1.952685455227E0,1.745842063217E0));
#173=CARTESIAN_POINT('',(3.047507377194E-1,-1.952691061769E0,1.747903886163E0));
#174=CARTESIAN_POINT('',(3.046408534608E-1,-1.952694899012E0,1.749295303343E0));
#175=CARTESIAN_POINT('',(3.045846890456E-1,-1.952696860317E0,1.749999987095E0));
#177=CURVE_STYLE('',#23,POSITIVE_LENGTH_MEASURE(2.E-2),#16);
#178=PRESENTATION_STYLE_ASSIGNMENT((#177));
#179=STYLED_ITEM('',(#178),#176);
#180=CARTESIAN_POINT('',(3.050583014380E-1,-1.952680321408E0,
-1.743904798818E0));
#181=CARTESIAN_POINT('',(3.154747066229E-1,-1.952316572523E0,
-1.602936544169E0));
#182=CARTESIAN_POINT('',(3.332299017743E-1,-1.951696547446E0,
-1.327635799689E0));
#183=CARTESIAN_POINT('',(3.515550519676E-1,-1.951056619100E0,
-9.446216670044E-1));
#184=CARTESIAN_POINT('',(3.637425231330E-1,-1.950631023229E0,
-5.618189070299E-1));
#185=CARTESIAN_POINT('',(3.696404866666E-1,-1.950425061804E0,
-1.873363186555E-1));
#186=CARTESIAN_POINT('',(3.696254317428E-1,-1.950425587533E0,
1.832744711511E-1));
#187=CARTESIAN_POINT('',(3.641071482796E-1,-1.950618290238E0,
5.412915423613E-1));
#188=CARTESIAN_POINT('',(3.530356032773E-1,-1.951004917109E0,
9.057314066302E-1));
#189=CARTESIAN_POINT('',(3.350763331856E-1,-1.951632068640E0,1.296261666153E0));
#190=CARTESIAN_POINT('',(3.164278505212E-1,-1.952283288005E0,1.590037330923E0));
#191=CARTESIAN_POINT('',(3.050583020451E-1,-1.952680321386E0,1.743904790507E0));
#193=CURVE_STYLE('',#23,POSITIVE_LENGTH_MEASURE(2.E-2),#16);
#194=PRESENTATION_STYLE_ASSIGNMENT((#193));
#195=STYLED_ITEM('',(#194),#192);
#196=CARTESIAN_POINT('',(3.045846890456E-1,-1.952696860317E0,1.749999987095E0));
#197=CARTESIAN_POINT('',(3.013474926548E-1,-1.952809811738E0,1.795254318343E0));
#198=CARTESIAN_POINT('',(2.943328607167E-1,-1.949773098999E0,1.889772131295E0));
#199=CARTESIAN_POINT('',(2.826965001838E-1,-1.934567596894E0,2.036173677702E0));
#200=CARTESIAN_POINT('',(2.681608394841E-1,-1.902893845949E0,2.205915490996E0));
#201=CARTESIAN_POINT('',(2.515840516116E-1,-1.851788821793E0,2.385453010585E0));
#202=CARTESIAN_POINT('',(2.323582324285E-1,-1.775374932853E0,2.579122640712E0));
#203=CARTESIAN_POINT('',(2.098104694181E-1,-1.663048416228E0,2.790034820521E0));
#204=CARTESIAN_POINT('',(1.848799317269E-1,-1.508330083740E0,3.006894871290E0));
#205=CARTESIAN_POINT('',(1.595704223909E-1,-1.311830698385E0,3.212982801621E0));
#206=CARTESIAN_POINT('',(1.360019923844E-1,-1.077631563709E0,3.394460217846E0));
#207=CARTESIAN_POINT('',(1.164815229257E-1,-8.182941205834E-1,
3.538343294793E0));
#208=CARTESIAN_POINT('',(1.020998442156E-1,-5.416439815947E-1,
3.641117459609E0));
#209=CARTESIAN_POINT('',(9.352768804005E-2,-2.524056639369E-1,
3.701173200582E0));
#210=CARTESIAN_POINT('',(9.124337468201E-2,4.130059215712E-2,3.717032958229E0));
#211=CARTESIAN_POINT('',(9.531075541842E-2,3.345852317438E-1,3.688752489367E0));
#212=CARTESIAN_POINT('',(1.056326117435E-1,6.222639192072E-1,3.616120203182E0));
#213=CARTESIAN_POINT('',(1.216435347565E-1,8.952589622413E-1,3.500803505030E0));
#214=CARTESIAN_POINT('',(1.420071152512E-1,1.142652677352E0,3.348987880814E0));
#215=CARTESIAN_POINT('',(1.650278407101E-1,1.357260272619E0,3.169382051442E0));
#216=CARTESIAN_POINT('',(1.886668415042E-1,1.533041016869E0,2.974524975517E0));
#217=CARTESIAN_POINT('',(2.108086252810E-1,1.667454024971E0,2.780403050784E0));
#218=CARTESIAN_POINT('',(2.305034527756E-1,1.766233850613E0,2.596513812387E0));
#219=CARTESIAN_POINT('',(2.480995035645E-1,1.838810104616E0,2.421204768337E0));
#220=CARTESIAN_POINT('',(2.636686711338E-1,1.889990312594E0,2.255456922427E0));
#221=CARTESIAN_POINT('',(2.771595461157E-1,1.923741222317E0,2.102007594232E0));
#222=CARTESIAN_POINT('',(2.903124824686E-1,1.946298332812E0,1.942231261507E0));
#223=CARTESIAN_POINT('',(2.998416675130E-1,1.952862324072E0,1.816301899910E0));
#224=CARTESIAN_POINT('',(3.045846986803E-1,1.952696859980E0,1.749999986110E0));
#226=CURVE_STYLE('',#23,POSITIVE_LENGTH_MEASURE(2.E-2),#16);
#227=PRESENTATION_STYLE_ASSIGNMENT((#226));
#228=STYLED_ITEM('',(#227),#225);
#229=DIRECTION('',(9.993908270191E-1,3.489949670246E-2,-9.521273380349E-9));
#230=VECTOR('',#229,1.355410368420E0);
#231=CARTESIAN_POINT('',(-1.05E0,-2.E0,1.75E0));
#232=LINE('',#231,#230);
#233=CURVE_STYLE('',#23,POSITIVE_LENGTH_MEASURE(2.E-2),#16);
#234=PRESENTATION_STYLE_ASSIGNMENT((#233));
#235=STYLED_ITEM('',(#234),#232);
#236=CARTESIAN_POINT('',(2.976047887853E-1,-1.752818694945E0,1.75E0));
#237=DIRECTION('',(-7.943459431533E-2,-2.773917157939E-3,9.968362205546E-1));
#238=DIRECTION('',(3.489949454491E-2,-9.993908270944E-1,-1.723243769902E-10));
#239=AXIS2_PLACEMENT_3D('',#236,#237,#238);
#241=CURVE_STYLE('',#23,POSITIVE_LENGTH_MEASURE(2.E-2),#16);
#242=PRESENTATION_STYLE_ASSIGNMENT((#241));
#243=STYLED_ITEM('',(#242),#240);
#244=CARTESIAN_POINT('',(2.976047983510E-1,1.752818694611E0,1.749999999999E0));
#245=DIRECTION('',(7.943160914980E-2,-2.773812913478E-3,-9.968364587182E-1));
#246=DIRECTION('',(3.489949670250E-2,9.993908270191E-1,0.E0));
#247=AXIS2_PLACEMENT_3D('',#244,#245,#246);
#249=CURVE_STYLE('',#23,POSITIVE_LENGTH_MEASURE(2.E-2),#16);
#250=PRESENTATION_STYLE_ASSIGNMENT((#249));
#251=STYLED_ITEM('',(#250),#248);
#252=CARTESIAN_POINT('',(3.050583020343E-1,1.952680321387E0,-1.743904790650E0));
#253=CARTESIAN_POINT('',(3.050100713787E-1,1.952682005638E0,-1.744541380920E0));
#254=CARTESIAN_POINT('',(3.049112880687E-1,1.952685455228E0,-1.745842063309E0));
#255=CARTESIAN_POINT('',(3.047507377156E-1,1.952691061769E0,-1.747903886209E0));
#256=CARTESIAN_POINT('',(3.046408534593E-1,1.952694899012E0,-1.749295303358E0));
#257=CARTESIAN_POINT('',(3.045846890453E-1,1.952696860317E0,-1.749999987095E0));
#259=CURVE_STYLE('',#23,POSITIVE_LENGTH_MEASURE(2.E-2),#16);
#260=PRESENTATION_STYLE_ASSIGNMENT((#259));
#261=STYLED_ITEM('',(#260),#258);
#262=CARTESIAN_POINT('',(3.050583014379E-1,1.952680321408E0,1.743904798819E0));
#263=CARTESIAN_POINT('',(3.154747038857E-1,1.952316572619E0,1.602936581212E0));
#264=CARTESIAN_POINT('',(3.332298954377E-1,1.951696547667E0,1.327635903299E0));
#265=CARTESIAN_POINT('',(3.515550441895E-1,1.951056619372E0,9.446218527239E-1));
#266=CARTESIAN_POINT('',(3.637425173570E-1,1.950631023431E0,5.618191422887E-1));
#267=CARTESIAN_POINT('',(3.696404845857E-1,1.950425061877E0,1.873365758080E-1));
#268=CARTESIAN_POINT('',(3.696254337967E-1,1.950425587462E0,
-1.832742198835E-1));
#269=CARTESIAN_POINT('',(3.641071534608E-1,1.950618290057E0,
-5.412913277222E-1));
#270=CARTESIAN_POINT('',(3.530356093461E-1,1.951004916897E0,
-9.057312588432E-1));
#271=CARTESIAN_POINT('',(3.350763373913E-1,1.951632068493E0,-1.296261597553E0));
#272=CARTESIAN_POINT('',(3.164278521826E-1,1.952283287947E0,-1.590037308438E0));
#273=CARTESIAN_POINT('',(3.050583020343E-1,1.952680321387E0,-1.743904790650E0));
#275=CURVE_STYLE('',#23,POSITIVE_LENGTH_MEASURE(2.E-2),#16);
#276=PRESENTATION_STYLE_ASSIGNMENT((#275));
#277=STYLED_ITEM('',(#276),#274);
#278=CARTESIAN_POINT('',(3.045846986803E-1,1.952696859980E0,1.749999986110E0));
#279=CARTESIAN_POINT('',(3.046408611699E-1,1.952694898743E0,1.749295302390E0));
#280=CARTESIAN_POINT('',(3.047507415512E-1,1.952691061635E0,1.747903887284E0));
#281=CARTESIAN_POINT('',(3.049112882274E-1,1.952685455222E0,1.745842067055E0));
#282=CARTESIAN_POINT('',(3.050100716032E-1,1.952682005631E0,1.744541387575E0));
#283=CARTESIAN_POINT('',(3.050583014379E-1,1.952680321408E0,1.743904798819E0));
#285=CURVE_STYLE('',#23,POSITIVE_LENGTH_MEASURE(2.E-2),#16);
#286=PRESENTATION_STYLE_ASSIGNMENT((#285));
#287=STYLED_ITEM('',(#286),#284);
#288=DIRECTION('',(9.993908270191E-1,-3.489949670245E-2,-1.024799464261E-8));
#289=VECTOR('',#288,1.355410378061E0);
#290=CARTESIAN_POINT('',(-1.05E0,2.E0,1.75E0));
#291=LINE('',#290,#289);
#292=CURVE_STYLE('',#23,POSITIVE_LENGTH_MEASURE(2.E-2),#16);
#293=PRESENTATION_STYLE_ASSIGNMENT((#292));
#294=STYLED_ITEM('',(#293),#291);
#295=CARTESIAN_POINT('',(2.980779068823E-1,1.752802569977E0,-1.743911517357E0));
#296=DIRECTION('',(-7.468631383340E-2,2.608103549563E-3,-9.972036664202E-1));
#297=DIRECTION('',(3.489952576561E-2,9.993908260042E-1,-2.179358794574E-9));
#298=AXIS2_PLACEMENT_3D('',#295,#296,#297);
#300=CURVE_STYLE('',#23,POSITIVE_LENGTH_MEASURE(2.E-2),#16);
#301=PRESENTATION_STYLE_ASSIGNMENT((#300));
#302=STYLED_ITEM('',(#301),#299);
#303=CARTESIAN_POINT('',(5.787325452444E-1,-1.749300120263E0,
-1.764793354628E0));
#304=CARTESIAN_POINT('',(5.765161533362E-1,-1.749046613994E0,
-1.795958694316E0));
#305=CARTESIAN_POINT('',(5.716923312085E-1,-1.746775204920E0,
-1.862362735348E0));
#306=CARTESIAN_POINT('',(5.632769854810E-1,-1.736530021528E0,
-1.971911035023E0));
#307=CARTESIAN_POINT('',(5.531564489862E-1,-1.716480576108E0,
-2.096370981711E0));
#308=CARTESIAN_POINT('',(5.410470023381E-1,-1.682593996217E0,
-2.236289392743E0));
#309=CARTESIAN_POINT('',(5.277619028891E-1,-1.634124983127E0,
-2.380207875290E0));
#310=CARTESIAN_POINT('',(5.144225131320E-1,-1.574732579961E0,
-2.516521582587E0));
#311=CARTESIAN_POINT('',(5.008091424917E-1,-1.503322961391E0,
-2.648529927165E0));
#312=CARTESIAN_POINT('',(4.874308954506E-1,-1.422084948720E0,
-2.772163233931E0));
#313=CARTESIAN_POINT('',(4.742796760006E-1,-1.330817785375E0,
-2.888655776059E0));
#314=CARTESIAN_POINT('',(4.607486827296E-1,-1.223566460732E0,
-3.003909911225E0));
#315=CARTESIAN_POINT('',(4.462979091691E-1,-1.090559620760E0,
-3.122350583253E0));
#316=CARTESIAN_POINT('',(4.311459486674E-1,-9.228160630021E-1,
-3.241830181144E0));
#317=CARTESIAN_POINT('',(4.164901829057E-1,-7.153853978593E-1,
-3.353216281540E0));
#318=CARTESIAN_POINT('',(4.044104053570E-1,-4.715526976922E-1,
-3.442186583151E0));
#319=CARTESIAN_POINT('',(3.970504317972E-1,-2.043844777069E-1,
-3.495230177908E0));
#320=CARTESIAN_POINT('',(3.955937850656E-1,7.045618269549E-2,
-3.505631716873E0));
#321=CARTESIAN_POINT('',(4.000174452725E-1,3.357172342465E-1,
-3.473938762396E0));
#322=CARTESIAN_POINT('',(4.091220504059E-1,5.769260824639E-1,
-3.407718362034E0));
#323=CARTESIAN_POINT('',(4.211627929608E-1,7.861108083593E-1,
-3.318005933460E0));
#324=CARTESIAN_POINT('',(4.343678614477E-1,9.599772271335E-1,
-3.216630754453E0));
#325=CARTESIAN_POINT('',(4.475204143979E-1,1.101664634476E0,-3.112324390840E0));
#326=CARTESIAN_POINT('',(4.603142669225E-1,1.219351894555E0,-3.007403372834E0));
#327=CARTESIAN_POINT('',(4.730141536094E-1,1.321257363522E0,-2.899574870072E0));
#328=CARTESIAN_POINT('',(4.860979701257E-1,1.413425960518E0,-2.784211289928E0));
#329=CARTESIAN_POINT('',(4.996417518824E-1,1.496684691738E0,-2.659547006158E0));
#330=CARTESIAN_POINT('',(5.131834614639E-1,1.568712710038E0,-2.528838265268E0));
#331=CARTESIAN_POINT('',(5.266782372168E-1,1.629637195884E0,-2.391522325349E0));
#332=CARTESIAN_POINT('',(5.396844733062E-1,1.678187094071E0,-2.251514182542E0));
#333=CARTESIAN_POINT('',(5.532222138734E-1,1.717408971044E0,-2.096265278460E0));
#334=CARTESIAN_POINT('',(5.666753757400E-1,1.742768580711E0,-1.929737745152E0));
#335=CARTESIAN_POINT('',(5.748197129213E-1,1.748851086550E0,-1.819820237404E0));
#336=CARTESIAN_POINT('',(5.787325544833E-1,1.749300110716E0,-1.764793355677E0));
#338=CURVE_STYLE('',#23,POSITIVE_LENGTH_MEASURE(2.E-2),#16);
#339=PRESENTATION_STYLE_ASSIGNMENT((#338));
#340=STYLED_ITEM('',(#339),#337);
#341=DIRECTION('',(6.926719607904E-1,-7.192988512905E-1,-5.305390906333E-2));
#342=VECTOR('',#341,1.980271767097E-1);
#343=CARTESIAN_POINT('',(4.415646817020E-1,1.891740831448E0,-1.754287239852E0));
#344=LINE('',#343,#342);
#345=CURVE_STYLE('',#23,POSITIVE_LENGTH_MEASURE(2.E-2),#16);
#346=PRESENTATION_STYLE_ASSIGNMENT((#345));
#347=STYLED_ITEM('',(#346),#344);
#348=CARTESIAN_POINT('',(4.415646817020E-1,1.891740831448E0,-1.754287239852E0));
#349=CARTESIAN_POINT('',(4.415091873542E-1,1.891740649444E0,-1.755048027933E0));
#350=CARTESIAN_POINT('',(4.413986624626E-1,1.891739692801E0,-1.756562391076E0));
#351=CARTESIAN_POINT('',(4.412343003836E-1,1.891738777834E0,-1.758759573814E0));
#352=CARTESIAN_POINT('',(4.411188442736E-1,1.891738220840E0,-1.760279756676E0));
#353=CARTESIAN_POINT('',(4.410602909740E-1,1.891737837585E0,-1.761044940012E0));
#355=CURVE_STYLE('',#23,POSITIVE_LENGTH_MEASURE(2.E-2),#16);
#356=PRESENTATION_STYLE_ASSIGNMENT((#355));
#357=STYLED_ITEM('',(#356),#354);
#358=CARTESIAN_POINT('',(4.410602909740E-1,1.891737837585E0,-1.761044940012E0));
#359=CARTESIAN_POINT('',(4.376840880618E-1,1.891717516734E0,-1.805149172837E0));
#360=CARTESIAN_POINT('',(4.303644032413E-1,1.888483300602E0,-1.897228956971E0));
#361=CARTESIAN_POINT('',(4.181987553759E-1,1.873245338852E0,-2.039786186179E0));
#362=CARTESIAN_POINT('',(4.029876806895E-1,1.841920384819E0,-2.204913878625E0));
#363=CARTESIAN_POINT('',(3.856227406252E-1,1.791684072425E0,-2.379419505423E0));
#364=CARTESIAN_POINT('',(3.654731946337E-1,1.716883482647E0,-2.567394525881E0));
#365=CARTESIAN_POINT('',(3.418360661067E-1,1.607283093211E0,-2.771811729201E0));
#366=CARTESIAN_POINT('',(3.157040049324E-1,1.456765459027E0,-2.981626838766E0));
#367=CARTESIAN_POINT('',(2.891867811163E-1,1.266117180375E0,-3.180647492269E0));
#368=CARTESIAN_POINT('',(2.645096236996E-1,1.039426058162E0,-3.355590784346E0));
#369=CARTESIAN_POINT('',(2.440843584389E-1,7.888805303498E-1,
-3.494083456411E0));
#370=CARTESIAN_POINT('',(2.290444704838E-1,5.219820434085E-1,
-3.592894608599E0));
#371=CARTESIAN_POINT('',(2.200834820199E-1,2.431929487485E-1,
-3.650591020640E0));
#372=CARTESIAN_POINT('',(2.176959047076E-1,-3.978382355056E-2,
-3.665822956380E0));
#373=CARTESIAN_POINT('',(2.219468892105E-1,-3.223735514348E-1,
-3.638662918898E0));
#374=CARTESIAN_POINT('',(2.327375984128E-1,-5.997164642770E-1,
-3.568874217912E0));
#375=CARTESIAN_POINT('',(2.494834545934E-1,-8.631826762042E-1,
-3.457973873396E0));
#376=CARTESIAN_POINT('',(2.707946214906E-1,-1.102309166481E0,
-3.311788479909E0));
#377=CARTESIAN_POINT('',(2.949022829433E-1,-1.310151745745E0,
-3.138575840701E0));
#378=CARTESIAN_POINT('',(3.196719357082E-1,-1.480782873718E0,
-2.950332699899E0));
#379=CARTESIAN_POINT('',(3.428823048762E-1,-1.611589088550E0,
-2.762472439395E0));
#380=CARTESIAN_POINT('',(3.635274540824E-1,-1.707957092752E0,
-2.584261712305E0));
#381=CARTESIAN_POINT('',(3.819709450434E-1,-1.778965717377E0,
-2.414136518104E0));
#382=CARTESIAN_POINT('',(3.982838487341E-1,-1.829223575841E0,
-2.253067941891E0));
#383=CARTESIAN_POINT('',(4.124039085641E-1,-1.862509757255E0,
-2.103864978586E0));
#384=CARTESIAN_POINT('',(4.261652462220E-1,-1.884945398568E0,
-1.948320816471E0));
#385=CARTESIAN_POINT('',(4.361144159449E-1,-1.891708119832E0,
-1.825653236030E0));
#386=CARTESIAN_POINT('',(4.410603308101E-1,-1.891737838903E0,
-1.761044526046E0));
#388=CURVE_STYLE('',#23,POSITIVE_LENGTH_MEASURE(2.E-2),#16);
#389=PRESENTATION_STYLE_ASSIGNMENT((#388));
#390=STYLED_ITEM('',(#389),#387);
#391=CARTESIAN_POINT('',(4.410603308101E-1,-1.891737838903E0,
-1.761044526046E0));
#392=CARTESIAN_POINT('',(4.411188788872E-1,-1.891738221953E0,
-1.760279386939E0));
#393=CARTESIAN_POINT('',(4.412343245678E-1,-1.891738778745E0,
-1.758759291820E0));
#394=CARTESIAN_POINT('',(4.413986731454E-1,-1.891739692947E0,
-1.756562251248E0));
#395=CARTESIAN_POINT('',(4.415091922759E-1,-1.891740648554E0,
-1.755047981409E0));
#396=CARTESIAN_POINT('',(4.415646813785E-1,-1.891740831785E0,
-1.754287239941E0));
#398=CURVE_STYLE('',#23,POSITIVE_LENGTH_MEASURE(2.E-2),#16);
#399=PRESENTATION_STYLE_ASSIGNMENT((#398));
#400=STYLED_ITEM('',(#399),#397);
#401=CARTESIAN_POINT('',(4.352774961310E-1,-1.610359875285E0,
-1.753998515493E0));
#402=DIRECTION('',(-7.369732711801E-2,1.610088493287E-3,-9.972793548403E-1));
#403=DIRECTION('',(9.972806474452E-1,-5.353454502086E-7,-7.369742350372E-2));
#404=AXIS2_PLACEMENT_3D('',#401,#402,#403);
#406=CURVE_STYLE('',#23,POSITIVE_LENGTH_MEASURE(2.E-2),#16);
#407=PRESENTATION_STYLE_ASSIGNMENT((#406));
#408=STYLED_ITEM('',(#407),#405);
#409=CARTESIAN_POINT('',(6.347376108556E-1,1.610360027591E0,1.768710123082E0));
#410=CARTESIAN_POINT('',(6.326291576077E-1,1.610205182725E0,1.797242475689E0));
#411=CARTESIAN_POINT('',(6.280309399578E-1,1.608319159628E0,1.858070304671E0));
#412=CARTESIAN_POINT('',(6.199594219237E-1,1.599224831862E0,1.959439580854E0));
#413=CARTESIAN_POINT('',(6.102925509684E-1,1.581193357056E0,2.074363040164E0));
#414=CARTESIAN_POINT('',(5.987296370696E-1,1.550492050722E0,2.203797656691E0));
#415=CARTESIAN_POINT('',(5.860666548255E-1,1.506406151196E0,2.336990252572E0));
#416=CARTESIAN_POINT('',(5.733583719472E-1,1.452211569307E0,2.463322354904E0));
#417=CARTESIAN_POINT('',(5.603978839188E-1,1.386913537934E0,2.585768965674E0));
#418=CARTESIAN_POINT('',(5.476627065151E-1,1.312487406650E0,2.700579227874E0));
#419=CARTESIAN_POINT('',(5.351428246245E-1,1.228724351354E0,2.808882731884E0));
#420=CARTESIAN_POINT('',(5.222624534501E-1,1.130166195353E0,2.916127165013E0));
#421=CARTESIAN_POINT('',(5.084991428298E-1,1.007735410423E0,3.026483469471E0));
#422=CARTESIAN_POINT('',(4.940643911052E-1,8.531182213747E-1,3.137925190027E0));
#423=CARTESIAN_POINT('',(4.800943255857E-1,6.616424072444E-1,3.241946204931E0));
#424=CARTESIAN_POINT('',(4.685730954997E-1,4.362821360615E-1,3.325123496222E0));
#425=CARTESIAN_POINT('',(4.615502041580E-1,1.891356617817E-1,3.374751850875E0));
#426=CARTESIAN_POINT('',(4.601600025149E-1,-6.520693686358E-2,
3.384486550122E0));
#427=CARTESIAN_POINT('',(4.643816936012E-1,-3.106505530105E-1,
3.354827067722E0));
#428=CARTESIAN_POINT('',(4.730677269332E-1,-5.337029259381E-1,
3.292889731972E0));
#429=CARTESIAN_POINT('',(4.845494511525E-1,-7.269551964418E-1,
3.209051091563E0));
#430=CARTESIAN_POINT('',(4.971348467815E-1,-8.873870751533E-1,
3.114410298318E0));
#431=CARTESIAN_POINT('',(5.096633814974E-1,-1.017956177276E0,3.017142132813E0));
#432=CARTESIAN_POINT('',(5.218490437498E-1,-1.126287911102E0,2.919381010235E0));
#433=CARTESIAN_POINT('',(5.339379943793E-1,-1.219942148262E0,2.819041004096E0));
#434=CARTESIAN_POINT('',(5.463946794745E-1,-1.304551706662E0,2.711767403876E0));
#435=CARTESIAN_POINT('',(5.592862674411E-1,-1.380836091640E0,2.595996805053E0));
#436=CARTESIAN_POINT('',(5.721792728753E-1,-1.446715602669E0,2.474733848064E0));
#437=CARTESIAN_POINT('',(5.850336785515E-1,-1.502315148809E0,2.347476671062E0));
#438=CARTESIAN_POINT('',(5.974317229708E-1,-1.546493596702E0,2.217858696168E0));
#439=CARTESIAN_POINT('',(6.103498489496E-1,-1.582043293748E0,2.074324042855E0));
#440=CARTESIAN_POINT('',(6.232241585471E-1,-1.604835313357E0,1.920225931093E0));
#441=CARTESIAN_POINT('',(6.309921879080E-1,-1.610084089408E0,1.819394477195E0));
#442=CARTESIAN_POINT('',(6.347376124856E-1,-1.610360027752E0,1.768710101025E0));
#444=CURVE_STYLE('',#23,POSITIVE_LENGTH_MEASURE(2.E-2),#16);
#445=PRESENTATION_STYLE_ASSIGNMENT((#444));
#446=STYLED_ITEM('',(#445),#443);
#447=CARTESIAN_POINT('',(6.347376124752E-1,1.610360027752E0,-1.768710101165E0));
#448=CARTESIAN_POINT('',(6.381985507083E-1,1.610240243928E0,-1.721875811670E0));
#449=CARTESIAN_POINT('',(6.452886304021E-1,1.609985585160E0,-1.622174637110E0));
#450=CARTESIAN_POINT('',(6.560222236884E-1,1.609612938068E0,-1.455808419801E0));
#451=CARTESIAN_POINT('',(6.667145231580E-1,1.609237906914E0,-1.268709119131E0));
#452=CARTESIAN_POINT('',(6.769638023195E-1,1.608880369790E0,-1.059139781442E0));
#453=CARTESIAN_POINT('',(6.864760756785E-1,1.608550540462E0,
-8.192474674349E-1));
#454=CARTESIAN_POINT('',(6.944131316751E-1,1.608278724003E0,
-5.440508202871E-1));
#455=CARTESIAN_POINT('',(6.992926782825E-1,1.608113466875E0,
-2.500589443384E-1));
#456=CARTESIAN_POINT('',(7.005461669491E-1,1.608071125892E0,3.879841167578E-2));
#457=CARTESIAN_POINT('',(6.983314270703E-1,1.608145720428E0,3.295423021840E-1));
#458=CARTESIAN_POINT('',(6.925538032337E-1,1.608342070920E0,6.202072176185E-1));
#459=CARTESIAN_POINT('',(6.834440816223E-1,1.608655472435E0,9.077422307300E-1));
#460=CARTESIAN_POINT('',(6.698130473248E-1,1.609130905082E0,1.216911164045E0));
#461=CARTESIAN_POINT('',(6.524412082884E-1,1.609735472424E0,1.518873311079E0));
#462=CARTESIAN_POINT('',(6.406176590296E-1,1.610156680577E0,1.689139870385E0));
#463=CARTESIAN_POINT('',(6.347376108556E-1,1.610360027591E0,1.768710123082E0));
#465=CURVE_STYLE('',#23,POSITIVE_LENGTH_MEASURE(2.E-2),#16);
#466=PRESENTATION_STYLE_ASSIGNMENT((#465));
#467=STYLED_ITEM('',(#466),#464);
#468=CARTESIAN_POINT('',(6.347376108558E-1,-1.610360027591E0,
-1.768710123080E0));
#469=CARTESIAN_POINT('',(6.326291628992E-1,-1.610205183110E0,
-1.797242404082E0));
#470=CARTESIAN_POINT('',(6.280309580128E-1,-1.608319167616E0,
-1.858070066620E0));
#471=CARTESIAN_POINT('',(6.199594707445E-1,-1.599224897984E0,
-1.959438978147E0));
#472=CARTESIAN_POINT('',(6.102926324626E-1,-1.581193534669E0,
-2.074362094045E0));
#473=CARTESIAN_POINT('',(5.987297471807E-1,-1.550492386903E0,
-2.203796461120E0));
#474=CARTESIAN_POINT('',(5.860667648710E-1,-1.506406579248E0,
-2.336989129527E0));
#475=CARTESIAN_POINT('',(5.733584845821E-1,-1.452212092010E0,
-2.463321263643E0));
#476=CARTESIAN_POINT('',(5.603979971965E-1,-1.386914153624E0,
-2.585767921295E0));
#477=CARTESIAN_POINT('',(5.476628187956E-1,-1.312488108966E0,
-2.700578237013E0));
#478=CARTESIAN_POINT('',(5.351429380829E-1,-1.228725160879E0,
-2.808881769084E0));
#479=CARTESIAN_POINT('',(5.222625747822E-1,-1.130167190044E0,
-2.916126173308E0));
#480=CARTESIAN_POINT('',(5.084992728552E-1,-1.007736667281E0,
-3.026482446413E0));
#481=CARTESIAN_POINT('',(4.940645236673E-1,-8.531198028160E-1,
-3.137924185549E0));
#482=CARTESIAN_POINT('',(4.800944468545E-1,-6.616443441592E-1,
-3.241945317312E0));
#483=CARTESIAN_POINT('',(4.685731844859E-1,-4.362843549416E-1,
-3.325122862353E0));
#484=CARTESIAN_POINT('',(4.615502448681E-1,-1.891380455836E-1,
-3.374751565404E0));
#485=CARTESIAN_POINT('',(4.601599882033E-1,6.520454010572E-2,
-3.384486650168E0));
#486=CARTESIAN_POINT('',(4.643816294071E-1,3.106482903744E-1,
-3.354827520887E0));
#487=CARTESIAN_POINT('',(4.730676266444E-1,5.337009030972E-1,
-3.292890454272E0));
#488=CARTESIAN_POINT('',(4.845493309514E-1,7.269534648120E-1,
-3.209051981363E0));
#489=CARTESIAN_POINT('',(4.971347216092E-1,8.873856476425E-1,
-3.114411254432E0));
#490=CARTESIAN_POINT('',(5.096632583531E-1,1.017954999154E0,-3.017143104506E0));
#491=CARTESIAN_POINT('',(5.218489223656E-1,1.126286906208E0,-2.919382000342E0));
#492=CARTESIAN_POINT('',(5.339378704805E-1,1.219941249533E0,-2.819042050629E0));
#493=CARTESIAN_POINT('',(5.463945495463E-1,1.304550881472E0,-2.711768545065E0));
#494=CARTESIAN_POINT('',(5.592861337727E-1,1.380835355772E0,-2.595998032500E0));
#495=CARTESIAN_POINT('',(5.721791384569E-1,1.446714967994E0,-2.474735143313E0));
#496=CARTESIAN_POINT('',(5.850335442520E-1,1.502314620043E0,-2.347478037264E0));
#497=CARTESIAN_POINT('',(5.974315969438E-1,1.546493198321E0,-2.217860053281E0));
#498=CARTESIAN_POINT('',(6.103497245447E-1,1.582043011068E0,-2.074325476137E0));
#499=CARTESIAN_POINT('',(6.232240632241E-1,1.604835213810E0,-1.920227135316E0));
#500=CARTESIAN_POINT('',(6.309921526620E-1,1.610084086808E0,-1.819394954148E0));
#501=CARTESIAN_POINT('',(6.347376124752E-1,1.610360027752E0,-1.768710101165E0));
#503=CURVE_STYLE('',#23,POSITIVE_LENGTH_MEASURE(2.E-2),#16);
#504=PRESENTATION_STYLE_ASSIGNMENT((#503));
#505=STYLED_ITEM('',(#504),#502);
#506=CARTESIAN_POINT('',(6.347376124856E-1,-1.610360027752E0,1.768710101025E0));
#507=CARTESIAN_POINT('',(6.382002608323E-1,-1.610240184896E0,1.721852669835E0));
#508=CARTESIAN_POINT('',(6.452937020264E-1,-1.609985407799E0,1.622102295190E0));
#509=CARTESIAN_POINT('',(6.560317990078E-1,-1.609612602903E0,1.455654324637E0));
#510=CARTESIAN_POINT('',(6.667278302397E-1,-1.609237441376E0,1.268462876337E0));
#511=CARTESIAN_POINT('',(6.769797368063E-1,-1.608879814859E0,1.058786888812E0));
#512=CARTESIAN_POINT('',(6.864924314193E-1,-1.608549976239E0,
8.187803758596E-1));
#513=CARTESIAN_POINT('',(6.944272979250E-1,-1.608278241958E0,
5.434542560074E-1));
#514=CARTESIAN_POINT('',(6.993020599157E-1,-1.608113150033E0,
2.492550496838E-1));
#515=CARTESIAN_POINT('',(7.005454031633E-1,-1.608071151233E0,
-3.986526977175E-2));
#516=CARTESIAN_POINT('',(6.983146621888E-1,-1.608146286367E0,
-3.307909603774E-1));
#517=CARTESIAN_POINT('',(6.925212402382E-1,-1.608343184246E0,
-6.214428238344E-1));
#518=CARTESIAN_POINT('',(6.834058473068E-1,-1.608656798701E0,
-9.087164987078E-1));
#519=CARTESIAN_POINT('',(6.697792748969E-1,-1.609132085926E0,
-1.217545738221E0));
#520=CARTESIAN_POINT('',(6.524219346482E-1,-1.609736147460E0,
-1.519157051262E0));
#521=CARTESIAN_POINT('',(6.406109722452E-1,-1.610156911411E0,
-1.689230357613E0));
#522=CARTESIAN_POINT('',(6.347376108558E-1,-1.610360027591E0,
-1.768710123080E0));
#524=CURVE_STYLE('',#23,POSITIVE_LENGTH_MEASURE(2.E-2),#16);
#525=PRESENTATION_STYLE_ASSIGNMENT((#524));
#526=STYLED_ITEM('',(#525),#523);
#527=CARTESIAN_POINT('',(4.352774961304E-1,1.610359875285E0,1.753998515501E0));
#528=DIRECTION('',(-7.369732711847E-2,-1.610087466378E-3,9.972793548419E-1));
#529=DIRECTION('',(9.972806474451E-1,5.353456778021E-7,7.369742350405E-2));
#530=AXIS2_PLACEMENT_3D('',#527,#528,#529);
#532=CURVE_STYLE('',#23,POSITIVE_LENGTH_MEASURE(2.E-2),#16);
#533=PRESENTATION_STYLE_ASSIGNMENT((#532));
#534=STYLED_ITEM('',(#533),#531);
#535=CARTESIAN_POINT('',(4.352809967992E-1,-1.610359977284E0,1.753951141454E0));
#536=DIRECTION('',(7.369533862061E-2,-1.592464806582E-3,-9.972795300824E-1));
#537=DIRECTION('',(9.972807945593E-1,-4.098740587617E-7,7.369543271535E-2));
#538=AXIS2_PLACEMENT_3D('',#535,#536,#537);
#540=CURVE_STYLE('',#23,POSITIVE_LENGTH_MEASURE(2.E-2),#16);
#541=PRESENTATION_STYLE_ASSIGNMENT((#540));
#542=STYLED_ITEM('',(#541),#539);
#543=CARTESIAN_POINT('',(5.787325544886E-1,-1.749300110717E0,1.764793355604E0));
#544=CARTESIAN_POINT('',(5.822083165104E-1,-1.749179181923E0,1.717765154565E0));
#545=CARTESIAN_POINT('',(5.893172315977E-1,-1.748921813212E0,1.617843385283E0));
#546=CARTESIAN_POINT('',(6.000132175833E-1,-1.748548717022E0,1.451988567706E0));
#547=CARTESIAN_POINT('',(6.106846125495E-1,-1.748172303385E0,1.265227734369E0));
#548=CARTESIAN_POINT('',(6.209083629057E-1,-1.747813731175E0,1.056098153802E0));
#549=CARTESIAN_POINT('',(6.303961109565E-1,-1.747482956090E0,
8.167000292532E-1));
#550=CARTESIAN_POINT('',(6.383099160012E-1,-1.747210465014E0,
5.420755566218E-1));
#551=CARTESIAN_POINT('',(6.431718490563E-1,-1.747044907964E0,
2.486229596274E-1));
#552=CARTESIAN_POINT('',(6.444118937351E-1,-1.747002792206E0,
-3.976441924870E-2));
#553=CARTESIAN_POINT('',(6.421870988277E-1,-1.747078135186E0,
-3.299513836109E-1));
#554=CARTESIAN_POINT('',(6.364087106468E-1,-1.747275598324E0,
-6.198680095369E-1));
#555=CARTESIAN_POINT('',(6.273184161855E-1,-1.747590042796E0,
-9.063977362882E-1));
#556=CARTESIAN_POINT('',(6.137243504692E-1,-1.748066835642E0,
-1.214486136495E0));
#557=CARTESIAN_POINT('',(5.964264058702E-1,-1.748671928175E0,
-1.515158718387E0));
#558=CARTESIAN_POINT('',(5.846131559870E-1,-1.749095514638E0,
-1.685227212597E0));
#559=CARTESIAN_POINT('',(5.787325452444E-1,-1.749300120263E0,
-1.764793354628E0));
#561=CURVE_STYLE('',#23,POSITIVE_LENGTH_MEASURE(2.E-2),#16);
#562=PRESENTATION_STYLE_ASSIGNMENT((#561));
#563=STYLED_ITEM('',(#562),#560);
#564=DIRECTION('',(6.926719607523E-1,7.192988514973E-1,-5.305390675797E-2));
#565=VECTOR('',#564,1.980271638497E-1);
#566=CARTESIAN_POINT('',(4.415646813785E-1,-1.891740831785E0,
-1.754287239941E0));
#567=LINE('',#566,#565);
#568=CURVE_STYLE('',#23,POSITIVE_LENGTH_MEASURE(2.E-2),#16);
#569=PRESENTATION_STYLE_ASSIGNMENT((#568));
#570=STYLED_ITEM('',(#569),#567);
#571=CARTESIAN_POINT('',(4.415646813785E-1,-1.891740831785E0,
-1.754287239941E0));
#572=CARTESIAN_POINT('',(4.520453346072E-1,-1.891375600016E0,
-1.612445771080E0));
#573=CARTESIAN_POINT('',(4.699122733618E-1,-1.890753533073E0,
-1.335388785957E0));
#574=CARTESIAN_POINT('',(4.883393622808E-1,-1.890111902236E0,
-9.501827494416E-1));
#575=CARTESIAN_POINT('',(5.005980931018E-1,-1.889685087714E0,
-5.651184288397E-1));
#576=CARTESIAN_POINT('',(5.065298650104E-1,-1.889478566457E0,
-1.884391653885E-1));
#577=CARTESIAN_POINT('',(5.065147164434E-1,-1.889479094139E0,
1.843533711170E-1));
#578=CARTESIAN_POINT('',(5.009648410164E-1,-1.889672320092E0,
5.444703324733E-1));
#579=CARTESIAN_POINT('',(4.898283611140E-1,-1.890060054610E0,
9.110657634524E-1));
#580=CARTESIAN_POINT('',(4.717696724769E-1,-1.890688862357E0,1.303825848054E0));
#581=CARTESIAN_POINT('',(4.530033626528E-1,-1.891342231633E0,1.599479758545E0));
#582=CARTESIAN_POINT('',(4.415646817074E-1,-1.891740831448E0,1.754287239777E0));
#584=CURVE_STYLE('',#23,POSITIVE_LENGTH_MEASURE(2.E-2),#16);
#585=PRESENTATION_STYLE_ASSIGNMENT((#584));
#586=STYLED_ITEM('',(#585),#583);
#587=CARTESIAN_POINT('',(2.980787838688E-1,-1.752802539634E0,
-1.743899819561E0));
#588=DIRECTION('',(7.468119245951E-2,2.607924707247E-3,9.972040504438E-1));
#589=DIRECTION('',(3.489952143106E-2,-9.993908261556E-1,-1.854194922966E-9));
#590=AXIS2_PLACEMENT_3D('',#587,#588,#589);
#592=CURVE_STYLE('',#23,POSITIVE_LENGTH_MEASURE(2.E-2),#16);
#593=PRESENTATION_STYLE_ASSIGNMENT((#592));
#594=STYLED_ITEM('',(#593),#591);
#595=CARTESIAN_POINT('',(2.980779068931E-1,-1.752802569977E0,1.743911517214E0));
#596=DIRECTION('',(-7.468631378521E-2,-2.608103547883E-3,9.972036664238E-1));
#597=DIRECTION('',(3.489952576560E-2,-9.993908260042E-1,2.179356574123E-9));
#598=AXIS2_PLACEMENT_3D('',#595,#596,#597);
#600=CURVE_STYLE('',#23,POSITIVE_LENGTH_MEASURE(2.E-2),#16);
#601=PRESENTATION_STYLE_ASSIGNMENT((#600));
#602=STYLED_ITEM('',(#601),#599);
#603=CARTESIAN_POINT('',(5.787325452496E-1,1.749300120263E0,1.764793354558E0));
#604=CARTESIAN_POINT('',(5.765161478444E-1,1.749046613369E0,1.795958771534E0));
#605=CARTESIAN_POINT('',(5.716923124360E-1,1.746775195432E0,1.862362992803E0));
#606=CARTESIAN_POINT('',(5.632769344207E-1,1.736529947342E0,1.971911688107E0));
#607=CARTESIAN_POINT('',(5.531563636476E-1,1.716480379296E0,2.096372005487E0));
#608=CARTESIAN_POINT('',(5.410468869469E-1,1.682593626E0,2.236290684670E0));
#609=CARTESIAN_POINT('',(5.277617874155E-1,1.634124513418E0,2.380209087734E0));
#610=CARTESIAN_POINT('',(5.144223948081E-1,1.574732007534E0,2.516522759998E0));
#611=CARTESIAN_POINT('',(5.008090235598E-1,1.503322289011E0,2.648531051944E0));
#612=CARTESIAN_POINT('',(4.874307774302E-1,1.422084182442E0,2.772164300876E0));
#613=CARTESIAN_POINT('',(4.742795568528E-1,1.330816904105E0,2.888656810912E0));
#614=CARTESIAN_POINT('',(4.607485553019E-1,1.223565379253E0,3.003910976271E0));
#615=CARTESIAN_POINT('',(4.462977726293E-1,1.090558255891E0,3.122351680946E0));
#616=CARTESIAN_POINT('',(4.311458095793E-1,9.228143486912E-1,3.241831257261E0));
#617=CARTESIAN_POINT('',(4.164900557318E-1,7.153833009859E-1,3.353217231409E0));
#618=CARTESIAN_POINT('',(4.044103120910E-1,4.715502982393E-1,3.442187260804E0));
#619=CARTESIAN_POINT('',(3.970503891471E-1,2.043819015473E-1,3.495230482928E0));
#620=CARTESIAN_POINT('',(3.955938000672E-1,-7.045877256875E-2,
3.505631609981E0));
#621=CARTESIAN_POINT('',(4.000175125530E-1,-3.357196801785E-1,
3.473938278057E0));
#622=CARTESIAN_POINT('',(4.091221555579E-1,-5.769282709567E-1,
3.407717589487E0));
#623=CARTESIAN_POINT('',(4.211629190522E-1,-7.861126838201E-1,
3.318004980854E0));
#624=CARTESIAN_POINT('',(4.343679927945E-1,-9.599787749774E-1,
3.216629729900E0));
#625=CARTESIAN_POINT('',(4.475205436982E-1,-1.101665913824E0,3.112323348278E0));
#626=CARTESIAN_POINT('',(4.603143944090E-1,-1.219352987062E0,3.007402309537E0));
#627=CARTESIAN_POINT('',(4.730142837299E-1,-1.321258341828E0,2.899573745243E0));
#628=CARTESIAN_POINT('',(4.860981066617E-1,-1.413426860480E0,2.784210061554E0));
#629=CARTESIAN_POINT('',(4.996418922428E-1,-1.496685495323E0,2.659545684203E0));
#630=CARTESIAN_POINT('',(5.131836026835E-1,-1.568713404948E0,2.528836867845E0));
#631=CARTESIAN_POINT('',(5.266783781197E-1,-1.629637775875E0,2.391520850833E0));
#632=CARTESIAN_POINT('',(5.396846054861E-1,-1.678187532842E0,2.251512715256E0));
#633=CARTESIAN_POINT('',(5.532223440928E-1,-1.717409283925E0,2.096263728467E0));
#634=CARTESIAN_POINT('',(5.666754753263E-1,-1.742768693338E0,1.929736440211E0));
#635=CARTESIAN_POINT('',(5.748197495120E-1,-1.748851090777E0,1.819819722647E0));
#636=CARTESIAN_POINT('',(5.787325544886E-1,-1.749300110717E0,1.764793355604E0));
#638=CURVE_STYLE('',#23,POSITIVE_LENGTH_MEASURE(2.E-2),#16);
#639=PRESENTATION_STYLE_ASSIGNMENT((#638));
#640=STYLED_ITEM('',(#639),#637);
#641=DIRECTION('',(6.926719607904E-1,7.192988512900E-1,5.305390907050E-2));
#642=VECTOR('',#641,1.980271767095E-1);
#643=CARTESIAN_POINT('',(4.415646817074E-1,-1.891740831448E0,1.754287239777E0));
#644=LINE('',#643,#642);
#645=CURVE_STYLE('',#23,POSITIVE_LENGTH_MEASURE(2.E-2),#16);
#646=PRESENTATION_STYLE_ASSIGNMENT((#645));
#647=STYLED_ITEM('',(#646),#644);
#648=CARTESIAN_POINT('',(4.415646817074E-1,-1.891740831448E0,1.754287239777E0));
#649=CARTESIAN_POINT('',(4.415091873614E-1,-1.891740649444E0,1.755048027835E0));
#650=CARTESIAN_POINT('',(4.413986624718E-1,-1.891739692801E0,1.756562390953E0));
#651=CARTESIAN_POINT('',(4.412343003878E-1,-1.891738777834E0,1.758759573761E0));
#652=CARTESIAN_POINT('',(4.411188442758E-1,-1.891738220840E0,1.760279756648E0));
#653=CARTESIAN_POINT('',(4.410602909752E-1,-1.891737837585E0,1.76104494E0));
#655=CURVE_STYLE('',#23,POSITIVE_LENGTH_MEASURE(2.E-2),#16);
#656=PRESENTATION_STYLE_ASSIGNMENT((#655));
#657=STYLED_ITEM('',(#656),#654);
#658=CARTESIAN_POINT('',(4.410602909752E-1,-1.891737837585E0,1.76104494E0));
#659=CARTESIAN_POINT('',(4.376840836340E-1,-1.891717516709E0,1.805149230678E0));
#660=CARTESIAN_POINT('',(4.303643888051E-1,-1.888483291998E0,1.897229137428E0));
#661=CARTESIAN_POINT('',(4.181987231947E-1,-1.873245290273E0,2.039786554161E0));
#662=CARTESIAN_POINT('',(4.029876234737E-1,-1.841920249074E0,2.204914479806E0));
#663=CARTESIAN_POINT('',(3.856226528955E-1,-1.791683790163E0,2.379420361711E0));
#664=CARTESIAN_POINT('',(3.654730641380E-1,-1.716882951608E0,2.567395705758E0));
#665=CARTESIAN_POINT('',(3.418358825793E-1,-1.607282159451E0,2.771813265246E0));
#666=CARTESIAN_POINT('',(3.157037764455E-1,-1.456764011565E0,2.981628616241E0));
#667=CARTESIAN_POINT('',(2.891865200503E-1,-1.266115097369E0,3.180649397614E0));
#668=CARTESIAN_POINT('',(2.645093602021E-1,-1.039423316907E0,3.355592609350E0));
#669=CARTESIAN_POINT('',(2.440841251052E-1,-7.888771859291E-1,
3.494085011531E0));
#670=CARTESIAN_POINT('',(2.290442930203E-1,-5.219781045576E-1,
3.592895760677E0));
#671=CARTESIAN_POINT('',(2.200833883696E-1,-2.431884795676E-1,
3.650591619626E0));
#672=CARTESIAN_POINT('',(2.176959177395E-1,3.978872365442E-2,3.665822873729E0));
#673=CARTESIAN_POINT('',(2.219470276607E-1,3.223788231125E-1,3.638662032029E0));
#674=CARTESIAN_POINT('',(2.327378787215E-1,5.997220105878E-1,3.568872390292E0));
#675=CARTESIAN_POINT('',(2.494838757179E-1,8.631882251473E-1,3.457971045668E0));
#676=CARTESIAN_POINT('',(2.707951478887E-1,1.102314306910E0,3.311784795403E0));
#677=CARTESIAN_POINT('',(2.949028513038E-1,1.310156087339E0,3.138571647815E0));
#678=CARTESIAN_POINT('',(3.196724635006E-1,1.480786127157E0,2.950328555388E0));
#679=CARTESIAN_POINT('',(3.428827391838E-1,1.611591292802E0,2.762468797300E0));
#680=CARTESIAN_POINT('',(3.635277967020E-1,1.707958531953E0,2.584258646456E0));
#681=CARTESIAN_POINT('',(3.819712102702E-1,1.778966622169E0,2.414133980011E0));
#682=CARTESIAN_POINT('',(3.982840451261E-1,1.829224098781E0,2.253065921958E0));
#683=CARTESIAN_POINT('',(4.124040415952E-1,1.862510009748E0,2.103863510319E0));
#684=CARTESIAN_POINT('',(4.261653149679E-1,1.884945458817E0,1.948319988405E0));
#685=CARTESIAN_POINT('',(4.361144380140E-1,1.891708119966E0,1.825652948162E0));
#686=CARTESIAN_POINT('',(4.410603308159E-1,1.891737838903E0,1.761044525986E0));
#688=CURVE_STYLE('',#23,POSITIVE_LENGTH_MEASURE(2.E-2),#16);
#689=PRESENTATION_STYLE_ASSIGNMENT((#688));
#690=STYLED_ITEM('',(#689),#687);
#691=CARTESIAN_POINT('',(4.410603308159E-1,1.891737838903E0,1.761044525986E0));
#692=CARTESIAN_POINT('',(4.411188788945E-1,1.891738221953E0,1.760279386855E0));
#693=CARTESIAN_POINT('',(4.412343245770E-1,1.891738778746E0,1.758759291705E0));
#694=CARTESIAN_POINT('',(4.413986731534E-1,1.891739692948E0,1.756562251140E0));
#695=CARTESIAN_POINT('',(4.415091922824E-1,1.891740648554E0,1.755047981322E0));
#696=CARTESIAN_POINT('',(4.415646813836E-1,1.891740831785E0,1.754287239870E0));
#698=CURVE_STYLE('',#23,POSITIVE_LENGTH_MEASURE(2.E-2),#16);
#699=PRESENTATION_STYLE_ASSIGNMENT((#698));
#700=STYLED_ITEM('',(#699),#697);
#701=CARTESIAN_POINT('',(5.787325544833E-1,1.749300110716E0,-1.764793355677E0));
#702=CARTESIAN_POINT('',(5.822066105137E-1,1.749179241266E0,-1.717788237017E0));
#703=CARTESIAN_POINT('',(5.893121735245E-1,1.748921991003E0,-1.617915544224E0));
#704=CARTESIAN_POINT('',(6.000036675391E-1,1.748549053143E0,-1.452142271158E0));
#705=CARTESIAN_POINT('',(6.106713407306E-1,1.748172770221E0,-1.265473350246E0));
#706=CARTESIAN_POINT('',(6.208924706540E-1,1.747814287659E0,-1.056450147140E0));
#707=CARTESIAN_POINT('',(6.303797985454E-1,1.747483521891E0,
-8.171659305643E-1));
#708=CARTESIAN_POINT('',(6.382957871575E-1,1.747210948412E0,
-5.426706044860E-1));
#709=CARTESIAN_POINT('',(6.431624921398E-1,1.747045225698E0,
-2.494248150779E-1));
#710=CARTESIAN_POINT('',(6.444126555099E-1,1.747002766793E0,3.870026611474E-2));
#711=CARTESIAN_POINT('',(6.422038195375E-1,1.747077567658E0,3.287058938015E-1));
#712=CARTESIAN_POINT('',(6.364411875408E-1,1.747274481875E0,6.186355481510E-1));
#713=CARTESIAN_POINT('',(6.273565491537E-1,1.747588712841E0,9.054259504086E-1));
#714=CARTESIAN_POINT('',(6.137580335581E-1,1.748065651426E0,1.213853179108E0));
#715=CARTESIAN_POINT('',(5.964456281239E-1,1.748671251510E0,1.514875693938E0));
#716=CARTESIAN_POINT('',(5.846198261764E-1,1.749095282587E0,1.685136963977E0));
#717=CARTESIAN_POINT('',(5.787325452496E-1,1.749300120263E0,1.764793354558E0));
#719=CURVE_STYLE('',#23,POSITIVE_LENGTH_MEASURE(2.E-2),#16);
#720=PRESENTATION_STYLE_ASSIGNMENT((#719));
#721=STYLED_ITEM('',(#720),#718);
#722=DIRECTION('',(6.926719607523E-1,-7.192988514968E-1,5.305390676491E-2));
#723=VECTOR('',#722,1.980271638498E-1);
#724=CARTESIAN_POINT('',(4.415646813836E-1,1.891740831785E0,1.754287239870E0));
#725=LINE('',#724,#723);
#726=CURVE_STYLE('',#23,POSITIVE_LENGTH_MEASURE(2.E-2),#16);
#727=PRESENTATION_STYLE_ASSIGNMENT((#726));
#728=STYLED_ITEM('',(#727),#725);
#729=CARTESIAN_POINT('',(4.415646813836E-1,1.891740831785E0,1.754287239870E0));
#730=CARTESIAN_POINT('',(4.520453318569E-1,1.891375600112E0,1.612445808299E0));
#731=CARTESIAN_POINT('',(4.699122669875E-1,1.890753533295E0,1.335388890194E0));
#732=CARTESIAN_POINT('',(4.883393544582E-1,1.890111902509E0,9.501829362461E-1));
#733=CARTESIAN_POINT('',(5.005980872923E-1,1.889685087916E0,5.651186654818E-1));
#734=CARTESIAN_POINT('',(5.065298629175E-1,1.889478566530E0,1.884394240525E-1));
#735=CARTESIAN_POINT('',(5.065147185091E-1,1.889479094067E0,
-1.843531183718E-1));
#736=CARTESIAN_POINT('',(5.009648462276E-1,1.889672319910E0,
-5.444701165741E-1));
#737=CARTESIAN_POINT('',(4.898283672180E-1,1.890060054398E0,
-9.110656147940E-1));
#738=CARTESIAN_POINT('',(4.717696767059E-1,1.890688862210E0,-1.303825779066E0));
#739=CARTESIAN_POINT('',(4.530033643256E-1,1.891342231575E0,-1.599479735897E0));
#740=CARTESIAN_POINT('',(4.415646817020E-1,1.891740831448E0,-1.754287239852E0));
#742=CURVE_STYLE('',#23,POSITIVE_LENGTH_MEASURE(2.E-2),#16);
#743=PRESENTATION_STYLE_ASSIGNMENT((#742));
#744=STYLED_ITEM('',(#743),#741);
#745=CARTESIAN_POINT('',(4.352809967882E-1,1.610359977283E0,-1.753951141603E0));
#746=DIRECTION('',(7.369533862698E-2,1.592463731170E-3,9.972795300837E-1));
#747=DIRECTION('',(9.972807945588E-1,4.098740842966E-7,-7.369543272159E-2));
#748=AXIS2_PLACEMENT_3D('',#745,#746,#747);
#750=CURVE_STYLE('',#23,POSITIVE_LENGTH_MEASURE(2.E-2),#16);
#751=PRESENTATION_STYLE_ASSIGNMENT((#750));
#752=STYLED_ITEM('',(#751),#749);
#753=CARTESIAN_POINT('',(2.980787838687E-1,1.752802539634E0,1.743899819562E0));
#754=DIRECTION('',(7.468119245554E-2,-2.607924707109E-3,-9.972040504441E-1));
#755=DIRECTION('',(3.489952143106E-2,9.993908261556E-1,1.854194922966E-9));
#756=AXIS2_PLACEMENT_3D('',#753,#754,#755);
#758=CURVE_STYLE('',#23,POSITIVE_LENGTH_MEASURE(2.E-2),#16);
#759=PRESENTATION_STYLE_ASSIGNMENT((#758));
#760=STYLED_ITEM('',(#759),#757);
#761=CARTESIAN_POINT('',(-8.E-1,0.E0,0.E0));
#762=DIRECTION('',(-1.E0,0.E0,0.E0));
#763=DIRECTION('',(0.E0,0.E0,1.E0));
#764=AXIS2_PLACEMENT_3D('',#761,#762,#763);
#766=CURVE_STYLE('',#23,POSITIVE_LENGTH_MEASURE(2.E-2),#16);
#767=PRESENTATION_STYLE_ASSIGNMENT((#766));
#768=STYLED_ITEM('',(#767),#765);
#769=DIRECTION('',(1.E0,0.E0,0.E0));
#770=VECTOR('',#769,2.5E-1);
#771=CARTESIAN_POINT('',(-1.05E0,0.E0,8.75E-1));
#772=LINE('',#771,#770);
#773=CURVE_STYLE('',#23,POSITIVE_LENGTH_MEASURE(2.E-2),#16);
#774=PRESENTATION_STYLE_ASSIGNMENT((#773));
#775=STYLED_ITEM('',(#774),#772);
#776=CARTESIAN_POINT('',(-4.E-1,0.E0,0.E0));
#777=DIRECTION('',(-1.E0,0.E0,0.E0));
#778=DIRECTION('',(0.E0,0.E0,1.E0));
#779=AXIS2_PLACEMENT_3D('',#776,#777,#778);
#781=CURVE_STYLE('',#23,POSITIVE_LENGTH_MEASURE(2.E-2),#16);
#782=PRESENTATION_STYLE_ASSIGNMENT((#781));
#783=STYLED_ITEM('',(#782),#780);
#784=DIRECTION('',(1.E0,0.E0,0.E0));
#785=VECTOR('',#784,4.E-1);
#786=CARTESIAN_POINT('',(-4.E-1,0.E0,8.75E-1));
#787=LINE('',#786,#785);
#788=CURVE_STYLE('',#23,POSITIVE_LENGTH_MEASURE(2.E-2),#16);
#789=PRESENTATION_STYLE_ASSIGNMENT((#788));
#790=STYLED_ITEM('',(#789),#787);
#791=CARTESIAN_POINT('',(-8.E-1,0.E0,0.E0));
#792=DIRECTION('',(1.E0,0.E0,0.E0));
#793=DIRECTION('',(0.E0,0.E0,1.E0));
#794=AXIS2_PLACEMENT_3D('',#791,#792,#793);
#796=CURVE_STYLE('',#23,POSITIVE_LENGTH_MEASURE(2.E-2),#16);
#797=PRESENTATION_STYLE_ASSIGNMENT((#796));
#798=STYLED_ITEM('',(#797),#795);
#799=CARTESIAN_POINT('',(-8.E-1,0.E0,0.E0));
#800=DIRECTION('',(1.E0,0.E0,0.E0));
#801=DIRECTION('',(0.E0,0.E0,-1.E0));
#802=AXIS2_PLACEMENT_3D('',#799,#800,#801);
#804=CURVE_STYLE('',#23,POSITIVE_LENGTH_MEASURE(2.E-2),#16);
#805=PRESENTATION_STYLE_ASSIGNMENT((#804));
#806=STYLED_ITEM('',(#805),#803);
#807=DIRECTION('',(1.E0,0.E0,0.E0));
#808=VECTOR('',#807,4.E-1);
#809=CARTESIAN_POINT('',(-8.E-1,0.E0,6.E-1));
#810=LINE('',#809,#808);
#811=CURVE_STYLE('',#23,POSITIVE_LENGTH_MEASURE(2.E-2),#16);
#812=PRESENTATION_STYLE_ASSIGNMENT((#811));
#813=STYLED_ITEM('',(#812),#810);
#814=DIRECTION('',(1.E0,0.E0,0.E0));
#815=VECTOR('',#814,4.E-1);
#816=CARTESIAN_POINT('',(-8.E-1,0.E0,-6.E-1));
#817=LINE('',#816,#815);
#818=CURVE_STYLE('',#23,POSITIVE_LENGTH_MEASURE(2.E-2),#16);
#819=PRESENTATION_STYLE_ASSIGNMENT((#818));
#820=STYLED_ITEM('',(#819),#817);
#821=CARTESIAN_POINT('',(-4.E-1,0.E0,0.E0));
#822=DIRECTION('',(1.E0,0.E0,0.E0));
#823=DIRECTION('',(0.E0,0.E0,1.E0));
#824=AXIS2_PLACEMENT_3D('',#821,#822,#823);
#826=CURVE_STYLE('',#23,POSITIVE_LENGTH_MEASURE(2.E-2),#16);
#827=PRESENTATION_STYLE_ASSIGNMENT((#826));
#828=STYLED_ITEM('',(#827),#825);
#829=CARTESIAN_POINT('',(-4.E-1,0.E0,0.E0));
#830=DIRECTION('',(1.E0,0.E0,0.E0));
#831=DIRECTION('',(0.E0,0.E0,-1.E0));
#832=AXIS2_PLACEMENT_3D('',#829,#830,#831);
#834=CURVE_STYLE('',#23,POSITIVE_LENGTH_MEASURE(2.E-2),#16);
#835=PRESENTATION_STYLE_ASSIGNMENT((#834));
#836=STYLED_ITEM('',(#835),#833);
#837=CARTESIAN_POINT('',(-8.E-1,0.E0,0.E0));
#838=DIRECTION('',(-1.E0,0.E0,0.E0));
#839=DIRECTION('',(0.E0,0.E0,-1.E0));
#840=AXIS2_PLACEMENT_3D('',#837,#838,#839);
#842=CURVE_STYLE('',#23,POSITIVE_LENGTH_MEASURE(2.E-2),#16);
#843=PRESENTATION_STYLE_ASSIGNMENT((#842));
#844=STYLED_ITEM('',(#843),#841);
#845=DIRECTION('',(1.E0,0.E0,0.E0));
#846=VECTOR('',#845,2.5E-1);
#847=CARTESIAN_POINT('',(-1.05E0,0.E0,-8.75E-1));
#848=LINE('',#847,#846);
#849=CURVE_STYLE('',#23,POSITIVE_LENGTH_MEASURE(2.E-2),#16);
#850=PRESENTATION_STYLE_ASSIGNMENT((#849));
#851=STYLED_ITEM('',(#850),#848);
#852=CARTESIAN_POINT('',(-4.E-1,0.E0,0.E0));
#853=DIRECTION('',(-1.E0,0.E0,0.E0));
#854=DIRECTION('',(0.E0,0.E0,-1.E0));
#855=AXIS2_PLACEMENT_3D('',#852,#853,#854);
#857=CURVE_STYLE('',#23,POSITIVE_LENGTH_MEASURE(2.E-2),#16);
#858=PRESENTATION_STYLE_ASSIGNMENT((#857));
#859=STYLED_ITEM('',(#858),#856);
#860=DIRECTION('',(1.E0,0.E0,0.E0));
#861=VECTOR('',#860,4.E-1);
#862=CARTESIAN_POINT('',(-4.E-1,0.E0,-8.75E-1));
#863=LINE('',#862,#861);
#864=CURVE_STYLE('',#23,POSITIVE_LENGTH_MEASURE(2.E-2),#16);
#865=PRESENTATION_STYLE_ASSIGNMENT((#864));
#866=STYLED_ITEM('',(#865),#863);
#867=CARTESIAN_POINT('',(0.E0,0.E0,0.E0));
#868=DIRECTION('',(1.E0,0.E0,0.E0));
#869=DIRECTION('',(0.E0,0.E0,-1.E0));
#870=AXIS2_PLACEMENT_3D('',#867,#868,#869);
#872=CURVE_STYLE('',#23,POSITIVE_LENGTH_MEASURE(2.E-2),#16);
#873=PRESENTATION_STYLE_ASSIGNMENT((#872));
#874=STYLED_ITEM('',(#873),#871);
#875=CARTESIAN_POINT('',(0.E0,0.E0,0.E0));
#876=DIRECTION('',(1.E0,0.E0,0.E0));
#877=DIRECTION('',(0.E0,0.E0,1.E0));
#878=AXIS2_PLACEMENT_3D('',#875,#876,#877);
#880=CURVE_STYLE('',#23,POSITIVE_LENGTH_MEASURE(2.E-2),#16);
#881=PRESENTATION_STYLE_ASSIGNMENT((#880));
#882=STYLED_ITEM('',(#881),#879);
#883=DIRECTION('',(9.998476951564E-1,0.E0,-1.745240643728E-2));
#884=VECTOR('',#883,7.501142460329E-1);
#885=CARTESIAN_POINT('',(-1.05E0,0.E0,-1.461908701304E0));
#886=LINE('',#885,#884);
#887=CURVE_STYLE('',#23,POSITIVE_LENGTH_MEASURE(2.E-2),#16);
#888=PRESENTATION_STYLE_ASSIGNMENT((#887));
#889=STYLED_ITEM('',(#888),#886);
#890=DIRECTION('',(9.998476951564E-1,0.E0,1.745240643728E-2));
#891=VECTOR('',#890,7.501142460329E-1);
#892=CARTESIAN_POINT('',(-1.05E0,0.E0,-2.738091298696E0));
#893=LINE('',#892,#891);
#894=CURVE_STYLE('',#23,POSITIVE_LENGTH_MEASURE(2.E-2),#16);
#895=PRESENTATION_STYLE_ASSIGNMENT((#894));
#896=STYLED_ITEM('',(#895),#893);
#897=CARTESIAN_POINT('',(-3.E-1,0.E0,-2.1E0));
#898=DIRECTION('',(-1.E0,0.E0,0.E0));
#899=DIRECTION('',(0.E0,0.E0,1.E0));
#900=AXIS2_PLACEMENT_3D('',#897,#898,#899);
#902=CURVE_STYLE('',#23,POSITIVE_LENGTH_MEASURE(2.E-2),#16);
#903=PRESENTATION_STYLE_ASSIGNMENT((#902));
#904=STYLED_ITEM('',(#903),#901);
#905=CARTESIAN_POINT('',(-3.E-1,0.E0,-2.1E0));
#906=DIRECTION('',(-1.E0,0.E0,0.E0));
#907=DIRECTION('',(0.E0,0.E0,-1.E0));
#908=AXIS2_PLACEMENT_3D('',#905,#906,#907);
#910=CURVE_STYLE('',#23,POSITIVE_LENGTH_MEASURE(2.E-2),#16);
#911=PRESENTATION_STYLE_ASSIGNMENT((#910));
#912=STYLED_ITEM('',(#911),#909);
#913=CARTESIAN_POINT('',(-3.E-1,0.E0,2.1E0));
#914=DIRECTION('',(-1.E0,0.E0,0.E0));
#915=DIRECTION('',(0.E0,0.E0,1.E0));
#916=AXIS2_PLACEMENT_3D('',#913,#914,#915);
#918=CURVE_STYLE('',#23,POSITIVE_LENGTH_MEASURE(2.E-2),#16);
#919=PRESENTATION_STYLE_ASSIGNMENT((#918));
#920=STYLED_ITEM('',(#919),#917);
#921=CARTESIAN_POINT('',(-3.E-1,0.E0,2.1E0));
#922=DIRECTION('',(-1.E0,0.E0,0.E0));
#923=DIRECTION('',(0.E0,0.E0,-1.E0));
#924=AXIS2_PLACEMENT_3D('',#921,#922,#923);
#926=CURVE_STYLE('',#23,POSITIVE_LENGTH_MEASURE(2.E-2),#16);
#927=PRESENTATION_STYLE_ASSIGNMENT((#926));
#928=STYLED_ITEM('',(#927),#925);
#929=DIRECTION('',(9.998476951564E-1,0.E0,-1.745240643728E-2));
#930=VECTOR('',#929,7.501142460329E-1);
#931=CARTESIAN_POINT('',(-1.05E0,0.E0,2.738091298696E0));
#932=LINE('',#931,#930);
#933=CURVE_STYLE('',#23,POSITIVE_LENGTH_MEASURE(2.E-2),#16);
#934=PRESENTATION_STYLE_ASSIGNMENT((#933));
#935=STYLED_ITEM('',(#934),#932);
#936=DIRECTION('',(9.998476951564E-1,0.E0,1.745240643728E-2));
#937=VECTOR('',#936,7.501142460329E-1);
#938=CARTESIAN_POINT('',(-1.05E0,0.E0,1.461908701304E0));
#939=LINE('',#938,#937);
#940=CURVE_STYLE('',#23,POSITIVE_LENGTH_MEASURE(2.E-2),#16);
#941=PRESENTATION_STYLE_ASSIGNMENT((#940));
#942=STYLED_ITEM('',(#941),#939);
#943=CARTESIAN_POINT('',(0.E0,0.E0,-8.75E-1));
#944=CARTESIAN_POINT('',(0.E0,0.E0,8.75E-1));
#945=VERTEX_POINT('',#943);
#946=VERTEX_POINT('',#944);
#947=CARTESIAN_POINT('',(-1.05E0,0.E0,8.75E-1));
#948=CARTESIAN_POINT('',(-1.05E0,0.E0,-8.75E-1));
#949=VERTEX_POINT('',#947);
#950=VERTEX_POINT('',#948);
#951=CARTESIAN_POINT('',(-1.05E0,-2.E0,-1.75E0));
#952=CARTESIAN_POINT('',(-1.05E0,-2.E0,1.75E0));
#953=VERTEX_POINT('',#951);
#954=VERTEX_POINT('',#952);
#955=CARTESIAN_POINT('',(-1.05E0,2.E0,1.75E0));
#956=CARTESIAN_POINT('',(-1.05E0,2.E0,-1.75E0));
#957=VERTEX_POINT('',#955);
#958=VERTEX_POINT('',#956);
#959=CARTESIAN_POINT('',(-8.E-1,0.E0,8.75E-1));
#960=CARTESIAN_POINT('',(-8.E-1,0.E0,-8.75E-1));
#961=VERTEX_POINT('',#959);
#962=VERTEX_POINT('',#960);
#963=CARTESIAN_POINT('',(-4.E-1,0.E0,8.75E-1));
#964=CARTESIAN_POINT('',(-4.E-1,0.E0,-8.75E-1));
#965=VERTEX_POINT('',#963);
#966=VERTEX_POINT('',#964);
#967=CARTESIAN_POINT('',(-8.E-1,0.E0,6.E-1));
#968=CARTESIAN_POINT('',(-8.E-1,0.E0,-6.E-1));
#969=VERTEX_POINT('',#967);
#970=VERTEX_POINT('',#968);
#971=CARTESIAN_POINT('',(-4.E-1,0.E0,6.E-1));
#972=CARTESIAN_POINT('',(-4.E-1,0.E0,-6.E-1));
#973=VERTEX_POINT('',#971);
#974=VERTEX_POINT('',#972);
#975=VERTEX_POINT('',#409);
#976=VERTEX_POINT('',#442);
#977=VERTEX_POINT('',#603);
#978=VERTEX_POINT('',#636);
#979=VERTEX_POINT('',#522);
#980=VERTEX_POINT('',#559);
#981=VERTEX_POINT('',#501);
#982=VERTEX_POINT('',#336);
#983=VERTEX_POINT('',#252);
#984=VERTEX_POINT('',#257);
#985=VERTEX_POINT('',#348);
#986=VERTEX_POINT('',#353);
#987=VERTEX_POINT('',#125);
#988=VERTEX_POINT('',#386);
#989=VERTEX_POINT('',#158);
#990=VERTEX_POINT('',#396);
#991=VERTEX_POINT('',#191);
#992=VERTEX_POINT('',#582);
#993=VERTEX_POINT('',#175);
#994=VERTEX_POINT('',#653);
#995=VERTEX_POINT('',#224);
#996=VERTEX_POINT('',#686);
#997=VERTEX_POINT('',#283);
#998=VERTEX_POINT('',#696);
#999=CARTESIAN_POINT('',(-3.E-1,0.E0,-1.475E0));
#1000=CARTESIAN_POINT('',(-3.E-1,0.E0,-2.725E0));
#1001=VERTEX_POINT('',#999);
#1002=VERTEX_POINT('',#1000);
#1003=CARTESIAN_POINT('',(-3.E-1,0.E0,2.725E0));
#1004=CARTESIAN_POINT('',(-3.E-1,0.E0,1.475E0));
#1005=VERTEX_POINT('',#1003);
#1006=VERTEX_POINT('',#1004);
#1007=CARTESIAN_POINT('',(-1.05E0,0.E0,-1.461908701304E0));
#1008=CARTESIAN_POINT('',(-1.05E0,0.E0,-2.738091298696E0));
#1009=VERTEX_POINT('',#1007);
#1010=VERTEX_POINT('',#1008);
#1011=CARTESIAN_POINT('',(-1.05E0,0.E0,2.738091298696E0));
#1012=CARTESIAN_POINT('',(-1.05E0,0.E0,1.461908701304E0));
#1013=VERTEX_POINT('',#1011);
#1014=VERTEX_POINT('',#1012);
#1015=CARTESIAN_POINT('',(-1.05E0,0.E0,0.E0));
#1016=DIRECTION('',(1.E0,0.E0,0.E0));
#1017=DIRECTION('',(0.E0,-1.E0,0.E0));
#1018=AXIS2_PLACEMENT_3D('',#1015,#1016,#1017);
#1019=PLANE('',#1018);
#1021=ORIENTED_EDGE('',*,*,#1020,.F.);
#1023=ORIENTED_EDGE('',*,*,#1022,.F.);
#1025=ORIENTED_EDGE('',*,*,#1024,.F.);
#1027=ORIENTED_EDGE('',*,*,#1026,.F.);
#1028=EDGE_LOOP('',(#1021,#1023,#1025,#1027));
#1029=FACE_OUTER_BOUND('',#1028,.F.);
#1031=ORIENTED_EDGE('',*,*,#1030,.T.);
#1033=ORIENTED_EDGE('',*,*,#1032,.T.);
#1034=EDGE_LOOP('',(#1031,#1033));
#1035=FACE_BOUND('',#1034,.F.);
#1037=ORIENTED_EDGE('',*,*,#1036,.T.);
#1039=ORIENTED_EDGE('',*,*,#1038,.T.);
#1040=EDGE_LOOP('',(#1037,#1039));
#1041=FACE_BOUND('',#1040,.F.);
#1043=ORIENTED_EDGE('',*,*,#1042,.T.);
#1045=ORIENTED_EDGE('',*,*,#1044,.T.);
#1046=EDGE_LOOP('',(#1043,#1045));
#1047=FACE_BOUND('',#1046,.F.);
#1049=CARTESIAN_POINT('',(-3.727076511550E-1,0.E0,-1.75E0));
#1050=DIRECTION('',(-1.E0,0.E0,0.E0));
#1051=DIRECTION('',(0.E0,0.E0,1.E0));
#1052=AXIS2_PLACEMENT_3D('',#1049,#1050,#1051);
#1053=CONICAL_SURFACE('',#1052,1.976348430007E0,2.E0);
#1055=ORIENTED_EDGE('',*,*,#1054,.F.);
#1057=ORIENTED_EDGE('',*,*,#1056,.F.);
#1058=ORIENTED_EDGE('',*,*,#1020,.T.);
#1060=ORIENTED_EDGE('',*,*,#1059,.T.);
#1061=EDGE_LOOP('',(#1055,#1057,#1058,#1060));
#1062=FACE_OUTER_BOUND('',#1061,.F.);
#1064=CARTESIAN_POINT('',(2.963324328388E-1,1.951603107242E0,
-1.687969566369E0));
#1065=CARTESIAN_POINT('',(2.948567565638E-1,1.952296893315E0,
-1.708296484811E0));
#1066=CARTESIAN_POINT('',(2.898886376037E-1,1.953540149609E0,
-1.775472289907E0));
#1067=CARTESIAN_POINT('',(2.806995206092E-1,1.949667741947E0,
-1.892808600123E0));
#1068=CARTESIAN_POINT('',(2.677925030223E-1,1.933189573196E0,
-2.045777245394E0));
#1069=CARTESIAN_POINT('',(2.526044306072E-1,1.901287417015E0,
-2.212332884426E0));
#1070=CARTESIAN_POINT('',(2.347097272143E-1,1.848851544991E0,
-2.394181612411E0));
#1071=CARTESIAN_POINT('',(2.138283090450E-1,1.769875332152E0,
-2.590687726423E0));
#1072=CARTESIAN_POINT('',(1.898934387788E-1,1.656795314523E0,
-2.799444898986E0));
#1073=CARTESIAN_POINT('',(1.636774618535E-1,1.503498858639E0,
-3.012011231199E0));
#1074=CARTESIAN_POINT('',(1.369695966523E-1,1.309056357319E0,
-3.214662065170E0));
#1075=CARTESIAN_POINT('',(1.121030767932E-1,1.078514499114E0,
-3.393034022606E0));
#1076=CARTESIAN_POINT('',(9.116912676893E-2,8.201756016533E-1,
-3.536716543193E0));
#1077=CARTESIAN_POINT('',(7.564006946006E-2,5.427373811893E-1,
-3.639964327251E0));
#1078=CARTESIAN_POINT('',(6.639927925847E-2,2.533842739055E-1,
-3.700170991146E0));
#1079=CARTESIAN_POINT('',(6.391946799097E-2,-4.162614561305E-2,
-3.716179854287E0));
#1080=CARTESIAN_POINT('',(6.833601349687E-2,-3.360637970728E-1,
-3.687626356785E0));
#1081=CARTESIAN_POINT('',(7.943979611741E-2,-6.230643656613E-1,
-3.614951420481E0));
#1082=CARTESIAN_POINT('',(9.650686170607E-2,-8.940326536956E-1,
-3.500580786975E0));
#1083=CARTESIAN_POINT('',(1.181660504690E-1,-1.139755275948E0,
-3.350282535909E0));
#1084=CARTESIAN_POINT('',(1.425017498854E-1,-1.352186755451E0,
-3.173479680314E0));
#1085=CARTESIAN_POINT('',(1.673823714064E-1,-1.526200791546E0,
-2.982480798788E0));
#1086=CARTESIAN_POINT('',(1.909766904014E-1,-1.661489106282E0,
-2.789772619755E0));
#1087=CARTESIAN_POINT('',(2.123324876978E-1,-1.762743104578E0,
-2.603666113683E0));
#1088=CARTESIAN_POINT('',(2.312394856354E-1,-1.836465632300E0,
-2.427398167243E0));
#1089=CARTESIAN_POINT('',(2.479294567694E-1,-1.888605797639E0,
-2.260831652783E0));
#1090=CARTESIAN_POINT('',(2.630974789125E-1,-1.924591460124E0,
-2.098501670712E0));
#1091=CARTESIAN_POINT('',(2.777979711577E-1,-1.947619635351E0,
-1.929043621797E0));
#1092=CARTESIAN_POINT('',(2.887301979759E-1,-1.953830549621E0,
-1.791112158370E0));
#1093=CARTESIAN_POINT('',(2.948575912958E-1,-1.952296615299E0,
-1.708295193278E0));
#1094=CARTESIAN_POINT('',(2.963348466747E-1,-1.951601906258E0,
-1.687969159005E0));
#1095=CARTESIAN_POINT('',(3.579645383325E-1,1.953489028221E0,
-1.692643258277E0));
#1096=CARTESIAN_POINT('',(3.564833579335E-1,1.954158151520E0,
-1.713050153487E0));
#1097=CARTESIAN_POINT('',(3.514978767331E-1,1.955314995181E0,
-1.780479745857E0));
#1098=CARTESIAN_POINT('',(3.422804620454E-1,1.951267308988E0,
-1.898213298029E0));
#1099=CARTESIAN_POINT('',(3.293344551780E-1,1.934520606733E0,
-2.051676847834E0));
#1100=CARTESIAN_POINT('',(3.141060217995E-1,1.902285764747E0,
-2.218701282775E0));
#1101=CARTESIAN_POINT('',(2.961687907637E-1,1.849443018202E0,
-2.400995861804E0));
#1102=CARTESIAN_POINT('',(2.752495456264E-1,1.770005789529E0,
-2.597857387897E0));
#1103=CARTESIAN_POINT('',(2.512848738542E-1,1.656430338671E0,
-2.806856427738E0));
#1104=CARTESIAN_POINT('',(2.250550768885E-1,1.502667448027E0,
-3.019496919771E0));
#1105=CARTESIAN_POINT('',(1.983547997971E-1,1.307879303276E0,
-3.222036629397E0));
#1106=CARTESIAN_POINT('',(1.735156503833E-1,1.077191817581E0,
-3.400151345048E0));
#1107=CARTESIAN_POINT('',(1.526202208651E-1,8.189416679921E-1,
-3.543511291250E0));
#1108=CARTESIAN_POINT('',(1.371289686677E-1,5.418080767401E-1,
-3.646460953223E0));
#1109=CARTESIAN_POINT('',(1.279144451938E-1,2.529191789767E-1,
-3.706467301923E0));
#1110=CARTESIAN_POINT('',(1.254421552565E-1,-4.154769650505E-2,
-3.722419614672E0));
#1111=CARTESIAN_POINT('',(1.298454082531E-1,-3.354542846301E-1,
-3.693966240962E0));
#1112=CARTESIAN_POINT('',(1.409186387581E-1,-6.220277826550E-1,
-3.621525966513E0));
#1113=CARTESIAN_POINT('',(1.579466935030E-1,-8.927499938288E-1,
-3.507467183041E0));
#1114=CARTESIAN_POINT('',(1.795701391955E-1,-1.138448697743E0,
-3.357475402060E0));
#1115=CARTESIAN_POINT('',(2.038837505447E-1,-1.351069549959E0,
-3.180890118225E0));
#1116=CARTESIAN_POINT('',(2.287610252920E-1,-1.525430794841E0,
-2.989964259857E0));
#1117=CARTESIAN_POINT('',(2.523699154550E-1,-1.661148683893E0,
-2.797169240649E0));
#1118=CARTESIAN_POINT('',(2.737515577999E-1,-1.762840967733E0,
-2.610853072291E0));
#1119=CARTESIAN_POINT('',(2.926917710450E-1,-1.836979761609E0,
-2.434277912238E0));
#1120=CARTESIAN_POINT('',(3.094200775440E-1,-1.889499686708E0,
-2.267318584275E0));
#1121=CARTESIAN_POINT('',(3.246257205080E-1,-1.925819724214E0,
-2.104564112538E0));
#1122=CARTESIAN_POINT('',(3.393701364158E-1,-1.949162303810E0,
-1.934567591630E0));
#1123=CARTESIAN_POINT('',(3.503357147931E-1,-1.955585205528E0,
-1.796175395770E0));
#1124=CARTESIAN_POINT('',(3.564840173417E-1,-1.954157885211E0,
-1.713050631328E0));
#1125=CARTESIAN_POINT('',(3.579665314782E-1,-1.953487938244E0,
-1.692646748880E0));
#1126=CARTESIAN_POINT('',(4.142574127910E-1,1.928424990413E0,
-1.697822155692E0));
#1127=CARTESIAN_POINT('',(4.127806599105E-1,1.929062238896E0,
-1.718024500699E0));
#1128=CARTESIAN_POINT('',(4.078116618182E-1,1.930123352271E0,
-1.784768565207E0));
#1129=CARTESIAN_POINT('',(3.986306853392E-1,1.925968448698E0,
-1.901263146118E0));
#1130=CARTESIAN_POINT('',(3.857417979104E-1,1.909201080833E0,
-2.053092354886E0));
#1131=CARTESIAN_POINT('',(3.705905330038E-1,1.877096672596E0,
-2.218274741043E0));
#1132=CARTESIAN_POINT('',(3.527542894871E-1,1.824595399287E0,
-2.398499547291E0));
#1133=CARTESIAN_POINT('',(3.319705775985E-1,1.745810627807E0,
-2.593009479620E0));
#1134=CARTESIAN_POINT('',(3.081805210082E-1,1.633319779999E0,
-2.799385557711E0));
#1135=CARTESIAN_POINT('',(2.821666651043E-1,1.481216597517E0,
-3.009194341979E0));
#1136=CARTESIAN_POINT('',(2.557133175982E-1,1.288764103670E0,
-3.208861410930E0));
#1137=CARTESIAN_POINT('',(2.311285311493E-1,1.061097736907E0,
-3.384293124877E0));
#1138=CARTESIAN_POINT('',(2.104655935962E-1,8.064772619349E-1,
-3.525378114620E0));
#1139=CARTESIAN_POINT('',(1.951576558704E-1,5.334476554748E-1,
-3.626626694533E0));
#1140=CARTESIAN_POINT('',(1.860566337806E-1,2.489847165504E-1,
-3.685614337010E0));
#1141=CARTESIAN_POINT('',(1.836153572511E-1,-4.089932180082E-2,
-3.701292430487E0));
#1142=CARTESIAN_POINT('',(1.879635045480E-1,-3.302434345322E-1,
-3.673327386588E0));
#1143=CARTESIAN_POINT('',(1.989015420186E-1,-6.124602709917E-1,
-3.602109529994E0));
#1144=CARTESIAN_POINT('',(2.157311174001E-1,-8.792250863364E-1,
-3.489916585099E0));
#1145=CARTESIAN_POINT('',(2.371188858769E-1,-1.121530383055E0,
-3.342273791402E0));
#1146=CARTESIAN_POINT('',(2.611891900691E-1,-1.331420369166E0,
-3.168311422620E0));
#1147=CARTESIAN_POINT('',(2.858410022006E-1,-1.503727039046E0,
-2.980062664885E0));
#1148=CARTESIAN_POINT('',(3.092581656032E-1,-1.637996805967E0,
-2.789816421488E0));
#1149=CARTESIAN_POINT('',(3.304832511089E-1,-1.738712941245E0,
-2.605844237781E0));
#1150=CARTESIAN_POINT('',(3.492990660062E-1,-1.812229878762E0,
-2.431389051721E0));
#1151=CARTESIAN_POINT('',(3.659307442026E-1,-1.864387714509E0,
-2.266339499665E0));
#1152=CARTESIAN_POINT('',(3.810553065268E-1,-1.900523405758E0,
-2.105409670625E0));
#1153=CARTESIAN_POINT('',(3.957324337873E-1,-1.923839451655E0,
-1.937231830832E0));
#1154=CARTESIAN_POINT('',(4.066536421671E-1,-1.930371173561E0,
-1.800301550788E0));
#1155=CARTESIAN_POINT('',(4.127811483651E-1,-1.929061999812E0,
-1.718026634018E0));
#1156=CARTESIAN_POINT('',(4.142589911445E-1,-1.928424057363E0,
-1.697829258715E0));
#1157=CARTESIAN_POINT('',(4.540955796126E-1,1.881360087791E0,
-1.702483644055E0));
#1158=CARTESIAN_POINT('',(4.526323116442E-1,1.881964543355E0,
-1.722237301954E0));
#1159=CARTESIAN_POINT('',(4.477103872876E-1,1.882939511497E0,
-1.787491886402E0));
#1160=CARTESIAN_POINT('',(4.386233899045E-1,1.878766622620E0,
-1.901355927584E0));
#1161=CARTESIAN_POINT('',(4.258764519452E-1,1.862230537631E0,
-2.049744263402E0));
#1162=CARTESIAN_POINT('',(4.109046474159E-1,1.830693927514E0,
-2.211137483292E0));
#1163=CARTESIAN_POINT('',(3.932929657904E-1,1.779215048588E0,
-2.387185586064E0));
#1164=CARTESIAN_POINT('',(3.727913852468E-1,1.702067374456E0,
-2.577101259710E0));
#1165=CARTESIAN_POINT('',(3.493458813675E-1,1.592027002461E0,
-2.778507471719E0));
#1166=CARTESIAN_POINT('',(3.237350883445E-1,1.443381948464E0,
-2.983137823899E0));
#1167=CARTESIAN_POINT('',(2.977192536847E-1,1.255485206971E0,
-3.177737961634E0));
#1168=CARTESIAN_POINT('',(2.735655967263E-1,1.033410161558E0,
-3.348590694021E0));
#1169=CARTESIAN_POINT('',(2.532832152064E-1,7.852435797738E-1,
-3.485897553512E0));
#1170=CARTESIAN_POINT('',(2.382679044093E-1,5.193069491877E-1,
-3.584377983598E0));
#1171=CARTESIAN_POINT('',(2.293452066076E-1,2.423577775824E-1,
-3.641729680484E0));
#1172=CARTESIAN_POINT('',(2.269523117187E-1,-3.980904825192E-2,
-3.656970032591E0));
#1173=CARTESIAN_POINT('',(2.312144211850E-1,-3.214601706510E-1,
-3.629785099908E0));
#1174=CARTESIAN_POINT('',(2.419393196442E-1,-5.962510120830E-1,
-3.560536041024E0));
#1175=CARTESIAN_POINT('',(2.584501384744E-1,-8.561285319686E-1,
-3.451394498556E0));
#1176=CARTESIAN_POINT('',(2.794488319345E-1,-1.092340987924E0,
-3.307679383086E0));
#1177=CARTESIAN_POINT('',(3.031026528168E-1,-1.297119100383E0,
-3.138227357174E0));
#1178=CARTESIAN_POINT('',(3.273514058800E-1,-1.465375103677E0,
-2.954731162693E0));
#1179=CARTESIAN_POINT('',(3.504084025705E-1,-1.596604995274E0,
-2.769166035002E0));
#1180=CARTESIAN_POINT('',(3.713254427447E-1,-1.695123296195E0,
-2.589628644436E0));
#1181=CARTESIAN_POINT('',(3.898838090838E-1,-1.767103045331E0,
-2.419302014219E0));
#1182=CARTESIAN_POINT('',(4.063029753384E-1,-1.818228440043E0,
-2.258087727011E0));
#1183=CARTESIAN_POINT('',(4.212437655802E-1,-1.853697464394E0,
-2.100871382793E0));
#1184=CARTESIAN_POINT('',(4.357556785632E-1,-1.876651277814E0,
-1.936510264143E0));
#1185=CARTESIAN_POINT('',(4.465635565983E-1,-1.883167165237E0,
-1.802675881240E0));
#1186=CARTESIAN_POINT('',(4.526326672718E-1,-1.881964341637E0,
-1.722240649970E0));
#1187=CARTESIAN_POINT('',(4.540968309759E-1,-1.881359326604E0,
-1.702493360649E0));
#1188=(BOUNDED_SURFACE()B_SPLINE_SURFACE(3,3,((#1064,#1065,#1066,#1067,#1068,
#1069,#1070,#1071,#1072,#1073,#1074,#1075,#1076,#1077,#1078,#1079,#1080,#1081,
#1082,#1083,#1084,#1085,#1086,#1087,#1088,#1089,#1090,#1091,#1092,#1093,#1094),(
#1095,#1096,#1097,#1098,#1099,#1100,#1101,#1102,#1103,#1104,#1105,#1106,#1107,
#1108,#1109,#1110,#1111,#1112,#1113,#1114,#1115,#1116,#1117,#1118,#1119,#1120,
#1121,#1122,#1123,#1124,#1125),(#1126,#1127,#1128,#1129,#1130,#1131,#1132,#1133,
#1134,#1135,#1136,#1137,#1138,#1139,#1140,#1141,#1142,#1143,#1144,#1145,#1146,
#1147,#1148,#1149,#1150,#1151,#1152,#1153,#1154,#1155,#1156),(#1157,#1158,#1159,
#1160,#1161,#1162,#1163,#1164,#1165,#1166,#1167,#1168,#1169,#1170,#1171,#1172,
#1173,#1174,#1175,#1176,#1177,#1178,#1179,#1180,#1181,#1182,#1183,#1184,#1185,
#1186,#1187)),.UNSPECIFIED.,.F.,.F.,.F.)B_SPLINE_SURFACE_WITH_KNOTS((4,4),(4,1,
1,1,1,1,1,1,1,1,1,1,1,1,1,1,1,1,1,1,1,1,1,1,1,1,1,1,4),(0.E0,1.E0),(
-9.961669258627E-3,0.E0,2.293547873193E-2,4.747238228823E-2,7.530445417076E-2,
1.059317572878E-1,1.401017061021E-1,1.789124205192E-1,2.219851636789E-1,
2.680381125535E-1,3.157688371361E-1,3.637287913215E-1,4.114817900503E-1,
4.591420154058E-1,5.066615874565E-1,5.542611158666E-1,6.021180866903E-1,
6.498861156494E-1,6.967814525400E-1,7.419945132845E-1,7.843986791030E-1,
8.227920409890E-1,8.570198180557E-1,8.880167164469E-1,9.162940575369E-1,
9.424673758963E-1,9.694052940983E-1,1.E0,1.009961636364E0),.UNSPECIFIED.)GEOMETRIC_REPRESENTATION_ITEM()RATIONAL_B_SPLINE_SURFACE(((1.051927885689E0,
1.051927885689E0,1.051927885689E0,1.051927885689E0,1.051927885689E0,
1.051927885689E0,1.051927885689E0,1.051927885689E0,1.051927885689E0,
1.051927885689E0,1.051927885689E0,1.051927885689E0,1.051927885689E0,
1.051927885689E0,1.051927885689E0,1.051927885689E0,1.051927885689E0,
1.051927885689E0,1.051927885689E0,1.051927885689E0,1.051927885689E0,
1.051927885689E0,1.051927885689E0,1.051927885689E0,1.051927885689E0,
1.051927885689E0,1.051927885689E0,1.051927885689E0,1.051927885689E0,
1.051927885689E0,1.051927885689E0),(9.826907047703E-1,9.826907047703E-1,
9.826907047703E-1,9.826907047703E-1,9.826907047703E-1,9.826907047703E-1,
9.826907047703E-1,9.826907047703E-1,9.826907047703E-1,9.826907047703E-1,
9.826907047703E-1,9.826907047703E-1,9.826907047703E-1,9.826907047703E-1,
9.826907047703E-1,9.826907047703E-1,9.826907047703E-1,9.826907047703E-1,
9.826907047703E-1,9.826907047703E-1,9.826907047703E-1,9.826907047703E-1,
9.826907047703E-1,9.826907047703E-1,9.826907047703E-1,9.826907047703E-1,
9.826907047703E-1,9.826907047703E-1,9.826907047703E-1,9.826907047703E-1,
9.826907047703E-1),(9.826907047703E-1,9.826907047703E-1,9.826907047703E-1,
9.826907047703E-1,9.826907047703E-1,9.826907047703E-1,9.826907047703E-1,
9.826907047703E-1,9.826907047703E-1,9.826907047703E-1,9.826907047703E-1,
9.826907047703E-1,9.826907047703E-1,9.826907047703E-1,9.826907047703E-1,
9.826907047703E-1,9.826907047703E-1,9.826907047703E-1,9.826907047703E-1,
9.826907047703E-1,9.826907047703E-1,9.826907047703E-1,9.826907047703E-1,
9.826907047703E-1,9.826907047703E-1,9.826907047703E-1,9.826907047703E-1,
9.826907047703E-1,9.826907047703E-1,9.826907047703E-1,9.826907047703E-1),(
1.051927885689E0,1.051927885689E0,1.051927885689E0,1.051927885689E0,
1.051927885689E0,1.051927885689E0,1.051927885689E0,1.051927885689E0,
1.051927885689E0,1.051927885689E0,1.051927885689E0,1.051927885689E0,
1.051927885689E0,1.051927885689E0,1.051927885689E0,1.051927885689E0,
1.051927885689E0,1.051927885689E0,1.051927885689E0,1.051927885689E0,
1.051927885689E0,1.051927885689E0,1.051927885689E0,1.051927885689E0,
1.051927885689E0,1.051927885689E0,1.051927885689E0,1.051927885689E0,
1.051927885689E0,1.051927885689E0,1.051927885689E0)))REPRESENTATION_ITEM('')SURFACE());
#1189=ORIENTED_EDGE('',*,*,#1054,.T.);
#1191=ORIENTED_EDGE('',*,*,#1190,.T.);
#1193=ORIENTED_EDGE('',*,*,#1192,.F.);
#1195=ORIENTED_EDGE('',*,*,#1194,.F.);
#1196=EDGE_LOOP('',(#1189,#1191,#1193,#1195));
#1197=FACE_OUTER_BOUND('',#1196,.F.);
#1199=CARTESIAN_POINT('',(2.918110874775E-1,-1.952732795124E0,
-1.749105247179E0));
#1200=CARTESIAN_POINT('',(2.918143450926E-1,-1.952732681364E0,
-1.749064414029E0));
#1201=CARTESIAN_POINT('',(2.918729474377E-1,-1.952730634891E0,
-1.748329473730E0));
#1202=CARTESIAN_POINT('',(2.919834204859E-1,-1.952726777235E0,
-1.746930980557E0));
#1203=CARTESIAN_POINT('',(2.921444074741E-1,-1.952721154965E0,
-1.744863286127E0));
#1204=CARTESIAN_POINT('',(2.922429133389E-1,-1.952717716217E0,
-1.743567020566E0));
#1205=CARTESIAN_POINT('',(2.922961859354E-1,-1.952715855926E0,
-1.742863868447E0));
#1206=CARTESIAN_POINT('',(2.922994085129E-1,-1.952715743391E0,
-1.742821327662E0));
#1207=CARTESIAN_POINT('',(3.534269510438E-1,-1.954540456510E0,
-1.754014279554E0));
#1208=CARTESIAN_POINT('',(3.534303203485E-1,-1.954540338871E0,
-1.753972055094E0));
#1209=CARTESIAN_POINT('',(3.534909714255E-1,-1.954538221178E0,
-1.753211545124E0));
#1210=CARTESIAN_POINT('',(3.536065201415E-1,-1.954534184847E0,
-1.751748189984E0));
#1211=CARTESIAN_POINT('',(3.537709364475E-1,-1.954528447467E0,
-1.749638111836E0));
#1212=CARTESIAN_POINT('',(3.538797707104E-1,-1.954524636909E0,
-1.748203958942E0));
#1213=CARTESIAN_POINT('',(3.539352104060E-1,-1.954522700663E0,
-1.747471653226E0));
#1214=CARTESIAN_POINT('',(3.539385510872E-1,-1.954522584008E0,
-1.747427521620E0));
#1215=CARTESIAN_POINT('',(4.097343364490E-1,-1.929389733702E0,
-1.758575023752E0));
#1216=CARTESIAN_POINT('',(4.097378095141E-1,-1.929389612312E0,
-1.758531506693E0));
#1217=CARTESIAN_POINT('',(4.098003638923E-1,-1.929387426263E0,
-1.757747241180E0));
#1218=CARTESIAN_POINT('',(4.099206285036E-1,-1.929383233619E0,
-1.756223625929E0));
#1219=CARTESIAN_POINT('',(4.100882297235E-1,-1.929377357821E0,
-1.754074171120E0));
#1220=CARTESIAN_POINT('',(4.102066622356E-1,-1.929373277285E0,
-1.752511913785E0));
#1221=CARTESIAN_POINT('',(4.102641153439E-1,-1.929371272358E0,
-1.751752522874E0));
#1222=CARTESIAN_POINT('',(4.102675657483E-1,-1.929371151843E0,
-1.751706913313E0));
#1223=CARTESIAN_POINT('',(4.496149024722E-1,-1.882246837012E0,
-1.761886924546E0));
#1224=CARTESIAN_POINT('',(4.496184508799E-1,-1.882246712742E0,
-1.761842468833E0));
#1225=CARTESIAN_POINT('',(4.496823873066E-1,-1.882244474698E0,
-1.761040952627E0));
#1226=CARTESIAN_POINT('',(4.498060768498E-1,-1.882240178970E0,
-1.759473577957E0));
#1227=CARTESIAN_POINT('',(4.499759896931E-1,-1.882234168777E0,
-1.757295528783E0));
#1228=CARTESIAN_POINT('',(4.501013950548E-1,-1.882229973403E0,
-1.755640245138E0));
#1229=CARTESIAN_POINT('',(4.501603103250E-1,-1.882227920631E0,
-1.754861185621E0));
#1230=CARTESIAN_POINT('',(4.501638404065E-1,-1.882227797276E0,
-1.754814502805E0));
#1231=(BOUNDED_SURFACE()B_SPLINE_SURFACE(3,3,((#1199,#1200,#1201,#1202,#1203,
#1204,#1205,#1206),(#1207,#1208,#1209,#1210,#1211,#1212,#1213,#1214),(#1215,
#1216,#1217,#1218,#1219,#1220,#1221,#1222),(#1223,#1224,#1225,#1226,#1227,#1228,
#1229,#1230)),.UNSPECIFIED.,.F.,.F.,.F.)B_SPLINE_SURFACE_WITH_KNOTS((4,4),(4,1,
1,1,1,4),(0.E0,1.E0),(-2.001796800736E-2,0.E0,3.405306987320E-1,
6.738157844656E-1,1.E0,1.020916368369E0),.UNSPECIFIED.)GEOMETRIC_REPRESENTATION_ITEM()RATIONAL_B_SPLINE_SURFACE(((1.051927882336E0,1.051927882336E0,
1.051927882336E0,1.051927882336E0,1.051927882336E0,1.051927882336E0,
1.051927882336E0,1.051927882336E0),(9.826907058881E-1,9.826907058881E-1,
9.826907058881E-1,9.826907058881E-1,9.826907058881E-1,9.826907058881E-1,
9.826907058881E-1,9.826907058881E-1),(9.826907058881E-1,9.826907058881E-1,
9.826907058881E-1,9.826907058881E-1,9.826907058881E-1,9.826907058881E-1,
9.826907058881E-1,9.826907058881E-1),(1.051927882336E0,1.051927882336E0,
1.051927882336E0,1.051927882336E0,1.051927882336E0,1.051927882336E0,
1.051927882336E0,1.051927882336E0)))REPRESENTATION_ITEM('')SURFACE());
#1233=ORIENTED_EDGE('',*,*,#1232,.T.);
#1235=ORIENTED_EDGE('',*,*,#1234,.T.);
#1237=ORIENTED_EDGE('',*,*,#1236,.F.);
#1238=ORIENTED_EDGE('',*,*,#1190,.F.);
#1239=EDGE_LOOP('',(#1233,#1235,#1237,#1238));
#1240=FACE_OUTER_BOUND('',#1239,.F.);
#1242=CARTESIAN_POINT('',(-1.05E0,-2.E0,-1.878065265204E0));
#1243=DIRECTION('',(3.489949670250E-2,-9.993908270191E-1,0.E0));
#1244=DIRECTION('',(0.E0,0.E0,1.E0));
#1245=AXIS2_PLACEMENT_3D('',#1242,#1243,#1244);
#1246=PLANE('',#1245);
#1247=ORIENTED_EDGE('',*,*,#1232,.F.);
#1248=ORIENTED_EDGE('',*,*,#1059,.F.);
#1249=ORIENTED_EDGE('',*,*,#1026,.T.);
#1251=ORIENTED_EDGE('',*,*,#1250,.T.);
#1253=ORIENTED_EDGE('',*,*,#1252,.F.);
#1255=ORIENTED_EDGE('',*,*,#1254,.F.);
#1256=EDGE_LOOP('',(#1247,#1248,#1249,#1251,#1253,#1255));
#1257=FACE_OUTER_BOUND('',#1256,.F.);
#1259=CARTESIAN_POINT('',(-3.727076511543E-1,0.E0,1.75E0));
#1260=DIRECTION('',(-1.E0,0.E0,0.E0));
#1261=DIRECTION('',(0.E0,0.E0,1.E0));
#1262=AXIS2_PLACEMENT_3D('',#1259,#1260,#1261);
#1263=CONICAL_SURFACE('',#1262,1.976348430007E0,2.E0);
#1265=ORIENTED_EDGE('',*,*,#1264,.F.);
#1266=ORIENTED_EDGE('',*,*,#1250,.F.);
#1267=ORIENTED_EDGE('',*,*,#1024,.T.);
#1269=ORIENTED_EDGE('',*,*,#1268,.T.);
#1270=EDGE_LOOP('',(#1265,#1266,#1267,#1269));
#1271=FACE_OUTER_BOUND('',#1270,.F.);
#1273=CARTESIAN_POINT('',(2.963324328854E-1,-1.951603107236E0,
1.687969566245E0));
#1274=CARTESIAN_POINT('',(2.948567565803E-1,-1.952296893313E0,
1.708296484731E0));
#1275=CARTESIAN_POINT('',(2.898886329922E-1,-1.953540150761E0,
1.775472351960E0));
#1276=CARTESIAN_POINT('',(2.806995054663E-1,-1.949667733206E0,
1.892808792220E0));
#1277=CARTESIAN_POINT('',(2.677924682318E-1,-1.933189519136E0,
2.045777646926E0));
#1278=CARTESIAN_POINT('',(2.526043701921E-1,-1.901287271558E0,
2.212333526355E0));
#1279=CARTESIAN_POINT('',(2.347096330538E-1,-1.848851237282E0,
2.394182540691E0));
#1280=CARTESIAN_POINT('',(2.138281711867E-1,-1.769874759093E0,
2.590688982563E0));
#1281=CARTESIAN_POINT('',(1.898932513607E-1,-1.656794344236E0,
2.799446481686E0));
#1282=CARTESIAN_POINT('',(1.636772278469E-1,-1.503497355380E0,
3.012013070567E0));
#1283=CARTESIAN_POINT('',(1.369693323059E-1,-1.309054222972E0,
3.214664016187E0));
#1284=CARTESIAN_POINT('',(1.121028087763E-1,-1.078511691593E0,
3.393035901682E0));
#1285=CARTESIAN_POINT('',(9.116888615605E-2,-8.201721327731E-1,
3.536718166300E0));
#1286=CARTESIAN_POINT('',(7.563988666686E-2,-5.427332942604E-1,
3.639965528072E0));
#1287=CARTESIAN_POINT('',(6.639918237031E-2,-2.533796305772E-1,
3.700171618244E0));
#1288=CARTESIAN_POINT('',(6.391948150171E-2,4.163126539129E-2,
3.716179767602E0));
#1289=CARTESIAN_POINT('',(6.833615741691E-2,3.360692929542E-1,
3.687625423882E0));
#1290=CARTESIAN_POINT('',(7.944008268036E-2,6.230700694135E-1,
3.614949529537E0));
#1291=CARTESIAN_POINT('',(9.650728439567E-2,8.940382765398E-1,
3.500577915153E0));
#1292=CARTESIAN_POINT('',(1.181665729605E-1,1.139760435608E0,3.350278836576E0));
#1293=CARTESIAN_POINT('',(1.425023088724E-1,1.352191084762E0,3.173475512526E0));
#1294=CARTESIAN_POINT('',(1.673828975585E-1,1.526204092395E0,2.982476629340E0));
#1295=CARTESIAN_POINT('',(1.909771381063E-1,1.661491419223E0,2.789768832340E0));
#1296=CARTESIAN_POINT('',(2.123328446866E-1,1.762744625096E0,2.603662886323E0));
#1297=CARTESIAN_POINT('',(2.312397596018E-1,1.836466578557E0,2.427395516908E0));
#1298=CARTESIAN_POINT('',(2.479296566353E-1,1.888606335307E0,2.260829572695E0));
#1299=CARTESIAN_POINT('',(2.630976103867E-1,1.924591704745E0,2.098500194392E0));
#1300=CARTESIAN_POINT('',(2.777980344086E-1,1.947619682151E0,1.929042840754E0));
#1301=CARTESIAN_POINT('',(2.887302182373E-1,1.953830544534E0,1.791111884082E0));
#1302=CARTESIAN_POINT('',(2.948575913169E-1,1.952296615297E0,1.708295192987E0));
#1303=CARTESIAN_POINT('',(2.963348467585E-1,1.951601906245E0,1.687969158475E0));
#1304=CARTESIAN_POINT('',(3.579645383758E-1,-1.953489028217E0,
1.692643258213E0));
#1305=CARTESIAN_POINT('',(3.564833579484E-1,-1.954158151519E0,
1.713050153438E0));
#1306=CARTESIAN_POINT('',(3.514978721088E-1,-1.955314996252E0,
1.780479808105E0));
#1307=CARTESIAN_POINT('',(3.422804468615E-1,-1.951267299959E0,
1.898213490716E0));
#1308=CARTESIAN_POINT('',(3.293344202702E-1,-1.934520551907E0,
2.051677250792E0));
#1309=CARTESIAN_POINT('',(3.141059612388E-1,-1.902285617960E0,
2.218701926338E0));
#1310=CARTESIAN_POINT('',(2.961686964128E-1,-1.849442708409E0,
2.400996792015E0));
#1311=CARTESIAN_POINT('',(2.752494075169E-1,-1.770005213348E0,
2.597858646266E0));
#1312=CARTESIAN_POINT('',(2.512846862721E-1,-1.656429364747E0,
2.806858011616E0));
#1313=CARTESIAN_POINT('',(2.250548428469E-1,-1.502665941069E0,
3.019498759012E0));
#1314=CARTESIAN_POINT('',(1.983545356370E-1,-1.307877166332E0,
3.222038578447E0));
#1315=CARTESIAN_POINT('',(1.735153827678E-1,-1.077189009679E0,
3.400153220608E0));
#1316=CARTESIAN_POINT('',(1.526199807772E-1,-8.189382017049E-1,
3.543512910118E0));
#1317=CARTESIAN_POINT('',(1.371287863676E-1,-5.418039955024E-1,
3.646462150241E0));
#1318=CARTESIAN_POINT('',(1.279143485973E-1,-2.529145438889E-1,
3.706467926826E0));
#1319=CARTESIAN_POINT('',(1.254421687262E-1,4.155280665213E-2,
3.722419528297E0));
#1320=CARTESIAN_POINT('',(1.298455517490E-1,3.354597711094E-1,
3.693965311271E0));
#1321=CARTESIAN_POINT('',(1.409189245797E-1,6.220334792029E-1,
3.621524081343E0));
#1322=CARTESIAN_POINT('',(1.579471153352E-1,8.927556135242E-1,
3.507464318257E0));
#1323=CARTESIAN_POINT('',(1.795706609981E-1,1.138453859261E0,3.357471708944E0));
#1324=CARTESIAN_POINT('',(2.038843092205E-1,1.351073885398E0,3.180885953966E0));
#1325=CARTESIAN_POINT('',(2.287615515675E-1,1.525434104233E0,2.989960090299E0));
#1326=CARTESIAN_POINT('',(2.523703635555E-1,1.661151005508E0,2.797165450372E0));
#1327=CARTESIAN_POINT('',(2.737519154092E-1,1.762842496236E0,2.610849839502E0));
#1328=CARTESIAN_POINT('',(2.926920455322E-1,1.836980713879E0,2.434275256775E0));
#1329=CARTESIAN_POINT('',(3.094202779273E-1,1.889500228963E0,2.267316498619E0));
#1330=CARTESIAN_POINT('',(3.246258523295E-1,1.925819971646E0,2.104562632053E0));
#1331=CARTESIAN_POINT('',(3.393701998526E-1,1.949162351857E0,1.934566808091E0));
#1332=CARTESIAN_POINT('',(3.503357351469E-1,1.955585200794E0,1.796175120173E0));
#1333=CARTESIAN_POINT('',(3.564840173513E-1,1.954157885209E0,1.713050631188E0));
#1334=CARTESIAN_POINT('',(3.579665315364E-1,1.953487938235E0,1.692646748658E0));
#1335=CARTESIAN_POINT('',(4.142574128311E-1,-1.928424990411E0,
1.697822155685E0));
#1336=CARTESIAN_POINT('',(4.127806599237E-1,-1.929062238895E0,
1.718024500680E0));
#1337=CARTESIAN_POINT('',(4.078116572121E-1,-1.930123353251E0,
1.784768626784E0));
#1338=CARTESIAN_POINT('',(3.986306702218E-1,-1.925968439524E0,
1.901263336720E0));
#1339=CARTESIAN_POINT('',(3.857417631488E-1,-1.909201026042E0,
2.053092753672E0));
#1340=CARTESIAN_POINT('',(3.705904727706E-1,-1.877096526574E0,
2.218275377349E0));
#1341=CARTESIAN_POINT('',(3.527541957115E-1,-1.824595091777E0,
2.398500466621E0));
#1342=CARTESIAN_POINT('',(3.319704403980E-1,-1.745810056562E0,
2.593010722923E0));
#1343=CARTESIAN_POINT('',(3.081803348810E-1,-1.633318815945E0,
2.799387121092E0));
#1344=CARTESIAN_POINT('',(2.821664331006E-1,-1.481215107650E0,
3.009196155990E0));
#1345=CARTESIAN_POINT('',(2.557130560141E-1,-1.288761993497E0,
3.208863331460E0));
#1346=CARTESIAN_POINT('',(2.311282664E-1,-1.061094967138E0,3.384294971382E0));
#1347=CARTESIAN_POINT('',(2.104653562757E-1,-8.064738457565E-1,
3.525379707196E0));
#1348=CARTESIAN_POINT('',(1.951574757828E-1,-5.334436358840E-1,
3.626627871430E0));
#1349=CARTESIAN_POINT('',(1.860565383918E-1,-2.489801532758E-1,
3.685614951191E0));
#1350=CARTESIAN_POINT('',(1.836153705506E-1,4.090435221851E-2,
3.701292345600E0));
#1351=CARTESIAN_POINT('',(1.879636462577E-1,3.302488363647E-1,
3.673326472790E0));
#1352=CARTESIAN_POINT('',(1.989018244058E-1,6.124658822377E-1,
3.602107676292E0));
#1353=CARTESIAN_POINT('',(2.157315344448E-1,8.792306258437E-1,
3.489913766371E0));
#1354=CARTESIAN_POINT('',(2.371194022006E-1,1.121535475613E0,3.342270154791E0));
#1355=CARTESIAN_POINT('',(2.611897433981E-1,1.331424651119E0,3.168307318633E0));
#1356=CARTESIAN_POINT('',(2.858415239518E-1,1.503730311302E0,2.980058552139E0));
#1357=CARTESIAN_POINT('',(3.092586102332E-1,1.637999104054E0,2.789812680220E0));
#1358=CARTESIAN_POINT('',(3.304836063259E-1,1.738714456380E0,2.605841043974E0));
#1359=CARTESIAN_POINT('',(3.492993387698E-1,1.812230823656E0,2.431386427676E0));
#1360=CARTESIAN_POINT('',(3.659309435155E-1,1.864388253640E0,2.266337437260E0));
#1361=CARTESIAN_POINT('',(3.810554376887E-1,1.900523652425E0,2.105408206466E0));
#1362=CARTESIAN_POINT('',(3.957324969542E-1,1.923839500200E0,1.937231055672E0));
#1363=CARTESIAN_POINT('',(4.066536624751E-1,1.930371169218E0,1.800301277738E0));
#1364=CARTESIAN_POINT('',(4.127811483631E-1,1.929061999810E0,1.718026634022E0));
#1365=CARTESIAN_POINT('',(4.142589911756E-1,1.928424057360E0,1.697829258785E0));
#1366=CARTESIAN_POINT('',(4.540955796503E-1,-1.881360087790E0,
1.702483644091E0));
#1367=CARTESIAN_POINT('',(4.526323116560E-1,-1.881964543354E0,
1.722237301958E0));
#1368=CARTESIAN_POINT('',(4.477103827268E-1,-1.882939512397E0,
1.787491946576E0));
#1369=CARTESIAN_POINT('',(4.386233749478E-1,-1.878766613475E0,
1.901356113839E0));
#1370=CARTESIAN_POINT('',(4.258764175641E-1,-1.862230483671E0,
2.049744653245E0));
#1371=CARTESIAN_POINT('',(4.109045879187E-1,-1.830693784200E0,
2.211138104884E0));
#1372=CARTESIAN_POINT('',(3.932928732419E-1,-1.779214747272E0,
2.387186483848E0));
#1373=CARTESIAN_POINT('',(3.727912499361E-1,-1.702066815227E0,
2.577102473628E0));
#1374=CARTESIAN_POINT('',(3.493456980267E-1,-1.592026059837E0,
2.778508996977E0));
#1375=CARTESIAN_POINT('',(3.237348600489E-1,-1.443380493102E0,
2.983139592558E0));
#1376=CARTESIAN_POINT('',(2.977189965577E-1,-1.255483147651E0,
3.177739832725E0));
#1377=CARTESIAN_POINT('',(2.735653367420E-1,-1.033407460905E0,
3.348592491672E0));
#1378=CARTESIAN_POINT('',(2.532829823489E-1,-7.852402513256E-1,
3.485899102937E0));
#1379=CARTESIAN_POINT('',(2.382677278167E-1,-5.193030350269E-1,
3.584379128027E0));
#1380=CARTESIAN_POINT('',(2.293451131039E-1,-2.423533355135E-1,
3.641730277535E0));
#1381=CARTESIAN_POINT('',(2.269523247525E-1,3.981394458522E-2,
3.656969950076E0));
#1382=CARTESIAN_POINT('',(2.312145600993E-1,3.214654293059E-1,
3.629784211547E0));
#1383=CARTESIAN_POINT('',(2.419395965821E-1,5.962564767730E-1,
3.560534238273E0));
#1384=CARTESIAN_POINT('',(2.584505477468E-1,8.561339300823E-1,
3.451391755806E0));
#1385=CARTESIAN_POINT('',(2.794493390711E-1,1.092345954319E0,3.307675842110E0));
#1386=CARTESIAN_POINT('',(3.031031968187E-1,1.297123279797E0,3.138223358299E0));
#1387=CARTESIAN_POINT('',(3.273519193527E-1,1.465378300450E0,2.954727152465E0));
#1388=CARTESIAN_POINT('',(3.504088405492E-1,1.596607242276E0,2.769162384936E0));
#1389=CARTESIAN_POINT('',(3.713257930287E-1,1.695124779251E0,2.589625526327E0));
#1390=CARTESIAN_POINT('',(3.898840782195E-1,1.767103970920E0,2.419299451934E0));
#1391=CARTESIAN_POINT('',(4.063031722044E-1,1.818228968957E0,2.258085712082E0));
#1392=CARTESIAN_POINT('',(4.212438952058E-1,1.853697706871E0,2.100869952226E0));
#1393=CARTESIAN_POINT('',(4.357557410576E-1,1.876651326012E0,1.936509506584E0));
#1394=CARTESIAN_POINT('',(4.465635767313E-1,1.883167161246E0,1.802675614090E0));
#1395=CARTESIAN_POINT('',(4.526326672602E-1,1.881964341634E0,1.722240650080E0));
#1396=CARTESIAN_POINT('',(4.540968309837E-1,1.881359326605E0,1.702493360939E0));
#1397=(BOUNDED_SURFACE()B_SPLINE_SURFACE(3,3,((#1273,#1274,#1275,#1276,#1277,
#1278,#1279,#1280,#1281,#1282,#1283,#1284,#1285,#1286,#1287,#1288,#1289,#1290,
#1291,#1292,#1293,#1294,#1295,#1296,#1297,#1298,#1299,#1300,#1301,#1302,#1303),(
#1304,#1305,#1306,#1307,#1308,#1309,#1310,#1311,#1312,#1313,#1314,#1315,#1316,
#1317,#1318,#1319,#1320,#1321,#1322,#1323,#1324,#1325,#1326,#1327,#1328,#1329,
#1330,#1331,#1332,#1333,#1334),(#1335,#1336,#1337,#1338,#1339,#1340,#1341,#1342,
#1343,#1344,#1345,#1346,#1347,#1348,#1349,#1350,#1351,#1352,#1353,#1354,#1355,
#1356,#1357,#1358,#1359,#1360,#1361,#1362,#1363,#1364,#1365),(#1366,#1367,#1368,
#1369,#1370,#1371,#1372,#1373,#1374,#1375,#1376,#1377,#1378,#1379,#1380,#1381,
#1382,#1383,#1384,#1385,#1386,#1387,#1388,#1389,#1390,#1391,#1392,#1393,#1394,
#1395,#1396)),.UNSPECIFIED.,.F.,.F.,.F.)B_SPLINE_SURFACE_WITH_KNOTS((4,4),(4,1,
1,1,1,1,1,1,1,1,1,1,1,1,1,1,1,1,1,1,1,1,1,1,1,1,1,1,4),(0.E0,1.E0),(
-9.961669278635E-3,0.E0,2.293550913815E-2,4.747244591724E-2,7.530455852549E-2,
1.059319113749E-1,1.401019260578E-1,1.789127216107E-1,2.219855489218E-1,
2.680385839234E-1,3.157693866597E-1,3.637294093917E-1,4.114824764644E-1,
4.591427692274E-1,5.066624085344E-1,5.542620113209E-1,6.021190607522E-1,
6.498871500257E-1,6.967825010650E-1,7.419955113281E-1,7.843995554325E-1,
8.227927585655E-1,8.570203905138E-1,8.880171701176E-1,9.162944070513E-1,
9.424676233053E-1,9.694054285E-1,1.E0,1.009961636406E0),.UNSPECIFIED.)GEOMETRIC_REPRESENTATION_ITEM()RATIONAL_B_SPLINE_SURFACE(((1.051927885690E0,
1.051927885690E0,1.051927885690E0,1.051927885690E0,1.051927885690E0,
1.051927885690E0,1.051927885690E0,1.051927885690E0,1.051927885690E0,
1.051927885690E0,1.051927885690E0,1.051927885690E0,1.051927885690E0,
1.051927885690E0,1.051927885690E0,1.051927885690E0,1.051927885690E0,
1.051927885690E0,1.051927885690E0,1.051927885690E0,1.051927885690E0,
1.051927885690E0,1.051927885690E0,1.051927885690E0,1.051927885690E0,
1.051927885690E0,1.051927885690E0,1.051927885690E0,1.051927885690E0,
1.051927885690E0,1.051927885690E0),(9.826907047700E-1,9.826907047700E-1,
9.826907047700E-1,9.826907047700E-1,9.826907047700E-1,9.826907047700E-1,
9.826907047700E-1,9.826907047700E-1,9.826907047700E-1,9.826907047700E-1,
9.826907047700E-1,9.826907047700E-1,9.826907047700E-1,9.826907047700E-1,
9.826907047700E-1,9.826907047700E-1,9.826907047700E-1,9.826907047700E-1,
9.826907047700E-1,9.826907047700E-1,9.826907047700E-1,9.826907047700E-1,
9.826907047700E-1,9.826907047700E-1,9.826907047700E-1,9.826907047700E-1,
9.826907047700E-1,9.826907047700E-1,9.826907047700E-1,9.826907047700E-1,
9.826907047700E-1),(9.826907047700E-1,9.826907047700E-1,9.826907047700E-1,
9.826907047700E-1,9.826907047700E-1,9.826907047700E-1,9.826907047700E-1,
9.826907047700E-1,9.826907047700E-1,9.826907047700E-1,9.826907047700E-1,
9.826907047700E-1,9.826907047700E-1,9.826907047700E-1,9.826907047700E-1,
9.826907047700E-1,9.826907047700E-1,9.826907047700E-1,9.826907047700E-1,
9.826907047700E-1,9.826907047700E-1,9.826907047700E-1,9.826907047700E-1,
9.826907047700E-1,9.826907047700E-1,9.826907047700E-1,9.826907047700E-1,
9.826907047700E-1,9.826907047700E-1,9.826907047700E-1,9.826907047700E-1),(
1.051927885690E0,1.051927885690E0,1.051927885690E0,1.051927885690E0,
1.051927885690E0,1.051927885690E0,1.051927885690E0,1.051927885690E0,
1.051927885690E0,1.051927885690E0,1.051927885690E0,1.051927885690E0,
1.051927885690E0,1.051927885690E0,1.051927885690E0,1.051927885690E0,
1.051927885690E0,1.051927885690E0,1.051927885690E0,1.051927885690E0,
1.051927885690E0,1.051927885690E0,1.051927885690E0,1.051927885690E0,
1.051927885690E0,1.051927885690E0,1.051927885690E0,1.051927885690E0,
1.051927885690E0,1.051927885690E0,1.051927885690E0)))REPRESENTATION_ITEM('')SURFACE());
#1398=ORIENTED_EDGE('',*,*,#1264,.T.);
#1400=ORIENTED_EDGE('',*,*,#1399,.T.);
#1402=ORIENTED_EDGE('',*,*,#1401,.F.);
#1404=ORIENTED_EDGE('',*,*,#1403,.F.);
#1405=EDGE_LOOP('',(#1398,#1400,#1402,#1404));
#1406=FACE_OUTER_BOUND('',#1405,.F.);
#1408=CARTESIAN_POINT('',(2.918110874785E-1,1.952732795124E0,1.749105247184E0));
#1409=CARTESIAN_POINT('',(2.918143450935E-1,1.952732681364E0,1.749064414034E0));
#1410=CARTESIAN_POINT('',(2.918729474402E-1,1.952730634891E0,1.748329473712E0));
#1411=CARTESIAN_POINT('',(2.919834204890E-1,1.952726777235E0,1.746930980525E0));
#1412=CARTESIAN_POINT('',(2.921444074810E-1,1.952721154964E0,1.744863286038E0));
#1413=CARTESIAN_POINT('',(2.922429133367E-1,1.952717716218E0,1.743567020596E0));
#1414=CARTESIAN_POINT('',(2.922961859299E-1,1.952715855926E0,1.742863868519E0));
#1415=CARTESIAN_POINT('',(2.922994085053E-1,1.952715743391E0,1.742821327764E0));
#1416=CARTESIAN_POINT('',(3.534269510467E-1,1.954540456510E0,1.754014279532E0));
#1417=CARTESIAN_POINT('',(3.534303203514E-1,1.954540338871E0,1.753972055072E0));
#1418=CARTESIAN_POINT('',(3.534909714296E-1,1.954538221178E0,1.753211545084E0));
#1419=CARTESIAN_POINT('',(3.536065201467E-1,1.954534184847E0,1.751748189923E0));
#1420=CARTESIAN_POINT('',(3.537709364530E-1,1.954528447466E0,1.749638111763E0));
#1421=CARTESIAN_POINT('',(3.538797707126E-1,1.954524636909E0,1.748203958911E0));
#1422=CARTESIAN_POINT('',(3.539352104049E-1,1.954522700663E0,1.747471653237E0));
#1423=CARTESIAN_POINT('',(3.539385510838E-1,1.954522584008E0,1.747427521661E0));
#1424=CARTESIAN_POINT('',(4.097343364539E-1,1.929389733702E0,1.758575023705E0));
#1425=CARTESIAN_POINT('',(4.097378095188E-1,1.929389612312E0,1.758531506646E0));
#1426=CARTESIAN_POINT('',(4.098003638979E-1,1.929387426263E0,1.757747241119E0));
#1427=CARTESIAN_POINT('',(4.099206285107E-1,1.929383233619E0,1.756223625841E0));
#1428=CARTESIAN_POINT('',(4.100882297277E-1,1.929377357821E0,1.754074171063E0));
#1429=CARTESIAN_POINT('',(4.102066622419E-1,1.929373277285E0,1.752511913696E0));
#1430=CARTESIAN_POINT('',(4.102641153469E-1,1.929371272358E0,1.751752522828E0));
#1431=CARTESIAN_POINT('',(4.102675657490E-1,1.929371151843E0,1.751706913298E0));
#1432=CARTESIAN_POINT('',(4.496149024785E-1,1.882246837012E0,1.761886924480E0));
#1433=CARTESIAN_POINT('',(4.496184508861E-1,1.882246712742E0,1.761842468768E0));
#1434=CARTESIAN_POINT('',(4.496823873134E-1,1.882244474698E0,1.761040952551E0));
#1435=CARTESIAN_POINT('',(4.498060768584E-1,1.882240178970E0,1.759473577850E0));
#1436=CARTESIAN_POINT('',(4.499759896965E-1,1.882234168777E0,1.757295528736E0));
#1437=CARTESIAN_POINT('',(4.501013950643E-1,1.882229973403E0,1.755640245007E0));
#1438=CARTESIAN_POINT('',(4.501603103311E-1,1.882227920632E0,1.754861185534E0));
#1439=CARTESIAN_POINT('',(4.501638404102E-1,1.882227797276E0,1.754814502750E0));
#1440=(BOUNDED_SURFACE()B_SPLINE_SURFACE(3,3,((#1408,#1409,#1410,#1411,#1412,
#1413,#1414,#1415),(#1416,#1417,#1418,#1419,#1420,#1421,#1422,#1423),(#1424,
#1425,#1426,#1427,#1428,#1429,#1430,#1431),(#1432,#1433,#1434,#1435,#1436,#1437,
#1438,#1439)),.UNSPECIFIED.,.F.,.F.,.F.)B_SPLINE_SURFACE_WITH_KNOTS((4,4),(4,1,
1,1,1,4),(0.E0,1.E0),(-2.001796772363E-2,0.E0,3.405307059029E-1,
6.738157915359E-1,1.E0,1.020916353898E0),.UNSPECIFIED.)GEOMETRIC_REPRESENTATION_ITEM()RATIONAL_B_SPLINE_SURFACE(((1.051927882335E0,1.051927882335E0,
1.051927882335E0,1.051927882335E0,1.051927882335E0,1.051927882335E0,
1.051927882335E0,1.051927882335E0),(9.826907058882E-1,9.826907058882E-1,
9.826907058882E-1,9.826907058882E-1,9.826907058882E-1,9.826907058882E-1,
9.826907058882E-1,9.826907058882E-1),(9.826907058882E-1,9.826907058882E-1,
9.826907058882E-1,9.826907058882E-1,9.826907058882E-1,9.826907058882E-1,
9.826907058882E-1,9.826907058882E-1),(1.051927882335E0,1.051927882335E0,
1.051927882335E0,1.051927882335E0,1.051927882335E0,1.051927882335E0,
1.051927882335E0,1.051927882335E0)))REPRESENTATION_ITEM('')SURFACE());
#1442=ORIENTED_EDGE('',*,*,#1441,.T.);
#1444=ORIENTED_EDGE('',*,*,#1443,.T.);
#1446=ORIENTED_EDGE('',*,*,#1445,.F.);
#1447=ORIENTED_EDGE('',*,*,#1399,.F.);
#1448=EDGE_LOOP('',(#1442,#1444,#1446,#1447));
#1449=FACE_OUTER_BOUND('',#1448,.F.);
#1451=CARTESIAN_POINT('',(-1.05E0,2.E0,1.878065265204E0));
#1452=DIRECTION('',(3.489949670250E-2,9.993908270191E-1,0.E0));
#1453=DIRECTION('',(0.E0,0.E0,-1.E0));
#1454=AXIS2_PLACEMENT_3D('',#1451,#1452,#1453);
#1455=PLANE('',#1454);
#1457=ORIENTED_EDGE('',*,*,#1456,.F.);
#1459=ORIENTED_EDGE('',*,*,#1458,.F.);
#1460=ORIENTED_EDGE('',*,*,#1441,.F.);
#1461=ORIENTED_EDGE('',*,*,#1268,.F.);
#1462=ORIENTED_EDGE('',*,*,#1022,.T.);
#1463=ORIENTED_EDGE('',*,*,#1056,.T.);
#1464=EDGE_LOOP('',(#1457,#1459,#1460,#1461,#1462,#1463));
#1465=FACE_OUTER_BOUND('',#1464,.F.);
#1467=CARTESIAN_POINT('',(2.922989871207E-1,1.952715758107E0,
-1.742826892138E0));
#1468=CARTESIAN_POINT('',(2.922959062420E-1,1.952715865695E0,
-1.742867561285E0));
#1469=CARTESIAN_POINT('',(2.922427741124E-1,1.952717721081E0,
-1.743568844021E0));
#1470=CARTESIAN_POINT('',(2.921444112337E-1,1.952721154834E0,
-1.744863230583E0));
#1471=CARTESIAN_POINT('',(2.919834191489E-1,1.952726777283E0,
-1.746930947761E0));
#1472=CARTESIAN_POINT('',(2.918729424398E-1,1.952730635068E0,
-1.748329439112E0));
#1473=CARTESIAN_POINT('',(2.918143445790E-1,1.952732681383E0,
-1.749064297960E0));
#1474=CARTESIAN_POINT('',(2.918110899888E-1,1.952732795038E0,
-1.749105091812E0));
#1475=CARTESIAN_POINT('',(3.539381143083E-1,1.954522599348E0,
-1.747433313095E0));
#1476=CARTESIAN_POINT('',(3.539349198117E-1,1.954522710899E0,
-1.747475512238E0));
#1477=CARTESIAN_POINT('',(3.538796235694E-1,1.954524642136E0,
-1.748205903413E0));
#1478=CARTESIAN_POINT('',(3.537709341375E-1,1.954528447637E0,
-1.749638156420E0));
#1479=CARTESIAN_POINT('',(3.536065100269E-1,1.954534185286E0,
-1.751748287285E0));
#1480=CARTESIAN_POINT('',(3.534909575568E-1,1.954538221744E0,
-1.753211638904E0));
#1481=CARTESIAN_POINT('',(3.534303062551E-1,1.954540339449E0,
-1.753972127474E0));
#1482=CARTESIAN_POINT('',(3.534269397911E-1,1.954540456989E0,
-1.754014315020E0));
#1483=CARTESIAN_POINT('',(4.102671144074E-1,1.929371166588E0,
-1.751712915664E0));
#1484=CARTESIAN_POINT('',(4.102638143548E-1,1.929371281847E0,
-1.751756536254E0));
#1485=CARTESIAN_POINT('',(4.102065074743E-1,1.929373281665E0,
-1.752513970668E0));
#1486=CARTESIAN_POINT('',(4.100882215069E-1,1.929377357076E0,
-1.754074308712E0));
#1487=CARTESIAN_POINT('',(4.099206099675E-1,1.929383233256E0,
-1.756223844078E0));
#1488=CARTESIAN_POINT('',(4.098003415166E-1,1.929387426060E0,
-1.757747454230E0));
#1489=CARTESIAN_POINT('',(4.097377825378E-1,1.929389612243E0,
-1.758531754134E0));
#1490=CARTESIAN_POINT('',(4.097343121422E-1,1.929389733538E0,
-1.758575236493E0));
#1491=CARTESIAN_POINT('',(4.501633777332E-1,1.882227810538E0,
-1.754820658235E0));
#1492=CARTESIAN_POINT('',(4.501600010294E-1,1.882227928517E0,
-1.754865311045E0));
#1493=CARTESIAN_POINT('',(4.501012340017E-1,1.882229976104E0,
-1.755642383597E0));
#1494=CARTESIAN_POINT('',(4.499759764287E-1,1.882234166291E0,
-1.757295733858E0));
#1495=CARTESIAN_POINT('',(4.498060514409E-1,1.882240176979E0,
-1.759473883808E0));
#1496=CARTESIAN_POINT('',(4.496823579975E-1,1.882244472930E0,
-1.761041252230E0));
#1497=CARTESIAN_POINT('',(4.496184137911E-1,1.882246711157E0,
-1.761842843342E0));
#1498=CARTESIAN_POINT('',(4.496148679284E-1,1.882246835333E0,
-1.761887265963E0));
#1499=(BOUNDED_SURFACE()B_SPLINE_SURFACE(3,3,((#1467,#1468,#1469,#1470,#1471,
#1472,#1473,#1474),(#1475,#1476,#1477,#1478,#1479,#1480,#1481,#1482),(#1483,
#1484,#1485,#1486,#1487,#1488,#1489,#1490),(#1491,#1492,#1493,#1494,#1495,#1496,
#1497,#1498)),.UNSPECIFIED.,.F.,.F.,.F.)B_SPLINE_SURFACE_WITH_KNOTS((4,4),(4,1,
1,1,1,4),(0.E0,1.E0),(-2.000004304263E-2,0.E0,3.261848089843E-1,
6.594699119887E-1,1.E0,1.020000000844E0),.UNSPECIFIED.)GEOMETRIC_REPRESENTATION_ITEM()RATIONAL_B_SPLINE_SURFACE(((1.051927884646E0,1.051927884646E0,
1.051927884646E0,1.051927884646E0,1.051927884646E0,1.051927884646E0,
1.051927884646E0,1.051927884646E0),(9.826907051179E-1,9.826907051179E-1,
9.826907051179E-1,9.826907051179E-1,9.826907051179E-1,9.826907051179E-1,
9.826907051179E-1,9.826907051179E-1),(9.826907051179E-1,9.826907051179E-1,
9.826907051179E-1,9.826907051179E-1,9.826907051179E-1,9.826907051179E-1,
9.826907051179E-1,9.826907051179E-1),(1.051927884646E0,1.051927884646E0,
1.051927884646E0,1.051927884646E0,1.051927884646E0,1.051927884646E0,
1.051927884646E0,1.051927884646E0)))REPRESENTATION_ITEM('')SURFACE());
#1500=ORIENTED_EDGE('',*,*,#1456,.T.);
#1501=ORIENTED_EDGE('',*,*,#1194,.T.);
#1503=ORIENTED_EDGE('',*,*,#1502,.F.);
#1505=ORIENTED_EDGE('',*,*,#1504,.F.);
#1506=EDGE_LOOP('',(#1500,#1501,#1503,#1505));
#1507=FACE_OUTER_BOUND('',#1506,.F.);
#1509=CARTESIAN_POINT('',(4.280846373791E-1,1.909207991544E0,
-1.693699509018E0));
#1510=CARTESIAN_POINT('',(4.854967792888E-1,1.849625308003E0,
-1.699823705213E0));
#1511=CARTESIAN_POINT('',(5.429089211984E-1,1.790042624461E0,
-1.705947901409E0));
#1512=CARTESIAN_POINT('',(6.003210631081E-1,1.730459940920E0,
-1.712072097604E0));
#1513=CARTESIAN_POINT('',(4.266809385942E-1,1.909841861445E0,
-1.713433080198E0));
#1514=CARTESIAN_POINT('',(4.841312974309E-1,1.850197700044E0,
-1.718984677544E0));
#1515=CARTESIAN_POINT('',(5.415816562677E-1,1.790553538642E0,
-1.724536274890E0));
#1516=CARTESIAN_POINT('',(5.990320151045E-1,1.730909377241E0,
-1.730087872236E0));
#1517=CARTESIAN_POINT('',(4.183166957869E-1,1.911758508138E0,
-1.828998306093E0));
#1518=CARTESIAN_POINT('',(4.759979353068E-1,1.851801466445E0,
-1.831198995016E0));
#1519=CARTESIAN_POINT('',(5.336791748266E-1,1.791844424752E0,
-1.833399683939E0));
#1520=CARTESIAN_POINT('',(5.913604143464E-1,1.731887383060E0,
-1.835600372862E0));
#1521=CARTESIAN_POINT('',(4.014832274025E-1,1.896098317632E0,
-2.040535657417E0));
#1522=CARTESIAN_POINT('',(4.596640130765E-1,1.836077252418E0,
-2.036601734864E0));
#1523=CARTESIAN_POINT('',(5.178447987506E-1,1.776056187204E0,
-2.032667812312E0));
#1524=CARTESIAN_POINT('',(5.760255844247E-1,1.716035121990E0,
-2.028733889760E0));
#1525=CARTESIAN_POINT('',(3.757706545357E-1,1.831925578688E0,
-2.322054216041E0));
#1526=CARTESIAN_POINT('',(4.348058252278E-1,1.773027414238E0,
-2.309664542430E0));
#1527=CARTESIAN_POINT('',(4.938409959199E-1,1.714129249789E0,
-2.297274868819E0));
#1528=CARTESIAN_POINT('',(5.528761666120E-1,1.655231085340E0,
-2.284885195208E0));
#1529=CARTESIAN_POINT('',(3.481853225703E-1,1.726268875866E0,
-2.590870344434E0));
#1530=CARTESIAN_POINT('',(4.082150260436E-1,1.669770679083E0,
-2.570108326806E0));
#1531=CARTESIAN_POINT('',(4.682447295168E-1,1.613272482301E0,
-2.549346309178E0));
#1532=CARTESIAN_POINT('',(5.282744329901E-1,1.556774285519E0,
-2.528584291549E0));
#1533=CARTESIAN_POINT('',(3.199147676881E-1,1.581574725157E0,
-2.840717992939E0));
#1534=CARTESIAN_POINT('',(3.810343834673E-1,1.528811341341E0,
-2.811827555946E0));
#1535=CARTESIAN_POINT('',(4.421539992464E-1,1.476047957526E0,
-2.782937118953E0));
#1536=CARTESIAN_POINT('',(5.032736150256E-1,1.423284573711E0,
-2.754046681960E0));
#1537=CARTESIAN_POINT('',(2.923078256994E-1,1.401351193941E0,
-3.065728698361E0));
#1538=CARTESIAN_POINT('',(3.545529939707E-1,1.353684152295E0,
-3.029174788258E0));
#1539=CARTESIAN_POINT('',(4.167981622420E-1,1.306017110649E0,
-2.992620878155E0));
#1540=CARTESIAN_POINT('',(4.790433305133E-1,1.258350069003E0,
-2.956066968052E0));
#1541=CARTESIAN_POINT('',(2.667538380457E-1,1.190024579675E0,
-3.260749249798E0));
#1542=CARTESIAN_POINT('',(3.300914683331E-1,1.148790347173E0,
-3.217243970067E0));
#1543=CARTESIAN_POINT('',(3.934290986205E-1,1.107556114672E0,
-3.173738690336E0));
#1544=CARTESIAN_POINT('',(4.567667289080E-1,1.066321882171E0,
-3.130233410605E0));
#1545=CARTESIAN_POINT('',(2.445663429698E-1,9.527277416605E-1,
-3.421511729348E0));
#1546=CARTESIAN_POINT('',(3.088908127785E-1,9.191691911974E-1,
-3.372030372806E0));
#1547=CARTESIAN_POINT('',(3.732152825871E-1,8.856106407343E-1,
-3.322549016264E0));
#1548=CARTESIAN_POINT('',(4.375397523958E-1,8.520520902712E-1,
-3.273067659722E0));
#1549=CARTESIAN_POINT('',(2.268816475201E-1,6.950388104556E-1,
-3.544728198477E0));
#1550=CARTESIAN_POINT('',(2.920179770239E-1,6.702287926646E-1,
-3.490499620977E0));
#1551=CARTESIAN_POINT('',(3.571543065278E-1,6.454187748737E-1,
-3.436271043477E0));
#1552=CARTESIAN_POINT('',(4.222906360317E-1,6.206087570828E-1,
-3.382042465977E0));
#1553=CARTESIAN_POINT('',(2.145893303130E-1,4.227505901330E-1,
-3.628067842944E0));
#1554=CARTESIAN_POINT('',(2.803032213385E-1,4.075180725129E-1,
-3.570539676929E0));
#1555=CARTESIAN_POINT('',(3.460171123639E-1,3.922855548928E-1,
-3.513011510913E0));
#1556=CARTESIAN_POINT('',(4.117310033894E-1,3.770530372727E-1,
-3.455483344898E0));
#1557=CARTESIAN_POINT('',(2.082939861311E-1,1.417134871326E-1,
-3.670067616732E0));
#1558=CARTESIAN_POINT('',(2.743079006566E-1,1.365825338580E-1,
-3.610848009743E0));
#1559=CARTESIAN_POINT('',(3.403218151821E-1,1.314515805834E-1,
-3.551628402753E0));
#1560=CARTESIAN_POINT('',(4.063357297075E-1,1.263206273088E-1,
-3.492408795764E0));
#1561=CARTESIAN_POINT('',(2.082997990336E-1,-1.422324132447E-1,
-3.670029042482E0));
#1562=CARTESIAN_POINT('',(2.743134351932E-1,-1.370826944735E-1,
-3.610810998048E0));
#1563=CARTESIAN_POINT('',(3.403270713527E-1,-1.319329757023E-1,
-3.551592953614E0));
#1564=CARTESIAN_POINT('',(4.063407075123E-1,-1.267832569312E-1,
-3.492374909181E0));
#1565=CARTESIAN_POINT('',(2.146064977009E-1,-4.232588914890E-1,
-3.627952689359E0));
#1566=CARTESIAN_POINT('',(2.803195745117E-1,-4.080082594467E-1,
-3.570429133956E0));
#1567=CARTESIAN_POINT('',(3.460326513224E-1,-3.927576274044E-1,
-3.512905578553E0));
#1568=CARTESIAN_POINT('',(4.117457281332E-1,-3.775069953622E-1,
-3.455382023149E0));
#1569=CARTESIAN_POINT('',(2.269093125209E-1,-6.955255610563E-1,
-3.544538589780E0));
#1570=CARTESIAN_POINT('',(2.920443544003E-1,-6.706986890020E-1,
-3.490317435921E0));
#1571=CARTESIAN_POINT('',(3.571793962798E-1,-6.458718169477E-1,
-3.436096282062E0));
#1572=CARTESIAN_POINT('',(4.223144381592E-1,-6.210449448935E-1,
-3.381875128204E0));
#1573=CARTESIAN_POINT('',(2.446032019286E-1,-9.531828830498E-1,
-3.421250537608E0));
#1574=CARTESIAN_POINT('',(3.089260032088E-1,-9.196092264017E-1,
-3.371779083998E0));
#1575=CARTESIAN_POINT('',(3.732488044890E-1,-8.860355697536E-1,
-3.322307630388E0));
#1576=CARTESIAN_POINT('',(4.375716057692E-1,-8.524619131055E-1,
-3.272836176779E0));
#1577=CARTESIAN_POINT('',(2.667977959850E-1,-1.190435935308E0,
-3.260423409499E0));
#1578=CARTESIAN_POINT('',(3.301335059263E-1,-1.149188776902E0,
-3.216930009422E0));
#1579=CARTESIAN_POINT('',(3.934692158677E-1,-1.107941618497E0,
-3.173436609345E0));
#1580=CARTESIAN_POINT('',(4.568049258091E-1,-1.066694460091E0,
-3.129943209268E0));
#1581=CARTESIAN_POINT('',(2.923572550962E-1,-1.401713144596E0,
-3.065339803856E0));
#1582=CARTESIAN_POINT('',(3.546003572875E-1,-1.354035475509E0,
-3.028799449752E0));
#1583=CARTESIAN_POINT('',(4.168434594788E-1,-1.306357806422E0,
-2.992259095649E0));
#1584=CARTESIAN_POINT('',(4.790865616701E-1,-1.258680137335E0,
-2.955718741546E0));
#1585=CARTESIAN_POINT('',(3.199655168691E-1,-1.581868882076E0,
-2.840288833740E0));
#1586=CARTESIAN_POINT('',(3.810831169481E-1,-1.529097535272E0,
-2.811412687267E0));
#1587=CARTESIAN_POINT('',(4.422007170270E-1,-1.476326188469E0,
-2.782536540794E0));
#1588=CARTESIAN_POINT('',(5.033183171060E-1,-1.423554841665E0,
-2.753660394320E0));
#1589=CARTESIAN_POINT('',(3.482383314525E-1,-1.726505926119E0,
-2.590380087413E0));
#1590=CARTESIAN_POINT('',(4.082660545346E-1,-1.670001953185E0,
-2.569633671337E0));
#1591=CARTESIAN_POINT('',(4.682937776166E-1,-1.613497980251E0,
-2.548887255261E0));
#1592=CARTESIAN_POINT('',(5.283215006986E-1,-1.556994007316E0,
-2.528140839185E0));
#1593=CARTESIAN_POINT('',(3.758191327497E-1,-1.832077924883E0,
-2.321553873846E0));
#1594=CARTESIAN_POINT('',(4.348526249414E-1,-1.773176656560E0,
-2.309179469033E0));
#1595=CARTESIAN_POINT('',(4.938861171332E-1,-1.714275388237E0,
-2.296805064220E0));
#1596=CARTESIAN_POINT('',(5.529196093249E-1,-1.655374119914E0,
-2.284430659407E0));
#1597=CARTESIAN_POINT('',(4.015163224560E-1,-1.896143799507E0,
-2.040135678345E0));
#1598=CARTESIAN_POINT('',(4.596960921144E-1,-1.836122429480E0,
-2.036213458493E0));
#1599=CARTESIAN_POINT('',(5.178758617728E-1,-1.776101059453E0,
-2.032291238641E0));
#1600=CARTESIAN_POINT('',(5.760556314312E-1,-1.716079689426E0,
-2.028369018788E0));
#1601=CARTESIAN_POINT('',(4.183236855898E-1,-1.911754568468E0,
-1.828899203373E0));
#1602=CARTESIAN_POINT('',(4.760047351987E-1,-1.851797856324E0,
-1.831102781377E0));
#1603=CARTESIAN_POINT('',(5.336857848077E-1,-1.791841144180E0,
-1.833306359381E0));
#1604=CARTESIAN_POINT('',(5.913668344166E-1,-1.731884432037E0,
-1.835509937385E0));
#1605=CARTESIAN_POINT('',(4.266793035839E-1,-1.909842490405E0,
-1.713455946007E0));
#1606=CARTESIAN_POINT('',(4.841297077708E-1,-1.850198260446E0,
-1.719006871224E0));
#1607=CARTESIAN_POINT('',(5.415801119578E-1,-1.790554030487E0,
-1.724557796442E0));
#1608=CARTESIAN_POINT('',(5.990305161447E-1,-1.730909800527E0,
-1.730108721659E0));
#1609=CARTESIAN_POINT('',(4.280824384283E-1,-1.909209983005E0,
-1.693731504698E0));
#1610=CARTESIAN_POINT('',(4.854946392957E-1,-1.849627173998E0,
-1.699854760658E0));
#1611=CARTESIAN_POINT('',(5.429068401631E-1,-1.790044364990E0,
-1.705978016617E0));
#1612=CARTESIAN_POINT('',(6.003190410305E-1,-1.730461555983E0,
-1.712101272577E0));
#1613=B_SPLINE_SURFACE_WITH_KNOTS('',3,3,((#1509,#1510,#1511,#1512),(#1513,
#1514,#1515,#1516),(#1517,#1518,#1519,#1520),(#1521,#1522,#1523,#1524),(#1525,
#1526,#1527,#1528),(#1529,#1530,#1531,#1532),(#1533,#1534,#1535,#1536),(#1537,
#1538,#1539,#1540),(#1541,#1542,#1543,#1544),(#1545,#1546,#1547,#1548),(#1549,
#1550,#1551,#1552),(#1553,#1554,#1555,#1556),(#1557,#1558,#1559,#1560),(#1561,
#1562,#1563,#1564),(#1565,#1566,#1567,#1568),(#1569,#1570,#1571,#1572),(#1573,
#1574,#1575,#1576),(#1577,#1578,#1579,#1580),(#1581,#1582,#1583,#1584),(#1585,
#1586,#1587,#1588),(#1589,#1590,#1591,#1592),(#1593,#1594,#1595,#1596),(#1597,
#1598,#1599,#1600),(#1601,#1602,#1603,#1604),(#1605,#1606,#1607,#1608),(#1609,
#1610,#1611,#1612)),.UNSPECIFIED.,.F.,.F.,.F.,(4,1,1,1,1,1,1,1,1,1,1,1,1,1,1,1,
1,1,1,1,1,1,1,4),(4,4),(-9.812804185531E-3,0.E0,4.761904761905E-2,
9.523809523810E-2,1.428571428571E-1,1.904761904762E-1,2.380952380952E-1,
2.857142857143E-1,3.333333333333E-1,3.809523809524E-1,4.285714285714E-1,
4.761904761905E-1,5.238095238095E-1,5.714285714286E-1,6.190476190476E-1,
6.666666666667E-1,7.142857142857E-1,7.619047619048E-1,8.095238095238E-1,
8.571428571429E-1,9.047619047619E-1,9.523809523810E-1,1.E0,1.009818773207E0),(
1.533711081361E-1,8.461763063564E-1),.UNSPECIFIED.);
#1615=ORIENTED_EDGE('',*,*,#1614,.T.);
#1617=ORIENTED_EDGE('',*,*,#1616,.F.);
#1618=ORIENTED_EDGE('',*,*,#1502,.T.);
#1619=ORIENTED_EDGE('',*,*,#1192,.T.);
#1620=ORIENTED_EDGE('',*,*,#1236,.T.);
#1622=ORIENTED_EDGE('',*,*,#1621,.T.);
#1623=EDGE_LOOP('',(#1615,#1617,#1618,#1619,#1620,#1622));
#1624=FACE_OUTER_BOUND('',#1623,.F.);
#1626=CARTESIAN_POINT('',(6.379881051349E-1,-1.597041709707E0,
-1.718451862460E0));
#1627=CARTESIAN_POINT('',(6.367814912701E-1,-1.597481051104E0,
-1.735253374444E0));
#1628=CARTESIAN_POINT('',(6.333590207690E-1,-1.597965163931E0,
-1.782230828835E0));
#1629=CARTESIAN_POINT('',(6.272721501671E-1,-1.595218632497E0,
-1.862539055907E0));
#1630=CARTESIAN_POINT('',(6.190985496422E-1,-1.585659529503E0,
-1.964937161718E0));
#1631=CARTESIAN_POINT('',(6.094471090153E-1,-1.567107010089E0,
-2.079319593067E0));
#1632=CARTESIAN_POINT('',(5.983198165708E-1,-1.537085443082E0,
-2.203687801557E0));
#1633=CARTESIAN_POINT('',(5.861564198312E-1,-1.494628667848E0,
-2.331828688799E0));
#1634=CARTESIAN_POINT('',(5.734959641279E-1,-1.440565965203E0,
-2.457986414300E0));
#1635=CARTESIAN_POINT('',(5.607536369274E-1,-1.376208645705E0,
-2.578657910909E0));
#1636=CARTESIAN_POINT('',(5.480509322192E-1,-1.301852346853E0,
-2.693519174996E0));
#1637=CARTESIAN_POINT('',(5.353025903094E-1,-1.216160613752E0,
-2.804052412384E0));
#1638=CARTESIAN_POINT('',(5.221638041503E-1,-1.114635022998E0,
-2.913582445650E0));
#1639=CARTESIAN_POINT('',(5.083605047110E-1,-9.900275669659E-1,
-3.024329115737E0));
#1640=CARTESIAN_POINT('',(4.941690409245E-1,-8.351956833747E-1,
-3.133985268673E0));
#1641=CARTESIAN_POINT('',(4.806874227961E-1,-6.465939535177E-1,
-3.234543370505E0));
#1642=CARTESIAN_POINT('',(4.696805127319E-1,-4.271217977843E-1,
-3.314238430530E0));
#1643=CARTESIAN_POINT('',(4.629423281059E-1,-1.864533320889E-1,
-3.362033514451E0));
#1644=CARTESIAN_POINT('',(4.615674617983E-1,6.116485566928E-2,
-3.371698741382E0));
#1645=CARTESIAN_POINT('',(4.655478032651E-1,3.007473640298E-1,
-3.343631072286E0));
#1646=CARTESIAN_POINT('',(4.738658919897E-1,5.198379832566E-1,
-3.284132903442E0));
#1647=CARTESIAN_POINT('',(4.849600207725E-1,7.106450486221E-1,
-3.202937337457E0));
#1648=CARTESIAN_POINT('',(4.973002093263E-1,8.709381407163E-1,
-3.109994209016E0));
#1649=CARTESIAN_POINT('',(5.098365932955E-1,1.003498246438E0,
-3.012531589498E0));
#1650=CARTESIAN_POINT('',(5.221825012831E-1,1.114312338807E0,
-2.913309537278E0));
#1651=CARTESIAN_POINT('',(5.344546739756E-1,1.209872330624E0,
-2.811192642819E0));
#1652=CARTESIAN_POINT('',(5.469002792615E-1,1.294580998460E0,
-2.703676990203E0));
#1653=CARTESIAN_POINT('',(5.595822645861E-1,1.369801836299E0,
-2.589473124355E0));
#1654=CARTESIAN_POINT('',(5.723686752588E-1,1.435280286964E0,
-2.468905386895E0));
#1655=CARTESIAN_POINT('',(5.850695078963E-1,1.490381508683E0,
-2.342936042020E0));
#1656=CARTESIAN_POINT('',(5.977603420313E-1,1.535533265800E0,
-2.209895898300E0));
#1657=CARTESIAN_POINT('',(6.104353396422E-1,1.570021739676E0,
-2.068488656217E0));
#1658=CARTESIAN_POINT('',(6.228314658440E-1,1.591938758903E0,
-1.919927233885E0));
#1659=CARTESIAN_POINT('',(6.318932561332E-1,1.598170632096E0,
-1.802358061131E0));
#1660=CARTESIAN_POINT('',(6.367864449187E-1,1.597482368682E0,
-1.735183796331E0));
#1661=CARTESIAN_POINT('',(6.379895418420E-1,1.597045966961E0,
-1.718424106760E0));
#1662=CARTESIAN_POINT('',(6.420558469214E-1,-1.658702649833E0,
-1.717040437951E0));
#1663=CARTESIAN_POINT('',(6.408124077028E-1,-1.659170412817E0,
-1.734372047493E0));
#1664=CARTESIAN_POINT('',(6.372663877344E-1,-1.659690234157E0,
-1.783074300660E0));
#1665=CARTESIAN_POINT('',(6.309034417187E-1,-1.656824292806E0,
-1.866933697917E0));
#1666=CARTESIAN_POINT('',(6.224034051828E-1,-1.646901541685E0,
-1.973096058850E0));
#1667=CARTESIAN_POINT('',(6.123278357540E-1,-1.627629379911E0,
-2.091935970527E0));
#1668=CARTESIAN_POINT('',(6.006997201203E-1,-1.596455652685E0,
-2.221034343934E0));
#1669=CARTESIAN_POINT('',(5.879632861629E-1,-1.552363222557E0,
-2.354087453462E0));
#1670=CARTESIAN_POINT('',(5.746894501282E-1,-1.496229028669E0,
-2.485042890172E0));
#1671=CARTESIAN_POINT('',(5.613113158368E-1,-1.429404051548E0,
-2.610308883720E0));
#1672=CARTESIAN_POINT('',(5.479602125087E-1,-1.352198295129E0,
-2.729534199844E0));
#1673=CARTESIAN_POINT('',(5.345485240656E-1,-1.263228464200E0,
-2.844259235257E0));
#1674=CARTESIAN_POINT('',(5.207122656671E-1,-1.157805796532E0,
-2.957952960757E0));
#1675=CARTESIAN_POINT('',(5.061648719044E-1,-1.028421608743E0,
-3.072900641640E0));
#1676=CARTESIAN_POINT('',(4.911942238797E-1,-8.676298234635E-1,
-3.186731830596E0));
#1677=CARTESIAN_POINT('',(4.769606083504E-1,-6.717442094740E-1,
-3.291127404207E0));
#1678=CARTESIAN_POINT('',(4.653310958275E-1,-4.437603758051E-1,
-3.373874819121E0));
#1679=CARTESIAN_POINT('',(4.582079789192E-1,-1.937243118666E-1,
-3.423506222708E0));
#1680=CARTESIAN_POINT('',(4.567542102689E-1,6.354989021964E-2,
-3.433543482088E0));
#1681=CARTESIAN_POINT('',(4.609625877179E-1,3.124691529648E-1,
-3.404396364980E0));
#1682=CARTESIAN_POINT('',(4.697539083161E-1,5.400745983912E-1,
-3.342615547169E0));
#1683=CARTESIAN_POINT('',(4.814723407119E-1,7.382695621832E-1,
-3.258314923329E0));
#1684=CARTESIAN_POINT('',(4.944977804386E-1,9.047472292087E-1,
-3.161828285532E0));
#1685=CARTESIAN_POINT('',(5.077208127038E-1,1.042410066443E0,
-3.060654389802E0));
#1686=CARTESIAN_POINT('',(5.207315730592E-1,1.157470291400E0,
-2.957670061037E0));
#1687=CARTESIAN_POINT('',(5.336560032144E-1,1.256700303876E0,
-2.851669186327E0));
#1688=CARTESIAN_POINT('',(5.467499161406E-1,1.344647040374E0,
-2.740079788132E0));
#1689=CARTESIAN_POINT('',(5.600809982705E-1,1.422752915098E0,
-2.621533050035E0));
#1690=CARTESIAN_POINT('',(5.735063344216E-1,1.490739621955E0,
-2.496380422026E0));
#1691=CARTESIAN_POINT('',(5.868248080288E-1,1.547953913930E0,
-2.365613475182E0));
#1692=CARTESIAN_POINT('',(6.001137391752E-1,1.594842517676E0,
-2.227493645456E0));
#1693=CARTESIAN_POINT('',(6.133646480914E-1,1.630658154729E0,
-2.080647591163E0));
#1694=CARTESIAN_POINT('',(6.262847712922E-1,1.653417428010E0,
-1.926508608368E0));
#1695=CARTESIAN_POINT('',(6.357417928976E-1,1.659906477406E0,
-1.804018718427E0));
#1696=CARTESIAN_POINT('',(6.408190383204E-1,1.659173370030E0,
-1.734280144860E0));
#1697=CARTESIAN_POINT('',(6.420650208179E-1,1.658713117351E0,
-1.716905035837E0));
#1698=CARTESIAN_POINT('',(6.190653668975E-1,-1.715990369650E0,
-1.713807776286E0));
#1699=CARTESIAN_POINT('',(6.177889504545E-1,-1.716484538459E0,
-1.731612966692E0));
#1700=CARTESIAN_POINT('',(6.141319044796E-1,-1.717037535733E0,
-1.781864749944E0));
#1701=CARTESIAN_POINT('',(6.075197865174E-1,-1.714060653454E0,
-1.868932860422E0));
#1702=CARTESIAN_POINT('',(5.987255192845E-1,-1.703800045467E0,
-1.978477109854E0));
#1703=CARTESIAN_POINT('',(5.882668454126E-1,-1.683859281012E0,
-2.101329422786E0));
#1704=CARTESIAN_POINT('',(5.761859694777E-1,-1.651615109E0,-2.234682307294E0));
#1705=CARTESIAN_POINT('',(5.629308796957E-1,-1.606003030631E0,
-2.372154813671E0));
#1706=CARTESIAN_POINT('',(5.491014650236E-1,-1.547944263265E0,
-2.507425501476E0));
#1707=CARTESIAN_POINT('',(5.351470143508E-1,-1.478826643862E0,
-2.636824126787E0));
#1708=CARTESIAN_POINT('',(5.212078543156E-1,-1.398973523871E0,
-2.759974524481E0));
#1709=CARTESIAN_POINT('',(5.071942760333E-1,-1.306958089850E0,
-2.878469484120E0));
#1710=CARTESIAN_POINT('',(4.927248669065E-1,-1.197914740272E0,
-2.995908149770E0));
#1711=CARTESIAN_POINT('',(4.775017608563E-1,-1.064092604085E0,
-3.114634073437E0));
#1712=CARTESIAN_POINT('',(4.618232415359E-1,-8.977636152310E-1,
-3.232220598120E0));
#1713=CARTESIAN_POINT('',(4.469062132677E-1,-6.951107169198E-1,
-3.340068136710E0));
#1714=CARTESIAN_POINT('',(4.347107084278E-1,-4.592188847716E-1,
-3.425561595292E0));
#1715=CARTESIAN_POINT('',(4.272375843080E-1,-2.004796070576E-1,
-3.476845207220E0));
#1716=CARTESIAN_POINT('',(4.257120651044E-1,6.576576936125E-2,
-3.487217218706E0));
#1717=CARTESIAN_POINT('',(4.301278014768E-1,3.233595895831E-1,
-3.457098849056E0));
#1718=CARTESIAN_POINT('',(4.393493791379E-1,5.588759584666E-1,
-3.393264339418E0));
#1719=CARTESIAN_POINT('',(4.516352864257E-1,7.639348437984E-1,
-3.306170396998E0));
#1720=CARTESIAN_POINT('',(4.652834184367E-1,9.361584529898E-1,
-3.206496324122E0));
#1721=CARTESIAN_POINT('',(4.791302212993E-1,1.078562117280E0,
-3.101984217932E0));
#1722=CARTESIAN_POINT('',(4.927447202309E-1,1.197567323508E0,
-2.995616274823E0));
#1723=CARTESIAN_POINT('',(5.062612726942E-1,1.300207065300E0,
-2.886121979120E0));
#1724=CARTESIAN_POINT('',(5.199434452737E-1,1.391162214742E0,
-2.770868934641E0));
#1725=CARTESIAN_POINT('',(5.338632555248E-1,1.471948508939E0,
-2.648416052545E0));
#1726=CARTESIAN_POINT('',(5.478677562353E-1,1.542265577248E0,
-2.519139599660E0));
#1727=CARTESIAN_POINT('',(5.617457171414E-1,1.601443072777E0,
-2.384057292261E0));
#1728=CARTESIAN_POINT('',(5.755760047445E-1,1.649945339610E0,
-2.241367997562E0));
#1729=CARTESIAN_POINT('',(5.893476360087E-1,1.686994012555E0,
-2.089628259145E0));
#1730=CARTESIAN_POINT('',(6.027407493604E-1,1.710535804138E0,
-1.930474729877E0));
#1731=CARTESIAN_POINT('',(6.125543379292E-1,1.717263789856E0,
-1.803545701023E0));
#1732=CARTESIAN_POINT('',(6.177971157679E-1,1.716489019017E0,
-1.731500404574E0));
#1733=CARTESIAN_POINT('',(6.190816248942E-1,1.716006606979E0,
-1.713572410984E0));
#1734=CARTESIAN_POINT('',(5.735549873190E-1,-1.757596269532E0,
-1.709392005090E0));
#1735=CARTESIAN_POINT('',(5.722559514872E-1,-1.758109615890E0,
-1.727520774773E0));
#1736=CARTESIAN_POINT('',(5.685223195077E-1,-1.758686707589E0,
-1.778840942079E0));
#1737=CARTESIAN_POINT('',(5.617371196247E-1,-1.755629253118E0,
-1.868141908614E0));
#1738=CARTESIAN_POINT('',(5.527389081674E-1,-1.745123272492E0,
-1.980018094911E0));
#1739=CARTESIAN_POINT('',(5.420137790536E-1,-1.724696927248E0,
-2.105645681755E0));
#1740=CARTESIAN_POINT('',(5.296175806180E-1,-1.691675331754E0,
-2.241937582778E0));
#1741=CARTESIAN_POINT('',(5.160005990986E-1,-1.644959590458E0,
-2.382464271344E0));
#1742=CARTESIAN_POINT('',(5.017830787423E-1,-1.585503078310E0,
-2.520715919281E0));
#1743=CARTESIAN_POINT('',(4.874255672890E-1,-1.514720399701E0,
-2.652969529399E0));
#1744=CARTESIAN_POINT('',(4.730747748916E-1,-1.432944599874E0,
-2.778831226839E0));
#1745=CARTESIAN_POINT('',(4.586395765577E-1,-1.338717259746E0,
-2.899930053617E0));
#1746=CARTESIAN_POINT('',(4.437263222086E-1,-1.227044346110E0,
-3.019955655903E0));
#1747=CARTESIAN_POINT('',(4.280292715567E-1,-1.089999096185E0,
-3.141291228968E0));
#1748=CARTESIAN_POINT('',(4.118539277228E-1,-9.196486462174E-1,
-3.261472085571E0));
#1749=CARTESIAN_POINT('',(3.964569770969E-1,-7.120809257618E-1,
-3.371704664226E0));
#1750=CARTESIAN_POINT('',(3.838638170023E-1,-4.704458140059E-1,
-3.459095786057E0));
#1751=CARTESIAN_POINT('',(3.761447021879E-1,-2.053857219507E-1,
-3.511521348965E0));
#1752=CARTESIAN_POINT('',(3.745687477844E-1,6.737507840707E-2,
-3.522124752129E0));
#1753=CARTESIAN_POINT('',(3.791302333563E-1,3.312689009863E-1,
-3.491335050721E0));
#1754=CARTESIAN_POINT('',(3.886541604974E-1,5.725306737779E-1,
-3.426081205298E0));
#1755=CARTESIAN_POINT('',(4.013386943754E-1,7.825745652034E-1,
-3.337057084841E0));
#1756=CARTESIAN_POINT('',(4.154240402848E-1,9.589712344371E-1,
-3.235180851055E0));
#1757=CARTESIAN_POINT('',(4.297086036894E-1,1.104817981755E0,
-3.128362563121E0));
#1758=CARTESIAN_POINT('',(4.437465493713E-1,1.226688278378E0,
-3.019657593559E0));
#1759=CARTESIAN_POINT('',(4.576782040059E-1,1.331804377356E0,
-2.907750037655E0));
#1760=CARTESIAN_POINT('',(4.717724657578E-1,1.424944423108E0,
-2.789966650202E0));
#1761=CARTESIAN_POINT('',(4.861044204766E-1,1.507677404390E0,
-2.664815425438E0));
#1762=CARTESIAN_POINT('',(5.005139977056E-1,1.579686925908E0,
-2.532690256647E0));
#1763=CARTESIAN_POINT('',(5.147828494104E-1,1.640290221780E0,
-2.394626682562E0));
#1764=CARTESIAN_POINT('',(5.289908891158E-1,1.689964430960E0,
-2.248780156608E0));
#1765=CARTESIAN_POINT('',(5.431252631453E-1,1.727908611145E0,
-2.093657875715E0));
#1766=CARTESIAN_POINT('',(5.568469915133E-1,1.752018716116E0,
-1.931042685768E0));
#1767=CARTESIAN_POINT('',(5.669080963509E-1,1.758920232230E0,
-1.801032382586E0));
#1768=CARTESIAN_POINT('',(5.722652062743E-1,1.758115202797E0,
-1.727393296387E0));
#1769=CARTESIAN_POINT('',(5.735762779248E-1,1.757616697255E0,
-1.709084092564E0));
#1770=(BOUNDED_SURFACE()B_SPLINE_SURFACE(3,3,((#1626,#1627,#1628,#1629,#1630,
#1631,#1632,#1633,#1634,#1635,#1636,#1637,#1638,#1639,#1640,#1641,#1642,#1643,
#1644,#1645,#1646,#1647,#1648,#1649,#1650,#1651,#1652,#1653,#1654,#1655,#1656,
#1657,#1658,#1659,#1660,#1661),(#1662,#1663,#1664,#1665,#1666,#1667,#1668,#1669,
#1670,#1671,#1672,#1673,#1674,#1675,#1676,#1677,#1678,#1679,#1680,#1681,#1682,
#1683,#1684,#1685,#1686,#1687,#1688,#1689,#1690,#1691,#1692,#1693,#1694,#1695,
#1696,#1697),(#1698,#1699,#1700,#1701,#1702,#1703,#1704,#1705,#1706,#1707,#1708,
#1709,#1710,#1711,#1712,#1713,#1714,#1715,#1716,#1717,#1718,#1719,#1720,#1721,
#1722,#1723,#1724,#1725,#1726,#1727,#1728,#1729,#1730,#1731,#1732,#1733),(#1734,
#1735,#1736,#1737,#1738,#1739,#1740,#1741,#1742,#1743,#1744,#1745,#1746,#1747,
#1748,#1749,#1750,#1751,#1752,#1753,#1754,#1755,#1756,#1757,#1758,#1759,#1760,
#1761,#1762,#1763,#1764,#1765,#1766,#1767,#1768,#1769)),.UNSPECIFIED.,.F.,.F.,
.F.)B_SPLINE_SURFACE_WITH_KNOTS((4,4),(4,1,1,1,1,1,1,1,1,1,1,1,1,1,1,1,1,1,1,1,
1,1,1,1,1,1,1,1,1,1,1,1,1,4),(0.E0,1.E0),(-9.986522004506E-3,0.E0,
1.806345883042E-2,3.832343227102E-2,6.140023719617E-2,8.739692793759E-2,
1.148152271002E-1,1.421470524447E-1,1.694987217279E-1,1.966415937459E-1,
2.240192785987E-1,2.531775720064E-1,2.859808162796E-1,3.236762576063E-1,
3.664991840839E-1,4.134881236033E-1,4.628044117153E-1,5.125757475731E-1,
5.609685626188E-1,6.064105622278E-1,6.478436976807E-1,6.846555286523E-1,
7.170524101251E-1,7.461835197321E-1,7.736056545656E-1,8.007280489197E-1,
8.280762154952E-1,8.554325386957E-1,8.828155340232E-1,9.103264087890E-1,
9.394624242244E-1,9.698463470350E-1,1.E0,1.010012738074E0),.UNSPECIFIED.)GEOMETRIC_REPRESENTATION_ITEM()RATIONAL_B_SPLINE_SURFACE(((1.051911867824E0,
1.051911867824E0,1.051911867824E0,1.051911867824E0,1.051911867824E0,
1.051911867824E0,1.051911867824E0,1.051911867824E0,1.051911867824E0,
1.051911867824E0,1.051911867824E0,1.051911867824E0,1.051911867824E0,
1.051911867824E0,1.051911867824E0,1.051911867824E0,1.051911867824E0,
1.051911867824E0,1.051911867824E0,1.051911867824E0,1.051911867824E0,
1.051911867824E0,1.051911867824E0,1.051911867824E0,1.051911867824E0,
1.051911867824E0,1.051911867824E0,1.051911867824E0,1.051911867824E0,
1.051911867824E0,1.051911867824E0,1.051911867824E0,1.051911867824E0,
1.051911867824E0,1.051911867824E0,1.051911867824E0),(9.826960440585E-1,
9.826960440585E-1,9.826960440585E-1,9.826960440585E-1,9.826960440585E-1,
9.826960440585E-1,9.826960440585E-1,9.826960440585E-1,9.826960440585E-1,
9.826960440585E-1,9.826960440585E-1,9.826960440585E-1,9.826960440585E-1,
9.826960440585E-1,9.826960440585E-1,9.826960440585E-1,9.826960440585E-1,
9.826960440585E-1,9.826960440585E-1,9.826960440585E-1,9.826960440585E-1,
9.826960440585E-1,9.826960440585E-1,9.826960440585E-1,9.826960440585E-1,
9.826960440585E-1,9.826960440585E-1,9.826960440585E-1,9.826960440585E-1,
9.826960440585E-1,9.826960440585E-1,9.826960440585E-1,9.826960440585E-1,
9.826960440585E-1,9.826960440585E-1,9.826960440585E-1),(9.826960440585E-1,
9.826960440585E-1,9.826960440585E-1,9.826960440585E-1,9.826960440585E-1,
9.826960440585E-1,9.826960440585E-1,9.826960440585E-1,9.826960440585E-1,
9.826960440585E-1,9.826960440585E-1,9.826960440585E-1,9.826960440585E-1,
9.826960440585E-1,9.826960440585E-1,9.826960440585E-1,9.826960440585E-1,
9.826960440585E-1,9.826960440585E-1,9.826960440585E-1,9.826960440585E-1,
9.826960440585E-1,9.826960440585E-1,9.826960440585E-1,9.826960440585E-1,
9.826960440585E-1,9.826960440585E-1,9.826960440585E-1,9.826960440585E-1,
9.826960440585E-1,9.826960440585E-1,9.826960440585E-1,9.826960440585E-1,
9.826960440585E-1,9.826960440585E-1,9.826960440585E-1),(1.051911867824E0,
1.051911867824E0,1.051911867824E0,1.051911867824E0,1.051911867824E0,
1.051911867824E0,1.051911867824E0,1.051911867824E0,1.051911867824E0,
1.051911867824E0,1.051911867824E0,1.051911867824E0,1.051911867824E0,
1.051911867824E0,1.051911867824E0,1.051911867824E0,1.051911867824E0,
1.051911867824E0,1.051911867824E0,1.051911867824E0,1.051911867824E0,
1.051911867824E0,1.051911867824E0,1.051911867824E0,1.051911867824E0,
1.051911867824E0,1.051911867824E0,1.051911867824E0,1.051911867824E0,
1.051911867824E0,1.051911867824E0,1.051911867824E0,1.051911867824E0,
1.051911867824E0,1.051911867824E0,1.051911867824E0)))REPRESENTATION_ITEM('')SURFACE());
#1772=ORIENTED_EDGE('',*,*,#1771,.T.);
#1774=ORIENTED_EDGE('',*,*,#1773,.T.);
#1775=ORIENTED_EDGE('',*,*,#1614,.F.);
#1777=ORIENTED_EDGE('',*,*,#1776,.F.);
#1778=EDGE_LOOP('',(#1772,#1774,#1775,#1777));
#1779=FACE_OUTER_BOUND('',#1778,.F.);
#1781=CARTESIAN_POINT('',(-2.33E1,-2.4E0,0.E0));
#1782=DIRECTION('',(0.E0,1.E0,0.E0));
#1783=DIRECTION('',(0.E0,0.E0,1.E0));
#1784=AXIS2_PLACEMENT_3D('',#1781,#1782,#1783);
#1785=CYLINDRICAL_SURFACE('',#1784,2.4E1);
#1787=ORIENTED_EDGE('',*,*,#1786,.F.);
#1789=ORIENTED_EDGE('',*,*,#1788,.F.);
#1790=ORIENTED_EDGE('',*,*,#1771,.F.);
#1792=ORIENTED_EDGE('',*,*,#1791,.F.);
#1793=EDGE_LOOP('',(#1787,#1789,#1790,#1792));
#1794=FACE_OUTER_BOUND('',#1793,.F.);
#1796=CARTESIAN_POINT('',(6.379881050991E-1,1.597041709848E0,1.718451862905E0));
#1797=CARTESIAN_POINT('',(6.367814912799E-1,1.597481051138E0,1.735253374300E0));
#1798=CARTESIAN_POINT('',(6.333590145805E-1,1.597965164745E0,1.782230913805E0));
#1799=CARTESIAN_POINT('',(6.272721283842E-1,1.595218620352E0,1.862539340900E0));
#1800=CARTESIAN_POINT('',(6.190985012650E-1,1.585659461110E0,1.964937756817E0));
#1801=CARTESIAN_POINT('',(6.094470320363E-1,1.567106837100E0,2.079320483502E0));
#1802=CARTESIAN_POINT('',(5.983197184668E-1,1.537085141793E0,2.203688867373E0));
#1803=CARTESIAN_POINT('',(5.861563108654E-1,1.494628245086E0,2.331829804518E0));
#1804=CARTESIAN_POINT('',(5.734958525996E-1,1.440565445830E0,2.457987496837E0));
#1805=CARTESIAN_POINT('',(5.607535246271E-1,1.376208034517E0,2.578658949355E0));
#1806=CARTESIAN_POINT('',(5.480508191591E-1,1.301851637983E0,2.693520175570E0));
#1807=CARTESIAN_POINT('',(5.353024740530E-1,1.216159778450E0,2.804053400669E0));
#1808=CARTESIAN_POINT('',(5.221636816469E-1,1.114634005873E0,2.913583447634E0));
#1809=CARTESIAN_POINT('',(5.083603756290E-1,9.900262982304E-1,
3.024330131981E0));
#1810=CARTESIAN_POINT('',(4.941689114237E-1,8.351941068234E-1,
3.133986251072E0));
#1811=CARTESIAN_POINT('',(4.806873065736E-1,6.465920582230E-1,
3.234544223149E0));
#1812=CARTESIAN_POINT('',(4.696804274725E-1,4.271196344845E-1,
3.314239039969E0));
#1813=CARTESIAN_POINT('',(4.629422888986E-1,1.864510125440E-1,
3.362033790473E0));
#1814=CARTESIAN_POINT('',(4.615674749155E-1,-6.116719057928E-2,
3.371698649323E0));
#1815=CARTESIAN_POINT('',(4.655478642727E-1,-3.007495780389E-1,
3.343630640121E0));
#1816=CARTESIAN_POINT('',(4.738659884371E-1,-5.198399744E-1,3.284132206903E0));
#1817=CARTESIAN_POINT('',(4.849601373606E-1,-7.106467631749E-1,
3.202936472789E0));
#1818=CARTESIAN_POINT('',(4.973003331985E-1,-8.709395780091E-1,
3.109993261605E0));
#1819=CARTESIAN_POINT('',(5.098367173368E-1,-1.003499447575E0,
3.012530609302E0));
#1820=CARTESIAN_POINT('',(5.221826245847E-1,-1.114313366991E0,
2.913308529426E0));
#1821=CARTESIAN_POINT('',(5.344547990068E-1,-1.209873240241E0,
2.811191583583E0));
#1822=CARTESIAN_POINT('',(5.469004078478E-1,-1.294581816405E0,
2.703675857197E0));
#1823=CARTESIAN_POINT('',(5.595823964938E-1,-1.369802564584E0,
2.589471910107E0));
#1824=CARTESIAN_POINT('',(5.723688082503E-1,-1.435280915745E0,
2.468904102015E0));
#1825=CARTESIAN_POINT('',(5.850696388827E-1,-1.490382025997E0,
2.342934707354E0));
#1826=CARTESIAN_POINT('',(5.977604681662E-1,-1.535533661125E0,
2.209894534547E0));
#1827=CARTESIAN_POINT('',(6.104354492003E-1,-1.570021981772E0,
2.068487386174E0));
#1828=CARTESIAN_POINT('',(6.228315301356E-1,-1.591938818756E0,
1.919926414599E0));
#1829=CARTESIAN_POINT('',(6.318932817839E-1,-1.598170628530E0,
1.802357708944E0));
#1830=CARTESIAN_POINT('',(6.367864449651E-1,-1.597482368665E0,
1.735183795711E0));
#1831=CARTESIAN_POINT('',(6.379895419465E-1,-1.597045966900E0,
1.718424105392E0));
#1832=CARTESIAN_POINT('',(6.420558469400E-1,1.658702650024E0,1.717040437640E0));
#1833=CARTESIAN_POINT('',(6.408124077191E-1,1.659170412861E0,1.734372047265E0));
#1834=CARTESIAN_POINT('',(6.372663813030E-1,1.659690235015E0,1.783074389001E0));
#1835=CARTESIAN_POINT('',(6.309034190728E-1,1.656824280192E0,1.866933993780E0));
#1836=CARTESIAN_POINT('',(6.224033547469E-1,1.646901470618E0,1.973096677054E0));
#1837=CARTESIAN_POINT('',(6.123277553696E-1,1.627629200243E0,2.091936895141E0));
#1838=CARTESIAN_POINT('',(6.006996175070E-1,1.596455339844E0,2.221035450383E0));
#1839=CARTESIAN_POINT('',(5.879631719969E-1,1.552362783592E0,2.354088611681E0));
#1840=CARTESIAN_POINT('',(5.746893330922E-1,1.496228489292E0,2.485044014094E0));
#1841=CARTESIAN_POINT('',(5.613111978908E-1,1.429403417067E0,2.610309961431E0));
#1842=CARTESIAN_POINT('',(5.479600935912E-1,1.352197558945E0,2.729535238649E0));
#1843=CARTESIAN_POINT('',(5.345484017158E-1,1.263227597009E0,2.844260260912E0));
#1844=CARTESIAN_POINT('',(5.207121366118E-1,1.157804740418E0,2.957954000781E0));
#1845=CARTESIAN_POINT('',(5.061647357851E-1,1.028420291130E0,3.072901696613E0));
#1846=CARTESIAN_POINT('',(4.911940872193E-1,8.676281862330E-1,
3.186732850368E0));
#1847=CARTESIAN_POINT('',(4.769604855964E-1,6.717422408654E-1,
3.291128289440E0));
#1848=CARTESIAN_POINT('',(4.653310057177E-1,4.437581284859E-1,
3.373875451931E0));
#1849=CARTESIAN_POINT('',(4.582079374638E-1,1.937219019377E-1,
3.423506509349E0));
#1850=CARTESIAN_POINT('',(4.567542241393E-1,-6.355231619018E-2,
3.433543386485E0));
#1851=CARTESIAN_POINT('',(4.609626522133E-1,-3.124714531748E-1,
3.404395916205E0));
#1852=CARTESIAN_POINT('',(4.697540102257E-1,-5.400766667902E-1,
3.342614823941E0));
#1853=CARTESIAN_POINT('',(4.814724638207E-1,-7.382713429898E-1,
3.258314025642E0));
#1854=CARTESIAN_POINT('',(4.944979111331E-1,-9.047487217670E-1,
3.161827302106E0));
#1855=CARTESIAN_POINT('',(5.077209434898E-1,-1.042411313781E0,
3.060653372309E0));
#1856=CARTESIAN_POINT('',(5.207317029585E-1,-1.157471359008E0,
2.957669014916E0));
#1857=CARTESIAN_POINT('',(5.336561348165E-1,-1.256701248273E0,
2.851668086976E0));
#1858=CARTESIAN_POINT('',(5.467500513876E-1,-1.344647889740E0,
2.740078611968E0));
#1859=CARTESIAN_POINT('',(5.600811368318E-1,-1.422753671181E0,
2.621531789816E0));
#1860=CARTESIAN_POINT('',(5.735064739993E-1,-1.490740274960E0,
2.496379088009E0));
#1861=CARTESIAN_POINT('',(5.868249452715E-1,-1.547954451014E0,
2.365612089809E0));
#1862=CARTESIAN_POINT('',(6.001138711606E-1,-1.594842928291E0,
2.227492229368E0));
#1863=CARTESIAN_POINT('',(6.133647624882E-1,-1.630658406130E0,
2.080646272313E0));
#1864=CARTESIAN_POINT('',(6.262848381739E-1,-1.653417490174E0,
1.926507758137E0));
#1865=CARTESIAN_POINT('',(6.357418195438E-1,-1.659906473653E0,
1.804018352399E0));
#1866=CARTESIAN_POINT('',(6.408190383671E-1,-1.659173369994E0,
1.734280144232E0));
#1867=CARTESIAN_POINT('',(6.420650208915E-1,-1.658713117229E0,
1.716905034898E0));
#1868=CARTESIAN_POINT('',(6.190653669655E-1,1.715990369890E0,1.713807775273E0));
#1869=CARTESIAN_POINT('',(6.177889504765E-1,1.716484538513E0,1.731612966387E0));
#1870=CARTESIAN_POINT('',(6.141318978297E-1,1.717037536632E0,1.781864841322E0));
#1871=CARTESIAN_POINT('',(6.075197630942E-1,1.714060640404E0,1.868933166063E0));
#1872=CARTESIAN_POINT('',(5.987254669904E-1,1.703799971916E0,1.978477748853E0));
#1873=CARTESIAN_POINT('',(5.882667619512E-1,1.683859095139E0,2.101330378152E0));
#1874=CARTESIAN_POINT('',(5.761858627855E-1,1.651614785427E0,2.234683450292E0));
#1875=CARTESIAN_POINT('',(5.629307608215E-1,1.606002576612E0,2.372156010119E0));
#1876=CARTESIAN_POINT('',(5.491013429966E-1,1.547943705302E0,2.507426662627E0));
#1877=CARTESIAN_POINT('',(5.351468912865E-1,1.478825987740E0,2.636825239807E0));
#1878=CARTESIAN_POINT('',(5.212077300839E-1,1.398972762310E0,2.759975597679E0));
#1879=CARTESIAN_POINT('',(5.071941481536E-1,1.306957193031E0,2.878470543381E0));
#1880=CARTESIAN_POINT('',(4.927247319023E-1,1.197913647937E0,2.995909224006E0));
#1881=CARTESIAN_POINT('',(4.775016183448E-1,1.064091241061E0,3.114635163245E0));
#1882=CARTESIAN_POINT('',(4.618230983700E-1,8.977619216248E-1,
3.232221651508E0));
#1883=CARTESIAN_POINT('',(4.469060845768E-1,6.951086801970E-1,
3.340069051259E0));
#1884=CARTESIAN_POINT('',(4.347106139080E-1,4.592165593920E-1,
3.425562249129E0));
#1885=CARTESIAN_POINT('',(4.272375408083E-1,2.004771131550E-1,
3.476845503415E0));
#1886=CARTESIAN_POINT('',(4.257120796596E-1,-6.576827993398E-2,
3.487217119915E0));
#1887=CARTESIAN_POINT('',(4.301278691434E-1,-3.233619698803E-1,
3.457098385336E0));
#1888=CARTESIAN_POINT('',(4.393494860131E-1,-5.588780986419E-1,
3.393263592181E0));
#1889=CARTESIAN_POINT('',(4.516354154607E-1,-7.639366861600E-1,
3.306169469607E0));
#1890=CARTESIAN_POINT('',(4.652835553295E-1,-9.361599968941E-1,
3.206495308304E0));
#1891=CARTESIAN_POINT('',(4.791303582112E-1,-1.078563407542E0,
3.101983166892E0));
#1892=CARTESIAN_POINT('',(4.927448561203E-1,-1.197568427744E0,
2.995615194283E0));
#1893=CARTESIAN_POINT('',(5.062614102596E-1,-1.300208042012E0,
2.886120843693E0));
#1894=CARTESIAN_POINT('',(5.199435865636E-1,-1.391163093299E0,
2.770867719658E0));
#1895=CARTESIAN_POINT('',(5.338634001188E-1,-1.471949290849E0,
2.648414750985E0));
#1896=CARTESIAN_POINT('',(5.478679017817E-1,-1.542266252758E0,
2.519138221438E0));
#1897=CARTESIAN_POINT('',(5.617458600485E-1,-1.601443628230E0,
2.384055861283E0));
#1898=CARTESIAN_POINT('',(5.755761420230E-1,-1.649945764432E0,
2.241366534388E0));
#1899=CARTESIAN_POINT('',(5.893477547772E-1,-1.686994272601E0,
2.089626896378E0));
#1900=CARTESIAN_POINT('',(6.027408185764E-1,-1.710535868450E0,
1.930473851820E0));
#1901=CARTESIAN_POINT('',(6.125543654713E-1,-1.717263785929E0,
1.803545322533E0));
#1902=CARTESIAN_POINT('',(6.177971158147E-1,-1.716489018963E0,
1.731500403939E0));
#1903=CARTESIAN_POINT('',(6.190816249394E-1,-1.716006606799E0,
1.713572410444E0));
#1904=CARTESIAN_POINT('',(5.735549874217E-1,1.757596269806E0,1.709392003565E0));
#1905=CARTESIAN_POINT('',(5.722559515131E-1,1.758109615951E0,1.727520774412E0));
#1906=CARTESIAN_POINT('',(5.685223127068E-1,1.758686708517E0,1.778841035558E0));
#1907=CARTESIAN_POINT('',(5.617370956635E-1,1.755629239751E0,1.868142221010E0));
#1908=CARTESIAN_POINT('',(5.527388545824E-1,1.745123197137E0,1.980018748291E0));
#1909=CARTESIAN_POINT('',(5.420136934508E-1,1.724696736869E0,2.105646658375E0));
#1910=CARTESIAN_POINT('',(5.296174710827E-1,1.691675000387E0,2.241938751027E0));
#1911=CARTESIAN_POINT('',(5.160004769373E-1,1.644959125505E0,2.382465494202E0));
#1912=CARTESIAN_POINT('',(5.017829532260E-1,1.585502506849E0,2.520717106157E0));
#1913=CARTESIAN_POINT('',(4.874254406438E-1,1.514719727863E0,2.652970666804E0));
#1914=CARTESIAN_POINT('',(4.730746469379E-1,1.432943819884E0,2.778832323801E0));
#1915=CARTESIAN_POINT('',(4.586394448034E-1,1.338716341410E0,2.899931136085E0));
#1916=CARTESIAN_POINT('',(4.437261830330E-1,1.227043227468E0,3.019956753771E0));
#1917=CARTESIAN_POINT('',(4.280291245598E-1,1.089997700180E0,3.141292342843E0));
#1918=CARTESIAN_POINT('',(4.118537799897E-1,9.196469116677E-1,
3.261473162180E0));
#1919=CARTESIAN_POINT('',(3.964568442357E-1,7.120788395701E-1,
3.371705599033E0));
#1920=CARTESIAN_POINT('',(3.838637193834E-1,4.704434319340E-1,
3.459096454426E0));
#1921=CARTESIAN_POINT('',(3.761446572511E-1,2.053831670613E-1,
3.511521651765E0));
#1922=CARTESIAN_POINT('',(3.745687628209E-1,-6.737765042315E-2,
3.522124651134E0));
#1923=CARTESIAN_POINT('',(3.791303032518E-1,-3.312713394478E-1,
3.491334576671E0));
#1924=CARTESIAN_POINT('',(3.886542708615E-1,-5.725328660817E-1,
3.426080441468E0));
#1925=CARTESIAN_POINT('',(4.013388275725E-1,-7.825764522699E-1,
3.337056136927E0));
#1926=CARTESIAN_POINT('',(4.154241815283E-1,-9.589728156319E-1,
3.235179812861E0));
#1927=CARTESIAN_POINT('',(4.297087448993E-1,-1.104819303192E0,
3.128361488905E0));
#1928=CARTESIAN_POINT('',(4.437466894611E-1,-1.226689409216E0,
3.019656489245E0));
#1929=CARTESIAN_POINT('',(4.576783457501E-1,-1.331805377535E0,
2.907748877312E0));
#1930=CARTESIAN_POINT('',(4.717726112799E-1,-1.424945322866E0,
2.789965408401E0));
#1931=CARTESIAN_POINT('',(4.861045692914E-1,-1.507678205057E0,
2.664814095326E0));
#1932=CARTESIAN_POINT('',(5.005141474251E-1,-1.579687617764E0,
2.532688847880E0));
#1933=CARTESIAN_POINT('',(5.147829962722E-1,-1.640290790572E0,
2.394625220081E0));
#1934=CARTESIAN_POINT('',(5.289910300853E-1,-1.689964866100E0,
2.248778660892E0));
#1935=CARTESIAN_POINT('',(5.431253849553E-1,-1.727908877469E0,
2.093656482596E0));
#1936=CARTESIAN_POINT('',(5.568470623470E-1,-1.752018781987E0,
1.931041788496E0));
#1937=CARTESIAN_POINT('',(5.669081245121E-1,-1.758920228177E0,
1.801031995472E0));
#1938=CARTESIAN_POINT('',(5.722652063211E-1,-1.758115202730E0,
1.727393295747E0));
#1939=CARTESIAN_POINT('',(5.735762779496E-1,-1.757616697034E0,
1.709084092316E0));
#1940=(BOUNDED_SURFACE()B_SPLINE_SURFACE(3,3,((#1796,#1797,#1798,#1799,#1800,
#1801,#1802,#1803,#1804,#1805,#1806,#1807,#1808,#1809,#1810,#1811,#1812,#1813,
#1814,#1815,#1816,#1817,#1818,#1819,#1820,#1821,#1822,#1823,#1824,#1825,#1826,
#1827,#1828,#1829,#1830,#1831),(#1832,#1833,#1834,#1835,#1836,#1837,#1838,#1839,
#1840,#1841,#1842,#1843,#1844,#1845,#1846,#1847,#1848,#1849,#1850,#1851,#1852,
#1853,#1854,#1855,#1856,#1857,#1858,#1859,#1860,#1861,#1862,#1863,#1864,#1865,
#1866,#1867),(#1868,#1869,#1870,#1871,#1872,#1873,#1874,#1875,#1876,#1877,#1878,
#1879,#1880,#1881,#1882,#1883,#1884,#1885,#1886,#1887,#1888,#1889,#1890,#1891,
#1892,#1893,#1894,#1895,#1896,#1897,#1898,#1899,#1900,#1901,#1902,#1903),(#1904,
#1905,#1906,#1907,#1908,#1909,#1910,#1911,#1912,#1913,#1914,#1915,#1916,#1917,
#1918,#1919,#1920,#1921,#1922,#1923,#1924,#1925,#1926,#1927,#1928,#1929,#1930,
#1931,#1932,#1933,#1934,#1935,#1936,#1937,#1938,#1939)),.UNSPECIFIED.,.F.,.F.,
.F.)B_SPLINE_SURFACE_WITH_KNOTS((4,4),(4,1,1,1,1,1,1,1,1,1,1,1,1,1,1,1,1,1,1,1,
1,1,1,1,1,1,1,1,1,1,1,1,1,4),(0.E0,1.E0),(-9.986522053741E-3,0.E0,
1.806350978867E-2,3.832355174965E-2,6.140042492581E-2,8.739716287793E-2,
1.148154662778E-1,1.421472915269E-1,1.694989614568E-1,1.966418353084E-1,
2.240195307168E-1,2.531778518789E-1,2.859811375057E-1,3.236766272069E-1,
3.664996010214E-1,4.134885747162E-1,4.628048804549E-1,5.125762161082E-1,
5.609690142035E-1,6.064109837626E-1,6.478440805516E-1,6.846558689577E-1,
7.170527142164E-1,7.461838013102E-1,7.736059291980E-1,8.007283270985E-1,
8.280764979767E-1,8.554328241451E-1,8.828158210820E-1,9.103266913825E-1,
9.394627027681E-1,9.698465576881E-1,1.E0,1.010012738209E0),.UNSPECIFIED.)GEOMETRIC_REPRESENTATION_ITEM()RATIONAL_B_SPLINE_SURFACE(((1.051911867825E0,
1.051911867825E0,1.051911867825E0,1.051911867825E0,1.051911867825E0,
1.051911867825E0,1.051911867825E0,1.051911867825E0,1.051911867825E0,
1.051911867825E0,1.051911867825E0,1.051911867825E0,1.051911867825E0,
1.051911867825E0,1.051911867825E0,1.051911867825E0,1.051911867825E0,
1.051911867825E0,1.051911867825E0,1.051911867825E0,1.051911867825E0,
1.051911867825E0,1.051911867825E0,1.051911867825E0,1.051911867825E0,
1.051911867825E0,1.051911867825E0,1.051911867825E0,1.051911867825E0,
1.051911867825E0,1.051911867825E0,1.051911867825E0,1.051911867825E0,
1.051911867825E0,1.051911867825E0,1.051911867825E0),(9.826960440585E-1,
9.826960440585E-1,9.826960440585E-1,9.826960440585E-1,9.826960440585E-1,
9.826960440585E-1,9.826960440585E-1,9.826960440585E-1,9.826960440585E-1,
9.826960440585E-1,9.826960440585E-1,9.826960440585E-1,9.826960440585E-1,
9.826960440585E-1,9.826960440585E-1,9.826960440585E-1,9.826960440585E-1,
9.826960440585E-1,9.826960440585E-1,9.826960440585E-1,9.826960440585E-1,
9.826960440585E-1,9.826960440585E-1,9.826960440585E-1,9.826960440585E-1,
9.826960440585E-1,9.826960440585E-1,9.826960440585E-1,9.826960440585E-1,
9.826960440585E-1,9.826960440585E-1,9.826960440585E-1,9.826960440585E-1,
9.826960440585E-1,9.826960440585E-1,9.826960440585E-1),(9.826960440585E-1,
9.826960440585E-1,9.826960440585E-1,9.826960440585E-1,9.826960440585E-1,
9.826960440585E-1,9.826960440585E-1,9.826960440585E-1,9.826960440585E-1,
9.826960440585E-1,9.826960440585E-1,9.826960440585E-1,9.826960440585E-1,
9.826960440585E-1,9.826960440585E-1,9.826960440585E-1,9.826960440585E-1,
9.826960440585E-1,9.826960440585E-1,9.826960440585E-1,9.826960440585E-1,
9.826960440585E-1,9.826960440585E-1,9.826960440585E-1,9.826960440585E-1,
9.826960440585E-1,9.826960440585E-1,9.826960440585E-1,9.826960440585E-1,
9.826960440585E-1,9.826960440585E-1,9.826960440585E-1,9.826960440585E-1,
9.826960440585E-1,9.826960440585E-1,9.826960440585E-1),(1.051911867825E0,
1.051911867825E0,1.051911867825E0,1.051911867825E0,1.051911867825E0,
1.051911867825E0,1.051911867825E0,1.051911867825E0,1.051911867825E0,
1.051911867825E0,1.051911867825E0,1.051911867825E0,1.051911867825E0,
1.051911867825E0,1.051911867825E0,1.051911867825E0,1.051911867825E0,
1.051911867825E0,1.051911867825E0,1.051911867825E0,1.051911867825E0,
1.051911867825E0,1.051911867825E0,1.051911867825E0,1.051911867825E0,
1.051911867825E0,1.051911867825E0,1.051911867825E0,1.051911867825E0,
1.051911867825E0,1.051911867825E0,1.051911867825E0,1.051911867825E0,
1.051911867825E0,1.051911867825E0,1.051911867825E0)))REPRESENTATION_ITEM('')SURFACE());
#1941=ORIENTED_EDGE('',*,*,#1786,.T.);
#1943=ORIENTED_EDGE('',*,*,#1942,.T.);
#1945=ORIENTED_EDGE('',*,*,#1944,.F.);
#1947=ORIENTED_EDGE('',*,*,#1946,.F.);
#1948=EDGE_LOOP('',(#1941,#1943,#1945,#1947));
#1949=FACE_OUTER_BOUND('',#1948,.F.);
#1951=CARTESIAN_POINT('',(6.316946097474E-1,-1.597652652510E0,
1.803974664325E0));
#1952=CARTESIAN_POINT('',(6.325825780561E-1,-1.597622512523E0,
1.792193517134E0));
#1953=CARTESIAN_POINT('',(6.371830031789E-1,-1.597464600042E0,
1.730554436871E0));
#1954=CARTESIAN_POINT('',(6.454573514256E-1,-1.597167425946E0,
1.613622852564E0));
#1955=CARTESIAN_POINT('',(6.562448651207E-1,-1.596793337501E0,
1.445408646867E0));
#1956=CARTESIAN_POINT('',(6.669293487018E-1,-1.596418308845E0,
1.256939183751E0));
#1957=CARTESIAN_POINT('',(6.772356804592E-1,-1.596059022514E0,
1.043824746178E0));
#1958=CARTESIAN_POINT('',(6.866330092167E-1,-1.595733354741E0,
8.023599063383E-1));
#1959=CARTESIAN_POINT('',(6.941885779190E-1,-1.595474794448E0,
5.344715875058E-1));
#1960=CARTESIAN_POINT('',(6.988720652034E-1,-1.595316177063E0,
2.500998647215E-1));
#1961=CARTESIAN_POINT('',(7.001421372171E-1,-1.595273271889E0,
-4.027279452299E-2));
#1962=CARTESIAN_POINT('',(6.978983141824E-1,-1.595348858088E0,
-3.306220988855E-1));
#1963=CARTESIAN_POINT('',(6.921331892761E-1,-1.595544766961E0,
-6.213552663883E-1));
#1964=CARTESIAN_POINT('',(6.826973158925E-1,-1.595869453286E0,
-9.165916363607E-1));
#1965=CARTESIAN_POINT('',(6.695217890327E-1,-1.596329327523E0,
-1.213414897940E0));
#1966=CARTESIAN_POINT('',(6.532574331416E-1,-1.596894475686E0,
-1.499107660747E0));
#1967=CARTESIAN_POINT('',(6.398628796250E-1,-1.597371764463E0,
-1.694651553631E0));
#1968=CARTESIAN_POINT('',(6.325799737246E-1,-1.597622689067E0,
-1.792228148003E0));
#1969=CARTESIAN_POINT('',(6.316914255040E-1,-1.597653165410E0,
-1.804015951669E0));
#1970=CARTESIAN_POINT('',(6.356335103206E-1,-1.659353323726E0,
1.804353546361E0));
#1971=CARTESIAN_POINT('',(6.365204619949E-1,-1.659323254730E0,
1.792586450186E0));
#1972=CARTESIAN_POINT('',(6.411203315780E-1,-1.659165507817E0,
1.730960238402E0));
#1973=CARTESIAN_POINT('',(6.494232293805E-1,-1.658867141804E0,
1.613620365219E0));
#1974=CARTESIAN_POINT('',(6.601989934796E-1,-1.658493579644E0,
1.445554799951E0));
#1975=CARTESIAN_POINT('',(6.708869699488E-1,-1.658118429268E0,
1.257020225982E0));
#1976=CARTESIAN_POINT('',(6.811919359103E-1,-1.657759226591E0,
1.043906780483E0));
#1977=CARTESIAN_POINT('',(6.905894769493E-1,-1.657433573175E0,
8.024192842621E-1));
#1978=CARTESIAN_POINT('',(6.981448087459E-1,-1.657175041887E0,
5.345129936873E-1));
#1979=CARTESIAN_POINT('',(7.028282841953E-1,-1.657016436893E0,
2.501191384587E-1));
#1980=CARTESIAN_POINT('',(7.040983179992E-1,-1.656973536589E0,
-4.027608773185E-2));
#1981=CARTESIAN_POINT('',(7.018545783199E-1,-1.657049113486E0,
-3.306469953171E-1));
#1982=CARTESIAN_POINT('',(6.960893050799E-1,-1.657245014237E0,
-6.214051294113E-1));
#1983=CARTESIAN_POINT('',(6.866544256178E-1,-1.657569634241E0,
-9.166509805981E-1));
#1984=CARTESIAN_POINT('',(6.734759109228E-1,-1.658029604725E0,
-1.213541704893E0));
#1985=CARTESIAN_POINT('',(6.572231505234E-1,-1.658594212323E0,
-1.499094196640E0));
#1986=CARTESIAN_POINT('',(6.438020230557E-1,-1.659072613587E0,
-1.695034735456E0));
#1987=CARTESIAN_POINT('',(6.365176982516E-1,-1.659323454785E0,
-1.792623292529E0));
#1988=CARTESIAN_POINT('',(6.356292448685E-1,-1.659353909886E0,
-1.804409202755E0));
#1989=CARTESIAN_POINT('',(6.125308368474E-1,-1.716678066020E0,
1.802688198648E0));
#1990=CARTESIAN_POINT('',(6.134158362920E-1,-1.716648062979E0,
1.790947326593E0));
#1991=CARTESIAN_POINT('',(6.180100277853E-1,-1.716490469893E0,
1.729401992806E0));
#1992=CARTESIAN_POINT('',(6.263305897687E-1,-1.716190996495E0,
1.611813667560E0));
#1993=CARTESIAN_POINT('',(6.370832161970E-1,-1.715817923295E0,
1.444074256105E0));
#1994=CARTESIAN_POINT('',(6.477625405129E-1,-1.715442659831E0,
1.255689959559E0));
#1995=CARTESIAN_POINT('',(6.580546966762E-1,-1.715083534875E0,
1.042815744613E0));
#1996=CARTESIAN_POINT('',(6.674419318528E-1,-1.714757894798E0,
8.015772169509E-1));
#1997=CARTESIAN_POINT('',(6.749885930588E-1,-1.714499390459E0,
5.339537931704E-1));
#1998=CARTESIAN_POINT('',(6.796668208727E-1,-1.714340796977E0,
2.498573724244E-1));
#1999=CARTESIAN_POINT('',(6.809353985957E-1,-1.714297901198E0,
-4.023411248649E-2));
#2000=CARTESIAN_POINT('',(6.786942463194E-1,-1.714373469453E0,
-3.303004098235E-1));
#2001=CARTESIAN_POINT('',(6.729352788744E-1,-1.714569362657E0,
-6.207566281851E-1));
#2002=CARTESIAN_POINT('',(6.635118859775E-1,-1.714893921044E0,
-9.156811456159E-1));
#2003=CARTESIAN_POINT('',(6.503452833175E-1,-1.715353980949E0,
-1.212302613268E0));
#2004=CARTESIAN_POINT('',(6.341216417515E-1,-1.715918086320E0,
-1.497405357381E0));
#2005=CARTESIAN_POINT('',(6.206904282378E-1,-1.716397521170E0,
-1.693495628663E0));
#2006=CARTESIAN_POINT('',(6.134129251643E-1,-1.716648284878E0,
-1.790986184165E0));
#2007=CARTESIAN_POINT('',(6.125255562938E-1,-1.716678720244E0,
-1.802757154446E0));
#2008=CARTESIAN_POINT('',(5.669469639497E-1,-1.758311206326E0,
1.799307354111E0));
#2009=CARTESIAN_POINT('',(5.678294609315E-1,-1.758281251185E0,
1.787599702744E0));
#2010=CARTESIAN_POINT('',(5.724139726169E-1,-1.758123769819E0,
1.726187291483E0));
#2011=CARTESIAN_POINT('',(5.807378265685E-1,-1.757823492163E0,
1.608559394422E0));
#2012=CARTESIAN_POINT('',(5.914604945340E-1,-1.757450774079E0,
1.441259268716E0));
#2013=CARTESIAN_POINT('',(6.021207295554E-1,-1.757075428483E0,
1.253210973712E0));
#2014=CARTESIAN_POINT('',(6.123911605207E-1,-1.756716359974E0,
1.040767004652E0));
#2015=CARTESIAN_POINT('',(6.217596060266E-1,-1.756390729584E0,
7.999999250977E-1));
#2016=CARTESIAN_POINT('',(6.292908744967E-1,-1.756132244817E0,
5.329043698831E-1));
#2017=CARTESIAN_POINT('',(6.339596547367E-1,-1.755973659696E0,
2.493662381789E-1));
#2018=CARTESIAN_POINT('',(6.352256459321E-1,-1.755930767202E0,
-4.015515453116E-2));
#2019=CARTESIAN_POINT('',(6.329890743639E-1,-1.756006329181E0,
-3.296507569839E-1));
#2020=CARTESIAN_POINT('',(6.272416221040E-1,-1.756202216905E0,
-6.195377742379E-1));
#2021=CARTESIAN_POINT('',(6.178379410142E-1,-1.756526730540E0,
-9.138735729305E-1));
#2022=CARTESIAN_POINT('',(6.046957988718E-1,-1.756986855389E0,
-1.209942214758E0));
#2023=CARTESIAN_POINT('',(5.885130515402E-1,-1.757550596009E0,
-1.494374513034E0));
#2024=CARTESIAN_POINT('',(5.750902308307E-1,-1.758030781520E0,
-1.690338046728E0));
#2025=CARTESIAN_POINT('',(5.678264435397E-1,-1.758281488950E0,
-1.787639981503E0));
#2026=CARTESIAN_POINT('',(5.669409347788E-1,-1.758311909983E0,
-1.799385914420E0));
#2027=(BOUNDED_SURFACE()B_SPLINE_SURFACE(3,3,((#1951,#1952,#1953,#1954,#1955,
#1956,#1957,#1958,#1959,#1960,#1961,#1962,#1963,#1964,#1965,#1966,#1967,#1968,
#1969),(#1970,#1971,#1972,#1973,#1974,#1975,#1976,#1977,#1978,#1979,#1980,#1981,
#1982,#1983,#1984,#1985,#1986,#1987,#1988),(#1989,#1990,#1991,#1992,#1993,#1994,
#1995,#1996,#1997,#1998,#1999,#2000,#2001,#2002,#2003,#2004,#2005,#2006,#2007),(
#2008,#2009,#2010,#2011,#2012,#2013,#2014,#2015,#2016,#2017,#2018,#2019,#2020,
#2021,#2022,#2023,#2024,#2025,#2026)),.UNSPECIFIED.,.F.,.F.,.F.)B_SPLINE_SURFACE_WITH_KNOTS((4,4),(4,1,1,1,1,1,1,1,1,1,1,1,1,1,1,1,4),(0.E0,1.E0),(
-9.997313831528E-3,0.E0,4.235541630425E-2,8.964289060584E-2,1.426738469525E-1,
2.023264312743E-1,2.703918746611E-1,3.474020174296E-1,4.293693928489E-1,
5.113435845379E-1,5.934073832785E-1,6.753591569699E-1,7.577024040033E-1,
8.436477521137E-1,9.271105226071E-1,1.E0,1.010012911129E0),.UNSPECIFIED.)GEOMETRIC_REPRESENTATION_ITEM()RATIONAL_B_SPLINE_SURFACE(((1.051910734755E0,
1.051910734755E0,1.051910734755E0,1.051910734755E0,1.051910734755E0,
1.051910734755E0,1.051910734755E0,1.051910734755E0,1.051910734755E0,
1.051910734755E0,1.051910734755E0,1.051910734755E0,1.051910734755E0,
1.051910734755E0,1.051910734755E0,1.051910734755E0,1.051910734755E0,
1.051910734755E0,1.051910734755E0),(9.826964217483E-1,9.826964217483E-1,
9.826964217483E-1,9.826964217483E-1,9.826964217483E-1,9.826964217483E-1,
9.826964217483E-1,9.826964217483E-1,9.826964217483E-1,9.826964217483E-1,
9.826964217483E-1,9.826964217483E-1,9.826964217483E-1,9.826964217483E-1,
9.826964217483E-1,9.826964217483E-1,9.826964217483E-1,9.826964217483E-1,
9.826964217483E-1),(9.826964217483E-1,9.826964217483E-1,9.826964217483E-1,
9.826964217483E-1,9.826964217483E-1,9.826964217483E-1,9.826964217483E-1,
9.826964217483E-1,9.826964217483E-1,9.826964217483E-1,9.826964217483E-1,
9.826964217483E-1,9.826964217483E-1,9.826964217483E-1,9.826964217483E-1,
9.826964217483E-1,9.826964217483E-1,9.826964217483E-1,9.826964217483E-1),(
1.051910734755E0,1.051910734755E0,1.051910734755E0,1.051910734755E0,
1.051910734755E0,1.051910734755E0,1.051910734755E0,1.051910734755E0,
1.051910734755E0,1.051910734755E0,1.051910734755E0,1.051910734755E0,
1.051910734755E0,1.051910734755E0,1.051910734755E0,1.051910734755E0,
1.051910734755E0,1.051910734755E0,1.051910734755E0)))REPRESENTATION_ITEM('')SURFACE());
#2028=ORIENTED_EDGE('',*,*,#1791,.T.);
#2029=ORIENTED_EDGE('',*,*,#1776,.T.);
#2031=ORIENTED_EDGE('',*,*,#2030,.F.);
#2032=ORIENTED_EDGE('',*,*,#1942,.F.);
#2033=EDGE_LOOP('',(#2028,#2029,#2031,#2032));
#2034=FACE_OUTER_BOUND('',#2033,.F.);
#2036=CARTESIAN_POINT('',(4.300755986435E-1,-1.901050232891E0,
-1.788613916762E0));
#2037=CARTESIAN_POINT('',(4.817117431162E-1,-1.847422169598E0,
-1.792648306418E0));
#2038=CARTESIAN_POINT('',(5.333478875890E-1,-1.793794106304E0,
-1.796682696074E0));
#2039=CARTESIAN_POINT('',(5.849840320618E-1,-1.740166043011E0,
-1.800717085730E0));
#2040=CARTESIAN_POINT('',(4.309550944957E-1,-1.901019522345E0,
-1.776945886866E0));
#2041=CARTESIAN_POINT('',(4.825932901650E-1,-1.847391389752E0,
-1.780953962095E0));
#2042=CARTESIAN_POINT('',(5.342314858343E-1,-1.793763257160E0,
-1.784962037324E0));
#2043=CARTESIAN_POINT('',(5.858696815036E-1,-1.740135124567E0,
-1.788970112554E0));
#2044=CARTESIAN_POINT('',(4.608521619714E-1,-1.899975565996E0,
-1.376360960509E0));
#2045=CARTESIAN_POINT('',(5.125600849254E-1,-1.846345077698E0,
-1.379465610112E0));
#2046=CARTESIAN_POINT('',(5.642680078794E-1,-1.792714589400E0,
-1.382570259716E0));
#2047=CARTESIAN_POINT('',(6.159759308335E-1,-1.739084101102E0,
-1.385674909320E0));
#2048=CARTESIAN_POINT('',(4.997807688917E-1,-1.898616243400E0,
-5.849945062042E-1));
#2049=CARTESIAN_POINT('',(5.515794901355E-1,-1.844982687768E0,
-5.863142142861E-1));
#2050=CARTESIAN_POINT('',(6.033782113793E-1,-1.791349132137E0,
-5.876339223681E-1));
#2051=CARTESIAN_POINT('',(6.551769326231E-1,-1.737715576506E0,
-5.889536304501E-1));
#2052=CARTESIAN_POINT('',(4.998016195104E-1,-1.898615515331E0,
5.844185277588E-1));
#2053=CARTESIAN_POINT('',(5.516003893906E-1,-1.844981958056E0,
5.857369365577E-1));
#2054=CARTESIAN_POINT('',(6.033991592709E-1,-1.791348400782E0,
5.870553453565E-1));
#2055=CARTESIAN_POINT('',(6.551979291511E-1,-1.737714843508E0,
5.883737541554E-1));
#2056=CARTESIAN_POINT('',(4.608638457178E-1,-1.899975158019E0,
1.376205543872E0));
#2057=CARTESIAN_POINT('',(5.125717959218E-1,-1.846344668800E0,
1.379309842963E0));
#2058=CARTESIAN_POINT('',(5.642797461258E-1,-1.792714179581E0,
1.382414142055E0));
#2059=CARTESIAN_POINT('',(6.159876963298E-1,-1.739083690363E0,
1.385518441146E0));
#2060=CARTESIAN_POINT('',(4.309551515646E-1,-1.901019520352E0,
1.776945084402E0));
#2061=CARTESIAN_POINT('',(4.825933473669E-1,-1.847391387755E0,
1.780953157822E0));
#2062=CARTESIAN_POINT('',(5.342315431693E-1,-1.793763255158E0,
1.784961231242E0));
#2063=CARTESIAN_POINT('',(5.858697389716E-1,-1.740135122561E0,
1.788969304662E0));
#2064=CARTESIAN_POINT('',(4.300756861826E-1,-1.901050229834E0,
1.788612638300E0));
#2065=CARTESIAN_POINT('',(4.817118308595E-1,-1.847422166534E0,
1.792647025073E0));
#2066=CARTESIAN_POINT('',(5.333479755364E-1,-1.793794103234E0,
1.796681411847E0));
#2067=CARTESIAN_POINT('',(5.849841202133E-1,-1.740166039933E0,
1.800715798620E0));
#2068=B_SPLINE_SURFACE_WITH_KNOTS('',3,3,((#2036,#2037,#2038,#2039),(#2040,
#2041,#2042,#2043),(#2044,#2045,#2046,#2047),(#2048,#2049,#2050,#2051),(#2052,
#2053,#2054,#2055),(#2056,#2057,#2058,#2059),(#2060,#2061,#2062,#2063),(#2064,
#2065,#2066,#2067)),.UNSPECIFIED.,.F.,.F.,.F.,(4,1,1,1,1,4),(4,4),(
-1.000117890995E-2,0.E0,3.333333333333E-1,6.666666666667E-1,1.E0,
1.009996829696E0),(1.890569016083E-1,8.109534309791E-1),.UNSPECIFIED.);
#2069=ORIENTED_EDGE('',*,*,#2030,.T.);
#2070=ORIENTED_EDGE('',*,*,#1621,.F.);
#2072=ORIENTED_EDGE('',*,*,#2071,.T.);
#2074=ORIENTED_EDGE('',*,*,#2073,.T.);
#2075=EDGE_LOOP('',(#2069,#2070,#2072,#2074));
#2076=FACE_OUTER_BOUND('',#2075,.F.);
#2078=CARTESIAN_POINT('',(2.896929509260E-1,-1.952806762894E0,
-1.777742501881E0));
#2079=CARTESIAN_POINT('',(2.905671495199E-1,-1.952776235210E0,
-1.766144863101E0));
#2080=CARTESIAN_POINT('',(3.016533609900E-1,-1.952389096161E0,
-1.617604137445E0));
#2081=CARTESIAN_POINT('',(3.197381318885E-1,-1.951757560909E0,
-1.339901432776E0));
#2082=CARTESIAN_POINT('',(3.386898158141E-1,-1.951095753938E0,
-9.464361209305E-1));
#2083=CARTESIAN_POINT('',(3.508505073822E-1,-1.950671093125E0,
-5.650486890764E-1));
#2084=CARTESIAN_POINT('',(3.568109547897E-1,-1.950462949741E0,
-1.899237506741E-1));
#2085=CARTESIAN_POINT('',(3.568641262100E-1,-1.950461092953E0,
1.784427168998E-1));
#2086=CARTESIAN_POINT('',(3.512648442119E-1,-1.950656624167E0,
5.443097470220E-1));
#2087=CARTESIAN_POINT('',(3.397670203460E-1,-1.951058137118E0,
9.186360043500E-1));
#2088=CARTESIAN_POINT('',(3.210106766868E-1,-1.951713122678E0,
1.319063540755E0));
#2089=CARTESIAN_POINT('',(3.023487407284E-1,-1.952364812972E0,
1.608287753694E0));
#2090=CARTESIAN_POINT('',(2.905666873781E-1,-1.952776251347E0,
1.766151026023E0));
#2091=CARTESIAN_POINT('',(2.896922503102E-1,-1.952806787359E0,
1.777751703797E0));
#2092=CARTESIAN_POINT('',(3.513140257229E-1,-1.954613543713E0,
-1.782444298344E0));
#2093=CARTESIAN_POINT('',(3.521905372887E-1,-1.954582935227E0,
-1.770816574872E0));
#2094=CARTESIAN_POINT('',(3.633063163222E-1,-1.954194763785E0,
-1.621886542332E0));
#2095=CARTESIAN_POINT('',(3.814442503264E-1,-1.953561383010E0,
-1.343372802576E0));
#2096=CARTESIAN_POINT('',(4.004431688391E-1,-1.952897922559E0,
-9.489130371642E-1));
#2097=CARTESIAN_POINT('',(4.126361329488E-1,-1.952472135791E0,
-5.665229607882E-1));
#2098=CARTESIAN_POINT('',(4.186120143671E-1,-1.952263453187E0,
-1.904206170540E-1));
#2099=CARTESIAN_POINT('',(4.186653288205E-1,-1.952261591411E0,
1.789094917896E-1));
#2100=CARTESIAN_POINT('',(4.130515338422E-1,-1.952457629646E0,
5.457301935365E-1));
#2101=CARTESIAN_POINT('',(4.015232299360E-1,-1.952860206077E0,
9.210398483331E-1));
#2102=CARTESIAN_POINT('',(3.827200494850E-1,-1.953516831013E0,
1.322481370702E0));
#2103=CARTESIAN_POINT('',(3.640035097519E-1,-1.954170417205E0,
1.612546116623E0));
#2104=CARTESIAN_POINT('',(3.521900824739E-1,-1.954582951123E0,
1.770822663643E0));
#2105=CARTESIAN_POINT('',(3.513133334842E-1,-1.954613567901E0,
1.782453431421E0));
#2106=CARTESIAN_POINT('',(4.076282494192E-1,-1.929470860808E0,
-1.786812638582E0));
#2107=CARTESIAN_POINT('',(4.085069099257E-1,-1.929440177456E0,
-1.775156964055E0));
#2108=CARTESIAN_POINT('',(4.196501595302E-1,-1.929051045967E0,
-1.625865234674E0));
#2109=CARTESIAN_POINT('',(4.378374836617E-1,-1.928415876201E0,
-1.346597979272E0));
#2110=CARTESIAN_POINT('',(4.568802877857E-1,-1.927750906727E0,
-9.512142879595E-1));
#2111=CARTESIAN_POINT('',(4.691032353920E-1,-1.927324066894E0,
-5.678926756388E-1));
#2112=CARTESIAN_POINT('',(4.750934562849E-1,-1.927114885021E0,
-1.908822451610E-1));
#2113=CARTESIAN_POINT('',(4.751469036260E-1,-1.927113018568E0,
1.793431625256E-1));
#2114=CARTESIAN_POINT('',(4.695196248916E-1,-1.927309526397E0,
5.470499005281E-1));
#2115=CARTESIAN_POINT('',(4.579630028352E-1,-1.927713097024E0,
9.232732092366E-1));
#2116=CARTESIAN_POINT('',(4.391163064067E-1,-1.928371219327E0,
1.325656804646E0));
#2117=CARTESIAN_POINT('',(4.203490380356E-1,-1.929026640866E0,
1.616502472088E0));
#2118=CARTESIAN_POINT('',(4.085064619149E-1,-1.929440193030E0,
1.775162983935E0));
#2119=CARTESIAN_POINT('',(4.076275649597E-1,-1.929470884630E0,
1.786821707703E0));
#2120=CARTESIAN_POINT('',(4.475194932118E-1,-1.882341746311E0,
-1.789985235423E0));
#2121=CARTESIAN_POINT('',(4.483997144383E-1,-1.882311008805E0,
-1.778309260867E0));
#2122=CARTESIAN_POINT('',(4.595629150767E-1,-1.881921179125E0,
-1.628754841725E0));
#2123=CARTESIAN_POINT('',(4.777861070080E-1,-1.881284630034E0,
-1.348940330105E0));
#2124=CARTESIAN_POINT('',(4.968607849809E-1,-1.880618593871E0,
-9.528856186259E-1));
#2125=CARTESIAN_POINT('',(5.091055084557E-1,-1.880190981731E0,
-5.688874591882E-1));
#2126=CARTESIAN_POINT('',(5.151061437509E-1,-1.879981439092E0,
-1.912175120572E-1));
#2127=CARTESIAN_POINT('',(5.151596876028E-1,-1.879979569196E0,
1.796581248069E-1));
#2128=CARTESIAN_POINT('',(5.095226159583E-1,-1.880176416499E0,
5.480083648425E-1));
#2129=CARTESIAN_POINT('',(4.979454274943E-1,-1.880580715787E0,
9.248952334745E-1));
#2130=CARTESIAN_POINT('',(4.790671257255E-1,-1.881239897876E0,
1.327963028783E0));
#2131=CARTESIAN_POINT('',(4.602630174168E-1,-1.881896731923E0,
1.619375856523E0));
#2132=CARTESIAN_POINT('',(4.483992713655E-1,-1.882311024041E0,
1.778315230713E0));
#2133=CARTESIAN_POINT('',(4.475188143981E-1,-1.882341769750E0,
1.789994258094E0));
#2134=(BOUNDED_SURFACE()B_SPLINE_SURFACE(3,3,((#2078,#2079,#2080,#2081,#2082,
#2083,#2084,#2085,#2086,#2087,#2088,#2089,#2090,#2091),(#2092,#2093,#2094,#2095,
#2096,#2097,#2098,#2099,#2100,#2101,#2102,#2103,#2104,#2105),(#2106,#2107,#2108,
#2109,#2110,#2111,#2112,#2113,#2114,#2115,#2116,#2117,#2118,#2119),(#2120,#2121,
#2122,#2123,#2124,#2125,#2126,#2127,#2128,#2129,#2130,#2131,#2132,#2133)),
.UNSPECIFIED.,.F.,.F.,.F.)B_SPLINE_SURFACE_WITH_KNOTS((4,4),(4,1,1,1,1,1,1,1,1,
1,1,4),(0.E0,1.E0),(-9.999940320108E-3,0.E0,1.180736602006E-1,2.293354001509E-1,
3.386569452626E-1,4.461529094495E-1,5.518975769676E-1,6.553710976759E-1,
7.607528622237E-1,8.738913035627E-1,1.E0,1.010002563385E0),.UNSPECIFIED.)GEOMETRIC_REPRESENTATION_ITEM()RATIONAL_B_SPLINE_SURFACE(((1.051910381249E0,
1.051910381249E0,1.051910381249E0,1.051910381249E0,1.051910381249E0,
1.051910381249E0,1.051910381249E0,1.051910381249E0,1.051910381249E0,
1.051910381249E0,1.051910381249E0,1.051910381249E0,1.051910381249E0,
1.051910381249E0),(9.826965395836E-1,9.826965395836E-1,9.826965395836E-1,
9.826965395836E-1,9.826965395836E-1,9.826965395836E-1,9.826965395836E-1,
9.826965395836E-1,9.826965395836E-1,9.826965395836E-1,9.826965395836E-1,
9.826965395836E-1,9.826965395836E-1,9.826965395836E-1),(9.826965395836E-1,
9.826965395836E-1,9.826965395836E-1,9.826965395836E-1,9.826965395836E-1,
9.826965395836E-1,9.826965395836E-1,9.826965395836E-1,9.826965395836E-1,
9.826965395836E-1,9.826965395836E-1,9.826965395836E-1,9.826965395836E-1,
9.826965395836E-1),(1.051910381249E0,1.051910381249E0,1.051910381249E0,
1.051910381249E0,1.051910381249E0,1.051910381249E0,1.051910381249E0,
1.051910381249E0,1.051910381249E0,1.051910381249E0,1.051910381249E0,
1.051910381249E0,1.051910381249E0,1.051910381249E0)))REPRESENTATION_ITEM('')SURFACE());
#2135=ORIENTED_EDGE('',*,*,#1254,.T.);
#2137=ORIENTED_EDGE('',*,*,#2136,.T.);
#2138=ORIENTED_EDGE('',*,*,#2071,.F.);
#2139=ORIENTED_EDGE('',*,*,#1234,.F.);
#2140=EDGE_LOOP('',(#2135,#2137,#2138,#2139));
#2141=FACE_OUTER_BOUND('',#2140,.F.);
#2143=CARTESIAN_POINT('',(2.922989871316E-1,-1.952715758107E0,
1.742826891993E0));
#2144=CARTESIAN_POINT('',(2.922959062528E-1,-1.952715865694E0,
1.742867561141E0));
#2145=CARTESIAN_POINT('',(2.922427741219E-1,-1.952717721080E0,
1.743568843894E0));
#2146=CARTESIAN_POINT('',(2.921444112408E-1,-1.952721154834E0,
1.744863230492E0));
#2147=CARTESIAN_POINT('',(2.919834191526E-1,-1.952726777283E0,
1.746930947715E0));
#2148=CARTESIAN_POINT('',(2.918729424411E-1,-1.952730635068E0,
1.748329439099E0));
#2149=CARTESIAN_POINT('',(2.918143445790E-1,-1.952732681383E0,
1.749064297963E0));
#2150=CARTESIAN_POINT('',(2.918110899888E-1,-1.952732795038E0,
1.749105091816E0));
#2151=CARTESIAN_POINT('',(3.539381143193E-1,-1.954522599347E0,
1.747433312947E0));
#2152=CARTESIAN_POINT('',(3.539349198227E-1,-1.954522710898E0,
1.747475512092E0));
#2153=CARTESIAN_POINT('',(3.538796235792E-1,-1.954524642135E0,
1.748205903283E0));
#2154=CARTESIAN_POINT('',(3.537709341451E-1,-1.954528447637E0,
1.749638156323E0));
#2155=CARTESIAN_POINT('',(3.536065100310E-1,-1.954534185286E0,
1.751748287234E0));
#2156=CARTESIAN_POINT('',(3.534909575585E-1,-1.954538221744E0,
1.753211638885E0));
#2157=CARTESIAN_POINT('',(3.534303062555E-1,-1.954540339449E0,
1.753972127472E0));
#2158=CARTESIAN_POINT('',(3.534269397915E-1,-1.954540456989E0,
1.754014315018E0));
#2159=CARTESIAN_POINT('',(4.102671144186E-1,-1.929371166588E0,
1.751712915513E0));
#2160=CARTESIAN_POINT('',(4.102638143660E-1,-1.929371281847E0,
1.751756536105E0));
#2161=CARTESIAN_POINT('',(4.102065074843E-1,-1.929373281665E0,
1.752513970535E0));
#2162=CARTESIAN_POINT('',(4.100882215149E-1,-1.929377357076E0,
1.754074308608E0));
#2163=CARTESIAN_POINT('',(4.099206099719E-1,-1.929383233256E0,
1.756223844023E0));
#2164=CARTESIAN_POINT('',(4.098003415187E-1,-1.929387426060E0,
1.757747454206E0));
#2165=CARTESIAN_POINT('',(4.097377825386E-1,-1.929389612243E0,
1.758531754126E0));
#2166=CARTESIAN_POINT('',(4.097343121430E-1,-1.929389733538E0,
1.758575236487E0));
#2167=CARTESIAN_POINT('',(4.501633777446E-1,-1.882227810537E0,
1.754820658083E0));
#2168=CARTESIAN_POINT('',(4.501600010407E-1,-1.882227928517E0,
1.754865310894E0));
#2169=CARTESIAN_POINT('',(4.501012340118E-1,-1.882229976103E0,
1.755642383462E0));
#2170=CARTESIAN_POINT('',(4.499759764371E-1,-1.882234166291E0,
1.757295733749E0));
#2171=CARTESIAN_POINT('',(4.498060514455E-1,-1.882240176979E0,
1.759473883749E0));
#2172=CARTESIAN_POINT('',(4.496823579999E-1,-1.882244472930E0,
1.761041252202E0));
#2173=CARTESIAN_POINT('',(4.496184137922E-1,-1.882246711157E0,
1.761842843331E0));
#2174=CARTESIAN_POINT('',(4.496148679294E-1,-1.882246835333E0,
1.761887265953E0));
#2175=(BOUNDED_SURFACE()B_SPLINE_SURFACE(3,3,((#2143,#2144,#2145,#2146,#2147,
#2148,#2149,#2150),(#2151,#2152,#2153,#2154,#2155,#2156,#2157,#2158),(#2159,
#2160,#2161,#2162,#2163,#2164,#2165,#2166),(#2167,#2168,#2169,#2170,#2171,#2172,
#2173,#2174)),.UNSPECIFIED.,.F.,.F.,.F.)B_SPLINE_SURFACE_WITH_KNOTS((4,4),(4,1,
1,1,1,4),(0.E0,1.E0),(-2.000004304262E-2,0.E0,3.261848092455E-1,
6.594699122558E-1,1.E0,1.020000000844E0),.UNSPECIFIED.)GEOMETRIC_REPRESENTATION_ITEM()RATIONAL_B_SPLINE_SURFACE(((1.051927884646E0,1.051927884646E0,
1.051927884646E0,1.051927884646E0,1.051927884646E0,1.051927884646E0,
1.051927884646E0,1.051927884646E0),(9.826907051180E-1,9.826907051180E-1,
9.826907051180E-1,9.826907051180E-1,9.826907051180E-1,9.826907051180E-1,
9.826907051180E-1,9.826907051180E-1),(9.826907051180E-1,9.826907051180E-1,
9.826907051180E-1,9.826907051180E-1,9.826907051180E-1,9.826907051180E-1,
9.826907051180E-1,9.826907051180E-1),(1.051927884646E0,1.051927884646E0,
1.051927884646E0,1.051927884646E0,1.051927884646E0,1.051927884646E0,
1.051927884646E0,1.051927884646E0)))REPRESENTATION_ITEM('')SURFACE());
#2176=ORIENTED_EDGE('',*,*,#1252,.T.);
#2177=ORIENTED_EDGE('',*,*,#1403,.T.);
#2179=ORIENTED_EDGE('',*,*,#2178,.F.);
#2180=ORIENTED_EDGE('',*,*,#2136,.F.);
#2181=EDGE_LOOP('',(#2176,#2177,#2179,#2180));
#2182=FACE_OUTER_BOUND('',#2181,.F.);
#2184=CARTESIAN_POINT('',(4.280846372757E-1,-1.909207991689E0,
1.693699508816E0));
#2185=CARTESIAN_POINT('',(4.854967792856E-1,-1.849625308043E0,
1.699823705027E0));
#2186=CARTESIAN_POINT('',(5.429089212955E-1,-1.790042624397E0,
1.705947901239E0));
#2187=CARTESIAN_POINT('',(6.003210633054E-1,-1.730459940751E0,
1.712072097451E0));
#2188=CARTESIAN_POINT('',(4.266809384825E-1,-1.909841861575E0,
1.713433080092E0));
#2189=CARTESIAN_POINT('',(4.841312974199E-1,-1.850197700068E0,
1.718984677450E0));
#2190=CARTESIAN_POINT('',(5.415816563572E-1,-1.790553538562E0,
1.724536274809E0));
#2191=CARTESIAN_POINT('',(5.990320152945E-1,-1.730909377056E0,
1.730087872168E0));
#2192=CARTESIAN_POINT('',(4.183166955505E-1,-1.911758508256E0,
1.828998307670E0));
#2193=CARTESIAN_POINT('',(4.759979351748E-1,-1.851801466455E0,
1.831198996550E0));
#2194=CARTESIAN_POINT('',(5.336791747992E-1,-1.791844424654E0,
1.833399685431E0));
#2195=CARTESIAN_POINT('',(5.913604144235E-1,-1.731887382852E0,
1.835600374312E0));
#2196=CARTESIAN_POINT('',(4.014832270142E-1,-1.896098317634E0,
2.040535660904E0));
#2197=CARTESIAN_POINT('',(4.596640127980E-1,-1.836077252310E0,
2.036601738245E0));
#2198=CARTESIAN_POINT('',(5.178447985818E-1,-1.776056186985E0,
2.032667815586E0));
#2199=CARTESIAN_POINT('',(5.760255843656E-1,-1.716035121661E0,
2.028733892927E0));
#2200=CARTESIAN_POINT('',(3.757706532176E-1,-1.831925575191E0,
2.322054228552E0));
#2201=CARTESIAN_POINT('',(4.348058240543E-1,-1.773027410711E0,
2.309664554539E0));
#2202=CARTESIAN_POINT('',(4.938409948911E-1,-1.714129246231E0,
2.297274880527E0));
#2203=CARTESIAN_POINT('',(5.528761657279E-1,-1.655231081750E0,
2.284885206514E0));
#2204=CARTESIAN_POINT('',(3.481853212987E-1,-1.726268870829E0,
2.590870355057E0));
#2205=CARTESIAN_POINT('',(4.082150249201E-1,-1.669770674074E0,
2.570108337056E0));
#2206=CARTESIAN_POINT('',(4.682447285416E-1,-1.613272477318E0,
2.549346319054E0));
#2207=CARTESIAN_POINT('',(5.282744321631E-1,-1.556774280562E0,
2.528584301053E0));
#2208=CARTESIAN_POINT('',(3.199147660783E-1,-1.581574716923E0,
2.840718005681E0));
#2209=CARTESIAN_POINT('',(3.810343820232E-1,-1.528811333239E0,
2.811827568217E0));
#2210=CARTESIAN_POINT('',(4.421539979680E-1,-1.476047949555E0,
2.782937130754E0));
#2211=CARTESIAN_POINT('',(5.032736139129E-1,-1.423284565871E0,
2.754046693290E0));
#2212=CARTESIAN_POINT('',(2.923078236528E-1,-1.401351180247E0,
3.065728713590E0));
#2213=CARTESIAN_POINT('',(3.545529921132E-1,-1.353684138920E0,
3.029174802897E0));
#2214=CARTESIAN_POINT('',(4.167981605736E-1,-1.306017097593E0,
2.992620892203E0));
#2215=CARTESIAN_POINT('',(4.790433290340E-1,-1.258350056265E0,
2.956066981510E0));
#2216=CARTESIAN_POINT('',(2.667538358374E-1,-1.190024560561E0,
3.260749265323E0));
#2217=CARTESIAN_POINT('',(3.300914663266E-1,-1.148790328589E0,
3.217243984954E0));
#2218=CARTESIAN_POINT('',(3.934290968157E-1,-1.107556096616E0,
3.173738704585E0));
#2219=CARTESIAN_POINT('',(4.567667273048E-1,-1.066321864644E0,
3.130233424216E0));
#2220=CARTESIAN_POINT('',(2.445663409207E-1,-9.527277182312E-1,
3.421511743037E0));
#2221=CARTESIAN_POINT('',(3.088908109288E-1,-9.191691684883E-1,
3.372030385893E0));
#2222=CARTESIAN_POINT('',(3.732152809370E-1,-8.856106187454E-1,
3.322549028750E0));
#2223=CARTESIAN_POINT('',(4.375397509452E-1,-8.520520690025E-1,
3.273067671606E0));
#2224=CARTESIAN_POINT('',(2.268816458416E-1,-6.950387836212E-1,
3.544728209175E0));
#2225=CARTESIAN_POINT('',(2.920179755316E-1,-6.702287667169E-1,
3.490499631166E0));
#2226=CARTESIAN_POINT('',(3.571543052215E-1,-6.454187498125E-1,
3.436271053157E0));
#2227=CARTESIAN_POINT('',(4.222906349115E-1,-6.206087329082E-1,
3.382042475147E0));
#2228=CARTESIAN_POINT('',(2.145893291184E-1,-4.227505594741E-1,
3.628067850166E0));
#2229=CARTESIAN_POINT('',(2.803032203093E-1,-4.075180429202E-1,
3.570539683766E0));
#2230=CARTESIAN_POINT('',(3.460171115002E-1,-3.922855263664E-1,
3.513011517366E0));
#2231=CARTESIAN_POINT('',(4.117310026911E-1,-3.770530098125E-1,
3.455483350965E0));
#2232=CARTESIAN_POINT('',(2.082939855858E-1,-1.417134526517E-1,
3.670067619566E0));
#2233=CARTESIAN_POINT('',(2.743079002466E-1,-1.365825006151E-1,
3.610848012363E0));
#2234=CARTESIAN_POINT('',(3.403218149075E-1,-1.314515485785E-1,
3.551628405160E0));
#2235=CARTESIAN_POINT('',(4.063357295684E-1,-1.263205965419E-1,
3.492408797956E0));
#2236=CARTESIAN_POINT('',(2.082997992947E-1,1.422324507179E-1,
3.670029039965E0));
#2237=CARTESIAN_POINT('',(2.743134355510E-1,1.370827305827E-1,
3.610810995534E0));
#2238=CARTESIAN_POINT('',(3.403270718073E-1,1.319330104475E-1,
3.551592951103E0));
#2239=CARTESIAN_POINT('',(4.063407080636E-1,1.267832903123E-1,
3.492374906672E0));
#2240=CARTESIAN_POINT('',(2.146064988860E-1,4.232589313011E-1,
3.627952680621E0));
#2241=CARTESIAN_POINT('',(2.803195757493E-1,4.080082978137E-1,
3.570429125471E0));
#2242=CARTESIAN_POINT('',(3.460326526127E-1,3.927576643262E-1,
3.512905570322E0));
#2243=CARTESIAN_POINT('',(4.117457294760E-1,3.775070308388E-1,
3.455382015172E0));
#2244=CARTESIAN_POINT('',(2.269093146818E-1,6.955256017402E-1,
3.544538574161E0));
#2245=CARTESIAN_POINT('',(2.920443565686E-1,6.706987282348E-1,
3.490317420823E0));
#2246=CARTESIAN_POINT('',(3.571793984554E-1,6.458718547293E-1,
3.436096267486E0));
#2247=CARTESIAN_POINT('',(4.223144403422E-1,6.210449812238E-1,
3.381875114148E0));
#2248=CARTESIAN_POINT('',(2.446032049791E-1,9.531829226296E-1,
3.421250515168E0));
#2249=CARTESIAN_POINT('',(3.089260062279E-1,9.196092646102E-1,
3.371779062327E0));
#2250=CARTESIAN_POINT('',(3.732488074767E-1,8.860356065909E-1,
3.322307609486E0));
#2251=CARTESIAN_POINT('',(4.375716087256E-1,8.524619485715E-1,
3.272836156645E0));
#2252=CARTESIAN_POINT('',(2.667977999019E-1,1.190435973438E0,3.260423379595E0));
#2253=CARTESIAN_POINT('',(3.301335097775E-1,1.149188813763E0,3.216929980536E0));
#2254=CARTESIAN_POINT('',(3.934692196531E-1,1.107941654088E0,3.173436581476E0));
#2255=CARTESIAN_POINT('',(4.568049295286E-1,1.066694494413E0,3.129943182417E0));
#2256=CARTESIAN_POINT('',(2.923572598244E-1,1.401713180622E0,3.065339765840E0));
#2257=CARTESIAN_POINT('',(3.546003619215E-1,1.354035510393E0,3.028799413003E0));
#2258=CARTESIAN_POINT('',(4.168434640185E-1,1.306357840164E0,2.992259060166E0));
#2259=CARTESIAN_POINT('',(4.790865661155E-1,1.258680169936E0,2.955718707330E0));
#2260=CARTESIAN_POINT('',(3.199655225130E-1,1.581868915755E0,2.840288785049E0));
#2261=CARTESIAN_POINT('',(3.810831224698E-1,1.529097567949E0,2.811412640149E0));
#2262=CARTESIAN_POINT('',(4.422007224266E-1,1.476326220143E0,2.782536495249E0));
#2263=CARTESIAN_POINT('',(5.033183223835E-1,1.423554872337E0,2.753660350350E0));
#2264=CARTESIAN_POINT('',(3.482383371204E-1,1.726505952082E0,2.590380033859E0));
#2265=CARTESIAN_POINT('',(4.082660600914E-1,1.670001978419E0,2.569633619452E0));
#2266=CARTESIAN_POINT('',(4.682937830624E-1,1.613498004757E0,2.548887205045E0));
#2267=CARTESIAN_POINT('',(5.283215060335E-1,1.556994031094E0,2.528140790638E0));
#2268=CARTESIAN_POINT('',(3.758191382860E-1,1.832077943039E0,2.321553815688E0));
#2269=CARTESIAN_POINT('',(4.348526303848E-1,1.773176674242E0,2.309179412631E0));
#2270=CARTESIAN_POINT('',(4.938861224836E-1,1.714275405445E0,2.296805009574E0));
#2271=CARTESIAN_POINT('',(5.529196145825E-1,1.655374136648E0,2.284430606517E0));
#2272=CARTESIAN_POINT('',(4.015163265083E-1,1.896143805450E0,2.040135628014E0));
#2273=CARTESIAN_POINT('',(4.596960961404E-1,1.836122435277E0,2.036213409628E0));
#2274=CARTESIAN_POINT('',(5.178758657726E-1,1.776101065104E0,2.032291191243E0));
#2275=CARTESIAN_POINT('',(5.760556354048E-1,1.716079694931E0,2.028368972857E0));
#2276=CARTESIAN_POINT('',(4.183236864571E-1,1.911754568209E0,1.828899189564E0));
#2277=CARTESIAN_POINT('',(4.760047361401E-1,1.851797856002E0,1.831102767974E0));
#2278=CARTESIAN_POINT('',(5.336857858232E-1,1.791841143794E0,1.833306346383E0));
#2279=CARTESIAN_POINT('',(5.913668355062E-1,1.731884431587E0,1.835509924793E0));
#2280=CARTESIAN_POINT('',(4.266793035092E-1,1.909842490555E0,1.713455945422E0));
#2281=CARTESIAN_POINT('',(4.841297077957E-1,1.850198260492E0,1.719006870665E0));
#2282=CARTESIAN_POINT('',(5.415801120822E-1,1.790554030428E0,1.724557795907E0));
#2283=CARTESIAN_POINT('',(5.990305163688E-1,1.730909800365E0,1.730108721150E0));
#2284=CARTESIAN_POINT('',(4.280824384048E-1,1.909209983228E0,1.693731503498E0));
#2285=CARTESIAN_POINT('',(4.854946393702E-1,1.849627174116E0,1.699854759502E0));
#2286=CARTESIAN_POINT('',(5.429068403355E-1,1.790044365005E0,1.705978015505E0));
#2287=CARTESIAN_POINT('',(6.003190413009E-1,1.730461555893E0,1.712101271508E0));
#2288=B_SPLINE_SURFACE_WITH_KNOTS('',3,3,((#2184,#2185,#2186,#2187),(#2188,
#2189,#2190,#2191),(#2192,#2193,#2194,#2195),(#2196,#2197,#2198,#2199),(#2200,
#2201,#2202,#2203),(#2204,#2205,#2206,#2207),(#2208,#2209,#2210,#2211),(#2212,
#2213,#2214,#2215),(#2216,#2217,#2218,#2219),(#2220,#2221,#2222,#2223),(#2224,
#2225,#2226,#2227),(#2228,#2229,#2230,#2231),(#2232,#2233,#2234,#2235),(#2236,
#2237,#2238,#2239),(#2240,#2241,#2242,#2243),(#2244,#2245,#2246,#2247),(#2248,
#2249,#2250,#2251),(#2252,#2253,#2254,#2255),(#2256,#2257,#2258,#2259),(#2260,
#2261,#2262,#2263),(#2264,#2265,#2266,#2267),(#2268,#2269,#2270,#2271),(#2272,
#2273,#2274,#2275),(#2276,#2277,#2278,#2279),(#2280,#2281,#2282,#2283),(#2284,
#2285,#2286,#2287)),.UNSPECIFIED.,.F.,.F.,.F.,(4,1,1,1,1,1,1,1,1,1,1,1,1,1,1,1,
1,1,1,1,1,1,1,4),(4,4),(-9.812804048969E-3,0.E0,4.761904761905E-2,
9.523809523810E-2,1.428571428571E-1,1.904761904762E-1,2.380952380952E-1,
2.857142857143E-1,3.333333333333E-1,3.809523809524E-1,4.285714285714E-1,
4.761904761905E-1,5.238095238095E-1,5.714285714286E-1,6.190476190476E-1,
6.666666666667E-1,7.142857142857E-1,7.619047619048E-1,8.095238095238E-1,
8.571428571429E-1,9.047619047619E-1,9.523809523810E-1,1.E0,1.009818774783E0),(
1.533711076575E-1,8.461763070932E-1),.UNSPECIFIED.);
#2289=ORIENTED_EDGE('',*,*,#1944,.T.);
#2290=ORIENTED_EDGE('',*,*,#2073,.F.);
#2291=ORIENTED_EDGE('',*,*,#2178,.T.);
#2292=ORIENTED_EDGE('',*,*,#1401,.T.);
#2293=ORIENTED_EDGE('',*,*,#1445,.T.);
#2295=ORIENTED_EDGE('',*,*,#2294,.T.);
#2296=EDGE_LOOP('',(#2289,#2290,#2291,#2292,#2293,#2295));
#2297=FACE_OUTER_BOUND('',#2296,.F.);
#2299=CARTESIAN_POINT('',(4.300755986489E-1,1.901050232891E0,1.788613916691E0));
#2300=CARTESIAN_POINT('',(4.817117431816E-1,1.847422169535E0,1.792648306352E0));
#2301=CARTESIAN_POINT('',(5.333478877142E-1,1.793794106179E0,1.796682696012E0));
#2302=CARTESIAN_POINT('',(5.849840322469E-1,1.740166042824E0,1.800717085672E0));
#2303=CARTESIAN_POINT('',(4.309550944993E-1,1.901019522344E0,1.776945886819E0));
#2304=CARTESIAN_POINT('',(4.825932902285E-1,1.847391389690E0,1.780953962052E0));
#2305=CARTESIAN_POINT('',(5.342314859577E-1,1.793763257035E0,1.784962037286E0));
#2306=CARTESIAN_POINT('',(5.858696816869E-1,1.740135124381E0,1.788970112520E0));
#2307=CARTESIAN_POINT('',(4.60852162E-1,1.899975565995E0,1.376360960120E0));
#2308=CARTESIAN_POINT('',(5.125600850141E-1,1.846345077635E0,1.379465609727E0));
#2309=CARTESIAN_POINT('',(5.642680080282E-1,1.792714589274E0,1.382570259333E0));
#2310=CARTESIAN_POINT('',(6.159759310423E-1,1.739084100914E0,1.385674908940E0));
#2311=CARTESIAN_POINT('',(4.997807689408E-1,1.898616243398E0,
5.849945048473E-1));
#2312=CARTESIAN_POINT('',(5.515794902448E-1,1.844982687704E0,
5.863142129277E-1));
#2313=CARTESIAN_POINT('',(6.033782115488E-1,1.791349132011E0,
5.876339210082E-1));
#2314=CARTESIAN_POINT('',(6.551769328528E-1,1.737715576317E0,
5.889536290886E-1));
#2315=CARTESIAN_POINT('',(4.998016194615E-1,1.898615515332E0,
-5.844185291093E-1));
#2316=CARTESIAN_POINT('',(5.516003894017E-1,1.844981957996E0,
-5.857369379127E-1));
#2317=CARTESIAN_POINT('',(6.033991593419E-1,1.791348400659E0,
-5.870553467161E-1));
#2318=CARTESIAN_POINT('',(6.551979292821E-1,1.737714843323E0,
-5.883737555196E-1));
#2319=CARTESIAN_POINT('',(4.608638456892E-1,1.899975158020E0,
-1.376205544261E0));
#2320=CARTESIAN_POINT('',(5.125717959532E-1,1.846344668739E0,
-1.379309843357E0));
#2321=CARTESIAN_POINT('',(5.642797462171E-1,1.792714179458E0,
-1.382414142453E0));
#2322=CARTESIAN_POINT('',(6.159876964810E-1,1.739083690177E0,
-1.385518441548E0));
#2323=CARTESIAN_POINT('',(4.309551515609E-1,1.901019520352E0,
-1.776945084453E0));
#2324=CARTESIAN_POINT('',(4.825933474231E-1,1.847391387693E0,
-1.780953157877E0));
#2325=CARTESIAN_POINT('',(5.342315432854E-1,1.793763255034E0,
-1.784961231302E0));
#2326=CARTESIAN_POINT('',(5.858697391476E-1,1.740135122375E0,
-1.788969304727E0));
#2327=CARTESIAN_POINT('',(4.300756861770E-1,1.901050229834E0,
-1.788612638376E0));
#2328=CARTESIAN_POINT('',(4.817118309138E-1,1.847422166472E0,
-1.792647025154E0));
#2329=CARTESIAN_POINT('',(5.333479756506E-1,1.793794103109E0,
-1.796681411932E0));
#2330=CARTESIAN_POINT('',(5.849841203874E-1,1.740166039747E0,
-1.800715798710E0));
#2331=B_SPLINE_SURFACE_WITH_KNOTS('',3,3,((#2299,#2300,#2301,#2302),(#2303,
#2304,#2305,#2306),(#2307,#2308,#2309,#2310),(#2311,#2312,#2313,#2314),(#2315,
#2316,#2317,#2318),(#2319,#2320,#2321,#2322),(#2323,#2324,#2325,#2326),(#2327,
#2328,#2329,#2330)),.UNSPECIFIED.,.F.,.F.,.F.,(4,1,1,1,1,4),(4,4),(
-1.000117888025E-2,0.E0,3.333333333333E-1,6.666666666667E-1,1.E0,
1.009996829727E0),(1.890569016086E-1,8.109534317007E-1),.UNSPECIFIED.);
#2333=ORIENTED_EDGE('',*,*,#2332,.T.);
#2334=ORIENTED_EDGE('',*,*,#2294,.F.);
#2336=ORIENTED_EDGE('',*,*,#2335,.T.);
#2337=ORIENTED_EDGE('',*,*,#1616,.T.);
#2338=EDGE_LOOP('',(#2333,#2334,#2336,#2337));
#2339=FACE_OUTER_BOUND('',#2338,.F.);
#2341=CARTESIAN_POINT('',(6.316946089284E-1,1.597652651998E0,
-1.803974676363E0));
#2342=CARTESIAN_POINT('',(6.325825782959E-1,1.597622512413E0,
-1.792193514205E0));
#2343=CARTESIAN_POINT('',(6.371811729064E-1,1.597464663514E0,
-1.730578958305E0));
#2344=CARTESIAN_POINT('',(6.454520261642E-1,1.597167612248E0,
-1.613699317954E0));
#2345=CARTESIAN_POINT('',(6.562350332603E-1,1.596793681633E0,
-1.445567997210E0));
#2346=CARTESIAN_POINT('',(6.669158115746E-1,1.596418782371E0,
-1.257192028924E0));
#2347=CARTESIAN_POINT('',(6.772197688569E-1,1.596059576387E0,
-1.044182200088E0));
#2348=CARTESIAN_POINT('',(6.866165670298E-1,1.595733921549E0,
-8.028376654198E-1));
#2349=CARTESIAN_POINT('',(6.941738466154E-1,1.595475295603E0,
-5.351023681852E-1));
#2350=CARTESIAN_POINT('',(6.988625555032E-1,1.595316498231E0,
-2.509252436525E-1));
#2351=CARTESIAN_POINT('',(7.001430268897E-1,1.595273242285E0,
3.924515458395E-2));
#2352=CARTESIAN_POINT('',(6.979139096061E-1,1.595348331581E0,
3.294674197432E-1));
#2353=CARTESIAN_POINT('',(6.921627849691E-1,1.595543755128E0,
6.202313500791E-1));
#2354=CARTESIAN_POINT('',(6.827339794211E-1,1.595868181344E0,
9.156623072429E-1));
#2355=CARTESIAN_POINT('',(6.695550219090E-1,1.596328165778E0,1.212785785346E0));
#2356=CARTESIAN_POINT('',(6.532779705860E-1,1.596893756049E0,1.498798998514E0));
#2357=CARTESIAN_POINT('',(6.398701845170E-1,1.597371511950E0,1.694553684813E0));
#2358=CARTESIAN_POINT('',(6.325799745504E-1,1.597622689079E0,1.792228136629E0));
#2359=CARTESIAN_POINT('',(6.316914275313E-1,1.597653165715E0,1.804015923602E0));
#2360=CARTESIAN_POINT('',(6.356335111720E-1,1.659353323102E0,
-1.804353536195E0));
#2361=CARTESIAN_POINT('',(6.365204624797E-1,1.659323254585E0,
-1.792586443854E0));
#2362=CARTESIAN_POINT('',(6.411184996164E-1,1.659165571356E0,
-1.730984781424E0));
#2363=CARTESIAN_POINT('',(6.494179043269E-1,1.658867328084E0,
-1.613696836482E0));
#2364=CARTESIAN_POINT('',(6.601891617413E-1,1.658493923747E0,
-1.445714162154E0));
#2365=CARTESIAN_POINT('',(6.708734330695E-1,1.658118902750E0,
-1.257273089712E0));
#2366=CARTESIAN_POINT('',(6.811760245942E-1,1.657759780412E0,
-1.044264260144E0));
#2367=CARTESIAN_POINT('',(6.905730350457E-1,1.657434139930E0,
-8.028970777581E-1));
#2368=CARTESIAN_POINT('',(6.981300776410E-1,1.657175542997E0,
-5.351438214783E-1));
#2369=CARTESIAN_POINT('',(7.028187745781E-1,1.657016758034E0,
-2.509445808633E-1));
#2370=CARTESIAN_POINT('',(7.040992077003E-1,1.656973506987E0,
3.924836763303E-2));
#2371=CARTESIAN_POINT('',(7.018701734773E-1,1.657048587031E0,
3.294922291834E-1));
#2372=CARTESIAN_POINT('',(6.961189005613E-1,1.657244002488E0,
6.202811276334E-1));
#2373=CARTESIAN_POINT('',(6.866910882050E-1,1.657568362430E0,
9.157215879470E-1));
#2374=CARTESIAN_POINT('',(6.735091434975E-1,1.658028443076E0,1.212912544507E0));
#2375=CARTESIAN_POINT('',(6.572436872004E-1,1.658593492770E0,1.498785509499E0));
#2376=CARTESIAN_POINT('',(6.438093308315E-1,1.659072360970E0,1.694936832949E0));
#2377=CARTESIAN_POINT('',(6.365176991756E-1,1.659323454827E0,1.792623279914E0));
#2378=CARTESIAN_POINT('',(6.356292461769E-1,1.659353910277E0,1.804409184243E0));
#2379=CARTESIAN_POINT('',(6.125308392734E-1,1.716678065292E0,
-1.802688167847E0));
#2380=CARTESIAN_POINT('',(6.134158370075E-1,1.716648062802E0,
-1.790947317104E0));
#2381=CARTESIAN_POINT('',(6.180081962817E-1,1.716490533493E0,
-1.729426528459E0));
#2382=CARTESIAN_POINT('',(6.263252708633E-1,1.716191182754E0,
-1.611890058772E0));
#2383=CARTESIAN_POINT('',(6.370733955666E-1,1.715818267370E0,
-1.444233451134E0));
#2384=CARTESIAN_POINT('',(6.477490190013E-1,1.715443133272E0,
-1.255942557788E0));
#2385=CARTESIAN_POINT('',(6.580388034188E-1,1.715084088649E0,
-1.043172848480E0));
#2386=CARTESIAN_POINT('',(6.674255085983E-1,1.714758461504E0,
-8.020545081697E-1));
#2387=CARTESIAN_POINT('',(6.749738786115E-1,1.714499891527E0,
-5.345839593650E-1));
#2388=CARTESIAN_POINT('',(6.796573219665E-1,1.714341118092E0,
-2.506819508255E-1));
#2389=CARTESIAN_POINT('',(6.809362873289E-1,1.714297871597E0,
3.920746706615E-2));
#2390=CARTESIAN_POINT('',(6.787098237888E-1,1.714372943046E0,
3.291468540812E-1));
#2391=CARTESIAN_POINT('',(6.729648410677E-1,1.714568350985E0,
6.196338038135E-1));
#2392=CARTESIAN_POINT('',(6.635485066886E-1,1.714892649355E0,
9.147527331527E-1));
#2393=CARTESIAN_POINT('',(6.503784784521E-1,1.715352819389E0,1.211674111982E0));
#2394=CARTESIAN_POINT('',(6.341421547513E-1,1.715917366845E0,1.497096992260E0));
#2395=CARTESIAN_POINT('',(6.206977305496E-1,1.716397268457E0,1.693397804304E0));
#2396=CARTESIAN_POINT('',(6.134129261797E-1,1.716648284948E0,1.790986170410E0));
#2397=CARTESIAN_POINT('',(6.125255569228E-1,1.716678720715E0,1.802757144840E0));
#2398=CARTESIAN_POINT('',(5.669469675436E-1,1.758311205522E0,
-1.799307308316E0));
#2399=CARTESIAN_POINT('',(5.678294618177E-1,1.758281250986E0,
-1.787599690967E0));
#2400=CARTESIAN_POINT('',(5.724121436279E-1,1.758123833464E0,
-1.726211792262E0));
#2401=CARTESIAN_POINT('',(5.807325185376E-1,1.757823678407E0,
-1.608635635461E0));
#2402=CARTESIAN_POINT('',(5.914506938043E-1,1.757451118134E0,
-1.441418150538E0));
#2403=CARTESIAN_POINT('',(6.021072354977E-1,1.757075901895E0,
-1.253463074791E0));
#2404=CARTESIAN_POINT('',(6.123752995295E-1,1.756716913713E0,
-1.041123405357E0));
#2405=CARTESIAN_POINT('',(6.217432161058E-1,1.756391296255E0,
-8.004762764950E-1));
#2406=CARTESIAN_POINT('',(6.292761898778E-1,1.756132745854E0,
-5.335332963697E-1));
#2407=CARTESIAN_POINT('',(6.339501750550E-1,1.755973980792E0,
-2.501891956499E-1));
#2408=CARTESIAN_POINT('',(6.352265328922E-1,1.755930737602E0,
3.913052649035E-2));
#2409=CARTESIAN_POINT('',(6.330046202149E-1,1.756005802808E0,
3.284994700896E-1));
#2410=CARTESIAN_POINT('',(6.272711245035E-1,1.756201205288E0,
6.184171577324E-1));
#2411=CARTESIAN_POINT('',(6.178744871807E-1,1.756525458940E0,
9.129469908911E-1));
#2412=CARTESIAN_POINT('',(6.047289268182E-1,1.756985693894E0,1.209314949359E0));
#2413=CARTESIAN_POINT('',(5.885335226270E-1,1.757549876590E0,1.494066753292E0));
#2414=CARTESIAN_POINT('',(5.750975204092E-1,1.758030528737E0,1.690240396931E0));
#2415=CARTESIAN_POINT('',(5.678264446218E-1,1.758281489040E0,1.787639966934E0));
#2416=CARTESIAN_POINT('',(5.669409349017E-1,1.758311910511E0,1.799385911313E0));
#2417=(BOUNDED_SURFACE()B_SPLINE_SURFACE(3,3,((#2341,#2342,#2343,#2344,#2345,
#2346,#2347,#2348,#2349,#2350,#2351,#2352,#2353,#2354,#2355,#2356,#2357,#2358,
#2359),(#2360,#2361,#2362,#2363,#2364,#2365,#2366,#2367,#2368,#2369,#2370,#2371,
#2372,#2373,#2374,#2375,#2376,#2377,#2378),(#2379,#2380,#2381,#2382,#2383,#2384,
#2385,#2386,#2387,#2388,#2389,#2390,#2391,#2392,#2393,#2394,#2395,#2396,#2397),(
#2398,#2399,#2400,#2401,#2402,#2403,#2404,#2405,#2406,#2407,#2408,#2409,#2410,
#2411,#2412,#2413,#2414,#2415,#2416)),.UNSPECIFIED.,.F.,.F.,.F.)B_SPLINE_SURFACE_WITH_KNOTS((4,4),(4,1,1,1,1,1,1,1,1,1,1,1,1,1,1,1,4),(0.E0,1.E0),(
-9.997311172732E-3,0.E0,4.233456480881E-2,8.959880355411E-2,1.426035269516E-1,
2.022263216471E-1,2.702591719456E-1,3.472298382397E-1,4.291397404531E-1,
5.110461216989E-1,5.930638991270E-1,6.750217941507E-1,7.574307619417E-1,
8.434688421362E-1,9.270273596638E-1,1.E0,1.010012905769E0),.UNSPECIFIED.)GEOMETRIC_REPRESENTATION_ITEM()RATIONAL_B_SPLINE_SURFACE(((1.051910734755E0,
1.051910734755E0,1.051910734755E0,1.051910734755E0,1.051910734755E0,
1.051910734755E0,1.051910734755E0,1.051910734755E0,1.051910734755E0,
1.051910734755E0,1.051910734755E0,1.051910734755E0,1.051910734755E0,
1.051910734755E0,1.051910734755E0,1.051910734755E0,1.051910734755E0,
1.051910734755E0,1.051910734755E0),(9.826964217483E-1,9.826964217483E-1,
9.826964217483E-1,9.826964217483E-1,9.826964217483E-1,9.826964217483E-1,
9.826964217483E-1,9.826964217483E-1,9.826964217483E-1,9.826964217483E-1,
9.826964217483E-1,9.826964217483E-1,9.826964217483E-1,9.826964217483E-1,
9.826964217483E-1,9.826964217483E-1,9.826964217483E-1,9.826964217483E-1,
9.826964217483E-1),(9.826964217483E-1,9.826964217483E-1,9.826964217483E-1,
9.826964217483E-1,9.826964217483E-1,9.826964217483E-1,9.826964217483E-1,
9.826964217483E-1,9.826964217483E-1,9.826964217483E-1,9.826964217483E-1,
9.826964217483E-1,9.826964217483E-1,9.826964217483E-1,9.826964217483E-1,
9.826964217483E-1,9.826964217483E-1,9.826964217483E-1,9.826964217483E-1),(
1.051910734755E0,1.051910734755E0,1.051910734755E0,1.051910734755E0,
1.051910734755E0,1.051910734755E0,1.051910734755E0,1.051910734755E0,
1.051910734755E0,1.051910734755E0,1.051910734755E0,1.051910734755E0,
1.051910734755E0,1.051910734755E0,1.051910734755E0,1.051910734755E0,
1.051910734755E0,1.051910734755E0,1.051910734755E0)))REPRESENTATION_ITEM('')SURFACE());
#2418=ORIENTED_EDGE('',*,*,#1788,.T.);
#2419=ORIENTED_EDGE('',*,*,#1946,.T.);
#2420=ORIENTED_EDGE('',*,*,#2332,.F.);
#2421=ORIENTED_EDGE('',*,*,#1773,.F.);
#2422=EDGE_LOOP('',(#2418,#2419,#2420,#2421));
#2423=FACE_OUTER_BOUND('',#2422,.F.);
#2425=CARTESIAN_POINT('',(2.896929509258E-1,1.952806762894E0,1.777742501884E0));
#2426=CARTESIAN_POINT('',(2.905671495197E-1,1.952776235210E0,1.766144863104E0));
#2427=CARTESIAN_POINT('',(3.016533584904E-1,1.952389096249E0,1.617604170938E0));
#2428=CARTESIAN_POINT('',(3.197381260726E-1,1.951757561112E0,1.339901526302E0));
#2429=CARTESIAN_POINT('',(3.386898086355E-1,1.951095754189E0,
9.464362913499E-1));
#2430=CARTESIAN_POINT('',(3.508505019043E-1,1.950671093316E0,
5.650489101270E-1));
#2431=CARTESIAN_POINT('',(3.568109527959E-1,1.950462949811E0,
1.899239936775E-1));
#2432=CARTESIAN_POINT('',(3.568641281020E-1,1.950461092887E0,
-1.784424809129E-1));
#2433=CARTESIAN_POINT('',(3.512648490857E-1,1.950656623997E0,
-5.443095466305E-1));
#2434=CARTESIAN_POINT('',(3.397670262319E-1,1.951058136912E0,
-9.186358625898E-1));
#2435=CARTESIAN_POINT('',(3.210106811323E-1,1.951713122522E0,
-1.319063468862E0));
#2436=CARTESIAN_POINT('',(3.023487424618E-1,1.952364812911E0,
-1.608287730472E0));
#2437=CARTESIAN_POINT('',(2.905666873613E-1,1.952776251347E0,
-1.766151026247E0));
#2438=CARTESIAN_POINT('',(2.896922502909E-1,1.952806787360E0,
-1.777751704053E0));
#2439=CARTESIAN_POINT('',(3.513140257226E-1,1.954613543713E0,1.782444298347E0));
#2440=CARTESIAN_POINT('',(3.521905372885E-1,1.954582935227E0,1.770816574874E0));
#2441=CARTESIAN_POINT('',(3.633063138159E-1,1.954194763873E0,1.621886575912E0));
#2442=CARTESIAN_POINT('',(3.814442444954E-1,1.953561383214E0,1.343372896346E0));
#2443=CARTESIAN_POINT('',(4.004431616417E-1,1.952897922810E0,
9.489132080289E-1));
#2444=CARTESIAN_POINT('',(4.126361274566E-1,1.952472135983E0,
5.665231824153E-1));
#2445=CARTESIAN_POINT('',(4.186120123680E-1,1.952263453257E0,
1.904208606923E-1));
#2446=CARTESIAN_POINT('',(4.186653307175E-1,1.952261591345E0,
-1.789092551857E-1));
#2447=CARTESIAN_POINT('',(4.130515387286E-1,1.952457629475E0,
-5.457299926234E-1));
#2448=CARTESIAN_POINT('',(4.015232358377E-1,1.952860205871E0,
-9.210397061974E-1));
#2449=CARTESIAN_POINT('',(3.827200539404E-1,1.953516830858E0,
-1.322481298646E0));
#2450=CARTESIAN_POINT('',(3.640035114943E-1,1.954170417144E0,
-1.612546093277E0));
#2451=CARTESIAN_POINT('',(3.521900824620E-1,1.954582951123E0,
-1.770822663803E0));
#2452=CARTESIAN_POINT('',(3.513133334697E-1,1.954613567901E0,
-1.782453431615E0));
#2453=CARTESIAN_POINT('',(4.076282494190E-1,1.929470860808E0,1.786812638585E0));
#2454=CARTESIAN_POINT('',(4.085069099255E-1,1.929440177456E0,1.775156964056E0));
#2455=CARTESIAN_POINT('',(4.196501570178E-1,1.929051046055E0,1.625865268336E0));
#2456=CARTESIAN_POINT('',(4.378374778167E-1,1.928415876405E0,1.346598073267E0));
#2457=CARTESIAN_POINT('',(4.568802805708E-1,1.927750906979E0,
9.512144592379E-1));
#2458=CARTESIAN_POINT('',(4.691032298865E-1,1.927324067086E0,
5.678928978017E-1));
#2459=CARTESIAN_POINT('',(4.750934542810E-1,1.927114885091E0,
1.908824893891E-1));
#2460=CARTESIAN_POINT('',(4.751469055276E-1,1.927113018501E0,
-1.793429253486E-1));
#2461=CARTESIAN_POINT('',(4.695196297897E-1,1.927309526226E0,
-5.470496991304E-1));
#2462=CARTESIAN_POINT('',(4.579630087515E-1,1.927713096817E0,
-9.232730667521E-1));
#2463=CARTESIAN_POINT('',(4.391163108713E-1,1.928371219171E0,
-1.325656732439E0));
#2464=CARTESIAN_POINT('',(4.203490397862E-1,1.929026640805E0,
-1.616502448626E0));
#2465=CARTESIAN_POINT('',(4.085064619075E-1,1.929440193030E0,
-1.775162984036E0));
#2466=CARTESIAN_POINT('',(4.076275649498E-1,1.929470884630E0,
-1.786821707838E0));
#2467=CARTESIAN_POINT('',(4.475194932116E-1,1.882341746311E0,1.789985235425E0));
#2468=CARTESIAN_POINT('',(4.483997144382E-1,1.882311008805E0,1.778309260868E0));
#2469=CARTESIAN_POINT('',(4.595629125598E-1,1.881921179213E0,1.628754875446E0));
#2470=CARTESIAN_POINT('',(4.777861011528E-1,1.881284630239E0,1.348940424263E0));
#2471=CARTESIAN_POINT('',(4.968607777533E-1,1.880618594124E0,
9.528857902049E-1));
#2472=CARTESIAN_POINT('',(5.091055029407E-1,1.880190981923E0,
5.688876817401E-1));
#2473=CARTESIAN_POINT('',(5.151061417435E-1,1.879981439162E0,
1.912177567137E-1));
#2474=CARTESIAN_POINT('',(5.151596895077E-1,1.879979569130E0,
-1.796578872136E-1));
#2475=CARTESIAN_POINT('',(5.095226208649E-1,1.880176416327E0,
-5.480081630928E-1));
#2476=CARTESIAN_POINT('',(4.979454334213E-1,1.880580715580E0,
-9.248950907367E-1));
#2477=CARTESIAN_POINT('',(4.790671301968E-1,1.881239897720E0,
-1.327962956466E0));
#2478=CARTESIAN_POINT('',(4.602630191735E-1,1.881896731862E0,
-1.619375832976E0));
#2479=CARTESIAN_POINT('',(4.483992713613E-1,1.882311024041E0,
-1.778315230771E0));
#2480=CARTESIAN_POINT('',(4.475188143914E-1,1.882341769750E0,
-1.789994258186E0));
#2481=(BOUNDED_SURFACE()B_SPLINE_SURFACE(3,3,((#2425,#2426,#2427,#2428,#2429,
#2430,#2431,#2432,#2433,#2434,#2435,#2436,#2437,#2438),(#2439,#2440,#2441,#2442,
#2443,#2444,#2445,#2446,#2447,#2448,#2449,#2450,#2451,#2452),(#2453,#2454,#2455,
#2456,#2457,#2458,#2459,#2460,#2461,#2462,#2463,#2464,#2465,#2466),(#2467,#2468,
#2469,#2470,#2471,#2472,#2473,#2474,#2475,#2476,#2477,#2478,#2479,#2480)),
.UNSPECIFIED.,.F.,.F.,.F.)B_SPLINE_SURFACE_WITH_KNOTS((4,4),(4,1,1,1,1,1,1,1,1,
1,1,4),(0.E0,1.E0),(-9.999940320548E-3,0.E0,1.180736313208E-1,2.293353484613E-1,
3.386568791673E-1,4.461528371028E-1,5.518975064455E-1,6.553710376043E-1,
7.607528204293E-1,8.738912833807E-1,1.E0,1.010002563414E0),.UNSPECIFIED.)GEOMETRIC_REPRESENTATION_ITEM()RATIONAL_B_SPLINE_SURFACE(((1.051910381249E0,
1.051910381249E0,1.051910381249E0,1.051910381249E0,1.051910381249E0,
1.051910381249E0,1.051910381249E0,1.051910381249E0,1.051910381249E0,
1.051910381249E0,1.051910381249E0,1.051910381249E0,1.051910381249E0,
1.051910381249E0),(9.826965395836E-1,9.826965395836E-1,9.826965395836E-1,
9.826965395836E-1,9.826965395836E-1,9.826965395836E-1,9.826965395836E-1,
9.826965395836E-1,9.826965395836E-1,9.826965395836E-1,9.826965395836E-1,
9.826965395836E-1,9.826965395836E-1,9.826965395836E-1),(9.826965395836E-1,
9.826965395836E-1,9.826965395836E-1,9.826965395836E-1,9.826965395836E-1,
9.826965395836E-1,9.826965395836E-1,9.826965395836E-1,9.826965395836E-1,
9.826965395836E-1,9.826965395836E-1,9.826965395836E-1,9.826965395836E-1,
9.826965395836E-1),(1.051910381249E0,1.051910381249E0,1.051910381249E0,
1.051910381249E0,1.051910381249E0,1.051910381249E0,1.051910381249E0,
1.051910381249E0,1.051910381249E0,1.051910381249E0,1.051910381249E0,
1.051910381249E0,1.051910381249E0,1.051910381249E0)))REPRESENTATION_ITEM('')SURFACE());
#2482=ORIENTED_EDGE('',*,*,#1458,.T.);
#2483=ORIENTED_EDGE('',*,*,#1504,.T.);
#2484=ORIENTED_EDGE('',*,*,#2335,.F.);
#2485=ORIENTED_EDGE('',*,*,#1443,.F.);
#2486=EDGE_LOOP('',(#2482,#2483,#2484,#2485));
#2487=FACE_OUTER_BOUND('',#2486,.F.);
#2489=CARTESIAN_POINT('',(0.E0,0.E0,0.E0));
#2490=DIRECTION('',(-1.E0,0.E0,0.E0));
#2491=DIRECTION('',(0.E0,0.E0,1.E0));
#2492=AXIS2_PLACEMENT_3D('',#2489,#2490,#2491);
#2493=CYLINDRICAL_SURFACE('',#2492,8.75E-1);
#2495=ORIENTED_EDGE('',*,*,#2494,.T.);
#2497=ORIENTED_EDGE('',*,*,#2496,.F.);
#2498=ORIENTED_EDGE('',*,*,#1030,.F.);
#2500=ORIENTED_EDGE('',*,*,#2499,.T.);
#2501=EDGE_LOOP('',(#2495,#2497,#2498,#2500));
#2502=FACE_OUTER_BOUND('',#2501,.F.);
#2504=CARTESIAN_POINT('',(0.E0,0.E0,0.E0));
#2505=DIRECTION('',(-1.E0,0.E0,0.E0));
#2506=DIRECTION('',(0.E0,0.E0,1.E0));
#2507=AXIS2_PLACEMENT_3D('',#2504,#2505,#2506);
#2508=CYLINDRICAL_SURFACE('',#2507,8.75E-1);
#2510=ORIENTED_EDGE('',*,*,#2509,.F.);
#2512=ORIENTED_EDGE('',*,*,#2511,.T.);
#2514=ORIENTED_EDGE('',*,*,#2513,.F.);
#2516=ORIENTED_EDGE('',*,*,#2515,.F.);
#2517=EDGE_LOOP('',(#2510,#2512,#2514,#2516));
#2518=FACE_OUTER_BOUND('',#2517,.F.);
#2520=CARTESIAN_POINT('',(-8.E-1,0.E0,0.E0));
#2521=DIRECTION('',(-1.E0,0.E0,0.E0));
#2522=DIRECTION('',(0.E0,0.E0,1.E0));
#2523=AXIS2_PLACEMENT_3D('',#2520,#2521,#2522);
#2524=PLANE('',#2523);
#2525=ORIENTED_EDGE('',*,*,#2494,.F.);
#2527=ORIENTED_EDGE('',*,*,#2526,.F.);
#2528=EDGE_LOOP('',(#2525,#2527));
#2529=FACE_OUTER_BOUND('',#2528,.F.);
#2531=ORIENTED_EDGE('',*,*,#2530,.F.);
#2533=ORIENTED_EDGE('',*,*,#2532,.F.);
#2534=EDGE_LOOP('',(#2531,#2533));
#2535=FACE_BOUND('',#2534,.F.);
#2537=CARTESIAN_POINT('',(-8.E-1,0.E0,0.E0));
#2538=DIRECTION('',(-1.E0,0.E0,0.E0));
#2539=DIRECTION('',(0.E0,0.E0,1.E0));
#2540=AXIS2_PLACEMENT_3D('',#2537,#2538,#2539);
#2541=CYLINDRICAL_SURFACE('',#2540,6.E-1);
#2542=ORIENTED_EDGE('',*,*,#2530,.T.);
#2544=ORIENTED_EDGE('',*,*,#2543,.T.);
#2546=ORIENTED_EDGE('',*,*,#2545,.F.);
#2548=ORIENTED_EDGE('',*,*,#2547,.F.);
#2549=EDGE_LOOP('',(#2542,#2544,#2546,#2548));
#2550=FACE_OUTER_BOUND('',#2549,.F.);
#2552=CARTESIAN_POINT('',(-8.E-1,0.E0,0.E0));
#2553=DIRECTION('',(-1.E0,0.E0,0.E0));
#2554=DIRECTION('',(0.E0,0.E0,1.E0));
#2555=AXIS2_PLACEMENT_3D('',#2552,#2553,#2554);
#2556=CYLINDRICAL_SURFACE('',#2555,6.E-1);
#2557=ORIENTED_EDGE('',*,*,#2532,.T.);
#2558=ORIENTED_EDGE('',*,*,#2547,.T.);
#2560=ORIENTED_EDGE('',*,*,#2559,.F.);
#2561=ORIENTED_EDGE('',*,*,#2543,.F.);
#2562=EDGE_LOOP('',(#2557,#2558,#2560,#2561));
#2563=FACE_OUTER_BOUND('',#2562,.F.);
#2565=CARTESIAN_POINT('',(-4.E-1,0.E0,0.E0));
#2566=DIRECTION('',(-1.E0,0.E0,0.E0));
#2567=DIRECTION('',(0.E0,0.E0,1.E0));
#2568=AXIS2_PLACEMENT_3D('',#2565,#2566,#2567);
#2569=PLANE('',#2568);
#2570=ORIENTED_EDGE('',*,*,#2509,.T.);
#2572=ORIENTED_EDGE('',*,*,#2571,.T.);
#2573=EDGE_LOOP('',(#2570,#2572));
#2574=FACE_OUTER_BOUND('',#2573,.F.);
#2575=ORIENTED_EDGE('',*,*,#2545,.T.);
#2576=ORIENTED_EDGE('',*,*,#2559,.T.);
#2577=EDGE_LOOP('',(#2575,#2576));
#2578=FACE_BOUND('',#2577,.F.);
#2580=CARTESIAN_POINT('',(0.E0,0.E0,0.E0));
#2581=DIRECTION('',(-1.E0,0.E0,0.E0));
#2582=DIRECTION('',(0.E0,0.E0,1.E0));
#2583=AXIS2_PLACEMENT_3D('',#2580,#2581,#2582);
#2584=CYLINDRICAL_SURFACE('',#2583,8.75E-1);
#2585=ORIENTED_EDGE('',*,*,#2526,.T.);
#2586=ORIENTED_EDGE('',*,*,#2499,.F.);
#2587=ORIENTED_EDGE('',*,*,#1032,.F.);
#2588=ORIENTED_EDGE('',*,*,#2496,.T.);
#2589=EDGE_LOOP('',(#2585,#2586,#2587,#2588));
#2590=FACE_OUTER_BOUND('',#2589,.F.);
#2592=CARTESIAN_POINT('',(0.E0,0.E0,0.E0));
#2593=DIRECTION('',(-1.E0,0.E0,0.E0));
#2594=DIRECTION('',(0.E0,0.E0,1.E0));
#2595=AXIS2_PLACEMENT_3D('',#2592,#2593,#2594);
#2596=CYLINDRICAL_SURFACE('',#2595,8.75E-1);
#2597=ORIENTED_EDGE('',*,*,#2571,.F.);
#2598=ORIENTED_EDGE('',*,*,#2515,.T.);
#2600=ORIENTED_EDGE('',*,*,#2599,.F.);
#2601=ORIENTED_EDGE('',*,*,#2511,.F.);
#2602=EDGE_LOOP('',(#2597,#2598,#2600,#2601));
#2603=FACE_OUTER_BOUND('',#2602,.F.);
#2605=CARTESIAN_POINT('',(0.E0,0.E0,0.E0));
#2606=DIRECTION('',(-1.E0,0.E0,0.E0));
#2607=DIRECTION('',(0.E0,0.E0,1.E0));
#2608=AXIS2_PLACEMENT_3D('',#2605,#2606,#2607);
#2609=PLANE('',#2608);
#2610=ORIENTED_EDGE('',*,*,#2513,.T.);
#2611=ORIENTED_EDGE('',*,*,#2599,.T.);
#2612=EDGE_LOOP('',(#2610,#2611));
#2613=FACE_OUTER_BOUND('',#2612,.F.);
#2615=CARTESIAN_POINT('',(-6.75E-1,0.E0,-2.1E0));
#2616=DIRECTION('',(-1.E0,0.E0,0.E0));
#2617=DIRECTION('',(0.E0,0.E0,1.E0));
#2618=AXIS2_PLACEMENT_3D('',#2615,#2616,#2617);
#2619=CONICAL_SURFACE('',#2618,6.315456493481E-1,1.E0);
#2620=ORIENTED_EDGE('',*,*,#1036,.F.);
#2622=ORIENTED_EDGE('',*,*,#2621,.T.);
#2624=ORIENTED_EDGE('',*,*,#2623,.T.);
#2626=ORIENTED_EDGE('',*,*,#2625,.F.);
#2627=EDGE_LOOP('',(#2620,#2622,#2624,#2626));
#2628=FACE_OUTER_BOUND('',#2627,.F.);
#2630=CARTESIAN_POINT('',(-6.75E-1,0.E0,-2.1E0));
#2631=DIRECTION('',(-1.E0,0.E0,0.E0));
#2632=DIRECTION('',(0.E0,0.E0,1.E0));
#2633=AXIS2_PLACEMENT_3D('',#2630,#2631,#2632);
#2634=CONICAL_SURFACE('',#2633,6.315456493481E-1,1.E0);
#2635=ORIENTED_EDGE('',*,*,#1038,.F.);
#2636=ORIENTED_EDGE('',*,*,#2625,.T.);
#2638=ORIENTED_EDGE('',*,*,#2637,.T.);
#2639=ORIENTED_EDGE('',*,*,#2621,.F.);
#2640=EDGE_LOOP('',(#2635,#2636,#2638,#2639));
#2641=FACE_OUTER_BOUND('',#2640,.F.);
#2643=CARTESIAN_POINT('',(-3.E-1,0.E0,0.E0));
#2644=DIRECTION('',(-1.E0,0.E0,0.E0));
#2645=DIRECTION('',(0.E0,0.E0,1.E0));
#2646=AXIS2_PLACEMENT_3D('',#2643,#2644,#2645);
#2647=PLANE('',#2646);
#2648=ORIENTED_EDGE('',*,*,#2623,.F.);
#2649=ORIENTED_EDGE('',*,*,#2637,.F.);
#2650=EDGE_LOOP('',(#2648,#2649));
#2651=FACE_OUTER_BOUND('',#2650,.F.);
#2653=CARTESIAN_POINT('',(-3.E-1,0.E0,0.E0));
#2654=DIRECTION('',(-1.E0,0.E0,0.E0));
#2655=DIRECTION('',(0.E0,0.E0,1.E0));
#2656=AXIS2_PLACEMENT_3D('',#2653,#2654,#2655);
#2657=PLANE('',#2656);
#2659=ORIENTED_EDGE('',*,*,#2658,.F.);
#2661=ORIENTED_EDGE('',*,*,#2660,.F.);
#2662=EDGE_LOOP('',(#2659,#2661));
#2663=FACE_OUTER_BOUND('',#2662,.F.);
#2665=CARTESIAN_POINT('',(-6.75E-1,0.E0,2.1E0));
#2666=DIRECTION('',(-1.E0,0.E0,0.E0));
#2667=DIRECTION('',(0.E0,0.E0,1.E0));
#2668=AXIS2_PLACEMENT_3D('',#2665,#2666,#2667);
#2669=CONICAL_SURFACE('',#2668,6.315456493481E-1,1.E0);
#2670=ORIENTED_EDGE('',*,*,#1042,.F.);
#2672=ORIENTED_EDGE('',*,*,#2671,.T.);
#2673=ORIENTED_EDGE('',*,*,#2658,.T.);
#2675=ORIENTED_EDGE('',*,*,#2674,.F.);
#2676=EDGE_LOOP('',(#2670,#2672,#2673,#2675));
#2677=FACE_OUTER_BOUND('',#2676,.F.);
#2679=CARTESIAN_POINT('',(-6.75E-1,0.E0,2.1E0));
#2680=DIRECTION('',(-1.E0,0.E0,0.E0));
#2681=DIRECTION('',(0.E0,0.E0,1.E0));
#2682=AXIS2_PLACEMENT_3D('',#2679,#2680,#2681);
#2683=CONICAL_SURFACE('',#2682,6.315456493481E-1,1.E0);
#2684=ORIENTED_EDGE('',*,*,#1044,.F.);
#2685=ORIENTED_EDGE('',*,*,#2674,.T.);
#2686=ORIENTED_EDGE('',*,*,#2660,.T.);
#2687=ORIENTED_EDGE('',*,*,#2671,.F.);
#2688=EDGE_LOOP('',(#2684,#2685,#2686,#2687));
#2689=FACE_OUTER_BOUND('',#2688,.F.);
#2693=FILL_AREA_STYLE_COLOUR('',#16);
#2694=FILL_AREA_STYLE('',(#2693));
#2695=SURFACE_STYLE_FILL_AREA(#2694);
#2696=SURFACE_SIDE_STYLE('',(#2695));
#2697=SURFACE_STYLE_USAGE(.BOTH.,#2696);
#2698=PRESENTATION_STYLE_ASSIGNMENT((#2697));
#17=STYLED_ITEM('',(#2698),#2692);
#2701=PLANE_ANGLE_MEASURE_WITH_UNIT(PLANE_ANGLE_MEASURE(1.745329251994E-2),
#2700);
#2702=(CONVERSION_BASED_UNIT('DEGREE',#2701)NAMED_UNIT(*)PLANE_ANGLE_UNIT());
#2704=UNCERTAINTY_MEASURE_WITH_UNIT(LENGTH_MEASURE(1.067167854945E-3),#2699,
'distance_accuracy_value',
'Maximum model space distance between geometric entities at asserted connectivities');
#2706=CARTESIAN_POINT('',(0.E0,0.E0,0.E0));
#2707=DIRECTION('',(0.E0,0.E0,1.E0));
#2708=DIRECTION('',(1.E0,0.E0,0.E0));
#2711=APPLICATION_CONTEXT('automotive_design');
#2712=APPLICATION_PROTOCOL_DEFINITION('international standard',
'automotive_design',2001,#2711);
#2713=PRODUCT_DEFINITION_CONTEXT('part definition',#2711,'design');
#2714=PRODUCT_CONTEXT('',#2711,'mechanical');
#2715=PRODUCT('501-0022','501-0022','NOT SPECIFIED',(#2714));
#2716=PRODUCT_DEFINITION_FORMATION('67','LAST_VERSION',#2715);
#2724=DERIVED_UNIT_ELEMENT(#2723,2.E0);
#2725=DERIVED_UNIT((#2724));
#2726=MEASURE_REPRESENTATION_ITEM('surface area measure',AREA_MEASURE(
9.410527437054E1),#2725);
#2731=DERIVED_UNIT_ELEMENT(#2730,3.E0);
#2732=DERIVED_UNIT((#2731));
#2733=MEASURE_REPRESENTATION_ITEM('volume measure',VOLUME_MEASURE(
3.894942744827E1),#2732);
#2737=CARTESIAN_POINT('centre point',(-1.928300635239E-1,-8.099874776787E-12,
7.707315448118E-12));
#2742=DERIVED_UNIT_ELEMENT(#2741,2.E0);
#2743=DERIVED_UNIT((#2742));
#2744=MEASURE_REPRESENTATION_ITEM('surface area measure',AREA_MEASURE(
9.410527437054E1),#2743);
#2749=DERIVED_UNIT_ELEMENT(#2748,3.E0);
#2750=DERIVED_UNIT((#2749));
#2751=MEASURE_REPRESENTATION_ITEM('volume measure',VOLUME_MEASURE(
3.894942744827E1),#2750);
#2755=CARTESIAN_POINT('centre point',(-1.928300635239E-1,-8.099874776787E-12,
7.707315448118E-12));
#2765=CARTESIAN_POINT('centre point',(-1.928300635239E-1,7.707315458118E-12,
8.099874786787E-12));
#2769=CARTESIAN_POINT('',(0.E0,0.E0,0.E0));
#2770=DIRECTION('',(0.E0,1.E0,0.E0));
#2771=DIRECTION('',(1.E0,0.E0,0.E0));
#2772=AXIS2_PLACEMENT_3D('',#2769,#2770,#2771);
#2773=ITEM_DEFINED_TRANSFORMATION('','',#2709,#2772);
#2774=(REPRESENTATION_RELATIONSHIP('','',#2710,#2762)REPRESENTATION_RELATIONSHIP_WITH_TRANSFORMATION(#2773)SHAPE_REPRESENTATION_RELATIONSHIP());
#2775=CONTEXT_DEPENDENT_SHAPE_REPRESENTATION(#2774,#2764);
#2776=CARTESIAN_POINT('',(-2.275E0,0.E0,0.E0));
#2777=DIRECTION('',(1.E0,0.E0,0.E0));
#2778=DIRECTION('',(0.E0,-1.E0,0.E0));
#2779=AXIS2_PLACEMENT_3D('',#2776,#2777,#2778);
#2781=DIRECTION('',(-1.E0,0.E0,0.E0));
#2782=VECTOR('',#2781,3.5E-1);
#2783=CARTESIAN_POINT('',(-2.275E0,8.75E-1,0.E0));
#2784=LINE('',#2783,#2782);
#2785=CARTESIAN_POINT('',(-2.625E0,0.E0,0.E0));
#2786=DIRECTION('',(1.E0,0.E0,0.E0));
#2787=DIRECTION('',(0.E0,-1.E0,0.E0));
#2788=AXIS2_PLACEMENT_3D('',#2785,#2786,#2787);
#2790=DIRECTION('',(-1.E0,0.E0,0.E0));
#2791=VECTOR('',#2790,3.5E-1);
#2792=CARTESIAN_POINT('',(-2.275E0,-8.75E-1,0.E0));
#2793=LINE('',#2792,#2791);
#2794=CARTESIAN_POINT('',(-8.E-1,0.E0,0.E0));
#2795=DIRECTION('',(1.E0,0.E0,0.E0));
#2796=DIRECTION('',(0.E0,-1.E0,0.E0));
#2797=AXIS2_PLACEMENT_3D('',#2794,#2795,#2796);
#2799=DIRECTION('',(-1.E0,0.E0,0.E0));
#2800=VECTOR('',#2799,7.25E-1);
#2801=CARTESIAN_POINT('',(-8.E-1,8.75E-1,0.E0));
#2802=LINE('',#2801,#2800);
#2803=CARTESIAN_POINT('',(-1.525E0,0.E0,0.E0));
#2804=DIRECTION('',(1.E0,0.E0,0.E0));
#2805=DIRECTION('',(0.E0,-1.E0,0.E0));
#2806=AXIS2_PLACEMENT_3D('',#2803,#2804,#2805);
#2808=DIRECTION('',(-1.E0,0.E0,0.E0));
#2809=VECTOR('',#2808,7.25E-1);
#2810=CARTESIAN_POINT('',(-8.E-1,-8.75E-1,0.E0));
#2811=LINE('',#2810,#2809);
#2812=DIRECTION('',(-1.E0,0.E0,0.E0));
#2813=VECTOR('',#2812,4.E-1);
#2814=CARTESIAN_POINT('',(0.E0,8.75E-1,0.E0));
#2815=LINE('',#2814,#2813);
#2816=CARTESIAN_POINT('',(-4.E-1,0.E0,0.E0));
#2817=DIRECTION('',(1.E0,0.E0,0.E0));
#2818=DIRECTION('',(0.E0,-1.E0,0.E0));
#2819=AXIS2_PLACEMENT_3D('',#2816,#2817,#2818);
#2821=DIRECTION('',(-1.E0,0.E0,0.E0));
#2822=VECTOR('',#2821,4.E-1);
#2823=CARTESIAN_POINT('',(0.E0,-8.75E-1,0.E0));
#2824=LINE('',#2823,#2822);
#2825=CARTESIAN_POINT('',(0.E0,0.E0,0.E0));
#2826=DIRECTION('',(-1.E0,0.E0,0.E0));
#2827=DIRECTION('',(0.E0,1.E0,0.E0));
#2828=AXIS2_PLACEMENT_3D('',#2825,#2826,#2827);
#2830=DIRECTION('',(-1.E0,0.E0,0.E0));
#2831=VECTOR('',#2830,4.75E-1);
#2832=CARTESIAN_POINT('',(-3.375E0,8.75E-1,0.E0));
#2833=LINE('',#2832,#2831);
#2834=CARTESIAN_POINT('',(-3.85E0,0.E0,0.E0));
#2835=DIRECTION('',(1.E0,0.E0,0.E0));
#2836=DIRECTION('',(0.E0,-1.E0,0.E0));
#2837=AXIS2_PLACEMENT_3D('',#2834,#2835,#2836);
#2839=DIRECTION('',(-1.E0,0.E0,0.E0));
#2840=VECTOR('',#2839,4.75E-1);
#2841=CARTESIAN_POINT('',(-3.375E0,-8.75E-1,0.E0));
#2842=LINE('',#2841,#2840);
#2843=CARTESIAN_POINT('',(-3.375E0,0.E0,0.E0));
#2844=DIRECTION('',(1.E0,0.E0,0.E0));
#2845=DIRECTION('',(0.E0,-1.E0,0.E0));
#2846=AXIS2_PLACEMENT_3D('',#2843,#2844,#2845);
#2848=CARTESIAN_POINT('',(-4.5E0,0.E0,0.E0));
#2849=DIRECTION('',(-1.E0,0.E0,0.E0));
#2850=DIRECTION('',(0.E0,1.E0,0.E0));
#2851=AXIS2_PLACEMENT_3D('',#2848,#2849,#2850);
#2853=DIRECTION('',(-1.E0,2.345651450797E-11,-3.206176902551E-10));
#2854=VECTOR('',#2853,4.000000000094E-1);
#2855=CARTESIAN_POINT('',(-4.1E0,-8.75E-1,0.E0));
#2856=LINE('',#2855,#2854);
#2857=CARTESIAN_POINT('',(-4.1E0,0.E0,0.E0));
#2858=DIRECTION('',(1.E0,0.E0,0.E0));
#2859=DIRECTION('',(0.E0,-1.E0,0.E0));
#2860=AXIS2_PLACEMENT_3D('',#2857,#2858,#2859);
#2862=DIRECTION('',(-1.E0,-2.345734717524E-11,3.206179838244E-10));
#2863=VECTOR('',#2862,4.000000000094E-1);
#2864=CARTESIAN_POINT('',(-4.1E0,8.75E-1,0.E0));
#2865=LINE('',#2864,#2863);
#2866=CARTESIAN_POINT('',(-2.275E0,0.E0,0.E0));
#2867=DIRECTION('',(1.E0,0.E0,0.E0));
#2868=DIRECTION('',(0.E0,1.E0,0.E0));
#2869=AXIS2_PLACEMENT_3D('',#2866,#2867,#2868);
#2871=DIRECTION('',(1.E0,0.E0,0.E0));
#2872=VECTOR('',#2871,7.5E-1);
#2873=CARTESIAN_POINT('',(-2.275E0,5.E-1,0.E0));
#2874=LINE('',#2873,#2872);
#2875=CARTESIAN_POINT('',(-2.275E0,0.E0,0.E0));
#2876=DIRECTION('',(-1.E0,0.E0,0.E0));
#2877=DIRECTION('',(0.E0,1.E0,0.E0));
#2878=AXIS2_PLACEMENT_3D('',#2875,#2876,#2877);
#2880=DIRECTION('',(1.E0,0.E0,0.E0));
#2881=VECTOR('',#2880,7.5E-1);
#2882=CARTESIAN_POINT('',(-2.275E0,-5.E-1,0.E0));
#2883=LINE('',#2882,#2881);
#2884=CARTESIAN_POINT('',(-1.525E0,0.E0,0.E0));
#2885=DIRECTION('',(-1.E0,0.E0,0.E0));
#2886=DIRECTION('',(0.E0,1.E0,0.E0));
#2887=AXIS2_PLACEMENT_3D('',#2884,#2885,#2886);
#2889=CARTESIAN_POINT('',(-1.525E0,0.E0,0.E0));
#2890=DIRECTION('',(1.E0,0.E0,0.E0));
#2891=DIRECTION('',(0.E0,1.E0,0.E0));
#2892=AXIS2_PLACEMENT_3D('',#2889,#2890,#2891);
#2894=CARTESIAN_POINT('',(-2.275E0,0.E0,0.E0));
#2895=DIRECTION('',(1.E0,0.E0,0.E0));
#2896=DIRECTION('',(0.E0,1.E0,0.E0));
#2897=AXIS2_PLACEMENT_3D('',#2894,#2895,#2896);
#2899=CARTESIAN_POINT('',(-2.625E0,0.E0,0.E0));
#2900=DIRECTION('',(1.E0,0.E0,0.E0));
#2901=DIRECTION('',(0.E0,1.E0,0.E0));
#2902=AXIS2_PLACEMENT_3D('',#2899,#2900,#2901);
#2904=CARTESIAN_POINT('',(-8.E-1,0.E0,0.E0));
#2905=DIRECTION('',(1.E0,0.E0,0.E0));
#2906=DIRECTION('',(0.E0,1.E0,0.E0));
#2907=AXIS2_PLACEMENT_3D('',#2904,#2905,#2906);
#2909=CARTESIAN_POINT('',(-1.525E0,0.E0,0.E0));
#2910=DIRECTION('',(1.E0,0.E0,0.E0));
#2911=DIRECTION('',(0.E0,1.E0,0.E0));
#2912=AXIS2_PLACEMENT_3D('',#2909,#2910,#2911);
#2914=CARTESIAN_POINT('',(0.E0,0.E0,0.E0));
#2915=DIRECTION('',(1.E0,0.E0,0.E0));
#2916=DIRECTION('',(0.E0,1.E0,0.E0));
#2917=AXIS2_PLACEMENT_3D('',#2914,#2915,#2916);
#2919=CARTESIAN_POINT('',(-4.E-1,0.E0,0.E0));
#2920=DIRECTION('',(1.E0,0.E0,0.E0));
#2921=DIRECTION('',(0.E0,1.E0,0.E0));
#2922=AXIS2_PLACEMENT_3D('',#2919,#2920,#2921);
#2924=CARTESIAN_POINT('',(-3.375E0,0.E0,0.E0));
#2925=DIRECTION('',(1.E0,0.E0,0.E0));
#2926=DIRECTION('',(0.E0,1.E0,0.E0));
#2927=AXIS2_PLACEMENT_3D('',#2924,#2925,#2926);
#2929=CARTESIAN_POINT('',(-3.85E0,0.E0,0.E0));
#2930=DIRECTION('',(1.E0,0.E0,0.E0));
#2931=DIRECTION('',(0.E0,1.E0,0.E0));
#2932=AXIS2_PLACEMENT_3D('',#2929,#2930,#2931);
#2934=CARTESIAN_POINT('',(-4.5E0,0.E0,0.E0));
#2935=DIRECTION('',(-1.E0,0.E0,0.E0));
#2936=DIRECTION('',(0.E0,-1.E0,0.E0));
#2937=AXIS2_PLACEMENT_3D('',#2934,#2935,#2936);
#2939=CARTESIAN_POINT('',(-4.1E0,0.E0,0.E0));
#2940=DIRECTION('',(1.E0,0.E0,0.E0));
#2941=DIRECTION('',(0.E0,1.E0,0.E0));
#2942=AXIS2_PLACEMENT_3D('',#2939,#2940,#2941);
#2944=CARTESIAN_POINT('',(-2.625E0,0.E0,0.E0));
#2945=DIRECTION('',(-1.E0,0.E0,0.E0));
#2946=DIRECTION('',(0.E0,1.E0,0.E0));
#2947=AXIS2_PLACEMENT_3D('',#2944,#2945,#2946);
#2949=CARTESIAN_POINT('',(-2.625E0,0.E0,0.E0));
#2950=DIRECTION('',(1.E0,0.E0,0.E0));
#2951=DIRECTION('',(0.E0,1.E0,0.E0));
#2952=AXIS2_PLACEMENT_3D('',#2949,#2950,#2951);
#2954=DIRECTION('',(1.E0,0.E0,0.E0));
#2955=VECTOR('',#2954,7.5E-1);
#2956=CARTESIAN_POINT('',(-3.375E0,5.E-1,0.E0));
#2957=LINE('',#2956,#2955);
#2958=CARTESIAN_POINT('',(-3.375E0,0.E0,0.E0));
#2959=DIRECTION('',(-1.E0,0.E0,0.E0));
#2960=DIRECTION('',(0.E0,1.E0,0.E0));
#2961=AXIS2_PLACEMENT_3D('',#2958,#2959,#2960);
#2963=DIRECTION('',(1.E0,0.E0,0.E0));
#2964=VECTOR('',#2963,7.5E-1);
#2965=CARTESIAN_POINT('',(-3.375E0,-5.E-1,0.E0));
#2966=LINE('',#2965,#2964);
#2967=CARTESIAN_POINT('',(-3.375E0,0.E0,0.E0));
#2968=DIRECTION('',(1.E0,0.E0,0.E0));
#2969=DIRECTION('',(0.E0,1.E0,0.E0));
#2970=AXIS2_PLACEMENT_3D('',#2967,#2968,#2969);
#2972=CARTESIAN_POINT('',(-8.E-1,0.E0,0.E0));
#2973=DIRECTION('',(1.E0,0.E0,0.E0));
#2974=DIRECTION('',(0.E0,1.E0,0.E0));
#2975=AXIS2_PLACEMENT_3D('',#2972,#2973,#2974);
#2977=DIRECTION('',(1.E0,0.E0,0.E0));
#2978=VECTOR('',#2977,4.E-1);
#2979=CARTESIAN_POINT('',(-8.E-1,6.E-1,0.E0));
#2980=LINE('',#2979,#2978);
#2981=CARTESIAN_POINT('',(-8.E-1,0.E0,0.E0));
#2982=DIRECTION('',(-1.E0,0.E0,0.E0));
#2983=DIRECTION('',(0.E0,1.E0,0.E0));
#2984=AXIS2_PLACEMENT_3D('',#2981,#2982,#2983);
#2986=DIRECTION('',(1.E0,0.E0,0.E0));
#2987=VECTOR('',#2986,4.E-1);
#2988=CARTESIAN_POINT('',(-8.E-1,-6.E-1,0.E0));
#2989=LINE('',#2988,#2987);
#2990=CARTESIAN_POINT('',(-4.E-1,0.E0,0.E0));
#2991=DIRECTION('',(-1.E0,0.E0,0.E0));
#2992=DIRECTION('',(0.E0,1.E0,0.E0));
#2993=AXIS2_PLACEMENT_3D('',#2990,#2991,#2992);
#2995=CARTESIAN_POINT('',(-4.E-1,0.E0,0.E0));
#2996=DIRECTION('',(1.E0,0.E0,0.E0));
#2997=DIRECTION('',(0.E0,1.E0,0.E0));
#2998=AXIS2_PLACEMENT_3D('',#2995,#2996,#2997);
#3000=CARTESIAN_POINT('',(-3.85E0,0.E0,0.E0));
#3001=DIRECTION('',(-1.E0,0.E0,0.E0));
#3002=DIRECTION('',(0.E0,1.E0,0.E0));
#3003=AXIS2_PLACEMENT_3D('',#3000,#3001,#3002);
#3005=CARTESIAN_POINT('',(-3.85E0,0.E0,0.E0));
#3006=DIRECTION('',(1.E0,0.E0,0.E0));
#3007=DIRECTION('',(0.E0,1.E0,0.E0));
#3008=AXIS2_PLACEMENT_3D('',#3005,#3006,#3007);
#3010=DIRECTION('',(1.E0,0.E0,0.E0));
#3011=VECTOR('',#3010,2.5E-1);
#3012=CARTESIAN_POINT('',(-4.1E0,5.E-1,0.E0));
#3013=LINE('',#3012,#3011);
#3014=CARTESIAN_POINT('',(-4.1E0,0.E0,0.E0));
#3015=DIRECTION('',(-1.E0,0.E0,0.E0));
#3016=DIRECTION('',(0.E0,1.E0,0.E0));
#3017=AXIS2_PLACEMENT_3D('',#3014,#3015,#3016);
#3019=DIRECTION('',(1.E0,0.E0,0.E0));
#3020=VECTOR('',#3019,2.5E-1);
#3021=CARTESIAN_POINT('',(-4.1E0,-5.E-1,0.E0));
#3022=LINE('',#3021,#3020);
#3023=CARTESIAN_POINT('',(-4.1E0,0.E0,0.E0));
#3024=DIRECTION('',(1.E0,0.E0,0.E0));
#3025=DIRECTION('',(0.E0,1.E0,0.E0));
#3026=AXIS2_PLACEMENT_3D('',#3023,#3024,#3025);
#3028=DIRECTION('',(7.071067811865E-1,-7.071067811865E-1,1.640954904845E-10));
#3029=VECTOR('',#3028,1.414213562397E-1);
#3030=CARTESIAN_POINT('',(-4.600000000011E0,-7.749999999889E-1,
-1.514538403768E-10));
#3031=LINE('',#3030,#3029);
#3032=CARTESIAN_POINT('',(-4.6E0,0.E0,0.E0));
#3033=DIRECTION('',(-1.E0,0.E0,0.E0));
#3034=DIRECTION('',(0.E0,1.E0,0.E0));
#3035=AXIS2_PLACEMENT_3D('',#3032,#3033,#3034);
#3037=CARTESIAN_POINT('',(-4.6E0,0.E0,0.E0));
#3038=DIRECTION('',(-1.E0,0.E0,0.E0));
#3039=DIRECTION('',(0.E0,-1.E0,0.E0));
#3040=AXIS2_PLACEMENT_3D('',#3037,#3038,#3039);
#3042=DIRECTION('',(7.071067811865E-1,7.071067811865E-1,-1.640947921003E-10));
#3043=VECTOR('',#3042,1.414213562397E-1);
#3044=CARTESIAN_POINT('',(-4.600000000011E0,7.749999999889E-1,
1.514538087401E-10));
#3045=LINE('',#3044,#3043);
#3046=CARTESIAN_POINT('',(0.E0,8.75E-1,0.E0));
#3047=CARTESIAN_POINT('',(0.E0,-8.75E-1,0.E0));
#3048=VERTEX_POINT('',#3046);
#3049=VERTEX_POINT('',#3047);
#3050=CARTESIAN_POINT('',(-3.375E0,5.E-1,0.E0));
#3051=CARTESIAN_POINT('',(-2.625E0,5.E-1,0.E0));
#3052=VERTEX_POINT('',#3050);
#3053=VERTEX_POINT('',#3051);
#3054=CARTESIAN_POINT('',(-3.375E0,-5.E-1,0.E0));
#3055=CARTESIAN_POINT('',(-2.625E0,-5.E-1,0.E0));
#3056=VERTEX_POINT('',#3054);
#3057=VERTEX_POINT('',#3055);
#3058=CARTESIAN_POINT('',(-3.375E0,8.75E-1,0.E0));
#3059=CARTESIAN_POINT('',(-3.375E0,-8.75E-1,0.E0));
#3060=VERTEX_POINT('',#3058);
#3061=VERTEX_POINT('',#3059);
#3062=CARTESIAN_POINT('',(-2.625E0,8.75E-1,0.E0));
#3063=CARTESIAN_POINT('',(-2.625E0,-8.75E-1,0.E0));
#3064=VERTEX_POINT('',#3062);
#3065=VERTEX_POINT('',#3063);
#3066=CARTESIAN_POINT('',(-4.1E0,5.E-1,0.E0));
#3067=CARTESIAN_POINT('',(-3.85E0,5.E-1,0.E0));
#3068=VERTEX_POINT('',#3066);
#3069=VERTEX_POINT('',#3067);
#3070=CARTESIAN_POINT('',(-4.1E0,-5.E-1,0.E0));
#3071=CARTESIAN_POINT('',(-3.85E0,-5.E-1,0.E0));
#3072=VERTEX_POINT('',#3070);
#3073=VERTEX_POINT('',#3071);
#3074=CARTESIAN_POINT('',(-3.85E0,8.75E-1,0.E0));
#3075=VERTEX_POINT('',#3074);
#3076=CARTESIAN_POINT('',(-3.85E0,-8.75E-1,0.E0));
#3077=VERTEX_POINT('',#3076);
#3078=CARTESIAN_POINT('',(-8.E-1,8.75E-1,0.E0));
#3079=CARTESIAN_POINT('',(-8.E-1,-8.75E-1,0.E0));
#3080=VERTEX_POINT('',#3078);
#3081=VERTEX_POINT('',#3079);
#3082=CARTESIAN_POINT('',(-2.275E0,5.E-1,0.E0));
#3083=CARTESIAN_POINT('',(-1.525E0,5.E-1,0.E0));
#3084=VERTEX_POINT('',#3082);
#3085=VERTEX_POINT('',#3083);
#3086=CARTESIAN_POINT('',(-2.275E0,-5.E-1,0.E0));
#3087=CARTESIAN_POINT('',(-1.525E0,-5.E-1,0.E0));
#3088=VERTEX_POINT('',#3086);
#3089=VERTEX_POINT('',#3087);
#3090=CARTESIAN_POINT('',(-2.275E0,8.75E-1,0.E0));
#3091=CARTESIAN_POINT('',(-2.275E0,-8.75E-1,0.E0));
#3092=VERTEX_POINT('',#3090);
#3093=VERTEX_POINT('',#3091);
#3094=CARTESIAN_POINT('',(-1.525E0,8.75E-1,0.E0));
#3095=CARTESIAN_POINT('',(-1.525E0,-8.75E-1,0.E0));
#3096=VERTEX_POINT('',#3094);
#3097=VERTEX_POINT('',#3095);
#3098=CARTESIAN_POINT('',(-4.E-1,8.75E-1,0.E0));
#3099=VERTEX_POINT('',#3098);
#3100=CARTESIAN_POINT('',(-4.E-1,-8.75E-1,0.E0));
#3101=VERTEX_POINT('',#3100);
#3102=CARTESIAN_POINT('',(-4.1E0,8.75E-1,0.E0));
#3103=CARTESIAN_POINT('',(-4.1E0,-8.75E-1,0.E0));
#3104=VERTEX_POINT('',#3102);
#3105=VERTEX_POINT('',#3103);
#3106=CARTESIAN_POINT('',(-4.6E0,7.75E-1,0.E0));
#3107=CARTESIAN_POINT('',(-4.6E0,-7.75E-1,0.E0));
#3108=VERTEX_POINT('',#3106);
#3109=VERTEX_POINT('',#3107);
#3110=CARTESIAN_POINT('',(-4.5E0,8.75E-1,0.E0));
#3111=CARTESIAN_POINT('',(-4.5E0,-8.75E-1,0.E0));
#3112=VERTEX_POINT('',#3110);
#3113=VERTEX_POINT('',#3111);
#3114=CARTESIAN_POINT('',(-8.E-1,6.E-1,0.E0));
#3115=CARTESIAN_POINT('',(-4.E-1,6.E-1,0.E0));
#3116=VERTEX_POINT('',#3114);
#3117=VERTEX_POINT('',#3115);
#3118=CARTESIAN_POINT('',(-8.E-1,-6.E-1,0.E0));
#3119=CARTESIAN_POINT('',(-4.E-1,-6.E-1,0.E0));
#3120=VERTEX_POINT('',#3118);
#3121=VERTEX_POINT('',#3119);
#3122=CARTESIAN_POINT('',(0.E0,0.E0,0.E0));
#3123=DIRECTION('',(1.E0,0.E0,0.E0));
#3124=DIRECTION('',(0.E0,-1.E0,0.E0));
#3125=AXIS2_PLACEMENT_3D('',#3122,#3123,#3124);
#3126=PLANE('',#3125);
#3128=ORIENTED_EDGE('',*,*,#3127,.T.);
#3130=ORIENTED_EDGE('',*,*,#3129,.F.);
#3131=EDGE_LOOP('',(#3128,#3130));
#3132=FACE_OUTER_BOUND('',#3131,.F.);
#3134=CARTESIAN_POINT('',(-4.83E0,0.E0,0.E0));
#3135=DIRECTION('',(1.E0,0.E0,0.E0));
#3136=DIRECTION('',(0.E0,-1.E0,0.E0));
#3137=AXIS2_PLACEMENT_3D('',#3134,#3135,#3136);
#3138=CYLINDRICAL_SURFACE('',#3137,8.75E-1);
#3140=ORIENTED_EDGE('',*,*,#3139,.T.);
#3142=ORIENTED_EDGE('',*,*,#3141,.T.);
#3144=ORIENTED_EDGE('',*,*,#3143,.F.);
#3146=ORIENTED_EDGE('',*,*,#3145,.F.);
#3147=EDGE_LOOP('',(#3140,#3142,#3144,#3146));
#3148=FACE_OUTER_BOUND('',#3147,.F.);
#3150=CARTESIAN_POINT('',(-4.83E0,0.E0,0.E0));
#3151=DIRECTION('',(1.E0,0.E0,0.E0));
#3152=DIRECTION('',(0.E0,-1.E0,0.E0));
#3153=AXIS2_PLACEMENT_3D('',#3150,#3151,#3152);
#3154=CYLINDRICAL_SURFACE('',#3153,8.75E-1);
#3156=ORIENTED_EDGE('',*,*,#3155,.T.);
#3158=ORIENTED_EDGE('',*,*,#3157,.T.);
#3160=ORIENTED_EDGE('',*,*,#3159,.F.);
#3162=ORIENTED_EDGE('',*,*,#3161,.F.);
#3163=EDGE_LOOP('',(#3156,#3158,#3160,#3162));
#3164=FACE_OUTER_BOUND('',#3163,.F.);
#3166=CARTESIAN_POINT('',(-4.83E0,0.E0,0.E0));
#3167=DIRECTION('',(1.E0,0.E0,0.E0));
#3168=DIRECTION('',(0.E0,-1.E0,0.E0));
#3169=AXIS2_PLACEMENT_3D('',#3166,#3167,#3168);
#3170=CYLINDRICAL_SURFACE('',#3169,8.75E-1);
#3172=ORIENTED_EDGE('',*,*,#3171,.T.);
#3174=ORIENTED_EDGE('',*,*,#3173,.F.);
#3176=ORIENTED_EDGE('',*,*,#3175,.F.);
#3177=ORIENTED_EDGE('',*,*,#3127,.F.);
#3178=EDGE_LOOP('',(#3172,#3174,#3176,#3177));
#3179=FACE_OUTER_BOUND('',#3178,.F.);
#3181=CARTESIAN_POINT('',(-4.83E0,0.E0,0.E0));
#3182=DIRECTION('',(1.E0,0.E0,0.E0));
#3183=DIRECTION('',(0.E0,-1.E0,0.E0));
#3184=AXIS2_PLACEMENT_3D('',#3181,#3182,#3183);
#3185=CYLINDRICAL_SURFACE('',#3184,8.75E-1);
#3187=ORIENTED_EDGE('',*,*,#3186,.T.);
#3189=ORIENTED_EDGE('',*,*,#3188,.F.);
#3191=ORIENTED_EDGE('',*,*,#3190,.F.);
#3193=ORIENTED_EDGE('',*,*,#3192,.T.);
#3194=EDGE_LOOP('',(#3187,#3189,#3191,#3193));
#3195=FACE_OUTER_BOUND('',#3194,.F.);
#3197=CARTESIAN_POINT('',(-4.83E0,0.E0,0.E0));
#3198=DIRECTION('',(1.E0,0.E0,0.E0));
#3199=DIRECTION('',(0.E0,-1.E0,0.E0));
#3200=AXIS2_PLACEMENT_3D('',#3197,#3198,#3199);
#3201=CYLINDRICAL_SURFACE('',#3200,8.75E-1);
#3203=ORIENTED_EDGE('',*,*,#3202,.T.);
#3205=ORIENTED_EDGE('',*,*,#3204,.F.);
#3207=ORIENTED_EDGE('',*,*,#3206,.T.);
#3209=ORIENTED_EDGE('',*,*,#3208,.T.);
#3210=EDGE_LOOP('',(#3203,#3205,#3207,#3209));
#3211=FACE_OUTER_BOUND('',#3210,.F.);
#3213=CARTESIAN_POINT('',(-2.275E0,0.E0,0.E0));
#3214=DIRECTION('',(1.E0,0.E0,0.E0));
#3215=DIRECTION('',(0.E0,-1.E0,0.E0));
#3216=AXIS2_PLACEMENT_3D('',#3213,#3214,#3215);
#3217=PLANE('',#3216);
#3219=ORIENTED_EDGE('',*,*,#3218,.F.);
#3220=ORIENTED_EDGE('',*,*,#3139,.F.);
#3221=EDGE_LOOP('',(#3219,#3220));
#3222=FACE_OUTER_BOUND('',#3221,.F.);
#3224=ORIENTED_EDGE('',*,*,#3223,.T.);
#3226=ORIENTED_EDGE('',*,*,#3225,.F.);
#3227=EDGE_LOOP('',(#3224,#3226));
#3228=FACE_BOUND('',#3227,.F.);
#3230=CARTESIAN_POINT('',(-2.3125E0,0.E0,0.E0));
#3231=DIRECTION('',(1.E0,0.E0,0.E0));
#3232=DIRECTION('',(0.E0,-1.E0,0.E0));
#3233=AXIS2_PLACEMENT_3D('',#3230,#3231,#3232);
#3234=CYLINDRICAL_SURFACE('',#3233,5.E-1);
#3236=ORIENTED_EDGE('',*,*,#3235,.T.);
#3238=ORIENTED_EDGE('',*,*,#3237,.T.);
#3240=ORIENTED_EDGE('',*,*,#3239,.F.);
#3241=ORIENTED_EDGE('',*,*,#3223,.F.);
#3242=EDGE_LOOP('',(#3236,#3238,#3240,#3241));
#3243=FACE_OUTER_BOUND('',#3242,.F.);
#3245=CARTESIAN_POINT('',(-2.3125E0,0.E0,0.E0));
#3246=DIRECTION('',(1.E0,0.E0,0.E0));
#3247=DIRECTION('',(0.E0,-1.E0,0.E0));
#3248=AXIS2_PLACEMENT_3D('',#3245,#3246,#3247);
#3249=CYLINDRICAL_SURFACE('',#3248,5.E-1);
#3250=ORIENTED_EDGE('',*,*,#3235,.F.);
#3251=ORIENTED_EDGE('',*,*,#3225,.T.);
#3252=ORIENTED_EDGE('',*,*,#3239,.T.);
#3254=ORIENTED_EDGE('',*,*,#3253,.F.);
#3255=EDGE_LOOP('',(#3250,#3251,#3252,#3254));
#3256=FACE_OUTER_BOUND('',#3255,.F.);
#3258=CARTESIAN_POINT('',(-1.525E0,0.E0,0.E0));
#3259=DIRECTION('',(1.E0,0.E0,0.E0));
#3260=DIRECTION('',(0.E0,-1.E0,0.E0));
#3261=AXIS2_PLACEMENT_3D('',#3258,#3259,#3260);
#3262=PLANE('',#3261);
#3264=ORIENTED_EDGE('',*,*,#3263,.T.);
#3265=ORIENTED_EDGE('',*,*,#3159,.T.);
#3266=EDGE_LOOP('',(#3264,#3265));
#3267=FACE_OUTER_BOUND('',#3266,.F.);
#3268=ORIENTED_EDGE('',*,*,#3253,.T.);
#3269=ORIENTED_EDGE('',*,*,#3237,.F.);
#3270=EDGE_LOOP('',(#3268,#3269));
#3271=FACE_BOUND('',#3270,.F.);
#3273=CARTESIAN_POINT('',(-4.83E0,0.E0,0.E0));
#3274=DIRECTION('',(1.E0,0.E0,0.E0));
#3275=DIRECTION('',(0.E0,-1.E0,0.E0));
#3276=AXIS2_PLACEMENT_3D('',#3273,#3274,#3275);
#3277=CYLINDRICAL_SURFACE('',#3276,8.75E-1);
#3278=ORIENTED_EDGE('',*,*,#3218,.T.);
#3279=ORIENTED_EDGE('',*,*,#3145,.T.);
#3281=ORIENTED_EDGE('',*,*,#3280,.F.);
#3282=ORIENTED_EDGE('',*,*,#3141,.F.);
#3283=EDGE_LOOP('',(#3278,#3279,#3281,#3282));
#3284=FACE_OUTER_BOUND('',#3283,.F.);
#3286=CARTESIAN_POINT('',(-4.83E0,0.E0,0.E0));
#3287=DIRECTION('',(1.E0,0.E0,0.E0));
#3288=DIRECTION('',(0.E0,-1.E0,0.E0));
#3289=AXIS2_PLACEMENT_3D('',#3286,#3287,#3288);
#3290=CYLINDRICAL_SURFACE('',#3289,8.75E-1);
#3292=ORIENTED_EDGE('',*,*,#3291,.T.);
#3293=ORIENTED_EDGE('',*,*,#3161,.T.);
#3294=ORIENTED_EDGE('',*,*,#3263,.F.);
#3295=ORIENTED_EDGE('',*,*,#3157,.F.);
#3296=EDGE_LOOP('',(#3292,#3293,#3294,#3295));
#3297=FACE_OUTER_BOUND('',#3296,.F.);
#3299=CARTESIAN_POINT('',(-4.83E0,0.E0,0.E0));
#3300=DIRECTION('',(1.E0,0.E0,0.E0));
#3301=DIRECTION('',(0.E0,-1.E0,0.E0));
#3302=AXIS2_PLACEMENT_3D('',#3299,#3300,#3301);
#3303=CYLINDRICAL_SURFACE('',#3302,8.75E-1);
#3304=ORIENTED_EDGE('',*,*,#3171,.F.);
#3305=ORIENTED_EDGE('',*,*,#3129,.T.);
#3306=ORIENTED_EDGE('',*,*,#3175,.T.);
#3308=ORIENTED_EDGE('',*,*,#3307,.F.);
#3309=EDGE_LOOP('',(#3304,#3305,#3306,#3308));
#3310=FACE_OUTER_BOUND('',#3309,.F.);
#3312=CARTESIAN_POINT('',(-4.83E0,0.E0,0.E0));
#3313=DIRECTION('',(1.E0,0.E0,0.E0));
#3314=DIRECTION('',(0.E0,-1.E0,0.E0));
#3315=AXIS2_PLACEMENT_3D('',#3312,#3313,#3314);
#3316=CYLINDRICAL_SURFACE('',#3315,8.75E-1);
#3317=ORIENTED_EDGE('',*,*,#3186,.F.);
#3319=ORIENTED_EDGE('',*,*,#3318,.T.);
#3320=ORIENTED_EDGE('',*,*,#3190,.T.);
#3322=ORIENTED_EDGE('',*,*,#3321,.F.);
#3323=EDGE_LOOP('',(#3317,#3319,#3320,#3322));
#3324=FACE_OUTER_BOUND('',#3323,.F.);
#3326=CARTESIAN_POINT('',(-4.83E0,0.E0,0.E0));
#3327=DIRECTION('',(1.E0,0.E0,0.E0));
#3328=DIRECTION('',(0.E0,-1.E0,0.E0));
#3329=AXIS2_PLACEMENT_3D('',#3326,#3327,#3328);
#3330=CYLINDRICAL_SURFACE('',#3329,8.75E-1);
#3332=ORIENTED_EDGE('',*,*,#3331,.T.);
#3333=ORIENTED_EDGE('',*,*,#3208,.F.);
#3335=ORIENTED_EDGE('',*,*,#3334,.T.);
#3336=ORIENTED_EDGE('',*,*,#3204,.T.);
#3337=EDGE_LOOP('',(#3332,#3333,#3335,#3336));
#3338=FACE_OUTER_BOUND('',#3337,.F.);
#3340=CARTESIAN_POINT('',(-2.625E0,0.E0,0.E0));
#3341=DIRECTION('',(1.E0,0.E0,0.E0));
#3342=DIRECTION('',(0.E0,-1.E0,0.E0));
#3343=AXIS2_PLACEMENT_3D('',#3340,#3341,#3342);
#3344=PLANE('',#3343);
#3345=ORIENTED_EDGE('',*,*,#3280,.T.);
#3346=ORIENTED_EDGE('',*,*,#3143,.T.);
#3347=EDGE_LOOP('',(#3345,#3346));
#3348=FACE_OUTER_BOUND('',#3347,.F.);
#3350=ORIENTED_EDGE('',*,*,#3349,.T.);
#3352=ORIENTED_EDGE('',*,*,#3351,.F.);
#3353=EDGE_LOOP('',(#3350,#3352));
#3354=FACE_BOUND('',#3353,.F.);
#3356=CARTESIAN_POINT('',(-3.4125E0,0.E0,0.E0));
#3357=DIRECTION('',(1.E0,0.E0,0.E0));
#3358=DIRECTION('',(0.E0,-1.E0,0.E0));
#3359=AXIS2_PLACEMENT_3D('',#3356,#3357,#3358);
#3360=CYLINDRICAL_SURFACE('',#3359,5.E-1);
#3362=ORIENTED_EDGE('',*,*,#3361,.F.);
#3364=ORIENTED_EDGE('',*,*,#3363,.T.);
#3366=ORIENTED_EDGE('',*,*,#3365,.T.);
#3367=ORIENTED_EDGE('',*,*,#3349,.F.);
#3368=EDGE_LOOP('',(#3362,#3364,#3366,#3367));
#3369=FACE_OUTER_BOUND('',#3368,.F.);
#3371=CARTESIAN_POINT('',(-3.4125E0,0.E0,0.E0));
#3372=DIRECTION('',(1.E0,0.E0,0.E0));
#3373=DIRECTION('',(0.E0,-1.E0,0.E0));
#3374=AXIS2_PLACEMENT_3D('',#3371,#3372,#3373);
#3375=CYLINDRICAL_SURFACE('',#3374,5.E-1);
#3376=ORIENTED_EDGE('',*,*,#3361,.T.);
#3377=ORIENTED_EDGE('',*,*,#3351,.T.);
#3378=ORIENTED_EDGE('',*,*,#3365,.F.);
#3380=ORIENTED_EDGE('',*,*,#3379,.F.);
#3381=EDGE_LOOP('',(#3376,#3377,#3378,#3380));
#3382=FACE_OUTER_BOUND('',#3381,.F.);
#3384=CARTESIAN_POINT('',(-3.375E0,0.E0,0.E0));
#3385=DIRECTION('',(1.E0,0.E0,0.E0));
#3386=DIRECTION('',(0.E0,-1.E0,0.E0));
#3387=AXIS2_PLACEMENT_3D('',#3384,#3385,#3386);
#3388=PLANE('',#3387);
#3389=ORIENTED_EDGE('',*,*,#3318,.F.);
#3390=ORIENTED_EDGE('',*,*,#3192,.F.);
#3391=EDGE_LOOP('',(#3389,#3390));
#3392=FACE_OUTER_BOUND('',#3391,.F.);
#3393=ORIENTED_EDGE('',*,*,#3379,.T.);
#3394=ORIENTED_EDGE('',*,*,#3363,.F.);
#3395=EDGE_LOOP('',(#3393,#3394));
#3396=FACE_BOUND('',#3395,.F.);
#3398=CARTESIAN_POINT('',(-8.E-1,0.E0,0.E0));
#3399=DIRECTION('',(1.E0,0.E0,0.E0));
#3400=DIRECTION('',(0.E0,-1.E0,0.E0));
#3401=AXIS2_PLACEMENT_3D('',#3398,#3399,#3400);
#3402=PLANE('',#3401);
#3403=ORIENTED_EDGE('',*,*,#3291,.F.);
#3404=ORIENTED_EDGE('',*,*,#3155,.F.);
#3405=EDGE_LOOP('',(#3403,#3404));
#3406=FACE_OUTER_BOUND('',#3405,.F.);
#3408=ORIENTED_EDGE('',*,*,#3407,.T.);
#3410=ORIENTED_EDGE('',*,*,#3409,.F.);
#3411=EDGE_LOOP('',(#3408,#3410));
#3412=FACE_BOUND('',#3411,.F.);
#3414=CARTESIAN_POINT('',(-8.4E-1,0.E0,0.E0));
#3415=DIRECTION('',(1.E0,0.E0,0.E0));
#3416=DIRECTION('',(0.E0,-1.E0,0.E0));
#3417=AXIS2_PLACEMENT_3D('',#3414,#3415,#3416);
#3418=CYLINDRICAL_SURFACE('',#3417,6.E-1);
#3420=ORIENTED_EDGE('',*,*,#3419,.T.);
#3422=ORIENTED_EDGE('',*,*,#3421,.T.);
#3424=ORIENTED_EDGE('',*,*,#3423,.F.);
#3425=ORIENTED_EDGE('',*,*,#3407,.F.);
#3426=EDGE_LOOP('',(#3420,#3422,#3424,#3425));
#3427=FACE_OUTER_BOUND('',#3426,.F.);
#3429=CARTESIAN_POINT('',(-8.4E-1,0.E0,0.E0));
#3430=DIRECTION('',(1.E0,0.E0,0.E0));
#3431=DIRECTION('',(0.E0,-1.E0,0.E0));
#3432=AXIS2_PLACEMENT_3D('',#3429,#3430,#3431);
#3433=CYLINDRICAL_SURFACE('',#3432,6.E-1);
#3434=ORIENTED_EDGE('',*,*,#3419,.F.);
#3435=ORIENTED_EDGE('',*,*,#3409,.T.);
#3436=ORIENTED_EDGE('',*,*,#3423,.T.);
#3438=ORIENTED_EDGE('',*,*,#3437,.F.);
#3439=EDGE_LOOP('',(#3434,#3435,#3436,#3438));
#3440=FACE_OUTER_BOUND('',#3439,.F.);
#3442=CARTESIAN_POINT('',(-4.E-1,0.E0,0.E0));
#3443=DIRECTION('',(1.E0,0.E0,0.E0));
#3444=DIRECTION('',(0.E0,-1.E0,0.E0));
#3445=AXIS2_PLACEMENT_3D('',#3442,#3443,#3444);
#3446=PLANE('',#3445);
#3447=ORIENTED_EDGE('',*,*,#3307,.T.);
#3448=ORIENTED_EDGE('',*,*,#3173,.T.);
#3449=EDGE_LOOP('',(#3447,#3448));
#3450=FACE_OUTER_BOUND('',#3449,.F.);
#3451=ORIENTED_EDGE('',*,*,#3437,.T.);
#3452=ORIENTED_EDGE('',*,*,#3421,.F.);
#3453=EDGE_LOOP('',(#3451,#3452));
#3454=FACE_BOUND('',#3453,.F.);
#3456=CARTESIAN_POINT('',(-3.85E0,0.E0,0.E0));
#3457=DIRECTION('',(1.E0,0.E0,0.E0));
#3458=DIRECTION('',(0.E0,-1.E0,0.E0));
#3459=AXIS2_PLACEMENT_3D('',#3456,#3457,#3458);
#3460=PLANE('',#3459);
#3461=ORIENTED_EDGE('',*,*,#3321,.T.);
#3462=ORIENTED_EDGE('',*,*,#3188,.T.);
#3463=EDGE_LOOP('',(#3461,#3462));
#3464=FACE_OUTER_BOUND('',#3463,.F.);
#3466=ORIENTED_EDGE('',*,*,#3465,.T.);
#3468=ORIENTED_EDGE('',*,*,#3467,.F.);
#3469=EDGE_LOOP('',(#3466,#3468));
#3470=FACE_BOUND('',#3469,.F.);
#3472=CARTESIAN_POINT('',(-4.1125E0,0.E0,0.E0));
#3473=DIRECTION('',(1.E0,0.E0,0.E0));
#3474=DIRECTION('',(0.E0,-1.E0,0.E0));
#3475=AXIS2_PLACEMENT_3D('',#3472,#3473,#3474);
#3476=CYLINDRICAL_SURFACE('',#3475,5.E-1);
#3478=ORIENTED_EDGE('',*,*,#3477,.F.);
#3480=ORIENTED_EDGE('',*,*,#3479,.T.);
#3482=ORIENTED_EDGE('',*,*,#3481,.T.);
#3483=ORIENTED_EDGE('',*,*,#3465,.F.);
#3484=EDGE_LOOP('',(#3478,#3480,#3482,#3483));
#3485=FACE_OUTER_BOUND('',#3484,.F.);
#3487=CARTESIAN_POINT('',(-4.1125E0,0.E0,0.E0));
#3488=DIRECTION('',(1.E0,0.E0,0.E0));
#3489=DIRECTION('',(0.E0,-1.E0,0.E0));
#3490=AXIS2_PLACEMENT_3D('',#3487,#3488,#3489);
#3491=CYLINDRICAL_SURFACE('',#3490,5.E-1);
#3492=ORIENTED_EDGE('',*,*,#3477,.T.);
#3493=ORIENTED_EDGE('',*,*,#3467,.T.);
#3494=ORIENTED_EDGE('',*,*,#3481,.F.);
#3496=ORIENTED_EDGE('',*,*,#3495,.F.);
#3497=EDGE_LOOP('',(#3492,#3493,#3494,#3496));
#3498=FACE_OUTER_BOUND('',#3497,.F.);
#3500=CARTESIAN_POINT('',(-4.1E0,0.E0,0.E0));
#3501=DIRECTION('',(1.E0,0.E0,0.E0));
#3502=DIRECTION('',(0.E0,-1.E0,0.E0));
#3503=AXIS2_PLACEMENT_3D('',#3500,#3501,#3502);
#3504=PLANE('',#3503);
#3505=ORIENTED_EDGE('',*,*,#3334,.F.);
#3506=ORIENTED_EDGE('',*,*,#3206,.F.);
#3507=EDGE_LOOP('',(#3505,#3506));
#3508=FACE_OUTER_BOUND('',#3507,.F.);
#3509=ORIENTED_EDGE('',*,*,#3495,.T.);
#3510=ORIENTED_EDGE('',*,*,#3479,.F.);
#3511=EDGE_LOOP('',(#3509,#3510));
#3512=FACE_BOUND('',#3511,.F.);
#3514=CARTESIAN_POINT('',(-4.550000000011E0,0.E0,0.E0));
#3515=DIRECTION('',(1.E0,0.E0,0.E0));
#3516=DIRECTION('',(0.E0,0.E0,-1.E0));
#3517=AXIS2_PLACEMENT_3D('',#3514,#3515,#3516);
#3518=CONICAL_SURFACE('',#3517,8.249999999893E-1,4.5E1);
#3520=ORIENTED_EDGE('',*,*,#3519,.T.);
#3522=ORIENTED_EDGE('',*,*,#3521,.T.);
#3523=ORIENTED_EDGE('',*,*,#3331,.F.);
#3525=ORIENTED_EDGE('',*,*,#3524,.F.);
#3526=EDGE_LOOP('',(#3520,#3522,#3523,#3525));
#3527=FACE_OUTER_BOUND('',#3526,.F.);
#3529=CARTESIAN_POINT('',(-4.6E0,0.E0,0.E0));
#3530=DIRECTION('',(1.E0,0.E0,0.E0));
#3531=DIRECTION('',(0.E0,-1.E0,0.E0));
#3532=AXIS2_PLACEMENT_3D('',#3529,#3530,#3531);
#3533=PLANE('',#3532);
#3535=ORIENTED_EDGE('',*,*,#3534,.F.);
#3536=ORIENTED_EDGE('',*,*,#3519,.F.);
#3537=EDGE_LOOP('',(#3535,#3536));
#3538=FACE_OUTER_BOUND('',#3537,.F.);
#3540=CARTESIAN_POINT('',(-4.550000000011E0,0.E0,0.E0));
#3541=DIRECTION('',(1.E0,0.E0,0.E0));
#3542=DIRECTION('',(0.E0,0.E0,-1.E0));
#3543=AXIS2_PLACEMENT_3D('',#3540,#3541,#3542);
#3544=CONICAL_SURFACE('',#3543,8.249999999893E-1,4.5E1);
#3545=ORIENTED_EDGE('',*,*,#3534,.T.);
#3546=ORIENTED_EDGE('',*,*,#3524,.T.);
#3547=ORIENTED_EDGE('',*,*,#3202,.F.);
#3548=ORIENTED_EDGE('',*,*,#3521,.F.);
#3549=EDGE_LOOP('',(#3545,#3546,#3547,#3548));
#3550=FACE_OUTER_BOUND('',#3549,.F.);
#3556=PLANE_ANGLE_MEASURE_WITH_UNIT(PLANE_ANGLE_MEASURE(1.745329251994E-2),
#3555);
#3557=(CONVERSION_BASED_UNIT('DEGREE',#3556)NAMED_UNIT(*)PLANE_ANGLE_UNIT());
#3559=UNCERTAINTY_MEASURE_WITH_UNIT(LENGTH_MEASURE(5.223883291927E-4),#3554,
'distance_accuracy_value',
'Maximum model space distance between geometric entities at asserted connectivities');
#3561=CARTESIAN_POINT('',(0.E0,0.E0,0.E0));
#3562=DIRECTION('',(0.E0,0.E0,1.E0));
#3563=DIRECTION('',(1.E0,0.E0,0.E0));
#3566=PRODUCT_CONTEXT('',#2711,'mechanical');
#3567=PRODUCT('502-0005','502-0005','NOT SPECIFIED',(#3566));
#3568=PRODUCT_DEFINITION_FORMATION('68','LAST_VERSION',#3567);
#3576=DERIVED_UNIT_ELEMENT(#3575,2.E0);
#3577=DERIVED_UNIT((#3576));
#3578=MEASURE_REPRESENTATION_ITEM('surface area measure',AREA_MEASURE(
3.721874737461E1),#3577);
#3583=DERIVED_UNIT_ELEMENT(#3582,3.E0);
#3584=DERIVED_UNIT((#3583));
#3585=MEASURE_REPRESENTATION_ITEM('volume measure',VOLUME_MEASURE(
7.693334991616E0),#3584);
#3589=CARTESIAN_POINT('centre point',(-2.269298592346E0,0.E0,0.E0));
#3594=DERIVED_UNIT_ELEMENT(#3593,2.E0);
#3595=DERIVED_UNIT((#3594));
#3596=MEASURE_REPRESENTATION_ITEM('surface area measure',AREA_MEASURE(
3.721874737461E1),#3595);
#3601=DERIVED_UNIT_ELEMENT(#3600,3.E0);
#3602=DERIVED_UNIT((#3601));
#3603=MEASURE_REPRESENTATION_ITEM('volume measure',VOLUME_MEASURE(
7.693334991616E0),#3602);
#3607=CARTESIAN_POINT('centre point',(-2.269298592346E0,0.E0,0.E0));
#3614=CARTESIAN_POINT('centre point',(-2.269298592346E0,0.E0,0.E0));
#3618=CARTESIAN_POINT('',(0.E0,0.E0,0.E0));
#3619=DIRECTION('',(0.E0,0.E0,1.E0));
#3620=DIRECTION('',(1.E0,0.E0,0.E0));
#3621=AXIS2_PLACEMENT_3D('',#3618,#3619,#3620);
#3622=ITEM_DEFINED_TRANSFORMATION('','',#3564,#3621);
#3623=(REPRESENTATION_RELATIONSHIP('','',#3565,#2762)REPRESENTATION_RELATIONSHIP_WITH_TRANSFORMATION(#3622)SHAPE_REPRESENTATION_RELATIONSHIP());
#3624=CONTEXT_DEPENDENT_SHAPE_REPRESENTATION(#3623,#3613);
#3627=PLANE_ANGLE_MEASURE_WITH_UNIT(PLANE_ANGLE_MEASURE(1.745329251994E-2),
#3626);
#3628=(CONVERSION_BASED_UNIT('DEGREE',#3627)NAMED_UNIT(*)PLANE_ANGLE_UNIT());
#3630=UNCERTAINTY_MEASURE_WITH_UNIT(LENGTH_MEASURE(1.001901832562E-3),#3625,
'distance_accuracy_value',
'Maximum model space distance between geometric entities at asserted connectivities');
#3632=CARTESIAN_POINT('',(0.E0,0.E0,0.E0));
#3633=DIRECTION('',(0.E0,0.E0,1.E0));
#3634=DIRECTION('',(1.E0,0.E0,0.E0));
#3636=MECHANICAL_DESIGN_GEOMETRIC_PRESENTATION_REPRESENTATION('',(#26,#33,#41,
#48,#56,#64,#72,#80,#88,#96,#129,#136,#144,#152,#162,#169,#179,#195,#228,#235,
#243,#251,#261,#277,#287,#294,#302,#340,#347,#357,#390,#400,#408,#446,#467,#505,
#526,#534,#542,#563,#570,#586,#594,#602,#640,#647,#657,#690,#700,#721,#728,#744,
#752,#760,#768,#775,#783,#790,#798,#806,#813,#820,#828,#836,#844,#851,#859,#866,
#874,#882,#889,#896,#904,#912,#920,#928,#935,#942,#17),#3631);
#3637=PRODUCT_DEFINITION_CONTEXT('part definition',#2711,'design');
#3638=PRODUCT_CONTEXT('',#2711,'mechanical');
#3639=PRODUCT('400-0015_ASM','400-0015_ASM','NOT SPECIFIED',(#3638));
#3640=PRODUCT_DEFINITION_FORMATION('69','LAST_VERSION',#3639);
#3643=DERIVED_UNIT_ELEMENT(#3642,2.E0);
#3644=DERIVED_UNIT((#3643));
#3645=MEASURE_REPRESENTATION_ITEM('surface area measure',AREA_MEASURE(
1.313240217452E2),#3644);
#3650=DERIVED_UNIT_ELEMENT(#3649,3.E0);
#3651=DERIVED_UNIT((#3650));
#3652=MEASURE_REPRESENTATION_ITEM('volume measure',VOLUME_MEASURE(
4.664276243988E1),#3651);
#3656=CARTESIAN_POINT('centre point',(-5.353262441986E-1,6.436055946244E-12,
6.763874184943E-12));
#3660=PRODUCT_RELATED_PRODUCT_CATEGORY('part','',(#3639,#2715,#3567));
#1=DRAUGHTING_PRE_DEFINED_COLOUR('green');
#2=COLOUR_RGB('',1.1E-2,1.2E-2,1.E0);
#3=COLOUR_RGB('',1.7E-1,1.5E-1,2.35294E-1);
#4=COLOUR_RGB('',4.1E-1,2.61589E-1,1.12848E-1);
#5=COLOUR_RGB('',5.04854E-1,1.5455E-2,1.5455E-2);
#6=COLOUR_RGB('',6.35294E-1,6.86275E-1,7.4902E-1);
#7=COLOUR_RGB('',6.40777E-1,6.40777E-1,6.40777E-1);
#8=COLOUR_RGB('',6.69062E-1,6.69903E-1,6.55217E-1);
#9=COLOUR_RGB('',8.23529E-1,7.05882E-1,4.31373E-1);
#10=COLOUR_RGB('',9.21569E-1,7.05882E-1,4.70588E-1);
#11=DRAUGHTING_PRE_DEFINED_COLOUR('red');
#12=DRAUGHTING_PRE_DEFINED_COLOUR('yellow');
#13=COLOUR_RGB('',1.E0,1.E0,5.3E-1);
#14=COLOUR_RGB('',1.E0,1.E0,9.49E-1);
#15=DRAUGHTING_PRE_DEFINED_COLOUR('white');
#16=COLOUR_RGB('',6.66667E-1,6.66667E-1,6.66667E-1);
#22=CIRCLE('',#21,2.E0);
#38=CIRCLE('',#37,2.E0);
#53=CIRCLE('',#52,8.75E-1);
#61=CIRCLE('',#60,8.75E-1);
#69=CIRCLE('',#68,6.380912986962E-1);
#77=CIRCLE('',#76,6.380912986962E-1);
#85=CIRCLE('',#84,6.380912986962E-1);
#93=CIRCLE('',#92,6.380912986962E-1);
#126=B_SPLINE_CURVE_WITH_KNOTS('',3,(#97,#98,#99,#100,#101,#102,#103,#104,#105,
#106,#107,#108,#109,#110,#111,#112,#113,#114,#115,#116,#117,#118,#119,#120,#121,
#122,#123,#124,#125),.UNSPECIFIED.,.F.,.F.,(4,1,1,1,1,1,1,1,1,1,1,1,1,1,1,1,1,1,
1,1,1,1,1,1,1,1,4),(0.E0,3.846153846154E-2,7.692307692308E-2,1.153846153846E-1,
1.538461538462E-1,1.923076923077E-1,2.307692307692E-1,2.692307692308E-1,
3.076923076923E-1,3.461538461538E-1,3.846153846154E-1,4.230769230769E-1,
4.615384615385E-1,5.E-1,5.384615384615E-1,5.769230769231E-1,6.153846153846E-1,
6.538461538462E-1,6.923076923077E-1,7.307692307692E-1,7.692307692308E-1,
8.076923076923E-1,8.461538461538E-1,8.846153846154E-1,9.230769230769E-1,
9.615384615385E-1,1.E0),.UNSPECIFIED.);
#141=CIRCLE('',#140,2.E-1);
#149=CIRCLE('',#148,2.E-1);
#159=B_SPLINE_CURVE_WITH_KNOTS('',3,(#153,#154,#155,#156,#157,#158),
.UNSPECIFIED.,.F.,.F.,(4,1,1,4),(0.E0,3.333333333333E-1,6.666666666667E-1,1.E0),
.UNSPECIFIED.);
#176=B_SPLINE_CURVE_WITH_KNOTS('',3,(#170,#171,#172,#173,#174,#175),
.UNSPECIFIED.,.F.,.F.,(4,1,1,4),(0.E0,3.333333333333E-1,6.666666666667E-1,1.E0),
.UNSPECIFIED.);
#192=B_SPLINE_CURVE_WITH_KNOTS('',3,(#180,#181,#182,#183,#184,#185,#186,#187,
#188,#189,#190,#191),.UNSPECIFIED.,.F.,.F.,(4,1,1,1,1,1,1,1,1,4),(0.E0,
1.111111111111E-1,2.222222222222E-1,3.333333333333E-1,4.444444444444E-1,
5.555555555556E-1,6.666666666667E-1,7.777777777778E-1,8.888888888889E-1,1.E0),
.UNSPECIFIED.);
#225=B_SPLINE_CURVE_WITH_KNOTS('',3,(#196,#197,#198,#199,#200,#201,#202,#203,
#204,#205,#206,#207,#208,#209,#210,#211,#212,#213,#214,#215,#216,#217,#218,#219,
#220,#221,#222,#223,#224),.UNSPECIFIED.,.F.,.F.,(4,1,1,1,1,1,1,1,1,1,1,1,1,1,1,
1,1,1,1,1,1,1,1,1,1,1,4),(0.E0,3.846153846154E-2,7.692307692308E-2,
1.153846153846E-1,1.538461538462E-1,1.923076923077E-1,2.307692307692E-1,
2.692307692308E-1,3.076923076923E-1,3.461538461538E-1,3.846153846154E-1,
4.230769230769E-1,4.615384615385E-1,5.E-1,5.384615384615E-1,5.769230769231E-1,
6.153846153846E-1,6.538461538462E-1,6.923076923077E-1,7.307692307692E-1,
7.692307692308E-1,8.076923076923E-1,8.461538461538E-1,8.846153846154E-1,
9.230769230769E-1,9.615384615385E-1,1.E0),.UNSPECIFIED.);
#240=CIRCLE('',#239,2.E-1);
#248=CIRCLE('',#247,2.E-1);
#258=B_SPLINE_CURVE_WITH_KNOTS('',3,(#252,#253,#254,#255,#256,#257),
.UNSPECIFIED.,.F.,.F.,(4,1,1,4),(0.E0,3.333333333333E-1,6.666666666667E-1,1.E0),
.UNSPECIFIED.);
#274=B_SPLINE_CURVE_WITH_KNOTS('',3,(#262,#263,#264,#265,#266,#267,#268,#269,
#270,#271,#272,#273),.UNSPECIFIED.,.F.,.F.,(4,1,1,1,1,1,1,1,1,4),(0.E0,
1.111111111111E-1,2.222222222222E-1,3.333333333333E-1,4.444444444444E-1,
5.555555555556E-1,6.666666666667E-1,7.777777777778E-1,8.888888888889E-1,1.E0),
.UNSPECIFIED.);
#284=B_SPLINE_CURVE_WITH_KNOTS('',3,(#278,#279,#280,#281,#282,#283),
.UNSPECIFIED.,.F.,.F.,(4,1,1,4),(0.E0,3.333333333333E-1,6.666666666667E-1,1.E0),
.UNSPECIFIED.);
#299=CIRCLE('',#298,1.999996035613E-1);
#337=B_SPLINE_CURVE_WITH_KNOTS('',3,(#303,#304,#305,#306,#307,#308,#309,#310,
#311,#312,#313,#314,#315,#316,#317,#318,#319,#320,#321,#322,#323,#324,#325,#326,
#327,#328,#329,#330,#331,#332,#333,#334,#335,#336),.UNSPECIFIED.,.F.,.F.,(4,1,1,
1,1,1,1,1,1,1,1,1,1,1,1,1,1,1,1,1,1,1,1,1,1,1,1,1,1,1,1,4),(0.E0,
3.225806451613E-2,6.451612903226E-2,9.677419354839E-2,1.290322580645E-1,
1.612903225806E-1,1.935483870968E-1,2.258064516129E-1,2.580645161290E-1,
2.903225806452E-1,3.225806451613E-1,3.548387096774E-1,3.870967741935E-1,
4.193548387097E-1,4.516129032258E-1,4.838709677419E-1,5.161290322581E-1,
5.483870967742E-1,5.806451612903E-1,6.129032258065E-1,6.451612903226E-1,
6.774193548387E-1,7.096774193548E-1,7.419354838710E-1,7.741935483871E-1,
8.064516129032E-1,8.387096774194E-1,8.709677419355E-1,9.032258064516E-1,
9.354838709677E-1,9.677419354839E-1,1.E0),.UNSPECIFIED.);
#354=B_SPLINE_CURVE_WITH_KNOTS('',3,(#348,#349,#350,#351,#352,#353),
.UNSPECIFIED.,.F.,.F.,(4,1,1,4),(0.E0,3.333333333333E-1,6.666666666667E-1,1.E0),
.UNSPECIFIED.);
#387=B_SPLINE_CURVE_WITH_KNOTS('',3,(#358,#359,#360,#361,#362,#363,#364,#365,
#366,#367,#368,#369,#370,#371,#372,#373,#374,#375,#376,#377,#378,#379,#380,#381,
#382,#383,#384,#385,#386),.UNSPECIFIED.,.F.,.F.,(4,1,1,1,1,1,1,1,1,1,1,1,1,1,1,
1,1,1,1,1,1,1,1,1,1,1,4),(0.E0,3.846153846154E-2,7.692307692308E-2,
1.153846153846E-1,1.538461538462E-1,1.923076923077E-1,2.307692307692E-1,
2.692307692308E-1,3.076923076923E-1,3.461538461538E-1,3.846153846154E-1,
4.230769230769E-1,4.615384615385E-1,5.E-1,5.384615384615E-1,5.769230769231E-1,
6.153846153846E-1,6.538461538462E-1,6.923076923077E-1,7.307692307692E-1,
7.692307692308E-1,8.076923076923E-1,8.461538461538E-1,8.846153846154E-1,
9.230769230769E-1,9.615384615385E-1,1.E0),.UNSPECIFIED.);
#397=B_SPLINE_CURVE_WITH_KNOTS('',3,(#391,#392,#393,#394,#395,#396),
.UNSPECIFIED.,.F.,.F.,(4,1,1,4),(0.E0,3.333333333333E-1,6.666666666667E-1,1.E0),
.UNSPECIFIED.);
#405=CIRCLE('',#404,2.000019199588E-1);
#443=B_SPLINE_CURVE_WITH_KNOTS('',3,(#409,#410,#411,#412,#413,#414,#415,#416,
#417,#418,#419,#420,#421,#422,#423,#424,#425,#426,#427,#428,#429,#430,#431,#432,
#433,#434,#435,#436,#437,#438,#439,#440,#441,#442),.UNSPECIFIED.,.F.,.F.,(4,1,1,
1,1,1,1,1,1,1,1,1,1,1,1,1,1,1,1,1,1,1,1,1,1,1,1,1,1,1,1,4),(0.E0,
3.225806451613E-2,6.451612903226E-2,9.677419354839E-2,1.290322580645E-1,
1.612903225806E-1,1.935483870968E-1,2.258064516129E-1,2.580645161290E-1,
2.903225806452E-1,3.225806451613E-1,3.548387096774E-1,3.870967741935E-1,
4.193548387097E-1,4.516129032258E-1,4.838709677419E-1,5.161290322581E-1,
5.483870967742E-1,5.806451612903E-1,6.129032258065E-1,6.451612903226E-1,
6.774193548387E-1,7.096774193548E-1,7.419354838710E-1,7.741935483871E-1,
8.064516129032E-1,8.387096774194E-1,8.709677419355E-1,9.032258064516E-1,
9.354838709677E-1,9.677419354839E-1,1.E0),.UNSPECIFIED.);
#464=B_SPLINE_CURVE_WITH_KNOTS('',3,(#447,#448,#449,#450,#451,#452,#453,#454,
#455,#456,#457,#458,#459,#460,#461,#462,#463),.UNSPECIFIED.,.F.,.F.,(4,1,1,1,1,
1,1,1,1,1,1,1,1,1,4),(0.E0,7.142857142857E-2,1.428571428571E-1,
2.142857142857E-1,2.857142857143E-1,3.571428571429E-1,4.285714285714E-1,5.E-1,
5.714285714286E-1,6.428571428571E-1,7.142857142857E-1,7.857142857143E-1,
8.571428571429E-1,9.285714285714E-1,1.E0),.UNSPECIFIED.);
#502=B_SPLINE_CURVE_WITH_KNOTS('',3,(#468,#469,#470,#471,#472,#473,#474,#475,
#476,#477,#478,#479,#480,#481,#482,#483,#484,#485,#486,#487,#488,#489,#490,#491,
#492,#493,#494,#495,#496,#497,#498,#499,#500,#501),.UNSPECIFIED.,.F.,.F.,(4,1,1,
1,1,1,1,1,1,1,1,1,1,1,1,1,1,1,1,1,1,1,1,1,1,1,1,1,1,1,1,4),(0.E0,
3.225806451613E-2,6.451612903226E-2,9.677419354839E-2,1.290322580645E-1,
1.612903225806E-1,1.935483870968E-1,2.258064516129E-1,2.580645161290E-1,
2.903225806452E-1,3.225806451613E-1,3.548387096774E-1,3.870967741935E-1,
4.193548387097E-1,4.516129032258E-1,4.838709677419E-1,5.161290322581E-1,
5.483870967742E-1,5.806451612903E-1,6.129032258065E-1,6.451612903226E-1,
6.774193548387E-1,7.096774193548E-1,7.419354838710E-1,7.741935483871E-1,
8.064516129032E-1,8.387096774194E-1,8.709677419355E-1,9.032258064516E-1,
9.354838709677E-1,9.677419354839E-1,1.E0),.UNSPECIFIED.);
#523=B_SPLINE_CURVE_WITH_KNOTS('',3,(#506,#507,#508,#509,#510,#511,#512,#513,
#514,#515,#516,#517,#518,#519,#520,#521,#522),.UNSPECIFIED.,.F.,.F.,(4,1,1,1,1,
1,1,1,1,1,1,1,1,1,4),(0.E0,7.142857142857E-2,1.428571428571E-1,
2.142857142857E-1,2.857142857143E-1,3.571428571429E-1,4.285714285714E-1,5.E-1,
5.714285714286E-1,6.428571428571E-1,7.142857142857E-1,7.857142857143E-1,
8.571428571429E-1,9.285714285714E-1,1.E0),.UNSPECIFIED.);
#531=CIRCLE('',#530,2.000019199588E-1);
#539=CIRCLE('',#538,2.000019201050E-1);
#560=B_SPLINE_CURVE_WITH_KNOTS('',3,(#543,#544,#545,#546,#547,#548,#549,#550,
#551,#552,#553,#554,#555,#556,#557,#558,#559),.UNSPECIFIED.,.F.,.F.,(4,1,1,1,1,
1,1,1,1,1,1,1,1,1,4),(0.E0,7.142857142857E-2,1.428571428571E-1,
2.142857142857E-1,2.857142857143E-1,3.571428571429E-1,4.285714285714E-1,5.E-1,
5.714285714286E-1,6.428571428571E-1,7.142857142857E-1,7.857142857143E-1,
8.571428571429E-1,9.285714285714E-1,1.E0),.UNSPECIFIED.);
#583=B_SPLINE_CURVE_WITH_KNOTS('',3,(#571,#572,#573,#574,#575,#576,#577,#578,
#579,#580,#581,#582),.UNSPECIFIED.,.F.,.F.,(4,1,1,1,1,1,1,1,1,4),(0.E0,
1.111111111111E-1,2.222222222222E-1,3.333333333333E-1,4.444444444444E-1,
5.555555555556E-1,6.666666666667E-1,7.777777777778E-1,8.888888888889E-1,1.E0),
.UNSPECIFIED.);
#591=CIRCLE('',#590,1.999996032803E-1);
#599=CIRCLE('',#598,1.999996035613E-1);
#637=B_SPLINE_CURVE_WITH_KNOTS('',3,(#603,#604,#605,#606,#607,#608,#609,#610,
#611,#612,#613,#614,#615,#616,#617,#618,#619,#620,#621,#622,#623,#624,#625,#626,
#627,#628,#629,#630,#631,#632,#633,#634,#635,#636),.UNSPECIFIED.,.F.,.F.,(4,1,1,
1,1,1,1,1,1,1,1,1,1,1,1,1,1,1,1,1,1,1,1,1,1,1,1,1,1,1,1,4),(0.E0,
3.225806451613E-2,6.451612903226E-2,9.677419354839E-2,1.290322580645E-1,
1.612903225806E-1,1.935483870968E-1,2.258064516129E-1,2.580645161290E-1,
2.903225806452E-1,3.225806451613E-1,3.548387096774E-1,3.870967741935E-1,
4.193548387097E-1,4.516129032258E-1,4.838709677419E-1,5.161290322581E-1,
5.483870967742E-1,5.806451612903E-1,6.129032258065E-1,6.451612903226E-1,
6.774193548387E-1,7.096774193548E-1,7.419354838710E-1,7.741935483871E-1,
8.064516129032E-1,8.387096774194E-1,8.709677419355E-1,9.032258064516E-1,
9.354838709677E-1,9.677419354839E-1,1.E0),.UNSPECIFIED.);
#654=B_SPLINE_CURVE_WITH_KNOTS('',3,(#648,#649,#650,#651,#652,#653),
.UNSPECIFIED.,.F.,.F.,(4,1,1,4),(0.E0,3.333333333333E-1,6.666666666667E-1,1.E0),
.UNSPECIFIED.);
#687=B_SPLINE_CURVE_WITH_KNOTS('',3,(#658,#659,#660,#661,#662,#663,#664,#665,
#666,#667,#668,#669,#670,#671,#672,#673,#674,#675,#676,#677,#678,#679,#680,#681,
#682,#683,#684,#685,#686),.UNSPECIFIED.,.F.,.F.,(4,1,1,1,1,1,1,1,1,1,1,1,1,1,1,
1,1,1,1,1,1,1,1,1,1,1,4),(0.E0,3.846153846154E-2,7.692307692308E-2,
1.153846153846E-1,1.538461538462E-1,1.923076923077E-1,2.307692307692E-1,
2.692307692308E-1,3.076923076923E-1,3.461538461538E-1,3.846153846154E-1,
4.230769230769E-1,4.615384615385E-1,5.E-1,5.384615384615E-1,5.769230769231E-1,
6.153846153846E-1,6.538461538462E-1,6.923076923077E-1,7.307692307692E-1,
7.692307692308E-1,8.076923076923E-1,8.461538461538E-1,8.846153846154E-1,
9.230769230769E-1,9.615384615385E-1,1.E0),.UNSPECIFIED.);
#697=B_SPLINE_CURVE_WITH_KNOTS('',3,(#691,#692,#693,#694,#695,#696),
.UNSPECIFIED.,.F.,.F.,(4,1,1,4),(0.E0,3.333333333333E-1,6.666666666667E-1,1.E0),
.UNSPECIFIED.);
#718=B_SPLINE_CURVE_WITH_KNOTS('',3,(#701,#702,#703,#704,#705,#706,#707,#708,
#709,#710,#711,#712,#713,#714,#715,#716,#717),.UNSPECIFIED.,.F.,.F.,(4,1,1,1,1,
1,1,1,1,1,1,1,1,1,4),(0.E0,7.142857142857E-2,1.428571428571E-1,
2.142857142857E-1,2.857142857143E-1,3.571428571429E-1,4.285714285714E-1,5.E-1,
5.714285714286E-1,6.428571428571E-1,7.142857142857E-1,7.857142857143E-1,
8.571428571429E-1,9.285714285714E-1,1.E0),.UNSPECIFIED.);
#741=B_SPLINE_CURVE_WITH_KNOTS('',3,(#729,#730,#731,#732,#733,#734,#735,#736,
#737,#738,#739,#740),.UNSPECIFIED.,.F.,.F.,(4,1,1,1,1,1,1,1,1,4),(0.E0,
1.111111111111E-1,2.222222222222E-1,3.333333333333E-1,4.444444444444E-1,
5.555555555556E-1,6.666666666667E-1,7.777777777778E-1,8.888888888889E-1,1.E0),
.UNSPECIFIED.);
#749=CIRCLE('',#748,2.000019201050E-1);
#757=CIRCLE('',#756,1.999996032803E-1);
#765=CIRCLE('',#764,8.75E-1);
#780=CIRCLE('',#779,8.75E-1);
#795=CIRCLE('',#794,6.E-1);
#803=CIRCLE('',#802,6.E-1);
#825=CIRCLE('',#824,6.E-1);
#833=CIRCLE('',#832,6.E-1);
#841=CIRCLE('',#840,8.75E-1);
#856=CIRCLE('',#855,8.75E-1);
#871=CIRCLE('',#870,8.75E-1);
#879=CIRCLE('',#878,8.75E-1);
#901=CIRCLE('',#900,6.25E-1);
#909=CIRCLE('',#908,6.25E-1);
#917=CIRCLE('',#916,6.25E-1);
#925=CIRCLE('',#924,6.25E-1);
#1020=EDGE_CURVE('',#958,#953,#22,.T.);
#1022=EDGE_CURVE('',#957,#958,#30,.T.);
#1024=EDGE_CURVE('',#954,#957,#38,.T.);
#1026=EDGE_CURVE('',#953,#954,#45,.T.);
#1030=EDGE_CURVE('',#949,#950,#53,.T.);
#1032=EDGE_CURVE('',#950,#949,#61,.T.);
#1036=EDGE_CURVE('',#1009,#1010,#69,.T.);
#1038=EDGE_CURVE('',#1010,#1009,#77,.T.);
#1042=EDGE_CURVE('',#1013,#1014,#85,.T.);
#1044=EDGE_CURVE('',#1014,#1013,#93,.T.);
#1048=ADVANCED_FACE('',(#1029,#1035,#1041,#1047),#1019,.F.);
#1054=EDGE_CURVE('',#984,#987,#126,.T.);
#1056=EDGE_CURVE('',#958,#984,#133,.T.);
#1059=EDGE_CURVE('',#953,#987,#166,.T.);
#1063=ADVANCED_FACE('',(#1062),#1053,.T.);
#1190=EDGE_CURVE('',#987,#988,#149,.T.);
#1192=EDGE_CURVE('',#986,#988,#387,.T.);
#1194=EDGE_CURVE('',#984,#986,#141,.T.);
#1198=ADVANCED_FACE('',(#1197),#1188,.T.);
#1232=EDGE_CURVE('',#987,#989,#159,.T.);
#1234=EDGE_CURVE('',#989,#990,#591,.T.);
#1236=EDGE_CURVE('',#988,#990,#397,.T.);
#1241=ADVANCED_FACE('',(#1240),#1231,.T.);
#1250=EDGE_CURVE('',#954,#993,#232,.T.);
#1252=EDGE_CURVE('',#991,#993,#176,.T.);
#1254=EDGE_CURVE('',#989,#991,#192,.T.);
#1258=ADVANCED_FACE('',(#1257),#1246,.T.);
#1264=EDGE_CURVE('',#993,#995,#225,.T.);
#1268=EDGE_CURVE('',#957,#995,#291,.T.);
#1272=ADVANCED_FACE('',(#1271),#1263,.T.);
#1399=EDGE_CURVE('',#995,#996,#248,.T.);
#1401=EDGE_CURVE('',#994,#996,#687,.T.);
#1403=EDGE_CURVE('',#993,#994,#240,.T.);
#1407=ADVANCED_FACE('',(#1406),#1397,.T.);
#1441=EDGE_CURVE('',#995,#997,#284,.T.);
#1443=EDGE_CURVE('',#997,#998,#757,.T.);
#1445=EDGE_CURVE('',#996,#998,#697,.T.);
#1450=ADVANCED_FACE('',(#1449),#1440,.T.);
#1456=EDGE_CURVE('',#983,#984,#258,.T.);
#1458=EDGE_CURVE('',#997,#983,#274,.T.);
#1466=ADVANCED_FACE('',(#1465),#1455,.T.);
#1502=EDGE_CURVE('',#985,#986,#354,.T.);
#1504=EDGE_CURVE('',#983,#985,#299,.T.);
#1508=ADVANCED_FACE('',(#1507),#1499,.T.);
#1614=EDGE_CURVE('',#980,#982,#337,.T.);
#1616=EDGE_CURVE('',#985,#982,#344,.T.);
#1621=EDGE_CURVE('',#990,#980,#567,.T.);
#1625=ADVANCED_FACE('',(#1624),#1613,.F.);
#1771=EDGE_CURVE('',#979,#981,#502,.T.);
#1773=EDGE_CURVE('',#981,#982,#749,.T.);
#1776=EDGE_CURVE('',#979,#980,#405,.T.);
#1780=ADVANCED_FACE('',(#1779),#1770,.T.);
#1786=EDGE_CURVE('',#975,#976,#443,.T.);
#1788=EDGE_CURVE('',#981,#975,#464,.T.);
#1791=EDGE_CURVE('',#976,#979,#523,.T.);
#1795=ADVANCED_FACE('',(#1794),#1785,.T.);
#1942=EDGE_CURVE('',#976,#978,#539,.T.);
#1944=EDGE_CURVE('',#977,#978,#637,.T.);
#1946=EDGE_CURVE('',#975,#977,#531,.T.);
#1950=ADVANCED_FACE('',(#1949),#1940,.T.);
#2030=EDGE_CURVE('',#978,#980,#560,.T.);
#2035=ADVANCED_FACE('',(#2034),#2027,.T.);
#2071=EDGE_CURVE('',#990,#992,#583,.T.);
#2073=EDGE_CURVE('',#992,#978,#644,.T.);
#2077=ADVANCED_FACE('',(#2076),#2068,.F.);
#2136=EDGE_CURVE('',#991,#992,#599,.T.);
#2142=ADVANCED_FACE('',(#2141),#2134,.T.);
#2178=EDGE_CURVE('',#992,#994,#654,.T.);
#2183=ADVANCED_FACE('',(#2182),#2175,.T.);
#2294=EDGE_CURVE('',#998,#977,#725,.T.);
#2298=ADVANCED_FACE('',(#2297),#2288,.F.);
#2332=EDGE_CURVE('',#982,#977,#718,.T.);
#2335=EDGE_CURVE('',#998,#985,#741,.T.);
#2340=ADVANCED_FACE('',(#2339),#2331,.F.);
#2424=ADVANCED_FACE('',(#2423),#2417,.T.);
#2488=ADVANCED_FACE('',(#2487),#2481,.T.);
#2494=EDGE_CURVE('',#961,#962,#765,.T.);
#2496=EDGE_CURVE('',#950,#962,#848,.T.);
#2499=EDGE_CURVE('',#949,#961,#772,.T.);
#2503=ADVANCED_FACE('',(#2502),#2493,.F.);
#2509=EDGE_CURVE('',#965,#966,#780,.T.);
#2511=EDGE_CURVE('',#965,#946,#787,.T.);
#2513=EDGE_CURVE('',#945,#946,#871,.T.);
#2515=EDGE_CURVE('',#966,#945,#863,.T.);
#2519=ADVANCED_FACE('',(#2518),#2508,.F.);
#2526=EDGE_CURVE('',#962,#961,#841,.T.);
#2530=EDGE_CURVE('',#969,#970,#795,.T.);
#2532=EDGE_CURVE('',#970,#969,#803,.T.);
#2536=ADVANCED_FACE('',(#2529,#2535),#2524,.T.);
#2543=EDGE_CURVE('',#970,#974,#817,.T.);
#2545=EDGE_CURVE('',#973,#974,#825,.T.);
#2547=EDGE_CURVE('',#969,#973,#810,.T.);
#2551=ADVANCED_FACE('',(#2550),#2541,.F.);
#2559=EDGE_CURVE('',#974,#973,#833,.T.);
#2564=ADVANCED_FACE('',(#2563),#2556,.F.);
#2571=EDGE_CURVE('',#966,#965,#856,.T.);
#2579=ADVANCED_FACE('',(#2574,#2578),#2569,.F.);
#2591=ADVANCED_FACE('',(#2590),#2584,.F.);
#2599=EDGE_CURVE('',#946,#945,#879,.T.);
#2604=ADVANCED_FACE('',(#2603),#2596,.F.);
#2614=ADVANCED_FACE('',(#2613),#2609,.T.);
#2621=EDGE_CURVE('',#1009,#1001,#886,.T.);
#2623=EDGE_CURVE('',#1001,#1002,#901,.T.);
#2625=EDGE_CURVE('',#1010,#1002,#893,.T.);
#2629=ADVANCED_FACE('',(#2628),#2619,.F.);
#2637=EDGE_CURVE('',#1002,#1001,#909,.T.);
#2642=ADVANCED_FACE('',(#2641),#2634,.F.);
#2652=ADVANCED_FACE('',(#2651),#2647,.T.);
#2658=EDGE_CURVE('',#1005,#1006,#917,.T.);
#2660=EDGE_CURVE('',#1006,#1005,#925,.T.);
#2664=ADVANCED_FACE('',(#2663),#2657,.T.);
#2671=EDGE_CURVE('',#1013,#1005,#932,.T.);
#2674=EDGE_CURVE('',#1014,#1006,#939,.T.);
#2678=ADVANCED_FACE('',(#2677),#2669,.F.);
#2690=ADVANCED_FACE('',(#2689),#2683,.F.);
#2691=CLOSED_SHELL('',(#1048,#1063,#1198,#1241,#1258,#1272,#1407,#1450,#1466,
#1508,#1625,#1780,#1795,#1950,#2035,#2077,#2142,#2183,#2298,#2340,#2424,#2488,
#2503,#2519,#2536,#2551,#2564,#2579,#2591,#2604,#2614,#2629,#2642,#2652,#2664,
#2678,#2690));
#2692=MANIFOLD_SOLID_BREP('',#2691);
#2699=(LENGTH_UNIT()NAMED_UNIT(*)SI_UNIT(.MILLI.,.METRE.));
#2700=(NAMED_UNIT(*)PLANE_ANGLE_UNIT()SI_UNIT($,.RADIAN.));
#2703=(NAMED_UNIT(*)SI_UNIT($,.STERADIAN.)SOLID_ANGLE_UNIT());
#2705=(GEOMETRIC_REPRESENTATION_CONTEXT(3)GLOBAL_UNCERTAINTY_ASSIGNED_CONTEXT((
#2704))GLOBAL_UNIT_ASSIGNED_CONTEXT((#2699,#2702,#2703))REPRESENTATION_CONTEXT(
'ID1','3'));
#2709=AXIS2_PLACEMENT_3D('',#2706,#2707,#2708);
#2710=ADVANCED_BREP_SHAPE_REPRESENTATION('',(#2709,#2692),#2705);
#2717=PRODUCT_DEFINITION('part definition','',#2716,#2713);
#2718=PRODUCT_DEFINITION_SHAPE('','SHAPE FOR 501-0022.',#2717);
#2719=SHAPE_ASPECT('','solid data associated with 501-0022',#2718,.F.);
#2720=PROPERTY_DEFINITION('',
'shape for solid data with which properties are associated',#2719);
#2721=SHAPE_REPRESENTATION('',(#2692),#2705);
#2722=SHAPE_DEFINITION_REPRESENTATION(#2720,#2721);
#2723=(LENGTH_UNIT()NAMED_UNIT(*)SI_UNIT(.MILLI.,.METRE.));
#2727=PROPERTY_DEFINITION('geometric validation property','area of 501-0022',
#2719);
#2728=REPRESENTATION('surface area',(#2726),#2705);
#2729=PROPERTY_DEFINITION_REPRESENTATION(#2727,#2728);
#2730=(LENGTH_UNIT()NAMED_UNIT(*)SI_UNIT(.MILLI.,.METRE.));
#2734=PROPERTY_DEFINITION('geometric validation property','volume of 501-0022',
#2719);
#2735=REPRESENTATION('volume',(#2733),#2705);
#2736=PROPERTY_DEFINITION_REPRESENTATION(#2734,#2735);
#2738=PROPERTY_DEFINITION('geometric validation property',
'centroid of 501-0022',#2719);
#2739=REPRESENTATION('centroid',(#2737),#2705);
#2740=PROPERTY_DEFINITION_REPRESENTATION(#2738,#2739);
#2741=(LENGTH_UNIT()NAMED_UNIT(*)SI_UNIT(.MILLI.,.METRE.));
#2745=PROPERTY_DEFINITION('geometric validation property','area of 501-0022',
#2718);
#2746=REPRESENTATION('surface area',(#2744),#2705);
#2747=PROPERTY_DEFINITION_REPRESENTATION(#2745,#2746);
#2748=(LENGTH_UNIT()NAMED_UNIT(*)SI_UNIT(.MILLI.,.METRE.));
#2752=PROPERTY_DEFINITION('geometric validation property','volume of 501-0022',
#2718);
#2753=REPRESENTATION('volume',(#2751),#2705);
#2754=PROPERTY_DEFINITION_REPRESENTATION(#2752,#2753);
#2756=PROPERTY_DEFINITION('geometric validation property',
'centroid of 501-0022',#2718);
#2757=REPRESENTATION('centroid',(#2755),#2705);
#2758=PROPERTY_DEFINITION_REPRESENTATION(#2756,#2757);
#2759=SHAPE_DEFINITION_REPRESENTATION(#2718,#2710);
#2760=SHAPE_DEFINITION_REPRESENTATION(#2761,#2762);
#2761=PRODUCT_DEFINITION_SHAPE('','SHAPE FOR 400-0015_ASM.',#3641);
#2762=SHAPE_REPRESENTATION('',(#2772,#3621,#3635),#3631);
#2763=NEXT_ASSEMBLY_USAGE_OCCURRENCE('0','Next assembly relationship',
'501-0022',#3641,#2717,$);
#2764=PRODUCT_DEFINITION_SHAPE('Placement #0',
'Placement of 501-0022 with respect to 400-0015_ASM',#2763);
#2766=PROPERTY_DEFINITION('geometric validation property',
'centroid of 501-0022',#2764);
#2767=REPRESENTATION('centroid',(#2765),#2705);
#2768=PROPERTY_DEFINITION_REPRESENTATION(#2766,#2767);
#2780=CIRCLE('',#2779,8.75E-1);
#2789=CIRCLE('',#2788,8.75E-1);
#2798=CIRCLE('',#2797,8.75E-1);
#2807=CIRCLE('',#2806,8.75E-1);
#2820=CIRCLE('',#2819,8.75E-1);
#2829=CIRCLE('',#2828,8.75E-1);
#2838=CIRCLE('',#2837,8.75E-1);
#2847=CIRCLE('',#2846,8.75E-1);
#2852=CIRCLE('',#2851,8.75E-1);
#2861=CIRCLE('',#2860,8.75E-1);
#2870=CIRCLE('',#2869,5.E-1);
#2879=CIRCLE('',#2878,5.E-1);
#2888=CIRCLE('',#2887,5.E-1);
#2893=CIRCLE('',#2892,5.E-1);
#2898=CIRCLE('',#2897,8.75E-1);
#2903=CIRCLE('',#2902,8.75E-1);
#2908=CIRCLE('',#2907,8.75E-1);
#2913=CIRCLE('',#2912,8.75E-1);
#2918=CIRCLE('',#2917,8.75E-1);
#2923=CIRCLE('',#2922,8.75E-1);
#2928=CIRCLE('',#2927,8.75E-1);
#2933=CIRCLE('',#2932,8.75E-1);
#2938=CIRCLE('',#2937,8.75E-1);
#2943=CIRCLE('',#2942,8.75E-1);
#2948=CIRCLE('',#2947,5.E-1);
#2953=CIRCLE('',#2952,5.E-1);
#2962=CIRCLE('',#2961,5.E-1);
#2971=CIRCLE('',#2970,5.E-1);
#2976=CIRCLE('',#2975,6.E-1);
#2985=CIRCLE('',#2984,6.E-1);
#2994=CIRCLE('',#2993,6.E-1);
#2999=CIRCLE('',#2998,6.E-1);
#3004=CIRCLE('',#3003,5.E-1);
#3009=CIRCLE('',#3008,5.E-1);
#3018=CIRCLE('',#3017,5.E-1);
#3027=CIRCLE('',#3026,5.E-1);
#3036=CIRCLE('',#3035,7.75E-1);
#3041=CIRCLE('',#3040,7.75E-1);
#3127=EDGE_CURVE('',#3048,#3049,#2829,.T.);
#3129=EDGE_CURVE('',#3048,#3049,#2918,.T.);
#3133=ADVANCED_FACE('',(#3132),#3126,.T.);
#3139=EDGE_CURVE('',#3093,#3092,#2780,.T.);
#3141=EDGE_CURVE('',#3092,#3064,#2784,.T.);
#3143=EDGE_CURVE('',#3065,#3064,#2789,.T.);
#3145=EDGE_CURVE('',#3093,#3065,#2793,.T.);
#3149=ADVANCED_FACE('',(#3148),#3138,.T.);
#3155=EDGE_CURVE('',#3081,#3080,#2798,.T.);
#3157=EDGE_CURVE('',#3080,#3096,#2802,.T.);
#3159=EDGE_CURVE('',#3097,#3096,#2807,.T.);
#3161=EDGE_CURVE('',#3081,#3097,#2811,.T.);
#3165=ADVANCED_FACE('',(#3164),#3154,.T.);
#3171=EDGE_CURVE('',#3048,#3099,#2815,.T.);
#3173=EDGE_CURVE('',#3101,#3099,#2820,.T.);
#3175=EDGE_CURVE('',#3049,#3101,#2824,.T.);
#3180=ADVANCED_FACE('',(#3179),#3170,.T.);
#3186=EDGE_CURVE('',#3060,#3075,#2833,.T.);
#3188=EDGE_CURVE('',#3077,#3075,#2838,.T.);
#3190=EDGE_CURVE('',#3061,#3077,#2842,.T.);
#3192=EDGE_CURVE('',#3061,#3060,#2847,.T.);
#3196=ADVANCED_FACE('',(#3195),#3185,.T.);
#3202=EDGE_CURVE('',#3112,#3113,#2852,.T.);
#3204=EDGE_CURVE('',#3105,#3113,#2856,.T.);
#3206=EDGE_CURVE('',#3105,#3104,#2861,.T.);
#3208=EDGE_CURVE('',#3104,#3112,#2865,.T.);
#3212=ADVANCED_FACE('',(#3211),#3201,.T.);
#3218=EDGE_CURVE('',#3092,#3093,#2898,.T.);
#3223=EDGE_CURVE('',#3084,#3088,#2870,.T.);
#3225=EDGE_CURVE('',#3084,#3088,#2879,.T.);
#3229=ADVANCED_FACE('',(#3222,#3228),#3217,.T.);
#3235=EDGE_CURVE('',#3084,#3085,#2874,.T.);
#3237=EDGE_CURVE('',#3085,#3089,#2893,.T.);
#3239=EDGE_CURVE('',#3088,#3089,#2883,.T.);
#3244=ADVANCED_FACE('',(#3243),#3234,.T.);
#3253=EDGE_CURVE('',#3085,#3089,#2888,.T.);
#3257=ADVANCED_FACE('',(#3256),#3249,.T.);
#3263=EDGE_CURVE('',#3096,#3097,#2913,.T.);
#3272=ADVANCED_FACE('',(#3267,#3271),#3262,.F.);
#3280=EDGE_CURVE('',#3064,#3065,#2903,.T.);
#3285=ADVANCED_FACE('',(#3284),#3277,.T.);
#3291=EDGE_CURVE('',#3080,#3081,#2908,.T.);
#3298=ADVANCED_FACE('',(#3297),#3290,.T.);
#3307=EDGE_CURVE('',#3099,#3101,#2923,.T.);
#3311=ADVANCED_FACE('',(#3310),#3303,.T.);
#3318=EDGE_CURVE('',#3060,#3061,#2928,.T.);
#3321=EDGE_CURVE('',#3075,#3077,#2933,.T.);
#3325=ADVANCED_FACE('',(#3324),#3316,.T.);
#3331=EDGE_CURVE('',#3113,#3112,#2938,.T.);
#3334=EDGE_CURVE('',#3104,#3105,#2943,.T.);
#3339=ADVANCED_FACE('',(#3338),#3330,.T.);
#3349=EDGE_CURVE('',#3053,#3057,#2948,.T.);
#3351=EDGE_CURVE('',#3053,#3057,#2953,.T.);
#3355=ADVANCED_FACE('',(#3348,#3354),#3344,.F.);
#3361=EDGE_CURVE('',#3052,#3053,#2957,.T.);
#3363=EDGE_CURVE('',#3052,#3056,#2962,.T.);
#3365=EDGE_CURVE('',#3056,#3057,#2966,.T.);
#3370=ADVANCED_FACE('',(#3369),#3360,.T.);
#3379=EDGE_CURVE('',#3052,#3056,#2971,.T.);
#3383=ADVANCED_FACE('',(#3382),#3375,.T.);
#3397=ADVANCED_FACE('',(#3392,#3396),#3388,.T.);
#3407=EDGE_CURVE('',#3116,#3120,#2976,.T.);
#3409=EDGE_CURVE('',#3116,#3120,#2985,.T.);
#3413=ADVANCED_FACE('',(#3406,#3412),#3402,.T.);
#3419=EDGE_CURVE('',#3116,#3117,#2980,.T.);
#3421=EDGE_CURVE('',#3117,#3121,#2999,.T.);
#3423=EDGE_CURVE('',#3120,#3121,#2989,.T.);
#3428=ADVANCED_FACE('',(#3427),#3418,.T.);
#3437=EDGE_CURVE('',#3117,#3121,#2994,.T.);
#3441=ADVANCED_FACE('',(#3440),#3433,.T.);
#3455=ADVANCED_FACE('',(#3450,#3454),#3446,.F.);
#3465=EDGE_CURVE('',#3069,#3073,#3004,.T.);
#3467=EDGE_CURVE('',#3069,#3073,#3009,.T.);
#3471=ADVANCED_FACE('',(#3464,#3470),#3460,.F.);
#3477=EDGE_CURVE('',#3068,#3069,#3013,.T.);
#3479=EDGE_CURVE('',#3068,#3072,#3018,.T.);
#3481=EDGE_CURVE('',#3072,#3073,#3022,.T.);
#3486=ADVANCED_FACE('',(#3485),#3476,.T.);
#3495=EDGE_CURVE('',#3068,#3072,#3027,.T.);
#3499=ADVANCED_FACE('',(#3498),#3491,.T.);
#3513=ADVANCED_FACE('',(#3508,#3512),#3504,.T.);
#3519=EDGE_CURVE('',#3109,#3108,#3041,.T.);
#3521=EDGE_CURVE('',#3108,#3112,#3045,.T.);
#3524=EDGE_CURVE('',#3109,#3113,#3031,.T.);
#3528=ADVANCED_FACE('',(#3527),#3518,.T.);
#3534=EDGE_CURVE('',#3108,#3109,#3036,.T.);
#3539=ADVANCED_FACE('',(#3538),#3533,.F.);
#3551=ADVANCED_FACE('',(#3550),#3544,.T.);
#3552=CLOSED_SHELL('',(#3133,#3149,#3165,#3180,#3196,#3212,#3229,#3244,#3257,
#3272,#3285,#3298,#3311,#3325,#3339,#3355,#3370,#3383,#3397,#3413,#3428,#3441,
#3455,#3471,#3486,#3499,#3513,#3528,#3539,#3551));
#3553=MANIFOLD_SOLID_BREP('',#3552);
#3554=(LENGTH_UNIT()NAMED_UNIT(*)SI_UNIT(.MILLI.,.METRE.));
#3555=(NAMED_UNIT(*)PLANE_ANGLE_UNIT()SI_UNIT($,.RADIAN.));
#3558=(NAMED_UNIT(*)SI_UNIT($,.STERADIAN.)SOLID_ANGLE_UNIT());
#3560=(GEOMETRIC_REPRESENTATION_CONTEXT(3)GLOBAL_UNCERTAINTY_ASSIGNED_CONTEXT((
#3559))GLOBAL_UNIT_ASSIGNED_CONTEXT((#3554,#3557,#3558))REPRESENTATION_CONTEXT(
'ID2','3'));
#3564=AXIS2_PLACEMENT_3D('',#3561,#3562,#3563);
#3565=ADVANCED_BREP_SHAPE_REPRESENTATION('',(#3564,#3553),#3560);
#3569=PRODUCT_DEFINITION('part definition','',#3568,#2713);
#3570=PRODUCT_DEFINITION_SHAPE('','SHAPE FOR 502-0005.',#3569);
#3571=SHAPE_ASPECT('','solid data associated with 502-0005',#3570,.F.);
#3572=PROPERTY_DEFINITION('',
'shape for solid data with which properties are associated',#3571);
#3573=SHAPE_REPRESENTATION('',(#3553),#3560);
#3574=SHAPE_DEFINITION_REPRESENTATION(#3572,#3573);
#3575=(LENGTH_UNIT()NAMED_UNIT(*)SI_UNIT(.MILLI.,.METRE.));
#3579=PROPERTY_DEFINITION('geometric validation property','area of 502-0005',
#3571);
#3580=REPRESENTATION('surface area',(#3578),#3560);
#3581=PROPERTY_DEFINITION_REPRESENTATION(#3579,#3580);
#3582=(LENGTH_UNIT()NAMED_UNIT(*)SI_UNIT(.MILLI.,.METRE.));
#3586=PROPERTY_DEFINITION('geometric validation property','volume of 502-0005',
#3571);
#3587=REPRESENTATION('volume',(#3585),#3560);
#3588=PROPERTY_DEFINITION_REPRESENTATION(#3586,#3587);
#3590=PROPERTY_DEFINITION('geometric validation property',
'centroid of 502-0005',#3571);
#3591=REPRESENTATION('centroid',(#3589),#3560);
#3592=PROPERTY_DEFINITION_REPRESENTATION(#3590,#3591);
#3593=(LENGTH_UNIT()NAMED_UNIT(*)SI_UNIT(.MILLI.,.METRE.));
#3597=PROPERTY_DEFINITION('geometric validation property','area of 502-0005',
#3570);
#3598=REPRESENTATION('surface area',(#3596),#3560);
#3599=PROPERTY_DEFINITION_REPRESENTATION(#3597,#3598);
#3600=(LENGTH_UNIT()NAMED_UNIT(*)SI_UNIT(.MILLI.,.METRE.));
#3604=PROPERTY_DEFINITION('geometric validation property','volume of 502-0005',
#3570);
#3605=REPRESENTATION('volume',(#3603),#3560);
#3606=PROPERTY_DEFINITION_REPRESENTATION(#3604,#3605);
#3608=PROPERTY_DEFINITION('geometric validation property',
'centroid of 502-0005',#3570);
#3609=REPRESENTATION('centroid',(#3607),#3560);
#3610=PROPERTY_DEFINITION_REPRESENTATION(#3608,#3609);
#3611=SHAPE_DEFINITION_REPRESENTATION(#3570,#3565);
#3612=NEXT_ASSEMBLY_USAGE_OCCURRENCE('1','Next assembly relationship',
'502-0005',#3641,#3569,$);
#3613=PRODUCT_DEFINITION_SHAPE('Placement #1',
'Placement of 502-0005 with respect to 400-0015_ASM',#3612);
#3615=PROPERTY_DEFINITION('geometric validation property',
'centroid of 502-0005',#3613);
#3616=REPRESENTATION('centroid',(#3614),#3560);
#3617=PROPERTY_DEFINITION_REPRESENTATION(#3615,#3616);
#3625=(LENGTH_UNIT()NAMED_UNIT(*)SI_UNIT(.MILLI.,.METRE.));
#3626=(NAMED_UNIT(*)PLANE_ANGLE_UNIT()SI_UNIT($,.RADIAN.));
#3629=(NAMED_UNIT(*)SI_UNIT($,.STERADIAN.)SOLID_ANGLE_UNIT());
#3631=(GEOMETRIC_REPRESENTATION_CONTEXT(3)GLOBAL_UNCERTAINTY_ASSIGNED_CONTEXT((
#3630))GLOBAL_UNIT_ASSIGNED_CONTEXT((#3625,#3628,#3629))REPRESENTATION_CONTEXT(
'ID3','3'));
#3635=AXIS2_PLACEMENT_3D('',#3632,#3633,#3634);
#3641=PRODUCT_DEFINITION('part definition','',#3640,#3637);
#3642=(LENGTH_UNIT()NAMED_UNIT(*)SI_UNIT(.MILLI.,.METRE.));
#3646=PROPERTY_DEFINITION('geometric validation property',
'area of 400-0015_ASM',#2761);
#3647=REPRESENTATION('surface area',(#3645),#3631);
#3648=PROPERTY_DEFINITION_REPRESENTATION(#3646,#3647);
#3649=(LENGTH_UNIT()NAMED_UNIT(*)SI_UNIT(.MILLI.,.METRE.));
#3653=PROPERTY_DEFINITION('geometric validation property',
'volume of 400-0015_ASM',#2761);
#3654=REPRESENTATION('volume',(#3652),#3631);
#3655=PROPERTY_DEFINITION_REPRESENTATION(#3653,#3654);
#3657=PROPERTY_DEFINITION('geometric validation property',
'centroid of 400-0015_ASM',#2761);
#3658=REPRESENTATION('centroid',(#3656),#3631);
#3659=PROPERTY_DEFINITION_REPRESENTATION(#3657,#3658);
ENDSEC;
END-ISO-10303-21;
