ISO-10303-21;
HEADER;
FILE_DESCRIPTION((''),'2;1');
FILE_NAME('501-0019-DOME-TWIN_ASM','2025-02-08T14:49:01',('colin'),(''),
'CREO PARAMETRIC BY PTC INC, 2022124','CREO PARAMETRIC BY PTC INC, 2022124','');
FILE_SCHEMA(('AUTOMOTIVE_DESIGN { 1 0 10303 214 1 1 1 1 }'));
ENDSEC;
DATA;
#17=CARTESIAN_POINT('',(0.E0,-1.469102608505E1,0.E0));
#18=DIRECTION('',(0.E0,1.E0,0.E0));
#19=DIRECTION('',(0.E0,0.E0,-1.E0));
#20=AXIS2_PLACEMENT_3D('',#17,#18,#19);
#22=DRAUGHTING_PRE_DEFINED_CURVE_FONT('continuous');
#23=CURVE_STYLE('',#22,POSITIVE_LENGTH_MEASURE(2.E-2),#15);
#24=PRESENTATION_STYLE_ASSIGNMENT((#23));
#25=STYLED_ITEM('',(#24),#21);
#26=CARTESIAN_POINT('',(2.157873879582E-11,-1.439378027994E1,
-9.663367526155E0));
#27=DIRECTION('',(-1.E0,0.E0,-2.233043611133E-12));
#28=DIRECTION('',(2.231681643104E-12,-3.489949670488E-2,-9.993908270190E-1));
#29=AXIS2_PLACEMENT_3D('',#26,#27,#28);
#31=CURVE_STYLE('',#22,POSITIVE_LENGTH_MEASURE(2.E-2),#15);
#32=PRESENTATION_STYLE_ASSIGNMENT((#31));
#33=STYLED_ITEM('',(#32),#30);
#34=CARTESIAN_POINT('',(0.E0,-1.335E1,0.E0));
#35=DIRECTION('',(0.E0,1.E0,0.E0));
#36=DIRECTION('',(0.E0,0.E0,-1.E0));
#37=AXIS2_PLACEMENT_3D('',#34,#35,#36);
#39=CURVE_STYLE('',#22,POSITIVE_LENGTH_MEASURE(2.E-2),#15);
#40=PRESENTATION_STYLE_ASSIGNMENT((#39));
#41=STYLED_ITEM('',(#40),#38);
#42=CARTESIAN_POINT('',(0.E0,-1.440425012895E1,0.E0));
#43=DIRECTION('',(0.E0,1.E0,0.E0));
#44=DIRECTION('',(0.E0,0.E0,-1.E0));
#45=AXIS2_PLACEMENT_3D('',#42,#43,#44);
#47=CURVE_STYLE('',#22,POSITIVE_LENGTH_MEASURE(2.E-2),#15);
#48=PRESENTATION_STYLE_ASSIGNMENT((#47));
#49=STYLED_ITEM('',(#48),#46);
#50=DIRECTION('',(-2.527461314071E-12,9.993908270191E-1,-3.489949670250E-2));
#51=VECTOR('',#50,1.054892741105E0);
#52=CARTESIAN_POINT('',(2.666200593637E-12,-1.440425012895E1,
-9.963184774260E0));
#53=LINE('',#52,#51);
#54=CURVE_STYLE('',#22,POSITIVE_LENGTH_MEASURE(2.E-2),#15);
#55=PRESENTATION_STYLE_ASSIGNMENT((#54));
#56=STYLED_ITEM('',(#55),#53);
#57=CARTESIAN_POINT('',(0.E0,-1.440425012895E1,0.E0));
#58=DIRECTION('',(0.E0,1.E0,0.E0));
#59=DIRECTION('',(0.E0,0.E0,1.E0));
#60=AXIS2_PLACEMENT_3D('',#57,#58,#59);
#62=CURVE_STYLE('',#22,POSITIVE_LENGTH_MEASURE(2.E-2),#15);
#63=PRESENTATION_STYLE_ASSIGNMENT((#62));
#64=STYLED_ITEM('',(#63),#61);
#65=DIRECTION('',(2.528849233958E-12,9.993908270191E-1,3.489949670250E-2));
#66=VECTOR('',#65,1.054892741105E0);
#67=CARTESIAN_POINT('',(-2.667664700251E-12,-1.440425012895E1,
9.963184774260E0));
#68=LINE('',#67,#66);
#69=CURVE_STYLE('',#22,POSITIVE_LENGTH_MEASURE(2.E-2),#15);
#70=PRESENTATION_STYLE_ASSIGNMENT((#69));
#71=STYLED_ITEM('',(#70),#68);
#72=CARTESIAN_POINT('',(0.E0,-1.335E1,0.E0));
#73=DIRECTION('',(0.E0,1.E0,0.E0));
#74=DIRECTION('',(0.E0,0.E0,1.E0));
#75=AXIS2_PLACEMENT_3D('',#72,#73,#74);
#77=CURVE_STYLE('',#22,POSITIVE_LENGTH_MEASURE(2.E-2),#15);
#78=PRESENTATION_STYLE_ASSIGNMENT((#77));
#79=STYLED_ITEM('',(#78),#76);
#80=CARTESIAN_POINT('',(-2.158045964151E-11,-1.439378027994E1,
9.663367526155E0));
#81=DIRECTION('',(1.E0,0.E0,2.233220552927E-12));
#82=DIRECTION('',(-2.231858477111E-12,-3.489949670487E-2,9.993908270190E-1));
#83=AXIS2_PLACEMENT_3D('',#80,#81,#82);
#85=CURVE_STYLE('',#22,POSITIVE_LENGTH_MEASURE(2.E-2),#15);
#86=PRESENTATION_STYLE_ASSIGNMENT((#85));
#87=STYLED_ITEM('',(#86),#84);
#88=CARTESIAN_POINT('',(0.E0,-1.469102608505E1,0.E0));
#89=DIRECTION('',(0.E0,1.E0,0.E0));
#90=DIRECTION('',(0.E0,0.E0,1.E0));
#91=AXIS2_PLACEMENT_3D('',#88,#89,#90);
#93=CURVE_STYLE('',#22,POSITIVE_LENGTH_MEASURE(2.E-2),#15);
#94=PRESENTATION_STYLE_ASSIGNMENT((#93));
#95=STYLED_ITEM('',(#94),#92);
#96=CARTESIAN_POINT('',(0.E0,5.642857142857E1,0.E0));
#97=DIRECTION('',(1.E0,0.E0,0.E0));
#98=DIRECTION('',(0.E0,-1.E0,0.E0));
#99=AXIS2_PLACEMENT_3D('',#96,#97,#98);
#101=CURVE_STYLE('',#22,POSITIVE_LENGTH_MEASURE(2.E-2),#15);
#102=PRESENTATION_STYLE_ASSIGNMENT((#101));
#103=STYLED_ITEM('',(#102),#100);
#104=CARTESIAN_POINT('',(0.E0,5.642857142857E1,0.E0));
#105=DIRECTION('',(-1.E0,0.E0,0.E0));
#106=DIRECTION('',(0.E0,-1.E0,0.E0));
#107=AXIS2_PLACEMENT_3D('',#104,#105,#106);
#109=CURVE_STYLE('',#22,POSITIVE_LENGTH_MEASURE(2.E-2),#15);
#110=PRESENTATION_STYLE_ASSIGNMENT((#109));
#111=STYLED_ITEM('',(#110),#108);
#112=CARTESIAN_POINT('',(-5.625E0,-1.335E1,-9.742785792575E0));
#113=DIRECTION('',(0.E0,1.E0,0.E0));
#114=DIRECTION('',(8.710651495024E-1,0.E0,-4.911674921271E-1));
#115=AXIS2_PLACEMENT_3D('',#112,#113,#114);
#117=CURVE_STYLE('',#22,POSITIVE_LENGTH_MEASURE(2.E-2),#15);
#118=PRESENTATION_STYLE_ASSIGNMENT((#117));
#119=STYLED_ITEM('',(#118),#116);
#120=CARTESIAN_POINT('',(-5.625E0,-1.335E1,9.742785792575E0));
#121=DIRECTION('',(0.E0,1.E0,0.E0));
#122=DIRECTION('',(-8.608961004463E-1,0.E0,-5.087808017568E-1));
#123=AXIS2_PLACEMENT_3D('',#120,#121,#122);
#125=CURVE_STYLE('',#22,POSITIVE_LENGTH_MEASURE(2.E-2),#15);
#126=PRESENTATION_STYLE_ASSIGNMENT((#125));
#127=STYLED_ITEM('',(#126),#124);
#128=CARTESIAN_POINT('',(1.125E1,-1.335E1,0.E0));
#129=DIRECTION('',(0.E0,1.E0,0.E0));
#130=DIRECTION('',(-1.016904905605E-2,0.E0,9.999482938839E-1));
#131=AXIS2_PLACEMENT_3D('',#128,#129,#130);
#133=CURVE_STYLE('',#22,POSITIVE_LENGTH_MEASURE(2.E-2),#15);
#134=PRESENTATION_STYLE_ASSIGNMENT((#133));
#135=STYLED_ITEM('',(#134),#132);
#136=CARTESIAN_POINT('',(-5.425697154683E0,-1.335E1,-9.855166684824E0));
#137=CARTESIAN_POINT('',(-5.379380131351E0,-1.335E1,-9.880666217175E0));
#138=CARTESIAN_POINT('',(-5.293284734649E0,-1.333049273778E1,
-9.927248807584E0));
#139=CARTESIAN_POINT('',(-5.176243692721E0,-1.324722666413E1,
-9.988663724175E0));
#140=CARTESIAN_POINT('',(-5.095313857521E0,-1.311766413139E1,
-1.003002912647E1));
#141=CARTESIAN_POINT('',(-5.073781154297E0,-1.301839331967E1,
-1.004087886603E1));
#142=CARTESIAN_POINT('',(-5.072083786593E0,-1.296395979740E1,
-1.004173620693E1));
#144=CURVE_STYLE('',#22,POSITIVE_LENGTH_MEASURE(2.E-2),#15);
#145=PRESENTATION_STYLE_ASSIGNMENT((#144));
#146=STYLED_ITEM('',(#145),#143);
#147=CARTESIAN_POINT('',(-6.160356760006E0,-1.296395979740E1,
-9.413421512778E0));
#148=CARTESIAN_POINT('',(-6.158765597157E0,-1.301839331967E1,
-9.414462805880E0));
#149=CARTESIAN_POINT('',(-6.138603095457E0,-1.311766413139E1,
-9.427685804101E0));
#150=CARTESIAN_POINT('',(-6.062314688635E0,-1.324722666413E1,
-9.477090396163E0));
#151=CARTESIAN_POINT('',(-5.950607289732E0,-1.333049273778E1,
-9.547743453463E0));
#152=CARTESIAN_POINT('',(-5.867217884713E0,-1.335E1,-9.599012958951E0));
#153=CARTESIAN_POINT('',(-5.821976130246E0,-1.335E1,-9.626374911609E0));
#155=CURVE_STYLE('',#22,POSITIVE_LENGTH_MEASURE(2.E-2),#15);
#156=PRESENTATION_STYLE_ASSIGNMENT((#155));
#157=STYLED_ITEM('',(#156),#154);
#158=CARTESIAN_POINT('',(0.E0,-1.335E1,0.E0));
#159=DIRECTION('',(0.E0,-1.E0,0.E0));
#160=DIRECTION('',(-4.822841915274E-1,0.E0,-8.760148164288E-1));
#161=AXIS2_PLACEMENT_3D('',#158,#159,#160);
#163=CURVE_STYLE('',#22,POSITIVE_LENGTH_MEASURE(2.E-2),#15);
#164=PRESENTATION_STYLE_ASSIGNMENT((#163));
#165=STYLED_ITEM('',(#164),#162);
#166=DIRECTION('',(-1.983161780997E-3,9.993903332322E-1,-3.485726483011E-2));
#167=VECTOR('',#166,6.143343366293E-1);
#168=CARTESIAN_POINT('',(1.123244054660E1,-1.296395979740E1,
-6.283146941514E-1));
#169=LINE('',#168,#167);
#170=CURVE_STYLE('',#22,POSITIVE_LENGTH_MEASURE(2.E-2),#15);
#171=PRESENTATION_STYLE_ASSIGNMENT((#170));
#172=STYLED_ITEM('',(#171),#169);
#173=CARTESIAN_POINT('',(0.E0,-1.235E1,0.E0));
#174=DIRECTION('',(0.E0,1.E0,0.E0));
#175=DIRECTION('',(9.983308641975E-1,0.E0,-5.775366300600E-2));
#176=AXIS2_PLACEMENT_3D('',#173,#174,#175);
#178=CURVE_STYLE('',#22,POSITIVE_LENGTH_MEASURE(2.E-2),#15);
#179=PRESENTATION_STYLE_ASSIGNMENT((#178));
#180=STYLED_ITEM('',(#179),#177);
#181=DIRECTION('',(3.117885773982E-2,9.993903332322E-1,-1.571116393290E-2));
#182=VECTOR('',#181,6.143343366286E-1);
#183=CARTESIAN_POINT('',(-5.072083786593E0,-1.296395979740E1,
-1.004173620693E1));
#184=LINE('',#183,#182);
#185=CURVE_STYLE('',#22,POSITIVE_LENGTH_MEASURE(2.E-2),#15);
#186=PRESENTATION_STYLE_ASSIGNMENT((#185));
#187=STYLED_ITEM('',(#186),#184);
#188=CARTESIAN_POINT('',(0.E0,-1.335E1,0.E0));
#189=DIRECTION('',(0.E0,-1.E0,0.E0));
#190=DIRECTION('',(-5.175089893552E-1,0.E0,8.556777699208E-1));
#191=AXIS2_PLACEMENT_3D('',#188,#189,#190);
#193=CURVE_STYLE('',#22,POSITIVE_LENGTH_MEASURE(2.E-2),#15);
#194=PRESENTATION_STYLE_ASSIGNMENT((#193));
#195=STYLED_ITEM('',(#194),#192);
#196=DIRECTION('',(-2.919569595882E-2,9.993903332322E-1,1.914610089722E-2));
#197=VECTOR('',#196,6.143343366286E-1);
#198=CARTESIAN_POINT('',(-6.160356760006E0,-1.296395979740E1,
-9.413421512778E0));
#199=LINE('',#198,#197);
#200=CURVE_STYLE('',#22,POSITIVE_LENGTH_MEASURE(2.E-2),#15);
#201=PRESENTATION_STYLE_ASSIGNMENT((#200));
#202=STYLED_ITEM('',(#201),#199);
#203=CARTESIAN_POINT('',(-1.033261383547E1,-1.26E1,-4.449673170807E0));
#204=CARTESIAN_POINT('',(-1.033105430715E1,-1.256044699239E1,
-4.453294561268E0));
#205=CARTESIAN_POINT('',(-1.032784740017E1,-1.247922729812E1,
-4.460730866214E0));
#206=CARTESIAN_POINT('',(-1.032446329465E1,-1.239378030527E1,
-4.468554213757E0));
#207=CARTESIAN_POINT('',(-1.032272654734E1,-1.235E1,-4.472562646731E0));
#209=CURVE_STYLE('',#22,POSITIVE_LENGTH_MEASURE(2.E-2),#15);
#210=PRESENTATION_STYLE_ASSIGNMENT((#209));
#211=STYLED_ITEM('',(#210),#208);
#212=CARTESIAN_POINT('',(0.E0,-1.26E1,0.E0));
#213=DIRECTION('',(0.E0,1.E0,0.E0));
#214=DIRECTION('',(-9.184545631531E-1,0.E0,-3.955265040718E-1));
#215=AXIS2_PLACEMENT_3D('',#212,#213,#214);
#217=CURVE_STYLE('',#22,POSITIVE_LENGTH_MEASURE(2.E-2),#15);
#218=PRESENTATION_STYLE_ASSIGNMENT((#217));
#219=STYLED_ITEM('',(#218),#216);
#220=CARTESIAN_POINT('',(-1.032272654734E1,-1.235E1,4.472562646731E0));
#221=CARTESIAN_POINT('',(-1.032430284363E1,-1.238973562107E1,4.468924536563E0));
#222=CARTESIAN_POINT('',(-1.032752747317E1,-1.247113789138E1,4.461471515338E0));
#223=CARTESIAN_POINT('',(-1.033089482853E1,-1.255640227005E1,4.453664887566E0));
#224=CARTESIAN_POINT('',(-1.033261383547E1,-1.26E1,4.449673170807E0));
#226=CURVE_STYLE('',#22,POSITIVE_LENGTH_MEASURE(2.E-2),#15);
#227=PRESENTATION_STYLE_ASSIGNMENT((#226));
#228=STYLED_ITEM('',(#227),#225);
#229=CARTESIAN_POINT('',(0.E0,-1.235E1,0.E0));
#230=DIRECTION('',(0.E0,1.E0,0.E0));
#231=DIRECTION('',(-9.175756930965E-1,0.E0,3.975611241539E-1));
#232=AXIS2_PLACEMENT_3D('',#229,#230,#231);
#234=CURVE_STYLE('',#22,POSITIVE_LENGTH_MEASURE(2.E-2),#15);
#235=PRESENTATION_STYLE_ASSIGNMENT((#234));
#236=STYLED_ITEM('',(#235),#233);
#237=DIRECTION('',(-2.919569595882E-2,9.993903332322E-1,-1.914610089721E-2));
#238=VECTOR('',#237,6.143343366293E-1);
#239=CARTESIAN_POINT('',(-6.160356760006E0,-1.296395979740E1,9.413421512778E0));
#240=LINE('',#239,#238);
#241=CURVE_STYLE('',#22,POSITIVE_LENGTH_MEASURE(2.E-2),#15);
#242=PRESENTATION_STYLE_ASSIGNMENT((#241));
#243=STYLED_ITEM('',(#242),#240);
#244=CARTESIAN_POINT('',(0.E0,-1.335E1,0.E0));
#245=DIRECTION('',(0.E0,-1.E0,0.E0));
#246=DIRECTION('',(9.997931808826E-1,0.E0,2.033704650804E-2));
#247=AXIS2_PLACEMENT_3D('',#244,#245,#246);
#249=CURVE_STYLE('',#22,POSITIVE_LENGTH_MEASURE(2.E-2),#15);
#250=PRESENTATION_STYLE_ASSIGNMENT((#249));
#251=STYLED_ITEM('',(#250),#248);
#252=DIRECTION('',(3.117885773982E-2,9.993903332322E-1,1.571116393290E-2));
#253=VECTOR('',#252,6.143343366293E-1);
#254=CARTESIAN_POINT('',(-5.072083786593E0,-1.296395979740E1,1.004173620693E1));
#255=LINE('',#254,#253);
#256=CURVE_STYLE('',#22,POSITIVE_LENGTH_MEASURE(2.E-2),#15);
#257=PRESENTATION_STYLE_ASSIGNMENT((#256));
#258=STYLED_ITEM('',(#257),#255);
#259=CARTESIAN_POINT('',(0.E0,-1.235E1,0.E0));
#260=DIRECTION('',(0.E0,1.E0,0.E0));
#261=DIRECTION('',(-4.491492927740E-1,0.E0,8.934567212801E-1));
#262=AXIS2_PLACEMENT_3D('',#259,#260,#261);
#264=CURVE_STYLE('',#22,POSITIVE_LENGTH_MEASURE(2.E-2),#15);
#265=PRESENTATION_STYLE_ASSIGNMENT((#264));
#266=STYLED_ITEM('',(#265),#263);
#267=DIRECTION('',(-1.983161780995E-3,9.993903332322E-1,3.485726483011E-2));
#268=VECTOR('',#267,6.143343366293E-1);
#269=CARTESIAN_POINT('',(1.123244054660E1,-1.296395979740E1,6.283146941514E-1));
#270=LINE('',#269,#268);
#271=CURVE_STYLE('',#22,POSITIVE_LENGTH_MEASURE(2.E-2),#15);
#272=PRESENTATION_STYLE_ASSIGNMENT((#271));
#273=STYLED_ITEM('',(#272),#270);
#274=CARTESIAN_POINT('',(1.124767328493E1,-1.335E1,2.287917732154E-1));
#275=CARTESIAN_POINT('',(1.124657869625E1,-1.335E1,2.826030431167E-1));
#276=CARTESIAN_POINT('',(1.124382090798E1,-1.332981718010E1,3.817158509010E-1));
#277=CARTESIAN_POINT('',(1.123845583929E1,-1.324503834867E1,5.137279162615E-1));
#278=CARTESIAN_POINT('',(1.123389555115E1,-1.311636324157E1,6.026878684489E-1));
#279=CARTESIAN_POINT('',(1.123254569003E1,-1.301784930486E1,6.264350353156E-1));
#280=CARTESIAN_POINT('',(1.123244054660E1,-1.296395979740E1,6.283146941514E-1));
#282=CURVE_STYLE('',#22,POSITIVE_LENGTH_MEASURE(2.E-2),#15);
#283=PRESENTATION_STYLE_ASSIGNMENT((#282));
#284=STYLED_ITEM('',(#283),#281);
#285=CARTESIAN_POINT('',(1.123244054660E1,-1.296395979740E1,
-6.283146941514E-1));
#286=CARTESIAN_POINT('',(1.123254569003E1,-1.301784930486E1,
-6.264350353155E-1));
#287=CARTESIAN_POINT('',(1.123389555115E1,-1.311636324157E1,
-6.026878684489E-1));
#288=CARTESIAN_POINT('',(1.123845583929E1,-1.324503834867E1,
-5.137279162615E-1));
#289=CARTESIAN_POINT('',(1.124382090798E1,-1.332981718010E1,
-3.817158509010E-1));
#290=CARTESIAN_POINT('',(1.124657869625E1,-1.335E1,-2.826030431167E-1));
#291=CARTESIAN_POINT('',(1.124767328493E1,-1.335E1,-2.287917732154E-1));
#293=CURVE_STYLE('',#22,POSITIVE_LENGTH_MEASURE(2.E-2),#15);
#294=PRESENTATION_STYLE_ASSIGNMENT((#293));
#295=STYLED_ITEM('',(#294),#292);
#296=CARTESIAN_POINT('',(1.125E1,-1.296395980276E1,0.E0));
#297=DIRECTION('',(0.E0,1.E0,0.E0));
#298=DIRECTION('',(-2.793599969120E-2,0.E0,9.996097137990E-1));
#299=AXIS2_PLACEMENT_3D('',#296,#297,#298);
#301=CURVE_STYLE('',#22,POSITIVE_LENGTH_MEASURE(2.E-2),#15);
#302=PRESENTATION_STYLE_ASSIGNMENT((#301));
#303=STYLED_ITEM('',(#302),#300);
#304=CARTESIAN_POINT('',(1.125E1,-1.235E1,0.E0));
#305=DIRECTION('',(0.E0,1.E0,0.E0));
#306=DIRECTION('',(-2.888888888889E-2,0.E0,9.995826289501E-1));
#307=AXIS2_PLACEMENT_3D('',#304,#305,#306);
#309=CURVE_STYLE('',#22,POSITIVE_LENGTH_MEASURE(2.E-2),#15);
#310=PRESENTATION_STYLE_ASSIGNMENT((#309));
#311=STYLED_ITEM('',(#310),#308);
#312=CARTESIAN_POINT('',(-9.865589710787E0,-1.235E1,3.771872165881E0));
#313=CARTESIAN_POINT('',(-9.953148054553E0,-1.235E1,3.771872165881E0));
#314=CARTESIAN_POINT('',(-1.010731433127E1,-1.235E1,3.812282868939E0));
#315=CARTESIAN_POINT('',(-1.030208486994E1,-1.235E1,3.985939142007E0));
#316=CARTESIAN_POINT('',(-1.038192941445E1,-1.235E1,4.232226288554E0));
#317=CARTESIAN_POINT('',(-1.035789097103E1,-1.235E1,4.391402748326E0));
#318=CARTESIAN_POINT('',(-1.032272654734E1,-1.235E1,4.472562646731E0));
#320=CURVE_STYLE('',#22,POSITIVE_LENGTH_MEASURE(2.E-2),#15);
#321=PRESENTATION_STYLE_ASSIGNMENT((#320));
#322=STYLED_ITEM('',(#321),#319);
#323=DIRECTION('',(1.E0,0.E0,0.E0));
#324=VECTOR('',#323,1.436607822591E0);
#325=CARTESIAN_POINT('',(-9.865589710787E0,-1.235E1,3.771872165881E0));
#326=LINE('',#325,#324);
#327=CURVE_STYLE('',#22,POSITIVE_LENGTH_MEASURE(2.E-2),#15);
#328=PRESENTATION_STYLE_ASSIGNMENT((#327));
#329=STYLED_ITEM('',(#328),#326);
#330=CARTESIAN_POINT('',(0.E0,-1.235E1,0.E0));
#331=DIRECTION('',(0.E0,-1.E0,0.E0));
#332=DIRECTION('',(0.E0,0.E0,1.E0));
#333=AXIS2_PLACEMENT_3D('',#330,#331,#332);
#335=CURVE_STYLE('',#22,POSITIVE_LENGTH_MEASURE(2.E-2),#15);
#336=PRESENTATION_STYLE_ASSIGNMENT((#335));
#337=STYLED_ITEM('',(#336),#334);
#338=CARTESIAN_POINT('',(0.E0,-1.235E1,0.E0));
#339=DIRECTION('',(0.E0,-1.E0,0.E0));
#340=DIRECTION('',(0.E0,0.E0,-1.E0));
#341=AXIS2_PLACEMENT_3D('',#338,#339,#340);
#343=CURVE_STYLE('',#22,POSITIVE_LENGTH_MEASURE(2.E-2),#15);
#344=PRESENTATION_STYLE_ASSIGNMENT((#343));
#345=STYLED_ITEM('',(#344),#342);
#346=CARTESIAN_POINT('',(0.E0,-1.235E1,0.E0));
#347=DIRECTION('',(0.E0,-1.E0,0.E0));
#348=DIRECTION('',(-9.127774023414E-1,0.E0,-4.084573585760E-1));
#349=AXIS2_PLACEMENT_3D('',#346,#347,#348);
#351=CURVE_STYLE('',#22,POSITIVE_LENGTH_MEASURE(2.E-2),#15);
#352=PRESENTATION_STYLE_ASSIGNMENT((#351));
#353=STYLED_ITEM('',(#352),#350);
#354=DIRECTION('',(1.E0,0.E0,0.E0));
#355=VECTOR('',#354,1.436607822591E0);
#356=CARTESIAN_POINT('',(-9.865589710787E0,-1.235E1,-3.771872165881E0));
#357=LINE('',#356,#355);
#358=CURVE_STYLE('',#22,POSITIVE_LENGTH_MEASURE(2.E-2),#15);
#359=PRESENTATION_STYLE_ASSIGNMENT((#358));
#360=STYLED_ITEM('',(#359),#357);
#361=CARTESIAN_POINT('',(-1.032272654734E1,-1.235E1,-4.472562646731E0));
#362=CARTESIAN_POINT('',(-1.035789097103E1,-1.235E1,-4.391402748326E0));
#363=CARTESIAN_POINT('',(-1.038192941445E1,-1.235E1,-4.232226288555E0));
#364=CARTESIAN_POINT('',(-1.030208486994E1,-1.235E1,-3.985939142008E0));
#365=CARTESIAN_POINT('',(-1.010731433127E1,-1.235E1,-3.812282868939E0));
#366=CARTESIAN_POINT('',(-9.953148054553E0,-1.235E1,-3.771872165881E0));
#367=CARTESIAN_POINT('',(-9.865589710787E0,-1.235E1,-3.771872165881E0));
#369=CURVE_STYLE('',#22,POSITIVE_LENGTH_MEASURE(2.E-2),#15);
#370=PRESENTATION_STYLE_ASSIGNMENT((#369));
#371=STYLED_ITEM('',(#370),#368);
#372=CARTESIAN_POINT('',(0.E0,-1.235E1,0.E0));
#373=DIRECTION('',(0.E0,1.E0,0.E0));
#374=DIRECTION('',(-5.491815714236E-1,0.E0,-8.357030582741E-1));
#375=AXIS2_PLACEMENT_3D('',#372,#373,#374);
#377=CURVE_STYLE('',#22,POSITIVE_LENGTH_MEASURE(2.E-2),#15);
#378=PRESENTATION_STYLE_ASSIGNMENT((#377));
#379=STYLED_ITEM('',(#378),#376);
#380=CARTESIAN_POINT('',(-5.625E0,-1.296395980276E1,9.742785792575E0));
#381=DIRECTION('',(0.E0,1.E0,0.E0));
#382=DIRECTION('',(-8.517194061740E-1,0.E0,-5.239981423122E-1));
#383=AXIS2_PLACEMENT_3D('',#380,#381,#382);
#385=CURVE_STYLE('',#22,POSITIVE_LENGTH_MEASURE(2.E-2),#15);
#386=PRESENTATION_STYLE_ASSIGNMENT((#385));
#387=STYLED_ITEM('',(#386),#384);
#388=CARTESIAN_POINT('',(-5.625E0,-1.235E1,9.742785792575E0));
#389=DIRECTION('',(0.E0,1.E0,0.E0));
#390=DIRECTION('',(-8.512195054080E-1,0.E0,-5.248098261399E-1));
#391=AXIS2_PLACEMENT_3D('',#388,#389,#390);
#393=CURVE_STYLE('',#22,POSITIVE_LENGTH_MEASURE(2.E-2),#15);
#394=PRESENTATION_STYLE_ASSIGNMENT((#393));
#395=STYLED_ITEM('',(#394),#392);
#396=CARTESIAN_POINT('',(-5.821976130246E0,-1.335E1,9.626374911609E0));
#397=CARTESIAN_POINT('',(-5.868030762650E0,-1.335E1,9.598521335054E0));
#398=CARTESIAN_POINT('',(-5.952486077899E0,-1.332981718010E1,9.546576616465E0));
#399=CARTESIAN_POINT('',(-6.064129345759E0,-1.324503834867E1,9.475924298002E0));
#400=CARTESIAN_POINT('',(-6.138890780202E0,-1.311636324157E1,9.427494996528E0));
#401=CARTESIAN_POINT('',(-6.158781499419E0,-1.301784930486E1,9.414452399078E0));
#402=CARTESIAN_POINT('',(-6.160356760006E0,-1.296395979740E1,9.413421512778E0));
#404=CURVE_STYLE('',#22,POSITIVE_LENGTH_MEASURE(2.E-2),#15);
#405=PRESENTATION_STYLE_ASSIGNMENT((#404));
#406=STYLED_ITEM('',(#405),#403);
#407=CARTESIAN_POINT('',(-5.072083786593E0,-1.296395979740E1,1.004173620693E1));
#408=CARTESIAN_POINT('',(-5.073764190611E0,-1.301784930486E1,1.004088743439E1));
#409=CARTESIAN_POINT('',(-5.095004770943E0,-1.311636324157E1,1.003018286498E1));
#410=CARTESIAN_POINT('',(-5.174326493528E0,-1.324503834867E1,9.989652214263E0));
#411=CARTESIAN_POINT('',(-5.291334830084E0,-1.332981718010E1,9.928292467366E0));
#412=CARTESIAN_POINT('',(-5.378547933598E0,-1.335E1,9.881124378171E0));
#413=CARTESIAN_POINT('',(-5.425697154683E0,-1.335E1,9.855166684824E0));
#415=CURVE_STYLE('',#22,POSITIVE_LENGTH_MEASURE(2.E-2),#15);
#416=PRESENTATION_STYLE_ASSIGNMENT((#415));
#417=STYLED_ITEM('',(#416),#414);
#418=CARTESIAN_POINT('',(-1.033261383547E1,-1.26E1,4.449673170807E0));
#419=CARTESIAN_POINT('',(-1.036756497902E1,-1.26E1,4.368512902290E0));
#420=CARTESIAN_POINT('',(-1.039124599632E1,-1.26E1,4.209410539578E0));
#421=CARTESIAN_POINT('',(-1.031118793920E1,-1.26E1,3.963662353706E0));
#422=CARTESIAN_POINT('',(-1.011647152809E1,-1.26E1,3.790298032678E0));
#423=CARTESIAN_POINT('',(-9.962467990753E0,-1.26E1,3.75E0));
#424=CARTESIAN_POINT('',(-9.875027539862E0,-1.26E1,3.75E0));
#426=CURVE_STYLE('',#22,POSITIVE_LENGTH_MEASURE(2.E-2),#15);
#427=PRESENTATION_STYLE_ASSIGNMENT((#426));
#428=STYLED_ITEM('',(#427),#425);
#429=CARTESIAN_POINT('',(-9.865589710787E0,-1.235E1,3.771872165881E0));
#430=CARTESIAN_POINT('',(-9.867096964870E0,-1.238980457236E1,3.768389717043E0));
#431=CARTESIAN_POINT('',(-9.870177606794E0,-1.247127579572E1,3.761261908596E0));
#432=CARTESIAN_POINT('',(-9.873389273966E0,-1.255647122318E1,3.753808274509E0));
#433=CARTESIAN_POINT('',(-9.875027539862E0,-1.26E1,3.75E0));
#435=CURVE_STYLE('',#22,POSITIVE_LENGTH_MEASURE(2.E-2),#15);
#436=PRESENTATION_STYLE_ASSIGNMENT((#435));
#437=STYLED_ITEM('',(#436),#434);
#438=DIRECTION('',(1.E0,0.E0,0.E0));
#439=VECTOR('',#438,1.445846395283E0);
#440=CARTESIAN_POINT('',(-9.875027539862E0,-1.26E1,3.75E0));
#441=LINE('',#440,#439);
#442=CURVE_STYLE('',#22,POSITIVE_LENGTH_MEASURE(2.E-2),#15);
#443=PRESENTATION_STYLE_ASSIGNMENT((#442));
#444=STYLED_ITEM('',(#443),#441);
#445=DIRECTION('',(-1.E0,0.E0,0.E0));
#446=VECTOR('',#445,1.445846395283E0);
#447=CARTESIAN_POINT('',(-8.429181144579E0,-1.26E1,-3.75E0));
#448=LINE('',#447,#446);
#449=CURVE_STYLE('',#22,POSITIVE_LENGTH_MEASURE(2.E-2),#15);
#450=PRESENTATION_STYLE_ASSIGNMENT((#449));
#451=STYLED_ITEM('',(#450),#448);
#452=CARTESIAN_POINT('',(-9.875027539862E0,-1.26E1,-3.75E0));
#453=CARTESIAN_POINT('',(-9.964251693557E0,-1.26E1,-3.75E0));
#454=CARTESIAN_POINT('',(-1.012052950570E1,-1.26E1,-3.791486942503E0));
#455=CARTESIAN_POINT('',(-1.031609994705E1,-1.26E1,-3.971304310744E0));
#456=CARTESIAN_POINT('',(-1.039071964202E1,-1.26E1,-4.213672318848E0));
#457=CARTESIAN_POINT('',(-1.036684849966E1,-1.26E1,-4.370176643482E0));
#458=CARTESIAN_POINT('',(-1.033261383547E1,-1.26E1,-4.449673170807E0));
#460=CURVE_STYLE('',#22,POSITIVE_LENGTH_MEASURE(2.E-2),#15);
#461=PRESENTATION_STYLE_ASSIGNMENT((#460));
#462=STYLED_ITEM('',(#461),#459);
#463=CARTESIAN_POINT('',(-9.875027539862E0,-1.26E1,-3.75E0));
#464=CARTESIAN_POINT('',(-9.873536367931E0,-1.256037951452E1,
-3.753466343323E0));
#465=CARTESIAN_POINT('',(-9.870472689796E0,-1.247909234503E1,
-3.760578049143E0));
#466=CARTESIAN_POINT('',(-9.867244956345E0,-1.239371283008E1,
-3.768047788799E0));
#467=CARTESIAN_POINT('',(-9.865589710787E0,-1.235E1,-3.771872165881E0));
#469=CURVE_STYLE('',#22,POSITIVE_LENGTH_MEASURE(2.E-2),#15);
#470=PRESENTATION_STYLE_ASSIGNMENT((#469));
#471=STYLED_ITEM('',(#470),#468);
#472=CARTESIAN_POINT('',(0.E0,-1.26E1,0.E0));
#473=DIRECTION('',(0.E0,1.E0,0.E0));
#474=DIRECTION('',(-9.136627526231E-1,0.E0,-4.064730919373E-1));
#475=AXIS2_PLACEMENT_3D('',#472,#473,#474);
#477=CURVE_STYLE('',#22,POSITIVE_LENGTH_MEASURE(2.E-2),#15);
#478=PRESENTATION_STYLE_ASSIGNMENT((#477));
#479=STYLED_ITEM('',(#478),#476);
#480=CARTESIAN_POINT('',(-8.429181144578E0,-1.26E1,-3.75E0));
#481=CARTESIAN_POINT('',(-8.429122678610E0,-1.251666666038E1,
-3.757290722511E0));
#482=CARTESIAN_POINT('',(-8.429056260003E0,-1.243333332704E1,
-3.764581444471E0));
#483=CARTESIAN_POINT('',(-8.428981888196E0,-1.235E1,-3.771872165881E0));
#485=CURVE_STYLE('',#22,POSITIVE_LENGTH_MEASURE(2.E-2),#15);
#486=PRESENTATION_STYLE_ASSIGNMENT((#485));
#487=STYLED_ITEM('',(#486),#484);
#488=CARTESIAN_POINT('',(0.E0,-1.395405597473E1,0.E0));
#489=DIRECTION('',(0.E0,1.E0,0.E0));
#490=DIRECTION('',(0.E0,0.E0,-1.E0));
#491=AXIS2_PLACEMENT_3D('',#488,#489,#490);
#493=CURVE_STYLE('',#22,POSITIVE_LENGTH_MEASURE(2.E-2),#15);
#494=PRESENTATION_STYLE_ASSIGNMENT((#493));
#495=STYLED_ITEM('',(#494),#492);
#496=CARTESIAN_POINT('',(-8.428981888196E0,-1.235E1,3.771872165881E0));
#497=CARTESIAN_POINT('',(-8.429056260003E0,-1.243333332704E1,3.764581444471E0));
#498=CARTESIAN_POINT('',(-8.429122678610E0,-1.251666666038E1,3.757290722511E0));
#499=CARTESIAN_POINT('',(-8.429181144578E0,-1.26E1,3.75E0));
#501=CURVE_STYLE('',#22,POSITIVE_LENGTH_MEASURE(2.E-2),#15);
#502=PRESENTATION_STYLE_ASSIGNMENT((#501));
#503=STYLED_ITEM('',(#502),#500);
#504=DIRECTION('',(0.E0,-9.993908270191E-1,-3.489949670251E-2));
#505=VECTOR('',#504,1.605033717902E0);
#506=CARTESIAN_POINT('',(0.E0,-1.235E1,9.234433134053E0));
#507=LINE('',#506,#505);
#508=CURVE_STYLE('',#22,POSITIVE_LENGTH_MEASURE(2.E-2),#15);
#509=PRESENTATION_STYLE_ASSIGNMENT((#508));
#510=STYLED_ITEM('',(#509),#507);
#511=CARTESIAN_POINT('',(0.E0,-1.395405597473E1,0.E0));
#512=DIRECTION('',(0.E0,1.E0,0.E0));
#513=DIRECTION('',(0.E0,0.E0,1.E0));
#514=AXIS2_PLACEMENT_3D('',#511,#512,#513);
#516=CURVE_STYLE('',#22,POSITIVE_LENGTH_MEASURE(2.E-2),#15);
#517=PRESENTATION_STYLE_ASSIGNMENT((#516));
#518=STYLED_ITEM('',(#517),#515);
#519=DIRECTION('',(0.E0,-9.993908270191E-1,3.489949670250E-2));
#520=VECTOR('',#519,1.605033717902E0);
#521=CARTESIAN_POINT('',(0.E0,-1.235E1,-9.234433134053E0));
#522=LINE('',#521,#520);
#523=CURVE_STYLE('',#22,POSITIVE_LENGTH_MEASURE(2.E-2),#15);
#524=PRESENTATION_STYLE_ASSIGNMENT((#523));
#525=STYLED_ITEM('',(#524),#522);
#526=CARTESIAN_POINT('',(0.E0,5.642857142857E1,2.81E0));
#527=DIRECTION('',(0.E0,0.E0,1.E0));
#528=DIRECTION('',(5.038532708907E-14,-1.E0,0.E0));
#529=AXIS2_PLACEMENT_3D('',#526,#527,#528);
#531=CURVE_STYLE('',#22,POSITIVE_LENGTH_MEASURE(2.E-2),#15);
#532=PRESENTATION_STYLE_ASSIGNMENT((#531));
#533=STYLED_ITEM('',(#532),#530);
#534=CARTESIAN_POINT('',(8.5E-1,-1.448926132202E1,2.81E0));
#535=CARTESIAN_POINT('',(8.935115933235E-1,-1.448873980503E1,2.81E0));
#536=CARTESIAN_POINT('',(9.806022573724E-1,-1.448853334993E1,2.786802354971E0));
#537=CARTESIAN_POINT('',(1.076732297103E0,-1.449084867713E1,2.690744689098E0));
#538=CARTESIAN_POINT('',(1.1E0,-1.449371612538E1,2.603580591864E0));
#539=CARTESIAN_POINT('',(1.1E0,-1.449528916884E1,2.56E0));
#541=CURVE_STYLE('',#22,POSITIVE_LENGTH_MEASURE(2.E-2),#15);
#542=PRESENTATION_STYLE_ASSIGNMENT((#541));
#543=STYLED_ITEM('',(#542),#540);
#544=CARTESIAN_POINT('',(1.1E0,5.642857142857E1,0.E0));
#545=DIRECTION('',(1.E0,0.E0,0.E0));
#546=DIRECTION('',(0.E0,-9.993492096764E-1,3.607155554170E-2));
#547=AXIS2_PLACEMENT_3D('',#544,#545,#546);
#549=CURVE_STYLE('',#22,POSITIVE_LENGTH_MEASURE(2.E-2),#15);
#550=PRESENTATION_STYLE_ASSIGNMENT((#549));
#551=STYLED_ITEM('',(#550),#548);
#552=CARTESIAN_POINT('',(1.1E0,-1.453626494861E1,8.6E-1));
#553=CARTESIAN_POINT('',(1.1E0,-1.453683179522E1,8.132253761333E-1));
#554=CARTESIAN_POINT('',(1.073333175643E0,-1.453825673631E1,7.219986659599E-1));
#555=CARTESIAN_POINT('',(9.720770115095E-1,-1.454059569096E1,
6.290645598964E-1));
#556=CARTESIAN_POINT('',(8.896598684608E-1,-1.454181380703E1,6.1E-1));
#557=CARTESIAN_POINT('',(8.5E-1,-1.454228880322E1,6.1E-1));
#559=CURVE_STYLE('',#22,POSITIVE_LENGTH_MEASURE(2.E-2),#15);
#560=PRESENTATION_STYLE_ASSIGNMENT((#559));
#561=STYLED_ITEM('',(#560),#558);
#562=CARTESIAN_POINT('',(0.E0,5.642857142857E1,6.1E-1));
#563=DIRECTION('',(0.E0,0.E0,-1.E0));
#564=DIRECTION('',(1.197588757890E-2,-9.999282864869E-1,0.E0));
#565=AXIS2_PLACEMENT_3D('',#562,#563,#564);
#567=CURVE_STYLE('',#22,POSITIVE_LENGTH_MEASURE(2.E-2),#15);
#568=PRESENTATION_STYLE_ASSIGNMENT((#567));
#569=STYLED_ITEM('',(#568),#566);
#570=CARTESIAN_POINT('',(0.E0,5.642857142857E1,0.E0));
#571=DIRECTION('',(-1.E0,0.E0,0.E0));
#572=DIRECTION('',(0.E0,-1.E0,0.E0));
#573=AXIS2_PLACEMENT_3D('',#570,#571,#572);
#575=CURVE_STYLE('',#22,POSITIVE_LENGTH_MEASURE(2.E-2),#15);
#576=PRESENTATION_STYLE_ASSIGNMENT((#575));
#577=STYLED_ITEM('',(#576),#574);
#578=CARTESIAN_POINT('',(0.E0,5.642857142857E1,0.E0));
#579=DIRECTION('',(1.E0,0.E0,0.E0));
#580=DIRECTION('',(0.E0,-1.E0,0.E0));
#581=AXIS2_PLACEMENT_3D('',#578,#579,#580);
#583=CURVE_STYLE('',#22,POSITIVE_LENGTH_MEASURE(2.E-2),#15);
#584=PRESENTATION_STYLE_ASSIGNMENT((#583));
#585=STYLED_ITEM('',(#584),#582);
#586=CARTESIAN_POINT('',(0.E0,5.642857142857E1,-6.1E-1));
#587=DIRECTION('',(0.E0,0.E0,1.E0));
#588=DIRECTION('',(0.E0,-1.E0,0.E0));
#589=AXIS2_PLACEMENT_3D('',#586,#587,#588);
#591=CURVE_STYLE('',#22,POSITIVE_LENGTH_MEASURE(2.E-2),#15);
#592=PRESENTATION_STYLE_ASSIGNMENT((#591));
#593=STYLED_ITEM('',(#592),#590);
#594=CARTESIAN_POINT('',(8.5E-1,-1.454228880322E1,-6.1E-1));
#595=CARTESIAN_POINT('',(8.794257861289E-1,-1.454193637804E1,-6.1E-1));
#596=CARTESIAN_POINT('',(9.398135913187E-1,-1.454108351970E1,
-6.206954291628E-1));
#597=CARTESIAN_POINT('',(1.021330154840E0,-1.453951880216E1,
-6.692504316998E-1));
#598=CARTESIAN_POINT('',(1.083847147753E0,-1.453776277930E1,
-7.523674322529E-1));
#599=CARTESIAN_POINT('',(1.1E0,-1.453670847758E1,-8.234012085993E-1));
#600=CARTESIAN_POINT('',(1.1E0,-1.453626494861E1,-8.6E-1));
#602=CURVE_STYLE('',#22,POSITIVE_LENGTH_MEASURE(2.E-2),#15);
#603=PRESENTATION_STYLE_ASSIGNMENT((#602));
#604=STYLED_ITEM('',(#603),#601);
#605=CARTESIAN_POINT('',(1.1E0,5.642857142857E1,0.E0));
#606=DIRECTION('',(1.E0,0.E0,0.E0));
#607=DIRECTION('',(0.E0,-9.999265769092E-1,-1.211778818979E-2));
#608=AXIS2_PLACEMENT_3D('',#605,#606,#607);
#610=CURVE_STYLE('',#22,POSITIVE_LENGTH_MEASURE(2.E-2),#15);
#611=PRESENTATION_STYLE_ASSIGNMENT((#610));
#612=STYLED_ITEM('',(#611),#609);
#613=CARTESIAN_POINT('',(1.1E0,-1.449528916884E1,-2.56E0));
#614=CARTESIAN_POINT('',(1.1E0,-1.449371732200E1,-2.603547439856E0));
#615=CARTESIAN_POINT('',(1.076759541230E0,-1.449085131106E1,-2.690662675877E0));
#616=CARTESIAN_POINT('',(9.807489348205E-1,-1.448853457933E1,
-2.786719597027E0));
#617=CARTESIAN_POINT('',(8.935807814602E-1,-1.448873897577E1,-2.81E0));
#618=CARTESIAN_POINT('',(8.5E-1,-1.448926132202E1,-2.81E0));
#620=CURVE_STYLE('',#22,POSITIVE_LENGTH_MEASURE(2.E-2),#15);
#621=PRESENTATION_STYLE_ASSIGNMENT((#620));
#622=STYLED_ITEM('',(#621),#619);
#623=CARTESIAN_POINT('',(0.E0,5.642857142857E1,-2.81E0));
#624=DIRECTION('',(0.E0,0.E0,-1.E0));
#625=DIRECTION('',(1.198484103879E-2,-9.999281792135E-1,0.E0));
#626=AXIS2_PLACEMENT_3D('',#623,#624,#625);
#628=CURVE_STYLE('',#22,POSITIVE_LENGTH_MEASURE(2.E-2),#15);
#629=PRESENTATION_STYLE_ASSIGNMENT((#628));
#630=STYLED_ITEM('',(#629),#627);
#631=CARTESIAN_POINT('',(0.E0,5.642857142857E1,0.E0));
#632=DIRECTION('',(1.E0,0.E0,0.E0));
#633=DIRECTION('',(0.E0,-9.992160318741E-1,-3.958941330381E-2));
#634=AXIS2_PLACEMENT_3D('',#631,#632,#633);
#636=CURVE_STYLE('',#22,POSITIVE_LENGTH_MEASURE(2.E-2),#15);
#637=PRESENTATION_STYLE_ASSIGNMENT((#636));
#638=STYLED_ITEM('',(#637),#635);
#639=CARTESIAN_POINT('',(0.E0,5.642857142857E1,0.E0));
#640=DIRECTION('',(-1.E0,0.E0,0.E0));
#641=DIRECTION('',(0.E0,-9.992160318741E-1,3.958941330381E-2));
#642=AXIS2_PLACEMENT_3D('',#639,#640,#641);
#644=CURVE_STYLE('',#22,POSITIVE_LENGTH_MEASURE(2.E-2),#15);
#645=PRESENTATION_STYLE_ASSIGNMENT((#644));
#646=STYLED_ITEM('',(#645),#643);
#647=CARTESIAN_POINT('',(-1.986370849898E0,5.642857142857E1,1.986370849898E0));
#648=DIRECTION('',(-7.071067811865E-1,0.E0,7.071067811865E-1));
#649=DIRECTION('',(4.301872776093E-2,-9.981476735051E-1,4.301872776093E-2));
#650=AXIS2_PLACEMENT_3D('',#647,#648,#649);
#652=CURVE_STYLE('',#22,POSITIVE_LENGTH_MEASURE(2.E-2),#15);
#653=PRESENTATION_STYLE_ASSIGNMENT((#652));
#654=STYLED_ITEM('',(#653),#651);
#655=CARTESIAN_POINT('',(2.337436867076E0,-1.423029664464E1,6.310178566873E0));
#656=CARTESIAN_POINT('',(2.368573192774E0,-1.422648601226E1,6.341314892571E0));
#657=CARTESIAN_POINT('',(2.447357083725E0,-1.421977240225E1,6.386355229775E0));
#658=CARTESIAN_POINT('',(2.582010870506E0,-1.421500783049E1,6.386035569096E0));
#659=CARTESIAN_POINT('',(2.660155396992E0,-1.421613557832E1,6.341013427552E0));
#660=CARTESIAN_POINT('',(2.690990257670E0,-1.421771523908E1,6.310178566873E0));
#662=CURVE_STYLE('',#22,POSITIVE_LENGTH_MEASURE(2.E-2),#15);
#663=PRESENTATION_STYLE_ASSIGNMENT((#662));
#664=STYLED_ITEM('',(#663),#661);
#665=CARTESIAN_POINT('',(4.500584412272E0,5.642857142857E1,4.500584412272E0));
#666=DIRECTION('',(7.071067811865E-1,0.E0,7.071067811865E-1));
#667=DIRECTION('',(-2.559806176809E-2,-9.993445244096E-1,2.559806176809E-2));
#668=AXIS2_PLACEMENT_3D('',#665,#666,#667);
#670=CURVE_STYLE('',#22,POSITIVE_LENGTH_MEASURE(2.E-2),#15);
#671=PRESENTATION_STYLE_ASSIGNMENT((#670));
#672=STYLED_ITEM('',(#671),#669);
#673=CARTESIAN_POINT('',(5.590128060535E0,-1.424725804101E1,3.411040764009E0));
#674=CARTESIAN_POINT('',(5.620978589389E0,-1.424630685309E1,3.380190235154E0));
#675=CARTESIAN_POINT('',(5.666134579346E0,-1.424642582037E1,3.302010852242E0));
#676=CARTESIAN_POINT('',(5.666083156603E0,-1.425263572971E1,3.166395817635E0));
#677=CARTESIAN_POINT('',(5.620962209595E0,-1.425966360223E1,3.088321522476E0));
#678=CARTESIAN_POINT('',(5.590128060535E0,-1.426343548359E1,3.057487373415E0));
#680=CURVE_STYLE('',#22,POSITIVE_LENGTH_MEASURE(2.E-2),#15);
#681=PRESENTATION_STYLE_ASSIGNMENT((#680));
#682=STYLED_ITEM('',(#681),#679);
#683=CARTESIAN_POINT('',(1.266320343560E0,5.642857142857E1,-1.266320343560E0));
#684=DIRECTION('',(7.071067811865E-1,0.E0,-7.071067811865E-1));
#685=DIRECTION('',(6.093648467059E-2,-9.962798249849E-1,6.093648467059E-2));
#686=AXIS2_PLACEMENT_3D('',#683,#684,#685);
#688=CURVE_STYLE('',#22,POSITIVE_LENGTH_MEASURE(2.E-2),#15);
#689=PRESENTATION_STYLE_ASSIGNMENT((#688));
#690=STYLED_ITEM('',(#689),#687);
#691=CARTESIAN_POINT('',(4.317335854399E0,-1.439609289341E1,1.784695167280E0));
#692=CARTESIAN_POINT('',(4.286194744538E0,-1.439877591380E1,1.753554057419E0));
#693=CARTESIAN_POINT('',(4.207379325080E0,-1.440462607005E1,1.708679868509E0));
#694=CARTESIAN_POINT('',(4.074019505323E0,-1.441242391552E1,1.708579080741E0));
#695=CARTESIAN_POINT('',(3.994999232607E0,-1.441579917752E1,1.753478398478E0));
#696=CARTESIAN_POINT('',(3.963782463806E0,-1.441675935462E1,1.784695167280E0));
#698=CURVE_STYLE('',#22,POSITIVE_LENGTH_MEASURE(2.E-2),#15);
#699=PRESENTATION_STYLE_ASSIGNMENT((#698));
#700=STYLED_ITEM('',(#699),#697);
#701=CARTESIAN_POINT('',(2.874238815543E0,5.642857142857E1,2.874238815543E0));
#702=DIRECTION('',(-7.071067811865E-1,0.E0,-7.071067811865E-1));
#703=DIRECTION('',(1.537555163313E-2,-9.997635644611E-1,-1.537555163313E-2));
#704=AXIS2_PLACEMENT_3D('',#701,#702,#703);
#706=CURVE_STYLE('',#22,POSITIVE_LENGTH_MEASURE(2.E-2),#15);
#707=PRESENTATION_STYLE_ASSIGNMENT((#706));
#708=STYLED_ITEM('',(#707),#705);
#709=CARTESIAN_POINT('',(1.064644660941E0,-1.438728726491E1,4.683832970144E0));
#710=CARTESIAN_POINT('',(1.034468191221E0,-1.438574503512E1,4.714009439864E0));
#711=CARTESIAN_POINT('',(9.894835846698E-1,-1.438127549411E1,4.790615569084E0));
#712=CARTESIAN_POINT('',(9.878402304578E-1,-1.437201833986E1,4.925886553553E0));
#713=CARTESIAN_POINT('',(1.033034534043E0,-1.436574085577E1,5.005776233840E0));
#714=CARTESIAN_POINT('',(1.064644660941E0,-1.436301615385E1,5.037386360738E0));
#716=CURVE_STYLE('',#22,POSITIVE_LENGTH_MEASURE(2.E-2),#15);
#717=PRESENTATION_STYLE_ASSIGNMENT((#716));
#718=STYLED_ITEM('',(#717),#715);
#719=CARTESIAN_POINT('',(1.064644660941E0,-1.436301615385E1,-5.037386360738E0));
#720=CARTESIAN_POINT('',(1.033178683439E0,-1.436572843051E1,-5.005920383236E0));
#721=CARTESIAN_POINT('',(9.879214657713E-1,-1.437198396109E1,
-4.926366583178E0));
#722=CARTESIAN_POINT('',(9.894445396782E-1,-1.438128439100E1,
-4.790495947524E0));
#723=CARTESIAN_POINT('',(1.034503628822E0,-1.438574684623E1,-4.713974002263E0));
#724=CARTESIAN_POINT('',(1.064644660941E0,-1.438728726491E1,-4.683832970144E0));
#726=CURVE_STYLE('',#22,POSITIVE_LENGTH_MEASURE(2.E-2),#15);
#727=PRESENTATION_STYLE_ASSIGNMENT((#726));
#728=STYLED_ITEM('',(#727),#725);
#729=CARTESIAN_POINT('',(2.874238815543E0,5.642857142857E1,-2.874238815543E0));
#730=DIRECTION('',(-7.071067811865E-1,0.E0,7.071067811865E-1));
#731=DIRECTION('',(-2.553684600287E-2,-9.993476567203E-1,-2.553684600287E-2));
#732=AXIS2_PLACEMENT_3D('',#729,#730,#731);
#734=CURVE_STYLE('',#22,POSITIVE_LENGTH_MEASURE(2.E-2),#15);
#735=PRESENTATION_STYLE_ASSIGNMENT((#734));
#736=STYLED_ITEM('',(#735),#733);
#737=CARTESIAN_POINT('',(3.963782463806E0,-1.441675935462E1,-1.784695167280E0));
#738=CARTESIAN_POINT('',(3.994005647726E0,-1.441582973858E1,-1.754471983359E0));
#739=CARTESIAN_POINT('',(4.070733321415E0,-1.441258896128E1,-1.709555076239E0));
#740=CARTESIAN_POINT('',(4.205400632599E0,-1.440476539471E1,-1.707825588082E0));
#741=CARTESIAN_POINT('',(4.285596748224E0,-1.439882743528E1,-1.752956061105E0));
#742=CARTESIAN_POINT('',(4.317335854399E0,-1.439609289341E1,-1.784695167280E0));
#744=CURVE_STYLE('',#22,POSITIVE_LENGTH_MEASURE(2.E-2),#15);
#745=PRESENTATION_STYLE_ASSIGNMENT((#744));
#746=STYLED_ITEM('',(#745),#743);
#747=CARTESIAN_POINT('',(1.266320343560E0,5.642857142857E1,1.266320343560E0));
#748=DIRECTION('',(7.071067811865E-1,0.E0,7.071067811865E-1));
#749=DIRECTION('',(4.299871133864E-2,-9.981493984602E-1,-4.299871133864E-2));
#750=AXIS2_PLACEMENT_3D('',#747,#748,#749);
#752=CURVE_STYLE('',#22,POSITIVE_LENGTH_MEASURE(2.E-2),#15);
#753=PRESENTATION_STYLE_ASSIGNMENT((#752));
#754=STYLED_ITEM('',(#753),#751);
#755=CARTESIAN_POINT('',(5.590128060535E0,-1.426343548359E1,-3.057487373415E0));
#756=CARTESIAN_POINT('',(5.621167880941E0,-1.425963844285E1,-3.088527193822E0));
#757=CARTESIAN_POINT('',(5.666311394643E0,-1.425258704384E1,-3.167077766929E0));
#758=CARTESIAN_POINT('',(5.665910374787E0,-1.424641501768E1,-3.302622158980E0));
#759=CARTESIAN_POINT('',(5.620793825314E0,-1.424631254976E1,-3.380374999230E0));
#760=CARTESIAN_POINT('',(5.590128060535E0,-1.424725804101E1,-3.411040764009E0));
#762=CURVE_STYLE('',#22,POSITIVE_LENGTH_MEASURE(2.E-2),#15);
#763=PRESENTATION_STYLE_ASSIGNMENT((#762));
#764=STYLED_ITEM('',(#763),#761);
#765=CARTESIAN_POINT('',(4.500584412272E0,5.642857142857E1,-4.500584412272E0));
#766=DIRECTION('',(7.071067811865E-1,0.E0,-7.071067811865E-1));
#767=DIRECTION('',(1.541240920587E-2,-9.997624294226E-1,1.541240920587E-2));
#768=AXIS2_PLACEMENT_3D('',#765,#766,#767);
#770=CURVE_STYLE('',#22,POSITIVE_LENGTH_MEASURE(2.E-2),#15);
#771=PRESENTATION_STYLE_ASSIGNMENT((#770));
#772=STYLED_ITEM('',(#771),#769);
#773=CARTESIAN_POINT('',(2.690990257670E0,-1.421771523908E1,-6.310178566873E0));
#774=CARTESIAN_POINT('',(2.659972184284E0,-1.421612619238E1,-6.341196640260E0));
#775=CARTESIAN_POINT('',(2.581404678279E0,-1.421500852756E1,-6.386276035996E0));
#776=CARTESIAN_POINT('',(2.446537646269E0,-1.421982378236E1,-6.386099318029E0));
#777=CARTESIAN_POINT('',(2.368326384009E0,-1.422651621805E1,-6.341068083806E0));
#778=CARTESIAN_POINT('',(2.337436867076E0,-1.423029664464E1,-6.310178566873E0));
#780=CURVE_STYLE('',#22,POSITIVE_LENGTH_MEASURE(2.E-2),#15);
#781=PRESENTATION_STYLE_ASSIGNMENT((#780));
#782=STYLED_ITEM('',(#781),#779);
#783=CARTESIAN_POINT('',(-1.986370849898E0,5.642857142857E1,-1.986370849898E0));
#784=DIRECTION('',(-7.071067811865E-1,0.E0,-7.071067811865E-1));
#785=DIRECTION('',(6.096485134420E-2,-9.962763541313E-1,-6.096485134420E-2));
#786=AXIS2_PLACEMENT_3D('',#783,#784,#785);
#788=CURVE_STYLE('',#22,POSITIVE_LENGTH_MEASURE(2.E-2),#15);
#789=PRESENTATION_STYLE_ASSIGNMENT((#788));
#790=STYLED_ITEM('',(#789),#787);
#791=DIRECTION('',(0.E0,-1.E0,0.E0));
#792=VECTOR('',#791,6.392613220197E-1);
#793=CARTESIAN_POINT('',(-8.5E-1,-1.385E1,2.81E0));
#794=LINE('',#793,#792);
#795=CURVE_STYLE('',#22,POSITIVE_LENGTH_MEASURE(2.E-2),#15);
#796=PRESENTATION_STYLE_ASSIGNMENT((#795));
#797=STYLED_ITEM('',(#796),#794);
#798=CARTESIAN_POINT('',(-1.064644660941E0,-1.436301615385E1,5.037386360738E0));
#799=CARTESIAN_POINT('',(-1.033178683439E0,-1.436572843051E1,5.005920383236E0));
#800=CARTESIAN_POINT('',(-9.879214657713E-1,-1.437198396109E1,
4.926366583178E0));
#801=CARTESIAN_POINT('',(-9.894445396781E-1,-1.438128439100E1,
4.790495947524E0));
#802=CARTESIAN_POINT('',(-1.034503628822E0,-1.438574684623E1,4.713974002263E0));
#803=CARTESIAN_POINT('',(-1.064644660941E0,-1.438728726491E1,4.683832970144E0));
#805=CURVE_STYLE('',#22,POSITIVE_LENGTH_MEASURE(2.E-2),#15);
#806=PRESENTATION_STYLE_ASSIGNMENT((#805));
#807=STYLED_ITEM('',(#806),#804);
#808=CARTESIAN_POINT('',(-2.874238815543E0,5.642857142857E1,2.874238815543E0));
#809=DIRECTION('',(7.071067811865E-1,0.E0,-7.071067811865E-1));
#810=DIRECTION('',(2.553684600287E-2,-9.993476567203E-1,2.553684600287E-2));
#811=AXIS2_PLACEMENT_3D('',#808,#809,#810);
#813=CURVE_STYLE('',#22,POSITIVE_LENGTH_MEASURE(2.E-2),#15);
#814=PRESENTATION_STYLE_ASSIGNMENT((#813));
#815=STYLED_ITEM('',(#814),#812);
#816=CARTESIAN_POINT('',(-3.963782463806E0,-1.441675935462E1,1.784695167280E0));
#817=CARTESIAN_POINT('',(-3.994005647726E0,-1.441582973858E1,1.754471983359E0));
#818=CARTESIAN_POINT('',(-4.070733321415E0,-1.441258896128E1,1.709555076239E0));
#819=CARTESIAN_POINT('',(-4.205400632599E0,-1.440476539471E1,1.707825588082E0));
#820=CARTESIAN_POINT('',(-4.285596748224E0,-1.439882743528E1,1.752956061105E0));
#821=CARTESIAN_POINT('',(-4.317335854399E0,-1.439609289341E1,1.784695167280E0));
#823=CURVE_STYLE('',#22,POSITIVE_LENGTH_MEASURE(2.E-2),#15);
#824=PRESENTATION_STYLE_ASSIGNMENT((#823));
#825=STYLED_ITEM('',(#824),#822);
#826=CARTESIAN_POINT('',(-1.266320343560E0,5.642857142857E1,-1.266320343560E0));
#827=DIRECTION('',(-7.071067811865E-1,0.E0,-7.071067811865E-1));
#828=DIRECTION('',(-4.299871133864E-2,-9.981493984602E-1,4.299871133864E-2));
#829=AXIS2_PLACEMENT_3D('',#826,#827,#828);
#831=CURVE_STYLE('',#22,POSITIVE_LENGTH_MEASURE(2.E-2),#15);
#832=PRESENTATION_STYLE_ASSIGNMENT((#831));
#833=STYLED_ITEM('',(#832),#830);
#834=CARTESIAN_POINT('',(-5.590128060535E0,-1.426343548359E1,3.057487373415E0));
#835=CARTESIAN_POINT('',(-5.621167880941E0,-1.425963844285E1,3.088527193822E0));
#836=CARTESIAN_POINT('',(-5.666311394643E0,-1.425258704384E1,3.167077766929E0));
#837=CARTESIAN_POINT('',(-5.665910374787E0,-1.424641501768E1,3.302622158980E0));
#838=CARTESIAN_POINT('',(-5.620793825314E0,-1.424631254976E1,3.380374999230E0));
#839=CARTESIAN_POINT('',(-5.590128060535E0,-1.424725804101E1,3.411040764009E0));
#841=CURVE_STYLE('',#22,POSITIVE_LENGTH_MEASURE(2.E-2),#15);
#842=PRESENTATION_STYLE_ASSIGNMENT((#841));
#843=STYLED_ITEM('',(#842),#840);
#844=CARTESIAN_POINT('',(-4.500584412272E0,5.642857142857E1,4.500584412272E0));
#845=DIRECTION('',(-7.071067811865E-1,0.E0,7.071067811865E-1));
#846=DIRECTION('',(-1.541240920587E-2,-9.997624294226E-1,-1.541240920587E-2));
#847=AXIS2_PLACEMENT_3D('',#844,#845,#846);
#849=CURVE_STYLE('',#22,POSITIVE_LENGTH_MEASURE(2.E-2),#15);
#850=PRESENTATION_STYLE_ASSIGNMENT((#849));
#851=STYLED_ITEM('',(#850),#848);
#852=CARTESIAN_POINT('',(-2.690990257670E0,-1.421771523908E1,6.310178566873E0));
#853=CARTESIAN_POINT('',(-2.659972184283E0,-1.421612619238E1,6.341196640260E0));
#854=CARTESIAN_POINT('',(-2.581404678279E0,-1.421500852756E1,6.386276035996E0));
#855=CARTESIAN_POINT('',(-2.446537646269E0,-1.421982378236E1,6.386099318029E0));
#856=CARTESIAN_POINT('',(-2.368326384009E0,-1.422651621805E1,6.341068083806E0));
#857=CARTESIAN_POINT('',(-2.337436867076E0,-1.423029664464E1,6.310178566873E0));
#859=CURVE_STYLE('',#22,POSITIVE_LENGTH_MEASURE(2.E-2),#15);
#860=PRESENTATION_STYLE_ASSIGNMENT((#859));
#861=STYLED_ITEM('',(#860),#858);
#862=CARTESIAN_POINT('',(1.986370849898E0,5.642857142857E1,1.986370849898E0));
#863=DIRECTION('',(7.071067811865E-1,0.E0,7.071067811865E-1));
#864=DIRECTION('',(-6.096485134420E-2,-9.962763541313E-1,6.096485134420E-2));
#865=AXIS2_PLACEMENT_3D('',#862,#863,#864);
#867=CURVE_STYLE('',#22,POSITIVE_LENGTH_MEASURE(2.E-2),#15);
#868=PRESENTATION_STYLE_ASSIGNMENT((#867));
#869=STYLED_ITEM('',(#868),#866);
#870=CARTESIAN_POINT('',(-1.1E0,-1.449528916884E1,2.56E0));
#871=CARTESIAN_POINT('',(-1.1E0,-1.449371732200E1,2.603547439856E0));
#872=CARTESIAN_POINT('',(-1.076759541230E0,-1.449085131106E1,2.690662675877E0));
#873=CARTESIAN_POINT('',(-9.807489348205E-1,-1.448853457933E1,
2.786719597027E0));
#874=CARTESIAN_POINT('',(-8.935807814602E-1,-1.448873897577E1,2.81E0));
#875=CARTESIAN_POINT('',(-8.5E-1,-1.448926132202E1,2.81E0));
#877=CURVE_STYLE('',#22,POSITIVE_LENGTH_MEASURE(2.E-2),#15);
#878=PRESENTATION_STYLE_ASSIGNMENT((#877));
#879=STYLED_ITEM('',(#878),#876);
#880=CARTESIAN_POINT('',(0.E0,5.642857142857E1,2.81E0));
#881=DIRECTION('',(0.E0,0.E0,1.E0));
#882=DIRECTION('',(-1.198484103879E-2,-9.999281792135E-1,0.E0));
#883=AXIS2_PLACEMENT_3D('',#880,#881,#882);
#885=CURVE_STYLE('',#22,POSITIVE_LENGTH_MEASURE(2.E-2),#15);
#886=PRESENTATION_STYLE_ASSIGNMENT((#885));
#887=STYLED_ITEM('',(#886),#884);
#888=CARTESIAN_POINT('',(0.E0,5.642857142857E1,-2.81E0));
#889=DIRECTION('',(0.E0,0.E0,-1.E0));
#890=DIRECTION('',(0.E0,-1.E0,0.E0));
#891=AXIS2_PLACEMENT_3D('',#888,#889,#890);
#893=CURVE_STYLE('',#22,POSITIVE_LENGTH_MEASURE(2.E-2),#15);
#894=PRESENTATION_STYLE_ASSIGNMENT((#893));
#895=STYLED_ITEM('',(#894),#892);
#896=CARTESIAN_POINT('',(-8.5E-1,-1.448926132202E1,-2.81E0));
#897=CARTESIAN_POINT('',(-8.935115933235E-1,-1.448873980503E1,-2.81E0));
#898=CARTESIAN_POINT('',(-9.806022573724E-1,-1.448853334993E1,
-2.786802354971E0));
#899=CARTESIAN_POINT('',(-1.076732297103E0,-1.449084867713E1,
-2.690744689098E0));
#900=CARTESIAN_POINT('',(-1.1E0,-1.449371612538E1,-2.603580591864E0));
#901=CARTESIAN_POINT('',(-1.1E0,-1.449528916884E1,-2.56E0));
#903=CURVE_STYLE('',#22,POSITIVE_LENGTH_MEASURE(2.E-2),#15);
#904=PRESENTATION_STYLE_ASSIGNMENT((#903));
#905=STYLED_ITEM('',(#904),#902);
#906=CARTESIAN_POINT('',(-1.1E0,5.642857142857E1,0.E0));
#907=DIRECTION('',(-1.E0,0.E0,0.E0));
#908=DIRECTION('',(0.E0,-9.993492096764E-1,-3.607155554170E-2));
#909=AXIS2_PLACEMENT_3D('',#906,#907,#908);
#911=CURVE_STYLE('',#22,POSITIVE_LENGTH_MEASURE(2.E-2),#15);
#912=PRESENTATION_STYLE_ASSIGNMENT((#911));
#913=STYLED_ITEM('',(#912),#910);
#914=CARTESIAN_POINT('',(-1.1E0,-1.453626494861E1,-8.6E-1));
#915=CARTESIAN_POINT('',(-1.1E0,-1.453683179522E1,-8.132253761333E-1));
#916=CARTESIAN_POINT('',(-1.073333175643E0,-1.453825673631E1,
-7.219986659599E-1));
#917=CARTESIAN_POINT('',(-9.720770115095E-1,-1.454059569096E1,
-6.290645598964E-1));
#918=CARTESIAN_POINT('',(-8.896598684608E-1,-1.454181380703E1,-6.1E-1));
#919=CARTESIAN_POINT('',(-8.5E-1,-1.454228880322E1,-6.1E-1));
#921=CURVE_STYLE('',#22,POSITIVE_LENGTH_MEASURE(2.E-2),#15);
#922=PRESENTATION_STYLE_ASSIGNMENT((#921));
#923=STYLED_ITEM('',(#922),#920);
#924=CARTESIAN_POINT('',(0.E0,5.642857142857E1,-6.1E-1));
#925=DIRECTION('',(0.E0,0.E0,1.E0));
#926=DIRECTION('',(-1.197588757890E-2,-9.999282864869E-1,0.E0));
#927=AXIS2_PLACEMENT_3D('',#924,#925,#926);
#929=CURVE_STYLE('',#22,POSITIVE_LENGTH_MEASURE(2.E-2),#15);
#930=PRESENTATION_STYLE_ASSIGNMENT((#929));
#931=STYLED_ITEM('',(#930),#928);
#932=CARTESIAN_POINT('',(0.E0,5.642857142857E1,6.1E-1));
#933=DIRECTION('',(0.E0,0.E0,-1.E0));
#934=DIRECTION('',(0.E0,-1.E0,0.E0));
#935=AXIS2_PLACEMENT_3D('',#932,#933,#934);
#937=CURVE_STYLE('',#22,POSITIVE_LENGTH_MEASURE(2.E-2),#15);
#938=PRESENTATION_STYLE_ASSIGNMENT((#937));
#939=STYLED_ITEM('',(#938),#936);
#940=CARTESIAN_POINT('',(-8.5E-1,-1.454228880322E1,6.1E-1));
#941=CARTESIAN_POINT('',(-8.794257861289E-1,-1.454193637804E1,6.1E-1));
#942=CARTESIAN_POINT('',(-9.398135913187E-1,-1.454108351970E1,
6.206954291628E-1));
#943=CARTESIAN_POINT('',(-1.021330154840E0,-1.453951880216E1,
6.692504316998E-1));
#944=CARTESIAN_POINT('',(-1.083847147753E0,-1.453776277930E1,
7.523674322529E-1));
#945=CARTESIAN_POINT('',(-1.1E0,-1.453670847758E1,8.234012085993E-1));
#946=CARTESIAN_POINT('',(-1.1E0,-1.453626494861E1,8.6E-1));
#948=CURVE_STYLE('',#22,POSITIVE_LENGTH_MEASURE(2.E-2),#15);
#949=PRESENTATION_STYLE_ASSIGNMENT((#948));
#950=STYLED_ITEM('',(#949),#947);
#951=CARTESIAN_POINT('',(-1.1E0,5.642857142857E1,0.E0));
#952=DIRECTION('',(-1.E0,0.E0,0.E0));
#953=DIRECTION('',(0.E0,-9.999265769092E-1,1.211778818979E-2));
#954=AXIS2_PLACEMENT_3D('',#951,#952,#953);
#956=CURVE_STYLE('',#22,POSITIVE_LENGTH_MEASURE(2.E-2),#15);
#957=PRESENTATION_STYLE_ASSIGNMENT((#956));
#958=STYLED_ITEM('',(#957),#955);
#959=CARTESIAN_POINT('',(1.986370849898E0,5.642857142857E1,-1.986370849898E0));
#960=DIRECTION('',(7.071067811865E-1,0.E0,-7.071067811865E-1));
#961=DIRECTION('',(-4.301872776093E-2,-9.981476735051E-1,-4.301872776093E-2));
#962=AXIS2_PLACEMENT_3D('',#959,#960,#961);
#964=CURVE_STYLE('',#22,POSITIVE_LENGTH_MEASURE(2.E-2),#15);
#965=PRESENTATION_STYLE_ASSIGNMENT((#964));
#966=STYLED_ITEM('',(#965),#963);
#967=CARTESIAN_POINT('',(-2.337436867076E0,-1.423029664464E1,
-6.310178566873E0));
#968=CARTESIAN_POINT('',(-2.368573192774E0,-1.422648601226E1,
-6.341314892571E0));
#969=CARTESIAN_POINT('',(-2.447357083725E0,-1.421977240225E1,
-6.386355229775E0));
#970=CARTESIAN_POINT('',(-2.582010870506E0,-1.421500783049E1,
-6.386035569096E0));
#971=CARTESIAN_POINT('',(-2.660155396992E0,-1.421613557832E1,
-6.341013427552E0));
#972=CARTESIAN_POINT('',(-2.690990257670E0,-1.421771523908E1,
-6.310178566873E0));
#974=CURVE_STYLE('',#22,POSITIVE_LENGTH_MEASURE(2.E-2),#15);
#975=PRESENTATION_STYLE_ASSIGNMENT((#974));
#976=STYLED_ITEM('',(#975),#973);
#977=CARTESIAN_POINT('',(-4.500584412272E0,5.642857142857E1,-4.500584412272E0));
#978=DIRECTION('',(-7.071067811865E-1,0.E0,-7.071067811865E-1));
#979=DIRECTION('',(2.559806176809E-2,-9.993445244096E-1,-2.559806176809E-2));
#980=AXIS2_PLACEMENT_3D('',#977,#978,#979);
#982=CURVE_STYLE('',#22,POSITIVE_LENGTH_MEASURE(2.E-2),#15);
#983=PRESENTATION_STYLE_ASSIGNMENT((#982));
#984=STYLED_ITEM('',(#983),#981);
#985=CARTESIAN_POINT('',(-5.590128060535E0,-1.424725804101E1,
-3.411040764009E0));
#986=CARTESIAN_POINT('',(-5.620978589389E0,-1.424630685309E1,
-3.380190235154E0));
#987=CARTESIAN_POINT('',(-5.666134579346E0,-1.424642582037E1,
-3.302010852242E0));
#988=CARTESIAN_POINT('',(-5.666083156603E0,-1.425263572971E1,
-3.166395817635E0));
#989=CARTESIAN_POINT('',(-5.620962209595E0,-1.425966360223E1,
-3.088321522476E0));
#990=CARTESIAN_POINT('',(-5.590128060535E0,-1.426343548359E1,
-3.057487373415E0));
#992=CURVE_STYLE('',#22,POSITIVE_LENGTH_MEASURE(2.E-2),#15);
#993=PRESENTATION_STYLE_ASSIGNMENT((#992));
#994=STYLED_ITEM('',(#993),#991);
#995=CARTESIAN_POINT('',(-1.266320343560E0,5.642857142857E1,1.266320343560E0));
#996=DIRECTION('',(-7.071067811865E-1,0.E0,7.071067811865E-1));
#997=DIRECTION('',(-6.093648467059E-2,-9.962798249849E-1,-6.093648467059E-2));
#998=AXIS2_PLACEMENT_3D('',#995,#996,#997);
#1000=CURVE_STYLE('',#22,POSITIVE_LENGTH_MEASURE(2.E-2),#15);
#1001=PRESENTATION_STYLE_ASSIGNMENT((#1000));
#1002=STYLED_ITEM('',(#1001),#999);
#1003=CARTESIAN_POINT('',(-4.317335854399E0,-1.439609289341E1,
-1.784695167280E0));
#1004=CARTESIAN_POINT('',(-4.286194744538E0,-1.439877591380E1,
-1.753554057419E0));
#1005=CARTESIAN_POINT('',(-4.207379325080E0,-1.440462607005E1,
-1.708679868509E0));
#1006=CARTESIAN_POINT('',(-4.074019505323E0,-1.441242391552E1,
-1.708579080741E0));
#1007=CARTESIAN_POINT('',(-3.994999232607E0,-1.441579917752E1,
-1.753478398478E0));
#1008=CARTESIAN_POINT('',(-3.963782463806E0,-1.441675935462E1,
-1.784695167280E0));
#1010=CURVE_STYLE('',#22,POSITIVE_LENGTH_MEASURE(2.E-2),#15);
#1011=PRESENTATION_STYLE_ASSIGNMENT((#1010));
#1012=STYLED_ITEM('',(#1011),#1009);
#1013=CARTESIAN_POINT('',(-2.874238815543E0,5.642857142857E1,
-2.874238815543E0));
#1014=DIRECTION('',(7.071067811865E-1,0.E0,7.071067811865E-1));
#1015=DIRECTION('',(-1.537555163313E-2,-9.997635644611E-1,1.537555163313E-2));
#1016=AXIS2_PLACEMENT_3D('',#1013,#1014,#1015);
#1018=CURVE_STYLE('',#22,POSITIVE_LENGTH_MEASURE(2.E-2),#15);
#1019=PRESENTATION_STYLE_ASSIGNMENT((#1018));
#1020=STYLED_ITEM('',(#1019),#1017);
#1021=CARTESIAN_POINT('',(-1.064644660941E0,-1.438728726491E1,
-4.683832970144E0));
#1022=CARTESIAN_POINT('',(-1.034468191221E0,-1.438574503512E1,
-4.714009439864E0));
#1023=CARTESIAN_POINT('',(-9.894835846698E-1,-1.438127549411E1,
-4.790615569084E0));
#1024=CARTESIAN_POINT('',(-9.878402304578E-1,-1.437201833986E1,
-4.925886553553E0));
#1025=CARTESIAN_POINT('',(-1.033034534043E0,-1.436574085577E1,
-5.005776233840E0));
#1026=CARTESIAN_POINT('',(-1.064644660941E0,-1.436301615385E1,
-5.037386360738E0));
#1028=CURVE_STYLE('',#22,POSITIVE_LENGTH_MEASURE(2.E-2),#15);
#1029=PRESENTATION_STYLE_ASSIGNMENT((#1028));
#1030=STYLED_ITEM('',(#1029),#1027);
#1031=DIRECTION('',(0.E0,-1.E0,-1.385029945802E-14));
#1032=VECTOR('',#1031,5.130161538483E-1);
#1033=CARTESIAN_POINT('',(-1.064644660941E0,-1.385E1,5.037386360738E0));
#1034=LINE('',#1033,#1032);
#1035=CURVE_STYLE('',#22,POSITIVE_LENGTH_MEASURE(2.E-2),#15);
#1036=PRESENTATION_STYLE_ASSIGNMENT((#1035));
#1037=STYLED_ITEM('',(#1036),#1034);
#1038=DIRECTION('',(-1.050969800809E-14,-1.E0,0.E0));
#1039=VECTOR('',#1038,3.802966446395E-1);
#1040=CARTESIAN_POINT('',(-2.337436867076E0,-1.385E1,6.310178566873E0));
#1041=LINE('',#1040,#1039);
#1042=CURVE_STYLE('',#22,POSITIVE_LENGTH_MEASURE(2.E-2),#15);
#1043=PRESENTATION_STYLE_ASSIGNMENT((#1042));
#1044=STYLED_ITEM('',(#1043),#1041);
#1045=DIRECTION('',(0.E0,-1.E0,0.E0));
#1046=VECTOR('',#1045,3.677152390809E-1);
#1047=CARTESIAN_POINT('',(-2.690990257670E0,-1.385E1,6.310178566873E0));
#1048=LINE('',#1047,#1046);
#1049=CURVE_STYLE('',#22,POSITIVE_LENGTH_MEASURE(2.E-2),#15);
#1050=PRESENTATION_STYLE_ASSIGNMENT((#1049));
#1051=STYLED_ITEM('',(#1050),#1048);
#1052=DIRECTION('',(0.E0,-1.E0,0.E0));
#1053=VECTOR('',#1052,3.972580410140E-1);
#1054=CARTESIAN_POINT('',(-5.590128060535E0,-1.385E1,3.411040764009E0));
#1055=LINE('',#1054,#1053);
#1056=CURVE_STYLE('',#22,POSITIVE_LENGTH_MEASURE(2.E-2),#15);
#1057=PRESENTATION_STYLE_ASSIGNMENT((#1056));
#1058=STYLED_ITEM('',(#1057),#1055);
#1059=DIRECTION('',(0.E0,-1.E0,0.E0));
#1060=VECTOR('',#1059,4.134354835898E-1);
#1061=CARTESIAN_POINT('',(-5.590128060535E0,-1.385E1,3.057487373415E0));
#1062=LINE('',#1061,#1060);
#1063=CURVE_STYLE('',#22,POSITIVE_LENGTH_MEASURE(2.E-2),#15);
#1064=PRESENTATION_STYLE_ASSIGNMENT((#1063));
#1065=STYLED_ITEM('',(#1064),#1062);
#1066=DIRECTION('',(0.E0,-1.E0,0.E0));
#1067=VECTOR('',#1066,5.460928934077E-1);
#1068=CARTESIAN_POINT('',(-4.317335854399E0,-1.385E1,1.784695167280E0));
#1069=LINE('',#1068,#1067);
#1070=CURVE_STYLE('',#22,POSITIVE_LENGTH_MEASURE(2.E-2),#15);
#1071=PRESENTATION_STYLE_ASSIGNMENT((#1070));
#1072=STYLED_ITEM('',(#1071),#1069);
#1073=DIRECTION('',(0.E0,-1.E0,0.E0));
#1074=VECTOR('',#1073,5.667593546237E-1);
#1075=CARTESIAN_POINT('',(-3.963782463806E0,-1.385E1,1.784695167280E0));
#1076=LINE('',#1075,#1074);
#1077=CURVE_STYLE('',#22,POSITIVE_LENGTH_MEASURE(2.E-2),#15);
#1078=PRESENTATION_STYLE_ASSIGNMENT((#1077));
#1079=STYLED_ITEM('',(#1078),#1076);
#1080=DIRECTION('',(0.E0,-1.E0,0.E0));
#1081=VECTOR('',#1080,5.372872649058E-1);
#1082=CARTESIAN_POINT('',(-1.064644660941E0,-1.385E1,4.683832970144E0));
#1083=LINE('',#1082,#1081);
#1084=CURVE_STYLE('',#22,POSITIVE_LENGTH_MEASURE(2.E-2),#15);
#1085=PRESENTATION_STYLE_ASSIGNMENT((#1084));
#1086=STYLED_ITEM('',(#1085),#1083);
#1087=CARTESIAN_POINT('',(-1.241421356237E0,-1.385E1,4.860609665441E0));
#1088=DIRECTION('',(0.E0,1.E0,0.E0));
#1089=DIRECTION('',(7.071067811865E-1,0.E0,7.071067811865E-1));
#1090=AXIS2_PLACEMENT_3D('',#1087,#1088,#1089);
#1092=CURVE_STYLE('',#22,POSITIVE_LENGTH_MEASURE(2.E-2),#15);
#1093=PRESENTATION_STYLE_ASSIGNMENT((#1092));
#1094=STYLED_ITEM('',(#1093),#1091);
#1095=DIRECTION('',(7.071067811865E-1,0.E0,-7.071067811865E-1));
#1096=VECTOR('',#1095,1.8E0);
#1097=CARTESIAN_POINT('',(-2.337436867076E0,-1.385E1,6.310178566873E0));
#1098=LINE('',#1097,#1096);
#1099=CURVE_STYLE('',#22,POSITIVE_LENGTH_MEASURE(2.E-2),#15);
#1100=PRESENTATION_STYLE_ASSIGNMENT((#1099));
#1101=STYLED_ITEM('',(#1100),#1098);
#1102=CARTESIAN_POINT('',(-2.514213562373E0,-1.385E1,6.133401871577E0));
#1103=DIRECTION('',(0.E0,1.E0,0.E0));
#1104=DIRECTION('',(-7.071067811865E-1,0.E0,7.071067811865E-1));
#1105=AXIS2_PLACEMENT_3D('',#1102,#1103,#1104);
#1107=CURVE_STYLE('',#22,POSITIVE_LENGTH_MEASURE(2.E-2),#15);
#1108=PRESENTATION_STYLE_ASSIGNMENT((#1107));
#1109=STYLED_ITEM('',(#1108),#1106);
#1110=DIRECTION('',(7.071067811865E-1,0.E0,7.071067811865E-1));
#1111=VECTOR('',#1110,4.1E0);
#1112=CARTESIAN_POINT('',(-5.590128060535E0,-1.385E1,3.411040764009E0));
#1113=LINE('',#1112,#1111);
#1114=CURVE_STYLE('',#22,POSITIVE_LENGTH_MEASURE(2.E-2),#15);
#1115=PRESENTATION_STYLE_ASSIGNMENT((#1114));
#1116=STYLED_ITEM('',(#1115),#1113);
#1117=CARTESIAN_POINT('',(-5.413351365238E0,-1.385E1,3.234264068712E0));
#1118=DIRECTION('',(0.E0,1.E0,0.E0));
#1119=DIRECTION('',(-7.071067811865E-1,0.E0,-7.071067811865E-1));
#1120=AXIS2_PLACEMENT_3D('',#1117,#1118,#1119);
#1122=CURVE_STYLE('',#22,POSITIVE_LENGTH_MEASURE(2.E-2),#15);
#1123=PRESENTATION_STYLE_ASSIGNMENT((#1122));
#1124=STYLED_ITEM('',(#1123),#1121);
#1125=DIRECTION('',(-7.071067811865E-1,0.E0,7.071067811865E-1));
#1126=VECTOR('',#1125,1.8E0);
#1127=CARTESIAN_POINT('',(-4.317335854399E0,-1.385E1,1.784695167280E0));
#1128=LINE('',#1127,#1126);
#1129=CURVE_STYLE('',#22,POSITIVE_LENGTH_MEASURE(2.E-2),#15);
#1130=PRESENTATION_STYLE_ASSIGNMENT((#1129));
#1131=STYLED_ITEM('',(#1130),#1128);
#1132=CARTESIAN_POINT('',(-4.140559159102E0,-1.385E1,1.961471862576E0));
#1133=DIRECTION('',(0.E0,1.E0,0.E0));
#1134=DIRECTION('',(7.071067811865E-1,0.E0,-7.071067811865E-1));
#1135=AXIS2_PLACEMENT_3D('',#1132,#1133,#1134);
#1137=CURVE_STYLE('',#22,POSITIVE_LENGTH_MEASURE(2.E-2),#15);
#1138=PRESENTATION_STYLE_ASSIGNMENT((#1137));
#1139=STYLED_ITEM('',(#1138),#1136);
#1140=DIRECTION('',(-7.071067811865E-1,0.E0,-7.071067811865E-1));
#1141=VECTOR('',#1140,4.1E0);
#1142=CARTESIAN_POINT('',(-1.064644660941E0,-1.385E1,4.683832970144E0));
#1143=LINE('',#1142,#1141);
#1144=CURVE_STYLE('',#22,POSITIVE_LENGTH_MEASURE(2.E-2),#15);
#1145=PRESENTATION_STYLE_ASSIGNMENT((#1144));
#1146=STYLED_ITEM('',(#1145),#1143);
#1147=CARTESIAN_POINT('',(-8.5E-1,-1.385E1,2.56E0));
#1148=DIRECTION('',(0.E0,1.E0,0.E0));
#1149=DIRECTION('',(-1.E0,0.E0,0.E0));
#1150=AXIS2_PLACEMENT_3D('',#1147,#1148,#1149);
#1152=CURVE_STYLE('',#22,POSITIVE_LENGTH_MEASURE(2.E-2),#15);
#1153=PRESENTATION_STYLE_ASSIGNMENT((#1152));
#1154=STYLED_ITEM('',(#1153),#1151);
#1155=DIRECTION('',(0.E0,0.E0,1.E0));
#1156=VECTOR('',#1155,1.7E0);
#1157=CARTESIAN_POINT('',(-1.1E0,-1.385E1,8.6E-1));
#1158=LINE('',#1157,#1156);
#1159=CURVE_STYLE('',#22,POSITIVE_LENGTH_MEASURE(2.E-2),#15);
#1160=PRESENTATION_STYLE_ASSIGNMENT((#1159));
#1161=STYLED_ITEM('',(#1160),#1158);
#1162=CARTESIAN_POINT('',(-8.5E-1,-1.385E1,8.6E-1));
#1163=DIRECTION('',(0.E0,1.E0,0.E0));
#1164=DIRECTION('',(0.E0,0.E0,-1.E0));
#1165=AXIS2_PLACEMENT_3D('',#1162,#1163,#1164);
#1167=CURVE_STYLE('',#22,POSITIVE_LENGTH_MEASURE(2.E-2),#15);
#1168=PRESENTATION_STYLE_ASSIGNMENT((#1167));
#1169=STYLED_ITEM('',(#1168),#1166);
#1170=DIRECTION('',(-1.E0,0.E0,0.E0));
#1171=VECTOR('',#1170,1.7E0);
#1172=CARTESIAN_POINT('',(8.5E-1,-1.385E1,6.1E-1));
#1173=LINE('',#1172,#1171);
#1174=CURVE_STYLE('',#22,POSITIVE_LENGTH_MEASURE(2.E-2),#15);
#1175=PRESENTATION_STYLE_ASSIGNMENT((#1174));
#1176=STYLED_ITEM('',(#1175),#1173);
#1177=CARTESIAN_POINT('',(8.5E-1,-1.385E1,8.6E-1));
#1178=DIRECTION('',(0.E0,1.E0,0.E0));
#1179=DIRECTION('',(1.E0,0.E0,0.E0));
#1180=AXIS2_PLACEMENT_3D('',#1177,#1178,#1179);
#1182=CURVE_STYLE('',#22,POSITIVE_LENGTH_MEASURE(2.E-2),#15);
#1183=PRESENTATION_STYLE_ASSIGNMENT((#1182));
#1184=STYLED_ITEM('',(#1183),#1181);
#1185=DIRECTION('',(0.E0,0.E0,-1.E0));
#1186=VECTOR('',#1185,1.7E0);
#1187=CARTESIAN_POINT('',(1.1E0,-1.385E1,2.56E0));
#1188=LINE('',#1187,#1186);
#1189=CURVE_STYLE('',#22,POSITIVE_LENGTH_MEASURE(2.E-2),#15);
#1190=PRESENTATION_STYLE_ASSIGNMENT((#1189));
#1191=STYLED_ITEM('',(#1190),#1188);
#1192=CARTESIAN_POINT('',(8.5E-1,-1.385E1,2.56E0));
#1193=DIRECTION('',(0.E0,1.E0,0.E0));
#1194=DIRECTION('',(0.E0,0.E0,1.E0));
#1195=AXIS2_PLACEMENT_3D('',#1192,#1193,#1194);
#1197=CURVE_STYLE('',#22,POSITIVE_LENGTH_MEASURE(2.E-2),#15);
#1198=PRESENTATION_STYLE_ASSIGNMENT((#1197));
#1199=STYLED_ITEM('',(#1198),#1196);
#1200=DIRECTION('',(1.E0,0.E0,0.E0));
#1201=VECTOR('',#1200,1.7E0);
#1202=CARTESIAN_POINT('',(-8.5E-1,-1.385E1,2.81E0));
#1203=LINE('',#1202,#1201);
#1204=CURVE_STYLE('',#22,POSITIVE_LENGTH_MEASURE(2.E-2),#15);
#1205=PRESENTATION_STYLE_ASSIGNMENT((#1204));
#1206=STYLED_ITEM('',(#1205),#1203);
#1207=DIRECTION('',(7.071067811865E-1,0.E0,7.071067811865E-1));
#1208=VECTOR('',#1207,1.8E0);
#1209=CARTESIAN_POINT('',(1.064644660941E0,-1.385E1,5.037386360738E0));
#1210=LINE('',#1209,#1208);
#1211=CURVE_STYLE('',#22,POSITIVE_LENGTH_MEASURE(2.E-2),#15);
#1212=PRESENTATION_STYLE_ASSIGNMENT((#1211));
#1213=STYLED_ITEM('',(#1212),#1210);
#1214=CARTESIAN_POINT('',(1.241421356237E0,-1.385E1,4.860609665441E0));
#1215=DIRECTION('',(0.E0,1.E0,0.E0));
#1216=DIRECTION('',(-7.071067811865E-1,0.E0,-7.071067811865E-1));
#1217=AXIS2_PLACEMENT_3D('',#1214,#1215,#1216);
#1219=CURVE_STYLE('',#22,POSITIVE_LENGTH_MEASURE(2.E-2),#15);
#1220=PRESENTATION_STYLE_ASSIGNMENT((#1219));
#1221=STYLED_ITEM('',(#1220),#1218);
#1222=DIRECTION('',(-7.071067811865E-1,0.E0,7.071067811865E-1));
#1223=VECTOR('',#1222,4.1E0);
#1224=CARTESIAN_POINT('',(3.963782463806E0,-1.385E1,1.784695167280E0));
#1225=LINE('',#1224,#1223);
#1226=CURVE_STYLE('',#22,POSITIVE_LENGTH_MEASURE(2.E-2),#15);
#1227=PRESENTATION_STYLE_ASSIGNMENT((#1226));
#1228=STYLED_ITEM('',(#1227),#1225);
#1229=CARTESIAN_POINT('',(4.140559159102E0,-1.385E1,1.961471862576E0));
#1230=DIRECTION('',(0.E0,1.E0,0.E0));
#1231=DIRECTION('',(7.071067811865E-1,0.E0,-7.071067811865E-1));
#1232=AXIS2_PLACEMENT_3D('',#1229,#1230,#1231);
#1234=CURVE_STYLE('',#22,POSITIVE_LENGTH_MEASURE(2.E-2),#15);
#1235=PRESENTATION_STYLE_ASSIGNMENT((#1234));
#1236=STYLED_ITEM('',(#1235),#1233);
#1237=DIRECTION('',(-7.071067811865E-1,0.E0,-7.071067811865E-1));
#1238=VECTOR('',#1237,1.8E0);
#1239=CARTESIAN_POINT('',(5.590128060535E0,-1.385E1,3.057487373415E0));
#1240=LINE('',#1239,#1238);
#1241=CURVE_STYLE('',#22,POSITIVE_LENGTH_MEASURE(2.E-2),#15);
#1242=PRESENTATION_STYLE_ASSIGNMENT((#1241));
#1243=STYLED_ITEM('',(#1242),#1240);
#1244=CARTESIAN_POINT('',(5.413351365238E0,-1.385E1,3.234264068712E0));
#1245=DIRECTION('',(0.E0,1.E0,0.E0));
#1246=DIRECTION('',(7.071067811865E-1,0.E0,7.071067811865E-1));
#1247=AXIS2_PLACEMENT_3D('',#1244,#1245,#1246);
#1249=CURVE_STYLE('',#22,POSITIVE_LENGTH_MEASURE(2.E-2),#15);
#1250=PRESENTATION_STYLE_ASSIGNMENT((#1249));
#1251=STYLED_ITEM('',(#1250),#1248);
#1252=DIRECTION('',(7.071067811865E-1,0.E0,-7.071067811865E-1));
#1253=VECTOR('',#1252,4.1E0);
#1254=CARTESIAN_POINT('',(2.690990257670E0,-1.385E1,6.310178566873E0));
#1255=LINE('',#1254,#1253);
#1256=CURVE_STYLE('',#22,POSITIVE_LENGTH_MEASURE(2.E-2),#15);
#1257=PRESENTATION_STYLE_ASSIGNMENT((#1256));
#1258=STYLED_ITEM('',(#1257),#1255);
#1259=CARTESIAN_POINT('',(2.514213562373E0,-1.385E1,6.133401871577E0));
#1260=DIRECTION('',(0.E0,1.E0,0.E0));
#1261=DIRECTION('',(-7.071067811865E-1,0.E0,7.071067811865E-1));
#1262=AXIS2_PLACEMENT_3D('',#1259,#1260,#1261);
#1264=CURVE_STYLE('',#22,POSITIVE_LENGTH_MEASURE(2.E-2),#15);
#1265=PRESENTATION_STYLE_ASSIGNMENT((#1264));
#1266=STYLED_ITEM('',(#1265),#1263);
#1267=CARTESIAN_POINT('',(1.241421356237E0,-1.385E1,-4.860609665441E0));
#1268=DIRECTION('',(0.E0,1.E0,0.E0));
#1269=DIRECTION('',(-7.071067811865E-1,0.E0,-7.071067811865E-1));
#1270=AXIS2_PLACEMENT_3D('',#1267,#1268,#1269);
#1272=CURVE_STYLE('',#22,POSITIVE_LENGTH_MEASURE(2.E-2),#15);
#1273=PRESENTATION_STYLE_ASSIGNMENT((#1272));
#1274=STYLED_ITEM('',(#1273),#1271);
#1275=DIRECTION('',(-7.071067811865E-1,0.E0,7.071067811865E-1));
#1276=VECTOR('',#1275,1.8E0);
#1277=CARTESIAN_POINT('',(2.337436867076E0,-1.385E1,-6.310178566873E0));
#1278=LINE('',#1277,#1276);
#1279=CURVE_STYLE('',#22,POSITIVE_LENGTH_MEASURE(2.E-2),#15);
#1280=PRESENTATION_STYLE_ASSIGNMENT((#1279));
#1281=STYLED_ITEM('',(#1280),#1278);
#1282=CARTESIAN_POINT('',(2.514213562373E0,-1.385E1,-6.133401871577E0));
#1283=DIRECTION('',(0.E0,1.E0,0.E0));
#1284=DIRECTION('',(7.071067811865E-1,0.E0,-7.071067811865E-1));
#1285=AXIS2_PLACEMENT_3D('',#1282,#1283,#1284);
#1287=CURVE_STYLE('',#22,POSITIVE_LENGTH_MEASURE(2.E-2),#15);
#1288=PRESENTATION_STYLE_ASSIGNMENT((#1287));
#1289=STYLED_ITEM('',(#1288),#1286);
#1290=DIRECTION('',(-7.071067811865E-1,0.E0,-7.071067811865E-1));
#1291=VECTOR('',#1290,4.1E0);
#1292=CARTESIAN_POINT('',(5.590128060535E0,-1.385E1,-3.411040764009E0));
#1293=LINE('',#1292,#1291);
#1294=CURVE_STYLE('',#22,POSITIVE_LENGTH_MEASURE(2.E-2),#15);
#1295=PRESENTATION_STYLE_ASSIGNMENT((#1294));
#1296=STYLED_ITEM('',(#1295),#1293);
#1297=CARTESIAN_POINT('',(5.413351365238E0,-1.385E1,-3.234264068712E0));
#1298=DIRECTION('',(0.E0,1.E0,0.E0));
#1299=DIRECTION('',(7.071067811865E-1,0.E0,7.071067811865E-1));
#1300=AXIS2_PLACEMENT_3D('',#1297,#1298,#1299);
#1302=CURVE_STYLE('',#22,POSITIVE_LENGTH_MEASURE(2.E-2),#15);
#1303=PRESENTATION_STYLE_ASSIGNMENT((#1302));
#1304=STYLED_ITEM('',(#1303),#1301);
#1305=DIRECTION('',(7.071067811865E-1,0.E0,-7.071067811865E-1));
#1306=VECTOR('',#1305,1.8E0);
#1307=CARTESIAN_POINT('',(4.317335854399E0,-1.385E1,-1.784695167280E0));
#1308=LINE('',#1307,#1306);
#1309=CURVE_STYLE('',#22,POSITIVE_LENGTH_MEASURE(2.E-2),#15);
#1310=PRESENTATION_STYLE_ASSIGNMENT((#1309));
#1311=STYLED_ITEM('',(#1310),#1308);
#1312=CARTESIAN_POINT('',(4.140559159102E0,-1.385E1,-1.961471862576E0));
#1313=DIRECTION('',(0.E0,1.E0,0.E0));
#1314=DIRECTION('',(-7.071067811865E-1,0.E0,7.071067811865E-1));
#1315=AXIS2_PLACEMENT_3D('',#1312,#1313,#1314);
#1317=CURVE_STYLE('',#22,POSITIVE_LENGTH_MEASURE(2.E-2),#15);
#1318=PRESENTATION_STYLE_ASSIGNMENT((#1317));
#1319=STYLED_ITEM('',(#1318),#1316);
#1320=DIRECTION('',(7.071067811865E-1,0.E0,7.071067811865E-1));
#1321=VECTOR('',#1320,4.1E0);
#1322=CARTESIAN_POINT('',(1.064644660941E0,-1.385E1,-4.683832970144E0));
#1323=LINE('',#1322,#1321);
#1324=CURVE_STYLE('',#22,POSITIVE_LENGTH_MEASURE(2.E-2),#15);
#1325=PRESENTATION_STYLE_ASSIGNMENT((#1324));
#1326=STYLED_ITEM('',(#1325),#1323);
#1327=DIRECTION('',(0.E0,0.E0,1.E0));
#1328=VECTOR('',#1327,1.7E0);
#1329=CARTESIAN_POINT('',(-1.1E0,-1.385E1,-2.56E0));
#1330=LINE('',#1329,#1328);
#1331=CURVE_STYLE('',#22,POSITIVE_LENGTH_MEASURE(2.E-2),#15);
#1332=PRESENTATION_STYLE_ASSIGNMENT((#1331));
#1333=STYLED_ITEM('',(#1332),#1330);
#1334=CARTESIAN_POINT('',(-8.5E-1,-1.385E1,-2.56E0));
#1335=DIRECTION('',(0.E0,1.E0,0.E0));
#1336=DIRECTION('',(0.E0,0.E0,-1.E0));
#1337=AXIS2_PLACEMENT_3D('',#1334,#1335,#1336);
#1339=CURVE_STYLE('',#22,POSITIVE_LENGTH_MEASURE(2.E-2),#15);
#1340=PRESENTATION_STYLE_ASSIGNMENT((#1339));
#1341=STYLED_ITEM('',(#1340),#1338);
#1342=DIRECTION('',(-1.E0,0.E0,0.E0));
#1343=VECTOR('',#1342,1.7E0);
#1344=CARTESIAN_POINT('',(8.5E-1,-1.385E1,-2.81E0));
#1345=LINE('',#1344,#1343);
#1346=CURVE_STYLE('',#22,POSITIVE_LENGTH_MEASURE(2.E-2),#15);
#1347=PRESENTATION_STYLE_ASSIGNMENT((#1346));
#1348=STYLED_ITEM('',(#1347),#1345);
#1349=CARTESIAN_POINT('',(8.5E-1,-1.385E1,-2.56E0));
#1350=DIRECTION('',(0.E0,1.E0,0.E0));
#1351=DIRECTION('',(1.E0,0.E0,0.E0));
#1352=AXIS2_PLACEMENT_3D('',#1349,#1350,#1351);
#1354=CURVE_STYLE('',#22,POSITIVE_LENGTH_MEASURE(2.E-2),#15);
#1355=PRESENTATION_STYLE_ASSIGNMENT((#1354));
#1356=STYLED_ITEM('',(#1355),#1353);
#1357=DIRECTION('',(0.E0,0.E0,-1.E0));
#1358=VECTOR('',#1357,1.7E0);
#1359=CARTESIAN_POINT('',(1.1E0,-1.385E1,-8.6E-1));
#1360=LINE('',#1359,#1358);
#1361=CURVE_STYLE('',#22,POSITIVE_LENGTH_MEASURE(2.E-2),#15);
#1362=PRESENTATION_STYLE_ASSIGNMENT((#1361));
#1363=STYLED_ITEM('',(#1362),#1360);
#1364=CARTESIAN_POINT('',(8.5E-1,-1.385E1,-8.6E-1));
#1365=DIRECTION('',(0.E0,1.E0,0.E0));
#1366=DIRECTION('',(0.E0,0.E0,1.E0));
#1367=AXIS2_PLACEMENT_3D('',#1364,#1365,#1366);
#1369=CURVE_STYLE('',#22,POSITIVE_LENGTH_MEASURE(2.E-2),#15);
#1370=PRESENTATION_STYLE_ASSIGNMENT((#1369));
#1371=STYLED_ITEM('',(#1370),#1368);
#1372=DIRECTION('',(1.E0,0.E0,0.E0));
#1373=VECTOR('',#1372,1.7E0);
#1374=CARTESIAN_POINT('',(-8.5E-1,-1.385E1,-6.1E-1));
#1375=LINE('',#1374,#1373);
#1376=CURVE_STYLE('',#22,POSITIVE_LENGTH_MEASURE(2.E-2),#15);
#1377=PRESENTATION_STYLE_ASSIGNMENT((#1376));
#1378=STYLED_ITEM('',(#1377),#1375);
#1379=CARTESIAN_POINT('',(-8.5E-1,-1.385E1,-8.6E-1));
#1380=DIRECTION('',(0.E0,1.E0,0.E0));
#1381=DIRECTION('',(-1.E0,0.E0,0.E0));
#1382=AXIS2_PLACEMENT_3D('',#1379,#1380,#1381);
#1384=CURVE_STYLE('',#22,POSITIVE_LENGTH_MEASURE(2.E-2),#15);
#1385=PRESENTATION_STYLE_ASSIGNMENT((#1384));
#1386=STYLED_ITEM('',(#1385),#1383);
#1387=DIRECTION('',(-7.071067811865E-1,0.E0,-7.071067811865E-1));
#1388=VECTOR('',#1387,1.8E0);
#1389=CARTESIAN_POINT('',(-1.064644660941E0,-1.385E1,-5.037386360738E0));
#1390=LINE('',#1389,#1388);
#1391=CURVE_STYLE('',#22,POSITIVE_LENGTH_MEASURE(2.E-2),#15);
#1392=PRESENTATION_STYLE_ASSIGNMENT((#1391));
#1393=STYLED_ITEM('',(#1392),#1390);
#1394=CARTESIAN_POINT('',(-1.241421356237E0,-1.385E1,-4.860609665441E0));
#1395=DIRECTION('',(0.E0,1.E0,0.E0));
#1396=DIRECTION('',(7.071067811865E-1,0.E0,7.071067811865E-1));
#1397=AXIS2_PLACEMENT_3D('',#1394,#1395,#1396);
#1399=CURVE_STYLE('',#22,POSITIVE_LENGTH_MEASURE(2.E-2),#15);
#1400=PRESENTATION_STYLE_ASSIGNMENT((#1399));
#1401=STYLED_ITEM('',(#1400),#1398);
#1402=DIRECTION('',(7.071067811865E-1,0.E0,-7.071067811865E-1));
#1403=VECTOR('',#1402,4.1E0);
#1404=CARTESIAN_POINT('',(-3.963782463806E0,-1.385E1,-1.784695167280E0));
#1405=LINE('',#1404,#1403);
#1406=CURVE_STYLE('',#22,POSITIVE_LENGTH_MEASURE(2.E-2),#15);
#1407=PRESENTATION_STYLE_ASSIGNMENT((#1406));
#1408=STYLED_ITEM('',(#1407),#1405);
#1409=CARTESIAN_POINT('',(-4.140559159102E0,-1.385E1,-1.961471862576E0));
#1410=DIRECTION('',(0.E0,1.E0,0.E0));
#1411=DIRECTION('',(-7.071067811865E-1,0.E0,7.071067811865E-1));
#1412=AXIS2_PLACEMENT_3D('',#1409,#1410,#1411);
#1414=CURVE_STYLE('',#22,POSITIVE_LENGTH_MEASURE(2.E-2),#15);
#1415=PRESENTATION_STYLE_ASSIGNMENT((#1414));
#1416=STYLED_ITEM('',(#1415),#1413);
#1417=DIRECTION('',(7.071067811865E-1,0.E0,7.071067811865E-1));
#1418=VECTOR('',#1417,1.8E0);
#1419=CARTESIAN_POINT('',(-5.590128060535E0,-1.385E1,-3.057487373415E0));
#1420=LINE('',#1419,#1418);
#1421=CURVE_STYLE('',#22,POSITIVE_LENGTH_MEASURE(2.E-2),#15);
#1422=PRESENTATION_STYLE_ASSIGNMENT((#1421));
#1423=STYLED_ITEM('',(#1422),#1420);
#1424=CARTESIAN_POINT('',(-5.413351365238E0,-1.385E1,-3.234264068712E0));
#1425=DIRECTION('',(0.E0,1.E0,0.E0));
#1426=DIRECTION('',(-7.071067811865E-1,0.E0,-7.071067811865E-1));
#1427=AXIS2_PLACEMENT_3D('',#1424,#1425,#1426);
#1429=CURVE_STYLE('',#22,POSITIVE_LENGTH_MEASURE(2.E-2),#15);
#1430=PRESENTATION_STYLE_ASSIGNMENT((#1429));
#1431=STYLED_ITEM('',(#1430),#1428);
#1432=DIRECTION('',(-7.071067811865E-1,0.E0,7.071067811865E-1));
#1433=VECTOR('',#1432,4.1E0);
#1434=CARTESIAN_POINT('',(-2.690990257670E0,-1.385E1,-6.310178566873E0));
#1435=LINE('',#1434,#1433);
#1436=CURVE_STYLE('',#22,POSITIVE_LENGTH_MEASURE(2.E-2),#15);
#1437=PRESENTATION_STYLE_ASSIGNMENT((#1436));
#1438=STYLED_ITEM('',(#1437),#1435);
#1439=CARTESIAN_POINT('',(-2.514213562373E0,-1.385E1,-6.133401871577E0));
#1440=DIRECTION('',(0.E0,1.E0,0.E0));
#1441=DIRECTION('',(7.071067811865E-1,0.E0,-7.071067811865E-1));
#1442=AXIS2_PLACEMENT_3D('',#1439,#1440,#1441);
#1444=CURVE_STYLE('',#22,POSITIVE_LENGTH_MEASURE(2.E-2),#15);
#1445=PRESENTATION_STYLE_ASSIGNMENT((#1444));
#1446=STYLED_ITEM('',(#1445),#1443);
#1447=DIRECTION('',(0.E0,-1.E0,0.E0));
#1448=VECTOR('',#1447,6.452891688384E-1);
#1449=CARTESIAN_POINT('',(-1.1E0,-1.385E1,2.56E0));
#1450=LINE('',#1449,#1448);
#1451=CURVE_STYLE('',#22,POSITIVE_LENGTH_MEASURE(2.E-2),#15);
#1452=PRESENTATION_STYLE_ASSIGNMENT((#1451));
#1453=STYLED_ITEM('',(#1452),#1450);
#1454=DIRECTION('',(0.E0,-1.E0,0.E0));
#1455=VECTOR('',#1454,6.862649486148E-1);
#1456=CARTESIAN_POINT('',(-1.1E0,-1.385E1,8.6E-1));
#1457=LINE('',#1456,#1455);
#1458=CURVE_STYLE('',#22,POSITIVE_LENGTH_MEASURE(2.E-2),#15);
#1459=PRESENTATION_STYLE_ASSIGNMENT((#1458));
#1460=STYLED_ITEM('',(#1459),#1457);
#1461=DIRECTION('',(0.E0,-1.E0,0.E0));
#1462=VECTOR('',#1461,6.922888032224E-1);
#1463=CARTESIAN_POINT('',(-8.5E-1,-1.385E1,6.1E-1));
#1464=LINE('',#1463,#1462);
#1465=CURVE_STYLE('',#22,POSITIVE_LENGTH_MEASURE(2.E-2),#15);
#1466=PRESENTATION_STYLE_ASSIGNMENT((#1465));
#1467=STYLED_ITEM('',(#1466),#1464);
#1468=DIRECTION('',(0.E0,-1.E0,0.E0));
#1469=VECTOR('',#1468,6.922888032224E-1);
#1470=CARTESIAN_POINT('',(8.5E-1,-1.385E1,6.1E-1));
#1471=LINE('',#1470,#1469);
#1472=CURVE_STYLE('',#22,POSITIVE_LENGTH_MEASURE(2.E-2),#15);
#1473=PRESENTATION_STYLE_ASSIGNMENT((#1472));
#1474=STYLED_ITEM('',(#1473),#1471);
#1475=DIRECTION('',(0.E0,-1.E0,0.E0));
#1476=VECTOR('',#1475,6.862649486148E-1);
#1477=CARTESIAN_POINT('',(1.1E0,-1.385E1,8.6E-1));
#1478=LINE('',#1477,#1476);
#1479=CURVE_STYLE('',#22,POSITIVE_LENGTH_MEASURE(2.E-2),#15);
#1480=PRESENTATION_STYLE_ASSIGNMENT((#1479));
#1481=STYLED_ITEM('',(#1480),#1478);
#1482=DIRECTION('',(0.E0,-1.E0,0.E0));
#1483=VECTOR('',#1482,6.452891688384E-1);
#1484=CARTESIAN_POINT('',(1.1E0,-1.385E1,2.56E0));
#1485=LINE('',#1484,#1483);
#1486=CURVE_STYLE('',#22,POSITIVE_LENGTH_MEASURE(2.E-2),#15);
#1487=PRESENTATION_STYLE_ASSIGNMENT((#1486));
#1488=STYLED_ITEM('',(#1487),#1485);
#1489=DIRECTION('',(0.E0,-1.E0,0.E0));
#1490=VECTOR('',#1489,6.392613220197E-1);
#1491=CARTESIAN_POINT('',(8.5E-1,-1.385E1,2.81E0));
#1492=LINE('',#1491,#1490);
#1493=CURVE_STYLE('',#22,POSITIVE_LENGTH_MEASURE(2.E-2),#15);
#1494=PRESENTATION_STYLE_ASSIGNMENT((#1493));
#1495=STYLED_ITEM('',(#1494),#1492);
#1496=DIRECTION('',(0.E0,-1.E0,0.E0));
#1497=VECTOR('',#1496,5.130161538483E-1);
#1498=CARTESIAN_POINT('',(1.064644660941E0,-1.385E1,5.037386360738E0));
#1499=LINE('',#1498,#1497);
#1500=CURVE_STYLE('',#22,POSITIVE_LENGTH_MEASURE(2.E-2),#15);
#1501=PRESENTATION_STYLE_ASSIGNMENT((#1500));
#1502=STYLED_ITEM('',(#1501),#1499);
#1503=DIRECTION('',(0.E0,-1.E0,0.E0));
#1504=VECTOR('',#1503,5.372872649058E-1);
#1505=CARTESIAN_POINT('',(1.064644660941E0,-1.385E1,4.683832970144E0));
#1506=LINE('',#1505,#1504);
#1507=CURVE_STYLE('',#22,POSITIVE_LENGTH_MEASURE(2.E-2),#15);
#1508=PRESENTATION_STYLE_ASSIGNMENT((#1507));
#1509=STYLED_ITEM('',(#1508),#1506);
#1510=DIRECTION('',(0.E0,-1.E0,0.E0));
#1511=VECTOR('',#1510,5.667593546237E-1);
#1512=CARTESIAN_POINT('',(3.963782463806E0,-1.385E1,1.784695167280E0));
#1513=LINE('',#1512,#1511);
#1514=CURVE_STYLE('',#22,POSITIVE_LENGTH_MEASURE(2.E-2),#15);
#1515=PRESENTATION_STYLE_ASSIGNMENT((#1514));
#1516=STYLED_ITEM('',(#1515),#1513);
#1517=DIRECTION('',(0.E0,-1.E0,0.E0));
#1518=VECTOR('',#1517,5.460928934077E-1);
#1519=CARTESIAN_POINT('',(4.317335854399E0,-1.385E1,1.784695167280E0));
#1520=LINE('',#1519,#1518);
#1521=CURVE_STYLE('',#22,POSITIVE_LENGTH_MEASURE(2.E-2),#15);
#1522=PRESENTATION_STYLE_ASSIGNMENT((#1521));
#1523=STYLED_ITEM('',(#1522),#1520);
#1524=DIRECTION('',(0.E0,-1.E0,0.E0));
#1525=VECTOR('',#1524,4.134354835898E-1);
#1526=CARTESIAN_POINT('',(5.590128060535E0,-1.385E1,3.057487373415E0));
#1527=LINE('',#1526,#1525);
#1528=CURVE_STYLE('',#22,POSITIVE_LENGTH_MEASURE(2.E-2),#15);
#1529=PRESENTATION_STYLE_ASSIGNMENT((#1528));
#1530=STYLED_ITEM('',(#1529),#1527);
#1531=DIRECTION('',(0.E0,-1.E0,0.E0));
#1532=VECTOR('',#1531,3.972580410139E-1);
#1533=CARTESIAN_POINT('',(5.590128060535E0,-1.385E1,3.411040764009E0));
#1534=LINE('',#1533,#1532);
#1535=CURVE_STYLE('',#22,POSITIVE_LENGTH_MEASURE(2.E-2),#15);
#1536=PRESENTATION_STYLE_ASSIGNMENT((#1535));
#1537=STYLED_ITEM('',(#1536),#1534);
#1538=DIRECTION('',(0.E0,-1.E0,0.E0));
#1539=VECTOR('',#1538,3.677152390809E-1);
#1540=CARTESIAN_POINT('',(2.690990257670E0,-1.385E1,6.310178566873E0));
#1541=LINE('',#1540,#1539);
#1542=CURVE_STYLE('',#22,POSITIVE_LENGTH_MEASURE(2.E-2),#15);
#1543=PRESENTATION_STYLE_ASSIGNMENT((#1542));
#1544=STYLED_ITEM('',(#1543),#1541);
#1545=DIRECTION('',(0.E0,-1.E0,0.E0));
#1546=VECTOR('',#1545,3.802966446395E-1);
#1547=CARTESIAN_POINT('',(2.337436867076E0,-1.385E1,6.310178566873E0));
#1548=LINE('',#1547,#1546);
#1549=CURVE_STYLE('',#22,POSITIVE_LENGTH_MEASURE(2.E-2),#15);
#1550=PRESENTATION_STYLE_ASSIGNMENT((#1549));
#1551=STYLED_ITEM('',(#1550),#1548);
#1552=DIRECTION('',(0.E0,-1.E0,0.E0));
#1553=VECTOR('',#1552,5.130161538483E-1);
#1554=CARTESIAN_POINT('',(1.064644660941E0,-1.385E1,-5.037386360738E0));
#1555=LINE('',#1554,#1553);
#1556=CURVE_STYLE('',#22,POSITIVE_LENGTH_MEASURE(2.E-2),#15);
#1557=PRESENTATION_STYLE_ASSIGNMENT((#1556));
#1558=STYLED_ITEM('',(#1557),#1555);
#1559=DIRECTION('',(0.E0,-1.E0,0.E0));
#1560=VECTOR('',#1559,3.802966446395E-1);
#1561=CARTESIAN_POINT('',(2.337436867076E0,-1.385E1,-6.310178566873E0));
#1562=LINE('',#1561,#1560);
#1563=CURVE_STYLE('',#22,POSITIVE_LENGTH_MEASURE(2.E-2),#15);
#1564=PRESENTATION_STYLE_ASSIGNMENT((#1563));
#1565=STYLED_ITEM('',(#1564),#1562);
#1566=DIRECTION('',(0.E0,-1.E0,0.E0));
#1567=VECTOR('',#1566,3.677152390809E-1);
#1568=CARTESIAN_POINT('',(2.690990257670E0,-1.385E1,-6.310178566873E0));
#1569=LINE('',#1568,#1567);
#1570=CURVE_STYLE('',#22,POSITIVE_LENGTH_MEASURE(2.E-2),#15);
#1571=PRESENTATION_STYLE_ASSIGNMENT((#1570));
#1572=STYLED_ITEM('',(#1571),#1569);
#1573=DIRECTION('',(0.E0,-1.E0,0.E0));
#1574=VECTOR('',#1573,3.972580410140E-1);
#1575=CARTESIAN_POINT('',(5.590128060535E0,-1.385E1,-3.411040764009E0));
#1576=LINE('',#1575,#1574);
#1577=CURVE_STYLE('',#22,POSITIVE_LENGTH_MEASURE(2.E-2),#15);
#1578=PRESENTATION_STYLE_ASSIGNMENT((#1577));
#1579=STYLED_ITEM('',(#1578),#1576);
#1580=DIRECTION('',(0.E0,-1.E0,0.E0));
#1581=VECTOR('',#1580,4.134354835898E-1);
#1582=CARTESIAN_POINT('',(5.590128060535E0,-1.385E1,-3.057487373415E0));
#1583=LINE('',#1582,#1581);
#1584=CURVE_STYLE('',#22,POSITIVE_LENGTH_MEASURE(2.E-2),#15);
#1585=PRESENTATION_STYLE_ASSIGNMENT((#1584));
#1586=STYLED_ITEM('',(#1585),#1583);
#1587=DIRECTION('',(0.E0,-1.E0,0.E0));
#1588=VECTOR('',#1587,5.460928934077E-1);
#1589=CARTESIAN_POINT('',(4.317335854399E0,-1.385E1,-1.784695167280E0));
#1590=LINE('',#1589,#1588);
#1591=CURVE_STYLE('',#22,POSITIVE_LENGTH_MEASURE(2.E-2),#15);
#1592=PRESENTATION_STYLE_ASSIGNMENT((#1591));
#1593=STYLED_ITEM('',(#1592),#1590);
#1594=DIRECTION('',(0.E0,-1.E0,0.E0));
#1595=VECTOR('',#1594,5.667593546237E-1);
#1596=CARTESIAN_POINT('',(3.963782463806E0,-1.385E1,-1.784695167280E0));
#1597=LINE('',#1596,#1595);
#1598=CURVE_STYLE('',#22,POSITIVE_LENGTH_MEASURE(2.E-2),#15);
#1599=PRESENTATION_STYLE_ASSIGNMENT((#1598));
#1600=STYLED_ITEM('',(#1599),#1597);
#1601=DIRECTION('',(0.E0,-1.E0,0.E0));
#1602=VECTOR('',#1601,5.372872649058E-1);
#1603=CARTESIAN_POINT('',(1.064644660941E0,-1.385E1,-4.683832970144E0));
#1604=LINE('',#1603,#1602);
#1605=CURVE_STYLE('',#22,POSITIVE_LENGTH_MEASURE(2.E-2),#15);
#1606=PRESENTATION_STYLE_ASSIGNMENT((#1605));
#1607=STYLED_ITEM('',(#1606),#1604);
#1608=DIRECTION('',(0.E0,-1.E0,0.E0));
#1609=VECTOR('',#1608,6.452891688384E-1);
#1610=CARTESIAN_POINT('',(-1.1E0,-1.385E1,-2.56E0));
#1611=LINE('',#1610,#1609);
#1612=CURVE_STYLE('',#22,POSITIVE_LENGTH_MEASURE(2.E-2),#15);
#1613=PRESENTATION_STYLE_ASSIGNMENT((#1612));
#1614=STYLED_ITEM('',(#1613),#1611);
#1615=DIRECTION('',(0.E0,-1.E0,0.E0));
#1616=VECTOR('',#1615,6.392613220197E-1);
#1617=CARTESIAN_POINT('',(-8.5E-1,-1.385E1,-2.81E0));
#1618=LINE('',#1617,#1616);
#1619=CURVE_STYLE('',#22,POSITIVE_LENGTH_MEASURE(2.E-2),#15);
#1620=PRESENTATION_STYLE_ASSIGNMENT((#1619));
#1621=STYLED_ITEM('',(#1620),#1618);
#1622=DIRECTION('',(0.E0,-1.E0,0.E0));
#1623=VECTOR('',#1622,6.392613220197E-1);
#1624=CARTESIAN_POINT('',(8.5E-1,-1.385E1,-2.81E0));
#1625=LINE('',#1624,#1623);
#1626=CURVE_STYLE('',#22,POSITIVE_LENGTH_MEASURE(2.E-2),#15);
#1627=PRESENTATION_STYLE_ASSIGNMENT((#1626));
#1628=STYLED_ITEM('',(#1627),#1625);
#1629=DIRECTION('',(0.E0,-1.E0,0.E0));
#1630=VECTOR('',#1629,6.452891688384E-1);
#1631=CARTESIAN_POINT('',(1.1E0,-1.385E1,-2.56E0));
#1632=LINE('',#1631,#1630);
#1633=CURVE_STYLE('',#22,POSITIVE_LENGTH_MEASURE(2.E-2),#15);
#1634=PRESENTATION_STYLE_ASSIGNMENT((#1633));
#1635=STYLED_ITEM('',(#1634),#1632);
#1636=DIRECTION('',(0.E0,-1.E0,0.E0));
#1637=VECTOR('',#1636,6.862649486148E-1);
#1638=CARTESIAN_POINT('',(1.1E0,-1.385E1,-8.6E-1));
#1639=LINE('',#1638,#1637);
#1640=CURVE_STYLE('',#22,POSITIVE_LENGTH_MEASURE(2.E-2),#15);
#1641=PRESENTATION_STYLE_ASSIGNMENT((#1640));
#1642=STYLED_ITEM('',(#1641),#1639);
#1643=DIRECTION('',(0.E0,-1.E0,0.E0));
#1644=VECTOR('',#1643,6.922888032224E-1);
#1645=CARTESIAN_POINT('',(8.5E-1,-1.385E1,-6.1E-1));
#1646=LINE('',#1645,#1644);
#1647=CURVE_STYLE('',#22,POSITIVE_LENGTH_MEASURE(2.E-2),#15);
#1648=PRESENTATION_STYLE_ASSIGNMENT((#1647));
#1649=STYLED_ITEM('',(#1648),#1646);
#1650=DIRECTION('',(0.E0,-1.E0,0.E0));
#1651=VECTOR('',#1650,6.922888032224E-1);
#1652=CARTESIAN_POINT('',(-8.5E-1,-1.385E1,-6.1E-1));
#1653=LINE('',#1652,#1651);
#1654=CURVE_STYLE('',#22,POSITIVE_LENGTH_MEASURE(2.E-2),#15);
#1655=PRESENTATION_STYLE_ASSIGNMENT((#1654));
#1656=STYLED_ITEM('',(#1655),#1653);
#1657=DIRECTION('',(0.E0,-1.E0,0.E0));
#1658=VECTOR('',#1657,6.862649486148E-1);
#1659=CARTESIAN_POINT('',(-1.1E0,-1.385E1,-8.6E-1));
#1660=LINE('',#1659,#1658);
#1661=CURVE_STYLE('',#22,POSITIVE_LENGTH_MEASURE(2.E-2),#15);
#1662=PRESENTATION_STYLE_ASSIGNMENT((#1661));
#1663=STYLED_ITEM('',(#1662),#1660);
#1664=DIRECTION('',(0.E0,-1.E0,0.E0));
#1665=VECTOR('',#1664,5.130161538483E-1);
#1666=CARTESIAN_POINT('',(-1.064644660941E0,-1.385E1,-5.037386360738E0));
#1667=LINE('',#1666,#1665);
#1668=CURVE_STYLE('',#22,POSITIVE_LENGTH_MEASURE(2.E-2),#15);
#1669=PRESENTATION_STYLE_ASSIGNMENT((#1668));
#1670=STYLED_ITEM('',(#1669),#1667);
#1671=DIRECTION('',(0.E0,-1.E0,0.E0));
#1672=VECTOR('',#1671,5.372872649058E-1);
#1673=CARTESIAN_POINT('',(-1.064644660941E0,-1.385E1,-4.683832970144E0));
#1674=LINE('',#1673,#1672);
#1675=CURVE_STYLE('',#22,POSITIVE_LENGTH_MEASURE(2.E-2),#15);
#1676=PRESENTATION_STYLE_ASSIGNMENT((#1675));
#1677=STYLED_ITEM('',(#1676),#1674);
#1678=DIRECTION('',(0.E0,-1.E0,0.E0));
#1679=VECTOR('',#1678,5.667593546237E-1);
#1680=CARTESIAN_POINT('',(-3.963782463806E0,-1.385E1,-1.784695167280E0));
#1681=LINE('',#1680,#1679);
#1682=CURVE_STYLE('',#22,POSITIVE_LENGTH_MEASURE(2.E-2),#15);
#1683=PRESENTATION_STYLE_ASSIGNMENT((#1682));
#1684=STYLED_ITEM('',(#1683),#1681);
#1685=DIRECTION('',(0.E0,-1.E0,0.E0));
#1686=VECTOR('',#1685,5.460928934077E-1);
#1687=CARTESIAN_POINT('',(-4.317335854399E0,-1.385E1,-1.784695167280E0));
#1688=LINE('',#1687,#1686);
#1689=CURVE_STYLE('',#22,POSITIVE_LENGTH_MEASURE(2.E-2),#15);
#1690=PRESENTATION_STYLE_ASSIGNMENT((#1689));
#1691=STYLED_ITEM('',(#1690),#1688);
#1692=DIRECTION('',(0.E0,-1.E0,0.E0));
#1693=VECTOR('',#1692,4.134354835898E-1);
#1694=CARTESIAN_POINT('',(-5.590128060535E0,-1.385E1,-3.057487373415E0));
#1695=LINE('',#1694,#1693);
#1696=CURVE_STYLE('',#22,POSITIVE_LENGTH_MEASURE(2.E-2),#15);
#1697=PRESENTATION_STYLE_ASSIGNMENT((#1696));
#1698=STYLED_ITEM('',(#1697),#1695);
#1699=DIRECTION('',(0.E0,-1.E0,0.E0));
#1700=VECTOR('',#1699,3.972580410139E-1);
#1701=CARTESIAN_POINT('',(-5.590128060535E0,-1.385E1,-3.411040764009E0));
#1702=LINE('',#1701,#1700);
#1703=CURVE_STYLE('',#22,POSITIVE_LENGTH_MEASURE(2.E-2),#15);
#1704=PRESENTATION_STYLE_ASSIGNMENT((#1703));
#1705=STYLED_ITEM('',(#1704),#1702);
#1706=DIRECTION('',(0.E0,-1.E0,0.E0));
#1707=VECTOR('',#1706,3.677152390809E-1);
#1708=CARTESIAN_POINT('',(-2.690990257670E0,-1.385E1,-6.310178566873E0));
#1709=LINE('',#1708,#1707);
#1710=CURVE_STYLE('',#22,POSITIVE_LENGTH_MEASURE(2.E-2),#15);
#1711=PRESENTATION_STYLE_ASSIGNMENT((#1710));
#1712=STYLED_ITEM('',(#1711),#1709);
#1713=DIRECTION('',(0.E0,-1.E0,0.E0));
#1714=VECTOR('',#1713,3.802966446395E-1);
#1715=CARTESIAN_POINT('',(-2.337436867076E0,-1.385E1,-6.310178566873E0));
#1716=LINE('',#1715,#1714);
#1717=CURVE_STYLE('',#22,POSITIVE_LENGTH_MEASURE(2.E-2),#15);
#1718=PRESENTATION_STYLE_ASSIGNMENT((#1717));
#1719=STYLED_ITEM('',(#1718),#1716);
#1720=CARTESIAN_POINT('',(-5.625E0,-1.296395980276E1,-9.742785792575E0));
#1721=DIRECTION('',(0.E0,1.E0,0.E0));
#1722=DIRECTION('',(8.796554058652E-1,0.E0,-4.756115714868E-1));
#1723=AXIS2_PLACEMENT_3D('',#1720,#1721,#1722);
#1725=CURVE_STYLE('',#22,POSITIVE_LENGTH_MEASURE(2.E-2),#15);
#1726=PRESENTATION_STYLE_ASSIGNMENT((#1725));
#1727=STYLED_ITEM('',(#1726),#1724);
#1728=CARTESIAN_POINT('',(-5.625E0,-1.235E1,-9.742785792575E0));
#1729=DIRECTION('',(0.E0,1.E0,0.E0));
#1730=DIRECTION('',(8.801083942969E-1,0.E0,-4.747728028102E-1));
#1731=AXIS2_PLACEMENT_3D('',#1728,#1729,#1730);
#1733=CURVE_STYLE('',#22,POSITIVE_LENGTH_MEASURE(2.E-2),#15);
#1734=PRESENTATION_STYLE_ASSIGNMENT((#1733));
#1735=STYLED_ITEM('',(#1734),#1732);
#1736=CARTESIAN_POINT('',(0.E0,-1.440425012895E1,-9.963184774260E0));
#1737=CARTESIAN_POINT('',(0.E0,-1.440425012895E1,9.963184774260E0));
#1738=VERTEX_POINT('',#1736);
#1739=VERTEX_POINT('',#1737);
#1740=CARTESIAN_POINT('',(0.E0,-1.469102608505E1,-9.703925279337E0));
#1741=CARTESIAN_POINT('',(0.E0,-1.469102608505E1,9.703925279337E0));
#1742=VERTEX_POINT('',#1740);
#1743=VERTEX_POINT('',#1741);
#1744=CARTESIAN_POINT('',(0.E0,-1.535E1,0.E0));
#1745=VERTEX_POINT('',#1744);
#1746=CARTESIAN_POINT('',(0.E0,-1.335E1,-1.E1));
#1747=VERTEX_POINT('',#1746);
#1748=CARTESIAN_POINT('',(0.E0,-1.335E1,1.E1));
#1749=VERTEX_POINT('',#1748);
#1750=VERTEX_POINT('',#361);
#1751=VERTEX_POINT('',#367);
#1752=VERTEX_POINT('',#463);
#1753=VERTEX_POINT('',#203);
#1754=VERTEX_POINT('',#429);
#1755=VERTEX_POINT('',#433);
#1756=VERTEX_POINT('',#318);
#1757=VERTEX_POINT('',#224);
#1758=CARTESIAN_POINT('',(-8.428981888196E0,-1.235E1,-3.771872165881E0));
#1759=VERTEX_POINT('',#1758);
#1760=CARTESIAN_POINT('',(-8.428981888196E0,-1.235E1,3.771872165881E0));
#1761=VERTEX_POINT('',#1760);
#1762=CARTESIAN_POINT('',(-8.429181144579E0,-1.26E1,-3.75E0));
#1763=VERTEX_POINT('',#1762);
#1764=CARTESIAN_POINT('',(-8.429181144579E0,-1.26E1,3.75E0));
#1765=VERTEX_POINT('',#1764);
#1766=CARTESIAN_POINT('',(-6.178292678515E0,-1.235E1,-9.401659405584E0));
#1767=VERTEX_POINT('',#1766);
#1768=CARTESIAN_POINT('',(-5.052929543707E0,-1.235E1,-1.005138811440E1));
#1769=VERTEX_POINT('',#1768);
#1770=CARTESIAN_POINT('',(-6.178292678515E0,-1.235E1,9.401659405584E0));
#1771=VERTEX_POINT('',#1770);
#1772=CARTESIAN_POINT('',(-5.052929543707E0,-1.235E1,1.005138811440E1));
#1773=VERTEX_POINT('',#1772);
#1774=CARTESIAN_POINT('',(1.123122222222E1,-1.235E1,6.497287088176E-1));
#1775=VERTEX_POINT('',#1774);
#1776=CARTESIAN_POINT('',(1.123122222222E1,-1.235E1,-6.497287088176E-1));
#1777=VERTEX_POINT('',#1776);
#1778=CARTESIAN_POINT('',(0.E0,-1.395405597473E1,-9.178418265107E0));
#1779=CARTESIAN_POINT('',(0.E0,-1.395405597473E1,9.178418265107E0));
#1780=VERTEX_POINT('',#1778);
#1781=VERTEX_POINT('',#1779);
#1782=CARTESIAN_POINT('',(0.E0,-1.235E1,-9.234433134053E0));
#1783=CARTESIAN_POINT('',(0.E0,-1.235E1,9.234433134053E0));
#1784=VERTEX_POINT('',#1782);
#1785=VERTEX_POINT('',#1783);
#1786=CARTESIAN_POINT('',(-5.425697154683E0,-1.335E1,-9.855166684824E0));
#1787=CARTESIAN_POINT('',(-5.821976130246E0,-1.335E1,-9.626374911609E0));
#1788=VERTEX_POINT('',#1786);
#1789=VERTEX_POINT('',#1787);
#1790=CARTESIAN_POINT('',(-5.072083753006E0,-1.296395980276E1,
-1.004173622632E1));
#1791=CARTESIAN_POINT('',(-6.160356793596E0,-1.296395980276E1,
-9.413421493388E0));
#1792=VERTEX_POINT('',#1790);
#1793=VERTEX_POINT('',#1791);
#1794=CARTESIAN_POINT('',(-5.821976130246E0,-1.335E1,9.626374911609E0));
#1795=CARTESIAN_POINT('',(-5.425697154683E0,-1.335E1,9.855166684824E0));
#1796=VERTEX_POINT('',#1794);
#1797=VERTEX_POINT('',#1795);
#1798=CARTESIAN_POINT('',(-6.160356793596E0,-1.296395980276E1,
9.413421493388E0));
#1799=CARTESIAN_POINT('',(-5.072083753006E0,-1.296395980276E1,
1.004173622632E1));
#1800=VERTEX_POINT('',#1798);
#1801=VERTEX_POINT('',#1799);
#1802=CARTESIAN_POINT('',(1.124767328493E1,-1.335E1,2.287917732154E-1));
#1803=CARTESIAN_POINT('',(1.124767328493E1,-1.335E1,-2.287917732154E-1));
#1804=VERTEX_POINT('',#1802);
#1805=VERTEX_POINT('',#1803);
#1806=CARTESIAN_POINT('',(1.123244054660E1,-1.296395980276E1,
6.283147329363E-1));
#1807=CARTESIAN_POINT('',(1.123244054660E1,-1.296395980276E1,
-6.283147329362E-1));
#1808=VERTEX_POINT('',#1806);
#1809=VERTEX_POINT('',#1807);
#1810=VERTEX_POINT('',#798);
#1811=VERTEX_POINT('',#803);
#1812=CARTESIAN_POINT('',(-3.963782463806E0,-1.441675935462E1,
1.784695167280E0));
#1813=VERTEX_POINT('',#1812);
#1814=VERTEX_POINT('',#821);
#1815=CARTESIAN_POINT('',(-5.590128060535E0,-1.426343548359E1,
3.057487373415E0));
#1816=VERTEX_POINT('',#1815);
#1817=VERTEX_POINT('',#839);
#1818=CARTESIAN_POINT('',(-2.690990257670E0,-1.421771523908E1,
6.310178566873E0));
#1819=VERTEX_POINT('',#1818);
#1820=VERTEX_POINT('',#857);
#1821=VERTEX_POINT('',#870);
#1822=VERTEX_POINT('',#875);
#1823=CARTESIAN_POINT('',(3.573363827059E-12,-1.449435506238E1,2.81E0));
#1824=VERTEX_POINT('',#1823);
#1825=CARTESIAN_POINT('',(0.E0,-1.454737873795E1,6.1E-1));
#1826=CARTESIAN_POINT('',(-8.5E-1,-1.454228880322E1,6.1E-1));
#1827=VERTEX_POINT('',#1825);
#1828=VERTEX_POINT('',#1826);
#1829=VERTEX_POINT('',#946);
#1830=CARTESIAN_POINT('',(-1.1E0,-1.449528916884E1,-2.56E0));
#1831=CARTESIAN_POINT('',(-1.1E0,-1.453626494861E1,-8.6E-1));
#1832=VERTEX_POINT('',#1830);
#1833=VERTEX_POINT('',#1831);
#1834=VERTEX_POINT('',#919);
#1835=CARTESIAN_POINT('',(0.E0,-1.454737873795E1,-6.1E-1));
#1836=VERTEX_POINT('',#1835);
#1837=CARTESIAN_POINT('',(0.E0,-1.449435506238E1,-2.81E0));
#1838=CARTESIAN_POINT('',(-8.5E-1,-1.448926132202E1,-2.81E0));
#1839=VERTEX_POINT('',#1837);
#1840=VERTEX_POINT('',#1838);
#1841=CARTESIAN_POINT('',(-1.064644660941E0,-1.436301615385E1,
-5.037386360738E0));
#1842=CARTESIAN_POINT('',(-2.337436867076E0,-1.423029664464E1,
-6.310178566873E0));
#1843=VERTEX_POINT('',#1841);
#1844=VERTEX_POINT('',#1842);
#1845=VERTEX_POINT('',#972);
#1846=CARTESIAN_POINT('',(-5.590128060535E0,-1.424725804101E1,
-3.411040764009E0));
#1847=VERTEX_POINT('',#1846);
#1848=VERTEX_POINT('',#990);
#1849=CARTESIAN_POINT('',(-4.317335854399E0,-1.439609289341E1,
-1.784695167280E0));
#1850=VERTEX_POINT('',#1849);
#1851=VERTEX_POINT('',#1008);
#1852=CARTESIAN_POINT('',(-1.064644660941E0,-1.438728726491E1,
-4.683832970144E0));
#1853=VERTEX_POINT('',#1852);
#1854=CARTESIAN_POINT('',(8.5E-1,-1.448926132202E1,2.81E0));
#1855=VERTEX_POINT('',#1854);
#1856=VERTEX_POINT('',#539);
#1857=CARTESIAN_POINT('',(1.1E0,-1.453626494861E1,8.6E-1));
#1858=VERTEX_POINT('',#1857);
#1859=VERTEX_POINT('',#557);
#1860=CARTESIAN_POINT('',(1.064644660941E0,-1.436301615385E1,5.037386360738E0));
#1861=CARTESIAN_POINT('',(2.337436867076E0,-1.423029664464E1,6.310178566873E0));
#1862=VERTEX_POINT('',#1860);
#1863=VERTEX_POINT('',#1861);
#1864=VERTEX_POINT('',#660);
#1865=CARTESIAN_POINT('',(5.590128060535E0,-1.424725804101E1,3.411040764009E0));
#1866=VERTEX_POINT('',#1865);
#1867=VERTEX_POINT('',#678);
#1868=CARTESIAN_POINT('',(4.317335854399E0,-1.439609289341E1,1.784695167280E0));
#1869=VERTEX_POINT('',#1868);
#1870=VERTEX_POINT('',#696);
#1871=CARTESIAN_POINT('',(1.064644660941E0,-1.438728726491E1,4.683832970144E0));
#1872=VERTEX_POINT('',#1871);
#1873=VERTEX_POINT('',#719);
#1874=VERTEX_POINT('',#724);
#1875=CARTESIAN_POINT('',(3.963782463806E0,-1.441675935462E1,
-1.784695167280E0));
#1876=VERTEX_POINT('',#1875);
#1877=VERTEX_POINT('',#742);
#1878=CARTESIAN_POINT('',(5.590128060535E0,-1.426343548359E1,
-3.057487373415E0));
#1879=VERTEX_POINT('',#1878);
#1880=VERTEX_POINT('',#760);
#1881=CARTESIAN_POINT('',(2.690990257670E0,-1.421771523908E1,
-6.310178566873E0));
#1882=VERTEX_POINT('',#1881);
#1883=VERTEX_POINT('',#778);
#1884=CARTESIAN_POINT('',(8.5E-1,-1.454228880322E1,-6.1E-1));
#1885=VERTEX_POINT('',#1884);
#1886=VERTEX_POINT('',#600);
#1887=CARTESIAN_POINT('',(1.1E0,-1.449528916884E1,-2.56E0));
#1888=VERTEX_POINT('',#1887);
#1889=VERTEX_POINT('',#618);
#1890=CARTESIAN_POINT('',(0.E0,-1.455E1,0.E0));
#1891=VERTEX_POINT('',#1890);
#1892=CARTESIAN_POINT('',(-1.064644660941E0,-1.385E1,5.037386360738E0));
#1893=CARTESIAN_POINT('',(-1.064644660941E0,-1.385E1,4.683832970144E0));
#1894=VERTEX_POINT('',#1892);
#1895=VERTEX_POINT('',#1893);
#1896=CARTESIAN_POINT('',(-3.963782463806E0,-1.385E1,1.784695167280E0));
#1897=VERTEX_POINT('',#1896);
#1898=CARTESIAN_POINT('',(-4.317335854399E0,-1.385E1,1.784695167280E0));
#1899=VERTEX_POINT('',#1898);
#1900=CARTESIAN_POINT('',(-5.590128060535E0,-1.385E1,3.057487373415E0));
#1901=VERTEX_POINT('',#1900);
#1902=CARTESIAN_POINT('',(-5.590128060535E0,-1.385E1,3.411040764009E0));
#1903=VERTEX_POINT('',#1902);
#1904=CARTESIAN_POINT('',(-2.690990257670E0,-1.385E1,6.310178566873E0));
#1905=VERTEX_POINT('',#1904);
#1906=CARTESIAN_POINT('',(-2.337436867076E0,-1.385E1,6.310178566873E0));
#1907=VERTEX_POINT('',#1906);
#1908=CARTESIAN_POINT('',(-1.1E0,-1.385E1,2.56E0));
#1909=CARTESIAN_POINT('',(-8.5E-1,-1.385E1,2.81E0));
#1910=VERTEX_POINT('',#1908);
#1911=VERTEX_POINT('',#1909);
#1912=CARTESIAN_POINT('',(8.5E-1,-1.385E1,2.81E0));
#1913=VERTEX_POINT('',#1912);
#1914=CARTESIAN_POINT('',(1.1E0,-1.385E1,2.56E0));
#1915=VERTEX_POINT('',#1914);
#1916=CARTESIAN_POINT('',(1.1E0,-1.385E1,8.6E-1));
#1917=VERTEX_POINT('',#1916);
#1918=CARTESIAN_POINT('',(8.5E-1,-1.385E1,6.1E-1));
#1919=VERTEX_POINT('',#1918);
#1920=CARTESIAN_POINT('',(-8.5E-1,-1.385E1,6.1E-1));
#1921=VERTEX_POINT('',#1920);
#1922=CARTESIAN_POINT('',(-1.1E0,-1.385E1,8.6E-1));
#1923=VERTEX_POINT('',#1922);
#1924=CARTESIAN_POINT('',(1.064644660941E0,-1.385E1,5.037386360738E0));
#1925=CARTESIAN_POINT('',(2.337436867076E0,-1.385E1,6.310178566873E0));
#1926=VERTEX_POINT('',#1924);
#1927=VERTEX_POINT('',#1925);
#1928=CARTESIAN_POINT('',(2.690990257670E0,-1.385E1,6.310178566873E0));
#1929=VERTEX_POINT('',#1928);
#1930=CARTESIAN_POINT('',(5.590128060535E0,-1.385E1,3.411040764009E0));
#1931=VERTEX_POINT('',#1930);
#1932=CARTESIAN_POINT('',(5.590128060535E0,-1.385E1,3.057487373415E0));
#1933=VERTEX_POINT('',#1932);
#1934=CARTESIAN_POINT('',(4.317335854399E0,-1.385E1,1.784695167280E0));
#1935=VERTEX_POINT('',#1934);
#1936=CARTESIAN_POINT('',(3.963782463806E0,-1.385E1,1.784695167280E0));
#1937=VERTEX_POINT('',#1936);
#1938=CARTESIAN_POINT('',(1.064644660941E0,-1.385E1,4.683832970144E0));
#1939=VERTEX_POINT('',#1938);
#1940=CARTESIAN_POINT('',(1.064644660941E0,-1.385E1,-5.037386360738E0));
#1941=CARTESIAN_POINT('',(1.064644660941E0,-1.385E1,-4.683832970144E0));
#1942=VERTEX_POINT('',#1940);
#1943=VERTEX_POINT('',#1941);
#1944=CARTESIAN_POINT('',(3.963782463806E0,-1.385E1,-1.784695167280E0));
#1945=VERTEX_POINT('',#1944);
#1946=CARTESIAN_POINT('',(4.317335854399E0,-1.385E1,-1.784695167280E0));
#1947=VERTEX_POINT('',#1946);
#1948=CARTESIAN_POINT('',(5.590128060535E0,-1.385E1,-3.057487373415E0));
#1949=VERTEX_POINT('',#1948);
#1950=CARTESIAN_POINT('',(5.590128060535E0,-1.385E1,-3.411040764009E0));
#1951=VERTEX_POINT('',#1950);
#1952=CARTESIAN_POINT('',(2.690990257670E0,-1.385E1,-6.310178566873E0));
#1953=VERTEX_POINT('',#1952);
#1954=CARTESIAN_POINT('',(2.337436867076E0,-1.385E1,-6.310178566873E0));
#1955=VERTEX_POINT('',#1954);
#1956=CARTESIAN_POINT('',(-1.1E0,-1.385E1,-2.56E0));
#1957=CARTESIAN_POINT('',(-1.1E0,-1.385E1,-8.6E-1));
#1958=VERTEX_POINT('',#1956);
#1959=VERTEX_POINT('',#1957);
#1960=CARTESIAN_POINT('',(-8.5E-1,-1.385E1,-6.1E-1));
#1961=VERTEX_POINT('',#1960);
#1962=CARTESIAN_POINT('',(8.5E-1,-1.385E1,-6.1E-1));
#1963=VERTEX_POINT('',#1962);
#1964=CARTESIAN_POINT('',(1.1E0,-1.385E1,-8.6E-1));
#1965=VERTEX_POINT('',#1964);
#1966=CARTESIAN_POINT('',(1.1E0,-1.385E1,-2.56E0));
#1967=VERTEX_POINT('',#1966);
#1968=CARTESIAN_POINT('',(8.5E-1,-1.385E1,-2.81E0));
#1969=VERTEX_POINT('',#1968);
#1970=CARTESIAN_POINT('',(-8.5E-1,-1.385E1,-2.81E0));
#1971=VERTEX_POINT('',#1970);
#1972=CARTESIAN_POINT('',(-1.064644660941E0,-1.385E1,-5.037386360738E0));
#1973=CARTESIAN_POINT('',(-2.337436867076E0,-1.385E1,-6.310178566873E0));
#1974=VERTEX_POINT('',#1972);
#1975=VERTEX_POINT('',#1973);
#1976=CARTESIAN_POINT('',(-2.690990257670E0,-1.385E1,-6.310178566873E0));
#1977=VERTEX_POINT('',#1976);
#1978=CARTESIAN_POINT('',(-5.590128060535E0,-1.385E1,-3.411040764009E0));
#1979=VERTEX_POINT('',#1978);
#1980=CARTESIAN_POINT('',(-5.590128060535E0,-1.385E1,-3.057487373415E0));
#1981=VERTEX_POINT('',#1980);
#1982=CARTESIAN_POINT('',(-4.317335854399E0,-1.385E1,-1.784695167280E0));
#1983=VERTEX_POINT('',#1982);
#1984=CARTESIAN_POINT('',(-3.963782463806E0,-1.385E1,-1.784695167280E0));
#1985=VERTEX_POINT('',#1984);
#1986=CARTESIAN_POINT('',(-1.064644660941E0,-1.385E1,-4.683832970144E0));
#1987=VERTEX_POINT('',#1986);
#1988=CARTESIAN_POINT('',(0.E0,5.642857142857E1,0.E0));
#1989=DIRECTION('',(0.E0,1.E0,0.E0));
#1990=DIRECTION('',(0.E0,0.E0,-1.E0));
#1991=AXIS2_PLACEMENT_3D('',#1988,#1989,#1990);
#1992=SPHERICAL_SURFACE('',#1991,7.177857142857E1);
#1994=ORIENTED_EDGE('',*,*,#1993,.T.);
#1996=ORIENTED_EDGE('',*,*,#1995,.F.);
#1998=ORIENTED_EDGE('',*,*,#1997,.T.);
#1999=EDGE_LOOP('',(#1994,#1996,#1998));
#2000=FACE_OUTER_BOUND('',#1999,.F.);
#2002=CARTESIAN_POINT('',(0.E0,-1.439378027994E1,0.E0));
#2003=DIRECTION('',(0.E0,1.E0,0.E0));
#2004=DIRECTION('',(1.615454789818E-2,0.E0,-9.998695067769E-1));
#2005=AXIS2_PLACEMENT_3D('',#2002,#2003,#2004);
#2006=TOROIDAL_SURFACE('',#2005,9.663367526155E0,3.E-1);
#2008=ORIENTED_EDGE('',*,*,#2007,.T.);
#2010=ORIENTED_EDGE('',*,*,#2009,.T.);
#2011=ORIENTED_EDGE('',*,*,#1993,.F.);
#2013=ORIENTED_EDGE('',*,*,#2012,.F.);
#2014=EDGE_LOOP('',(#2008,#2010,#2011,#2013));
#2015=FACE_OUTER_BOUND('',#2014,.F.);
#2017=CARTESIAN_POINT('',(0.E0,-1.387712506447E1,0.E0));
#2018=DIRECTION('',(0.E0,1.E0,0.E0));
#2019=DIRECTION('',(0.E0,0.E0,-1.E0));
#2020=AXIS2_PLACEMENT_3D('',#2017,#2018,#2019);
#2021=CONICAL_SURFACE('',#2020,9.981592387130E0,2.E0);
#2023=ORIENTED_EDGE('',*,*,#2022,.T.);
#2025=ORIENTED_EDGE('',*,*,#2024,.T.);
#2027=ORIENTED_EDGE('',*,*,#2026,.F.);
#2028=ORIENTED_EDGE('',*,*,#2007,.F.);
#2029=EDGE_LOOP('',(#2023,#2025,#2027,#2028));
#2030=FACE_OUTER_BOUND('',#2029,.F.);
#2032=CARTESIAN_POINT('',(0.E0,-1.387712506447E1,0.E0));
#2033=DIRECTION('',(0.E0,1.E0,0.E0));
#2034=DIRECTION('',(0.E0,0.E0,-1.E0));
#2035=AXIS2_PLACEMENT_3D('',#2032,#2033,#2034);
#2036=CONICAL_SURFACE('',#2035,9.981592387130E0,2.E0);
#2037=ORIENTED_EDGE('',*,*,#2022,.F.);
#2039=ORIENTED_EDGE('',*,*,#2038,.F.);
#2040=ORIENTED_EDGE('',*,*,#2026,.T.);
#2042=ORIENTED_EDGE('',*,*,#2041,.T.);
#2043=EDGE_LOOP('',(#2037,#2039,#2040,#2042));
#2044=FACE_OUTER_BOUND('',#2043,.F.);
#2046=CARTESIAN_POINT('',(0.E0,-1.439378027994E1,0.E0));
#2047=DIRECTION('',(0.E0,1.E0,0.E0));
#2048=DIRECTION('',(-1.615454789818E-2,0.E0,9.998695067769E-1));
#2049=AXIS2_PLACEMENT_3D('',#2046,#2047,#2048);
#2050=TOROIDAL_SURFACE('',#2049,9.663367526155E0,3.E-1);
#2051=ORIENTED_EDGE('',*,*,#2038,.T.);
#2052=ORIENTED_EDGE('',*,*,#2012,.T.);
#2054=ORIENTED_EDGE('',*,*,#2053,.F.);
#2055=ORIENTED_EDGE('',*,*,#2009,.F.);
#2056=EDGE_LOOP('',(#2051,#2052,#2054,#2055));
#2057=FACE_OUTER_BOUND('',#2056,.F.);
#2059=CARTESIAN_POINT('',(0.E0,5.642857142857E1,0.E0));
#2060=DIRECTION('',(0.E0,1.E0,0.E0));
#2061=DIRECTION('',(0.E0,0.E0,-1.E0));
#2062=AXIS2_PLACEMENT_3D('',#2059,#2060,#2061);
#2063=SPHERICAL_SURFACE('',#2062,7.177857142857E1);
#2064=ORIENTED_EDGE('',*,*,#2053,.T.);
#2065=ORIENTED_EDGE('',*,*,#1997,.F.);
#2066=ORIENTED_EDGE('',*,*,#1995,.T.);
#2067=EDGE_LOOP('',(#2064,#2065,#2066));
#2068=FACE_OUTER_BOUND('',#2067,.F.);
#2070=CARTESIAN_POINT('',(0.E0,-1.335E1,0.E0));
#2071=DIRECTION('',(0.E0,1.E0,0.E0));
#2072=DIRECTION('',(1.E0,0.E0,0.E0));
#2073=AXIS2_PLACEMENT_3D('',#2070,#2071,#2072);
#2074=PLANE('',#2073);
#2076=ORIENTED_EDGE('',*,*,#2075,.T.);
#2078=ORIENTED_EDGE('',*,*,#2077,.F.);
#2080=ORIENTED_EDGE('',*,*,#2079,.T.);
#2082=ORIENTED_EDGE('',*,*,#2081,.F.);
#2084=ORIENTED_EDGE('',*,*,#2083,.T.);
#2086=ORIENTED_EDGE('',*,*,#2085,.F.);
#2087=EDGE_LOOP('',(#2076,#2078,#2080,#2082,#2084,#2086));
#2088=FACE_OUTER_BOUND('',#2087,.F.);
#2089=ORIENTED_EDGE('',*,*,#2041,.F.);
#2090=ORIENTED_EDGE('',*,*,#2024,.F.);
#2091=EDGE_LOOP('',(#2089,#2090));
#2092=FACE_BOUND('',#2091,.F.);
#2094=CARTESIAN_POINT('',(-5.514455018530E0,-1.333213317707E1,
-9.739597996518E0));
#2095=CARTESIAN_POINT('',(-5.173598046289E0,-1.343762090969E1,
-9.729768671859E0));
#2096=CARTESIAN_POINT('',(-4.916941990376E0,-1.318966800315E1,
-9.722367456967E0));
#2097=CARTESIAN_POINT('',(-5.010425922854E0,-1.284519559513E1,
-9.725063261945E0));
#2098=CARTESIAN_POINT('',(-5.511636285960E0,-1.333213317707E1,
-9.837344757621E0));
#2099=CARTESIAN_POINT('',(-5.162087968020E0,-1.343762090969E1,
-1.012891007425E1));
#2100=CARTESIAN_POINT('',(-4.898887564510E0,-1.318966800315E1,
-1.034845085029E1));
#2101=CARTESIAN_POINT('',(-4.994755198189E0,-1.284519559513E1,
-1.026848571949E1));
#2102=CARTESIAN_POINT('',(-5.595609099685E0,-1.333213317707E1,
-9.887454049322E0));
#2103=CARTESIAN_POINT('',(-5.504984512665E0,-1.343762090969E1,
-1.033352752383E1));
#2104=CARTESIAN_POINT('',(-5.436746656416E0,-1.318966800315E1,
-1.066940875244E1));
#2105=CARTESIAN_POINT('',(-5.461601488395E0,-1.284519559513E1,
-1.054706798793E1));
#2106=CARTESIAN_POINT('',(-5.680295467653E0,-1.333213317707E1,
-9.838560351979E0));
#2107=CARTESIAN_POINT('',(-5.850794801339E0,-1.343762090969E1,
-1.013387386058E1));
#2108=CARTESIAN_POINT('',(-5.979176175590E0,-1.318966800315E1,
-1.035623692353E1));
#2109=CARTESIAN_POINT('',(-5.932414778594E0,-1.284519559513E1,
-1.027524380810E1));
#2110=CARTESIAN_POINT('',(-5.764981835622E0,-1.333213317707E1,
-9.789666654635E0));
#2111=CARTESIAN_POINT('',(-6.196605090012E0,-1.343762090969E1,
-9.934220197324E0));
#2112=CARTESIAN_POINT('',(-6.521605694763E0,-1.318966800315E1,
-1.004306509462E1));
#2113=CARTESIAN_POINT('',(-6.403228068794E0,-1.284519559513E1,
-1.000341962826E1));
#2114=CARTESIAN_POINT('',(-5.763572322906E0,-1.333213317707E1,
-9.691889418872E0));
#2115=CARTESIAN_POINT('',(-6.190849452937E0,-1.343762090969E1,-9.534954354E0));
#2116=CARTESIAN_POINT('',(-6.512577543915E0,-1.318966800315E1,
-9.416786506297E0));
#2117=CARTESIAN_POINT('',(-6.395391892378E0,-1.284519559513E1,
-9.459827747059E0));
#2118=CARTESIAN_POINT('',(-5.677511778367E0,-1.333213317707E1,
-9.645457132332E0));
#2119=CARTESIAN_POINT('',(-5.839427819632E0,-1.343762090969E1,
-9.345351672985E0));
#2120=CARTESIAN_POINT('',(-5.961346207472E0,-1.318966800315E1,
-9.119380401084E0));
#2121=CARTESIAN_POINT('',(-5.916938876828E0,-1.284519559513E1,
-9.201687763944E0));
#2122=(BOUNDED_SURFACE()B_SPLINE_SURFACE(3,3,((#2094,#2095,#2096,#2097),(#2098,
#2099,#2100,#2101),(#2102,#2103,#2104,#2105),(#2106,#2107,#2108,#2109),(#2110,
#2111,#2112,#2113),(#2114,#2115,#2116,#2117),(#2118,#2119,#2120,#2121)),
.UNSPECIFIED.,.F.,.F.,.F.)B_SPLINE_SURFACE_WITH_KNOTS((4,3,4),(4,4),(0.E0,1.E0,
2.E0),(0.E0,1.E0),.UNSPECIFIED.)GEOMETRIC_REPRESENTATION_ITEM()RATIONAL_B_SPLINE_SURFACE(((1.814637049023E0,1.187880108717E0,1.187880108717E0,1.814637049023E0),(
1.194593860631E0,7.819934492149E-1,7.819934492149E-1,1.194593860631E0),(
1.194593860631E0,7.819934492150E-1,7.819934492150E-1,1.194593860631E0),(
1.814637049023E0,1.187880108717E0,1.187880108717E0,1.814637049023E0),(
1.194593860631E0,7.819934492150E-1,7.819934492150E-1,1.194593860631E0),(
1.194593860631E0,7.819934492149E-1,7.819934492149E-1,1.194593860631E0),(
1.814637049023E0,1.187880108717E0,1.187880108717E0,1.814637049023E0)))REPRESENTATION_ITEM('')SURFACE());
#2123=ORIENTED_EDGE('',*,*,#2075,.F.);
#2125=ORIENTED_EDGE('',*,*,#2124,.T.);
#2127=ORIENTED_EDGE('',*,*,#2126,.T.);
#2129=ORIENTED_EDGE('',*,*,#2128,.T.);
#2130=EDGE_LOOP('',(#2123,#2125,#2127,#2129));
#2131=FACE_OUTER_BOUND('',#2130,.F.);
#2133=CARTESIAN_POINT('',(0.E0,-1.34E1,0.E0));
#2134=DIRECTION('',(0.E0,1.E0,0.E0));
#2135=DIRECTION('',(1.E0,0.E0,0.E0));
#2136=AXIS2_PLACEMENT_3D('',#2133,#2134,#2135);
#2137=CYLINDRICAL_SURFACE('',#2136,1.125E1);
#2138=ORIENTED_EDGE('',*,*,#2085,.T.);
#2140=ORIENTED_EDGE('',*,*,#2139,.F.);
#2142=ORIENTED_EDGE('',*,*,#2141,.T.);
#2144=ORIENTED_EDGE('',*,*,#2143,.T.);
#2146=ORIENTED_EDGE('',*,*,#2145,.F.);
#2147=ORIENTED_EDGE('',*,*,#2124,.F.);
#2148=EDGE_LOOP('',(#2138,#2140,#2142,#2144,#2146,#2147));
#2149=FACE_OUTER_BOUND('',#2148,.F.);
#2151=CARTESIAN_POINT('',(0.E0,-1.34E1,0.E0));
#2152=DIRECTION('',(0.E0,1.E0,0.E0));
#2153=DIRECTION('',(1.E0,0.E0,0.E0));
#2154=AXIS2_PLACEMENT_3D('',#2151,#2152,#2153);
#2155=CYLINDRICAL_SURFACE('',#2154,1.125E1);
#2156=ORIENTED_EDGE('',*,*,#2077,.T.);
#2157=ORIENTED_EDGE('',*,*,#2128,.F.);
#2159=ORIENTED_EDGE('',*,*,#2158,.T.);
#2161=ORIENTED_EDGE('',*,*,#2160,.T.);
#2163=ORIENTED_EDGE('',*,*,#2162,.F.);
#2165=ORIENTED_EDGE('',*,*,#2164,.T.);
#2167=ORIENTED_EDGE('',*,*,#2166,.F.);
#2169=ORIENTED_EDGE('',*,*,#2168,.T.);
#2171=ORIENTED_EDGE('',*,*,#2170,.F.);
#2173=ORIENTED_EDGE('',*,*,#2172,.F.);
#2174=EDGE_LOOP('',(#2156,#2157,#2159,#2161,#2163,#2165,#2167,#2169,#2171,
#2173));
#2175=FACE_OUTER_BOUND('',#2174,.F.);
#2177=CARTESIAN_POINT('',(0.E0,-1.34E1,0.E0));
#2178=DIRECTION('',(0.E0,1.E0,0.E0));
#2179=DIRECTION('',(1.E0,0.E0,0.E0));
#2180=AXIS2_PLACEMENT_3D('',#2177,#2178,#2179);
#2181=CYLINDRICAL_SURFACE('',#2180,1.125E1);
#2182=ORIENTED_EDGE('',*,*,#2081,.T.);
#2184=ORIENTED_EDGE('',*,*,#2183,.F.);
#2186=ORIENTED_EDGE('',*,*,#2185,.T.);
#2188=ORIENTED_EDGE('',*,*,#2187,.T.);
#2190=ORIENTED_EDGE('',*,*,#2189,.F.);
#2192=ORIENTED_EDGE('',*,*,#2191,.F.);
#2193=EDGE_LOOP('',(#2182,#2184,#2186,#2188,#2190,#2192));
#2194=FACE_OUTER_BOUND('',#2193,.F.);
#2196=CARTESIAN_POINT('',(1.119196679690E1,-1.333213317707E1,
9.414086418545E-2));
#2197=CARTESIAN_POINT('',(1.101302586592E1,-1.343762090969E1,
3.844169988740E-1));
#2198=CARTESIAN_POINT('',(1.087828819785E1,-1.318966800315E1,
6.029870558829E-1));
#2199=CARTESIAN_POINT('',(1.092736479968E1,-1.284519559513E1,
5.233754980011E-1));
#2200=CARTESIAN_POINT('',(1.127520860887E1,-1.333213317707E1,
1.454553387490E-1));
#2201=CARTESIAN_POINT('',(1.135293742096E1,-1.343762090969E1,
5.939557202487E-1));
#2202=CARTESIAN_POINT('',(1.141146510842E1,-1.318966800315E1,
9.316643439978E-1));
#2203=CARTESIAN_POINT('',(1.139014709057E1,-1.284519559513E1,
8.086579724266E-1));
#2204=CARTESIAN_POINT('',(1.136059093531E1,-1.333213317707E1,
9.778739468650E-2));
#2205=CARTESIAN_POINT('',(1.170158960268E1,-1.343762090969E1,
3.993073265086E-1));
#2206=CARTESIAN_POINT('',(1.195835235118E1,-1.318966800315E1,
6.263436578223E-1));
#2207=CARTESIAN_POINT('',(1.186482955719E1,-1.284519559513E1,
5.436483596694E-1));
#2208=CARTESIAN_POINT('',(1.136059093531E1,-1.333213317707E1,0.E0));
#2209=CARTESIAN_POINT('',(1.170158960268E1,-1.343762090969E1,0.E0));
#2210=CARTESIAN_POINT('',(1.195835235118E1,-1.318966800315E1,0.E0));
#2211=CARTESIAN_POINT('',(1.186482955719E1,-1.284519559513E1,0.E0));
#2212=CARTESIAN_POINT('',(1.136059093531E1,-1.333213317707E1,
-9.778739468650E-2));
#2213=CARTESIAN_POINT('',(1.170158960268E1,-1.343762090969E1,
-3.993073265086E-1));
#2214=CARTESIAN_POINT('',(1.195835235118E1,-1.318966800315E1,
-6.263436578223E-1));
#2215=CARTESIAN_POINT('',(1.186482955719E1,-1.284519559513E1,
-5.436483596694E-1));
#2216=CARTESIAN_POINT('',(1.127520860887E1,-1.333213317707E1,
-1.454553387490E-1));
#2217=CARTESIAN_POINT('',(1.135293742096E1,-1.343762090969E1,
-5.939557202487E-1));
#2218=CARTESIAN_POINT('',(1.141146510842E1,-1.318966800315E1,
-9.316643439977E-1));
#2219=CARTESIAN_POINT('',(1.139014709057E1,-1.284519559513E1,
-8.086579724266E-1));
#2220=CARTESIAN_POINT('',(1.119196679690E1,-1.333213317707E1,
-9.414086418544E-2));
#2221=CARTESIAN_POINT('',(1.101302586592E1,-1.343762090969E1,
-3.844169988740E-1));
#2222=CARTESIAN_POINT('',(1.087828819785E1,-1.318966800315E1,
-6.029870558829E-1));
#2223=CARTESIAN_POINT('',(1.092736479968E1,-1.284519559513E1,
-5.233754980011E-1));
#2224=(BOUNDED_SURFACE()B_SPLINE_SURFACE(3,3,((#2196,#2197,#2198,#2199),(#2200,
#2201,#2202,#2203),(#2204,#2205,#2206,#2207),(#2208,#2209,#2210,#2211),(#2212,
#2213,#2214,#2215),(#2216,#2217,#2218,#2219),(#2220,#2221,#2222,#2223)),
.UNSPECIFIED.,.F.,.F.,.F.)B_SPLINE_SURFACE_WITH_KNOTS((4,3,4),(4,4),(0.E0,1.E0,
2.E0),(0.E0,1.E0),.UNSPECIFIED.)GEOMETRIC_REPRESENTATION_ITEM()RATIONAL_B_SPLINE_SURFACE(((1.814637049023E0,1.187880108717E0,1.187880108717E0,1.814637049023E0),(
1.194593860631E0,7.819934492149E-1,7.819934492149E-1,1.194593860631E0),(
1.194593860631E0,7.819934492150E-1,7.819934492150E-1,1.194593860631E0),(
1.814637049023E0,1.187880108717E0,1.187880108717E0,1.814637049023E0),(
1.194593860631E0,7.819934492149E-1,7.819934492149E-1,1.194593860631E0),(
1.194593860631E0,7.819934492149E-1,7.819934492149E-1,1.194593860631E0),(
1.814637049023E0,1.187880108717E0,1.187880108717E0,1.814637049023E0)))REPRESENTATION_ITEM('')SURFACE());
#2225=ORIENTED_EDGE('',*,*,#2083,.F.);
#2226=ORIENTED_EDGE('',*,*,#2191,.T.);
#2228=ORIENTED_EDGE('',*,*,#2227,.T.);
#2229=ORIENTED_EDGE('',*,*,#2139,.T.);
#2230=EDGE_LOOP('',(#2225,#2226,#2228,#2229));
#2231=FACE_OUTER_BOUND('',#2230,.F.);
#2233=CARTESIAN_POINT('',(1.125E1,-1.265697990157E1,0.E0));
#2234=DIRECTION('',(0.E0,1.E0,0.E0));
#2235=DIRECTION('',(-5.E-1,0.E0,8.660254037844E-1));
#2236=AXIS2_PLACEMENT_3D('',#2233,#2234,#2235);
#2237=CONICAL_SURFACE('',#2236,6.392800256185E-1,2.E0);
#2238=ORIENTED_EDGE('',*,*,#2227,.F.);
#2239=ORIENTED_EDGE('',*,*,#2189,.T.);
#2241=ORIENTED_EDGE('',*,*,#2240,.T.);
#2242=ORIENTED_EDGE('',*,*,#2141,.F.);
#2243=EDGE_LOOP('',(#2238,#2239,#2241,#2242));
#2244=FACE_OUTER_BOUND('',#2243,.F.);
#2246=CARTESIAN_POINT('',(0.E0,-1.235E1,0.E0));
#2247=DIRECTION('',(0.E0,1.E0,0.E0));
#2248=DIRECTION('',(1.E0,0.E0,0.E0));
#2249=AXIS2_PLACEMENT_3D('',#2246,#2247,#2248);
#2250=PLANE('',#2249);
#2251=ORIENTED_EDGE('',*,*,#2143,.F.);
#2252=ORIENTED_EDGE('',*,*,#2240,.F.);
#2253=ORIENTED_EDGE('',*,*,#2187,.F.);
#2255=ORIENTED_EDGE('',*,*,#2254,.F.);
#2256=ORIENTED_EDGE('',*,*,#2168,.F.);
#2258=ORIENTED_EDGE('',*,*,#2257,.F.);
#2260=ORIENTED_EDGE('',*,*,#2259,.T.);
#2262=ORIENTED_EDGE('',*,*,#2261,.F.);
#2264=ORIENTED_EDGE('',*,*,#2263,.F.);
#2266=ORIENTED_EDGE('',*,*,#2265,.F.);
#2268=ORIENTED_EDGE('',*,*,#2267,.F.);
#2270=ORIENTED_EDGE('',*,*,#2269,.F.);
#2271=ORIENTED_EDGE('',*,*,#2160,.F.);
#2273=ORIENTED_EDGE('',*,*,#2272,.F.);
#2274=EDGE_LOOP('',(#2251,#2252,#2253,#2255,#2256,#2258,#2260,#2262,#2264,#2266,
#2268,#2270,#2271,#2273));
#2275=FACE_OUTER_BOUND('',#2274,.F.);
#2277=CARTESIAN_POINT('',(-5.625E0,-1.265697990157E1,9.742785792575E0));
#2278=DIRECTION('',(0.E0,1.E0,0.E0));
#2279=DIRECTION('',(-5.E-1,0.E0,-8.660254037844E-1));
#2280=AXIS2_PLACEMENT_3D('',#2277,#2278,#2279);
#2281=CONICAL_SURFACE('',#2280,6.392800256185E-1,2.E0);
#2283=ORIENTED_EDGE('',*,*,#2282,.F.);
#2284=ORIENTED_EDGE('',*,*,#2170,.T.);
#2285=ORIENTED_EDGE('',*,*,#2254,.T.);
#2286=ORIENTED_EDGE('',*,*,#2185,.F.);
#2287=EDGE_LOOP('',(#2283,#2284,#2285,#2286));
#2288=FACE_OUTER_BOUND('',#2287,.F.);
#2290=CARTESIAN_POINT('',(-5.677511778367E0,-1.333213317707E1,
9.645457132332E0));
#2291=CARTESIAN_POINT('',(-5.839427819632E0,-1.343762090969E1,
9.345351672985E0));
#2292=CARTESIAN_POINT('',(-5.961346207472E0,-1.318966800315E1,
9.119380401084E0));
#2293=CARTESIAN_POINT('',(-5.916938876828E0,-1.284519559513E1,
9.201687763944E0));
#2294=CARTESIAN_POINT('',(-5.763572322906E0,-1.333213317707E1,
9.691889418872E0));
#2295=CARTESIAN_POINT('',(-6.190849452937E0,-1.343762090969E1,9.534954354E0));
#2296=CARTESIAN_POINT('',(-6.512577543915E0,-1.318966800315E1,
9.416786506297E0));
#2297=CARTESIAN_POINT('',(-6.395391892378E0,-1.284519559513E1,
9.459827747059E0));
#2298=CARTESIAN_POINT('',(-5.764981835622E0,-1.333213317707E1,
9.789666654635E0));
#2299=CARTESIAN_POINT('',(-6.196605090012E0,-1.343762090969E1,
9.934220197324E0));
#2300=CARTESIAN_POINT('',(-6.521605694763E0,-1.318966800315E1,
1.004306509462E1));
#2301=CARTESIAN_POINT('',(-6.403228068794E0,-1.284519559513E1,
1.000341962826E1));
#2302=CARTESIAN_POINT('',(-5.680295467653E0,-1.333213317707E1,
9.838560351979E0));
#2303=CARTESIAN_POINT('',(-5.850794801339E0,-1.343762090969E1,
1.013387386058E1));
#2304=CARTESIAN_POINT('',(-5.979176175590E0,-1.318966800315E1,
1.035623692353E1));
#2305=CARTESIAN_POINT('',(-5.932414778594E0,-1.284519559513E1,
1.027524380810E1));
#2306=CARTESIAN_POINT('',(-5.595609099685E0,-1.333213317707E1,
9.887454049322E0));
#2307=CARTESIAN_POINT('',(-5.504984512665E0,-1.343762090969E1,
1.033352752383E1));
#2308=CARTESIAN_POINT('',(-5.436746656416E0,-1.318966800315E1,
1.066940875244E1));
#2309=CARTESIAN_POINT('',(-5.461601488395E0,-1.284519559513E1,
1.054706798793E1));
#2310=CARTESIAN_POINT('',(-5.511636285960E0,-1.333213317707E1,
9.837344757621E0));
#2311=CARTESIAN_POINT('',(-5.162087968020E0,-1.343762090969E1,
1.012891007425E1));
#2312=CARTESIAN_POINT('',(-4.898887564510E0,-1.318966800315E1,
1.034845085029E1));
#2313=CARTESIAN_POINT('',(-4.994755198189E0,-1.284519559513E1,
1.026848571949E1));
#2314=CARTESIAN_POINT('',(-5.514455018530E0,-1.333213317707E1,
9.739597996518E0));
#2315=CARTESIAN_POINT('',(-5.173598046289E0,-1.343762090969E1,
9.729768671859E0));
#2316=CARTESIAN_POINT('',(-4.916941990376E0,-1.318966800315E1,
9.722367456967E0));
#2317=CARTESIAN_POINT('',(-5.010425922854E0,-1.284519559513E1,
9.725063261945E0));
#2318=(BOUNDED_SURFACE()B_SPLINE_SURFACE(3,3,((#2290,#2291,#2292,#2293),(#2294,
#2295,#2296,#2297),(#2298,#2299,#2300,#2301),(#2302,#2303,#2304,#2305),(#2306,
#2307,#2308,#2309),(#2310,#2311,#2312,#2313),(#2314,#2315,#2316,#2317)),
.UNSPECIFIED.,.F.,.F.,.F.)B_SPLINE_SURFACE_WITH_KNOTS((4,3,4),(4,4),(0.E0,1.E0,
2.E0),(0.E0,1.E0),.UNSPECIFIED.)GEOMETRIC_REPRESENTATION_ITEM()RATIONAL_B_SPLINE_SURFACE(((1.814637049023E0,1.187880108717E0,1.187880108717E0,1.814637049023E0),(
1.194593860631E0,7.819934492149E-1,7.819934492149E-1,1.194593860631E0),(
1.194593860631E0,7.819934492150E-1,7.819934492150E-1,1.194593860631E0),(
1.814637049023E0,1.187880108717E0,1.187880108717E0,1.814637049023E0),(
1.194593860631E0,7.819934492150E-1,7.819934492150E-1,1.194593860631E0),(
1.194593860631E0,7.819934492149E-1,7.819934492149E-1,1.194593860631E0),(
1.814637049023E0,1.187880108717E0,1.187880108717E0,1.814637049023E0)))REPRESENTATION_ITEM('')SURFACE());
#2319=ORIENTED_EDGE('',*,*,#2079,.F.);
#2320=ORIENTED_EDGE('',*,*,#2172,.T.);
#2321=ORIENTED_EDGE('',*,*,#2282,.T.);
#2322=ORIENTED_EDGE('',*,*,#2183,.T.);
#2323=EDGE_LOOP('',(#2319,#2320,#2321,#2322));
#2324=FACE_OUTER_BOUND('',#2323,.F.);
#2326=CARTESIAN_POINT('',(-1.025799988557E1,-1.224177520436E1,
4.585887153678E0));
#2327=CARTESIAN_POINT('',(-1.025821432530E1,-1.224741587783E1,
4.585393658695E0));
#2328=CARTESIAN_POINT('',(-1.026091602534E1,-1.231849663187E1,
4.579174898521E0));
#2329=CARTESIAN_POINT('',(-1.026626926354E1,-1.245970377336E1,
4.566820874431E0));
#2330=CARTESIAN_POINT('',(-1.027280374378E1,-1.263292471131E1,
4.551666006076E0));
#2331=CARTESIAN_POINT('',(-1.027685360096E1,-1.274070547472E1,
4.542236411131E0));
#2332=CARTESIAN_POINT('',(-1.027826649368E1,-1.277835935459E1,
4.538942123505E0));
#2333=CARTESIAN_POINT('',(-1.059786319468E1,-1.218973444554E1,
4.138740293942E0));
#2334=CARTESIAN_POINT('',(-1.059807770104E1,-1.219537687173E1,
4.138246645616E0));
#2335=CARTESIAN_POINT('',(-1.060078024049E1,-1.226647971042E1,
4.132025953286E0));
#2336=CARTESIAN_POINT('',(-1.060613513990E1,-1.240773067113E1,
4.119668095511E0));
#2337=CARTESIAN_POINT('',(-1.061267164321E1,-1.258100523845E1,
4.104508535193E0));
#2338=CARTESIAN_POINT('',(-1.061672275194E1,-1.268881930990E1,
4.095076026173E0));
#2339=CARTESIAN_POINT('',(-1.061813608102E1,-1.272648481873E1,
4.091780721145E0));
#2340=CARTESIAN_POINT('',(-1.028812505545E1,-1.216034772802E1,
3.668257212876E0));
#2341=CARTESIAN_POINT('',(-1.028833950108E1,-1.216598855685E1,
3.667763704300E0));
#2342=CARTESIAN_POINT('',(-1.029104127553E1,-1.223707126845E1,
3.661544772862E0));
#2343=CARTESIAN_POINT('',(-1.029639466098E1,-1.237828229404E1,
3.649190408958E0));
#2344=CARTESIAN_POINT('',(-1.030292932054E1,-1.255150798564E1,
3.634035124712E0));
#2345=CARTESIAN_POINT('',(-1.030697928866E1,-1.265929170145E1,
3.624605271466E0));
#2346=CARTESIAN_POINT('',(-1.030839222006E1,-1.269694661210E1,
3.621310893658E0));
#2347=CARTESIAN_POINT('',(-9.740632875085E0,-1.219268948882E1,
3.800021952376E0));
#2348=CARTESIAN_POINT('',(-9.740847213379E0,-1.219832749416E1,
3.799528690824E0));
#2349=CARTESIAN_POINT('',(-9.743547635602E0,-1.226937462920E1,
3.793312871933E0));
#2350=CARTESIAN_POINT('',(-9.748898344980E0,-1.241051506558E1,
3.780964683784E0));
#2351=CARTESIAN_POINT('',(-9.755429745537E0,-1.258365436462E1,
3.765816957907E0));
#2352=CARTESIAN_POINT('',(-9.759477697508E0,-1.269138442388E1,
3.756391799001E0));
#2353=CARTESIAN_POINT('',(-9.760889925976E0,-1.272902060122E1,
3.753099060145E0));
#2354=(BOUNDED_SURFACE()B_SPLINE_SURFACE(3,3,((#2326,#2327,#2328,#2329,#2330,
#2331,#2332),(#2333,#2334,#2335,#2336,#2337,#2338,#2339),(#2340,#2341,#2342,
#2343,#2344,#2345,#2346),(#2347,#2348,#2349,#2350,#2351,#2352,#2353)),
.UNSPECIFIED.,.F.,.F.,.F.)B_SPLINE_SURFACE_WITH_KNOTS((4,4),(4,1,1,1,4),(0.E0,
1.E0),(3.474329311056E-1,3.489829663462E-1,3.669656420135E-1,3.862359657801E-1,
3.965829320457E-1),.UNSPECIFIED.)GEOMETRIC_REPRESENTATION_ITEM()RATIONAL_B_SPLINE_SURFACE(((1.497938390713E0,1.497938390713E0,1.497938390713E0,1.497938390713E0,
1.497938390713E0,1.497938390713E0,1.497938390713E0),(8.340205364290E-1,
8.340205364290E-1,8.340205364290E-1,8.340205364290E-1,8.340205364290E-1,
8.340205364290E-1,8.340205364290E-1),(8.340205364290E-1,8.340205364290E-1,
8.340205364290E-1,8.340205364290E-1,8.340205364290E-1,8.340205364290E-1,
8.340205364290E-1),(1.497938390713E0,1.497938390713E0,1.497938390713E0,
1.497938390713E0,1.497938390713E0,1.497938390713E0,1.497938390713E0)))REPRESENTATION_ITEM('')SURFACE());
#2356=ORIENTED_EDGE('',*,*,#2355,.F.);
#2357=ORIENTED_EDGE('',*,*,#2257,.T.);
#2358=ORIENTED_EDGE('',*,*,#2166,.T.);
#2360=ORIENTED_EDGE('',*,*,#2359,.T.);
#2361=EDGE_LOOP('',(#2356,#2357,#2358,#2360));
#2362=FACE_OUTER_BOUND('',#2361,.F.);
#2364=CARTESIAN_POINT('',(-1.720004800192E1,-1.26E1,3.75E0));
#2365=DIRECTION('',(0.E0,-8.715574274766E-2,9.961946980917E-1));
#2366=DIRECTION('',(1.E0,0.E0,0.E0));
#2367=AXIS2_PLACEMENT_3D('',#2364,#2365,#2366);
#2368=PLANE('',#2367);
#2369=ORIENTED_EDGE('',*,*,#2355,.T.);
#2371=ORIENTED_EDGE('',*,*,#2370,.T.);
#2373=ORIENTED_EDGE('',*,*,#2372,.F.);
#2374=ORIENTED_EDGE('',*,*,#2259,.F.);
#2375=EDGE_LOOP('',(#2369,#2371,#2373,#2374));
#2376=FACE_OUTER_BOUND('',#2375,.F.);
#2378=CARTESIAN_POINT('',(0.E0,-1.26E1,0.E0));
#2379=DIRECTION('',(0.E0,1.E0,0.E0));
#2380=DIRECTION('',(1.E0,0.E0,0.E0));
#2381=AXIS2_PLACEMENT_3D('',#2378,#2379,#2380);
#2382=PLANE('',#2381);
#2383=ORIENTED_EDGE('',*,*,#2370,.F.);
#2384=ORIENTED_EDGE('',*,*,#2359,.F.);
#2385=ORIENTED_EDGE('',*,*,#2164,.F.);
#2387=ORIENTED_EDGE('',*,*,#2386,.F.);
#2389=ORIENTED_EDGE('',*,*,#2388,.F.);
#2391=ORIENTED_EDGE('',*,*,#2390,.T.);
#2392=EDGE_LOOP('',(#2383,#2384,#2385,#2387,#2389,#2391));
#2393=FACE_OUTER_BOUND('',#2392,.F.);
#2395=CARTESIAN_POINT('',(-1.027826660617E1,-1.277836235252E1,
-4.538941861220E0));
#2396=CARTESIAN_POINT('',(-1.027648214826E1,-1.273080618094E1,
-4.543102487114E0));
#2397=CARTESIAN_POINT('',(-1.027222675513E1,-1.261759641832E1,
-4.553007057944E0));
#2398=CARTESIAN_POINT('',(-1.026547567235E1,-1.243873388001E1,
-4.568655502375E0));
#2399=CARTESIAN_POINT('',(-1.026049578629E1,-1.230742796904E1,
-4.580143281039E0));
#2400=CARTESIAN_POINT('',(-1.025799988557E1,-1.224177520435E1,
-4.585887153679E0));
#2401=CARTESIAN_POINT('',(-1.061813619354E1,-1.272648781759E1,
-4.091780458779E0));
#2402=CARTESIAN_POINT('',(-1.061635118452E1,-1.267891695884E1,
-4.095942369633E0));
#2403=CARTESIAN_POINT('',(-1.061209447611E1,-1.256567220457E1,
-4.105850001836E0));
#2404=CARTESIAN_POINT('',(-1.060534130264E1,-1.238675427576E1,
-4.121503292308E0));
#2405=CARTESIAN_POINT('',(-1.060035987095E1,-1.225540761039E1,
-4.132994636520E0));
#2406=CARTESIAN_POINT('',(-1.059786319468E1,-1.218973444553E1,
-4.138740293943E0));
#2407=CARTESIAN_POINT('',(-1.030839233255E1,-1.269694961011E1,
-3.621310631366E0));
#2408=CARTESIAN_POINT('',(-1.030660782579E1,-1.264939213667E1,
-3.625471371158E0));
#2409=CARTESIAN_POINT('',(-1.030235231608E1,-1.253617927243E1,
-3.635376213345E0));
#2410=CARTESIAN_POINT('',(-1.029560104798E1,-1.235731182435E1,
-3.651025087325E0));
#2411=CARTESIAN_POINT('',(-1.029062102492E1,-1.222600230095E1,
-3.662513182035E0));
#2412=CARTESIAN_POINT('',(-1.028812505545E1,-1.216034772801E1,
-3.668257212877E0));
#2413=CARTESIAN_POINT('',(-9.760890038413E0,-1.272902359774E1,
-3.753098797983E0));
#2414=CARTESIAN_POINT('',(-9.759106419444E0,-1.268148978413E1,
-3.757257467809E0));
#2415=CARTESIAN_POINT('',(-9.754853028548E0,-1.256833328859E1,
-3.767157378373E0));
#2416=CARTESIAN_POINT('',(-9.748105128366E0,-1.238955507011E1,
-3.782798445775E0));
#2417=CARTESIAN_POINT('',(-9.743127595211E0,-1.225831119876E1,
-3.794280796676E0));
#2418=CARTESIAN_POINT('',(-9.740632875084E0,-1.219268948881E1,
-3.800021952377E0));
#2419=(BOUNDED_SURFACE()B_SPLINE_SURFACE(3,3,((#2395,#2396,#2397,#2398,#2399,
#2400),(#2401,#2402,#2403,#2404,#2405,#2406),(#2407,#2408,#2409,#2410,#2411,
#2412),(#2413,#2414,#2415,#2416,#2417,#2418)),.UNSPECIFIED.,.F.,.F.,.F.)B_SPLINE_SURFACE_WITH_KNOTS((4,4),(4,1,1,4),(0.E0,1.E0),(5.949708169535E-1,
6.080388078265E-1,6.260798691621E-1,6.441209381872E-1),.UNSPECIFIED.)GEOMETRIC_REPRESENTATION_ITEM()RATIONAL_B_SPLINE_SURFACE(((1.497938390713E0,
1.497938390713E0,1.497938390713E0,1.497938390713E0,1.497938390713E0,
1.497938390713E0),(8.340205364290E-1,8.340205364290E-1,8.340205364290E-1,
8.340205364290E-1,8.340205364290E-1,8.340205364290E-1),(8.340205364290E-1,
8.340205364290E-1,8.340205364290E-1,8.340205364290E-1,8.340205364290E-1,
8.340205364290E-1),(1.497938390713E0,1.497938390713E0,1.497938390713E0,
1.497938390713E0,1.497938390713E0,1.497938390713E0)))REPRESENTATION_ITEM('')SURFACE());
#2420=ORIENTED_EDGE('',*,*,#2269,.T.);
#2422=ORIENTED_EDGE('',*,*,#2421,.F.);
#2423=ORIENTED_EDGE('',*,*,#2386,.T.);
#2424=ORIENTED_EDGE('',*,*,#2162,.T.);
#2425=EDGE_LOOP('',(#2420,#2422,#2423,#2424));
#2426=FACE_OUTER_BOUND('',#2425,.F.);
#2428=CARTESIAN_POINT('',(2.200048001920E0,-1.26E1,-3.75E0));
#2429=DIRECTION('',(0.E0,-8.715574274766E-2,-9.961946980917E-1));
#2430=DIRECTION('',(-1.E0,0.E0,0.E0));
#2431=AXIS2_PLACEMENT_3D('',#2428,#2429,#2430);
#2432=PLANE('',#2431);
#2433=ORIENTED_EDGE('',*,*,#2421,.T.);
#2434=ORIENTED_EDGE('',*,*,#2267,.T.);
#2436=ORIENTED_EDGE('',*,*,#2435,.F.);
#2437=ORIENTED_EDGE('',*,*,#2388,.T.);
#2438=EDGE_LOOP('',(#2433,#2434,#2436,#2437));
#2439=FACE_OUTER_BOUND('',#2438,.F.);
#2441=CARTESIAN_POINT('',(0.E0,-1.315202798736E1,0.E0));
#2442=DIRECTION('',(0.E0,1.E0,0.E0));
#2443=DIRECTION('',(0.E0,0.E0,-1.E0));
#2444=AXIS2_PLACEMENT_3D('',#2441,#2442,#2443);
#2445=CONICAL_SURFACE('',#2444,9.206425699580E0,2.E0);
#2446=ORIENTED_EDGE('',*,*,#2390,.F.);
#2447=ORIENTED_EDGE('',*,*,#2435,.T.);
#2448=ORIENTED_EDGE('',*,*,#2265,.T.);
#2450=ORIENTED_EDGE('',*,*,#2449,.T.);
#2452=ORIENTED_EDGE('',*,*,#2451,.T.);
#2454=ORIENTED_EDGE('',*,*,#2453,.F.);
#2455=ORIENTED_EDGE('',*,*,#2261,.T.);
#2456=ORIENTED_EDGE('',*,*,#2372,.T.);
#2457=EDGE_LOOP('',(#2446,#2447,#2448,#2450,#2452,#2454,#2455,#2456));
#2458=FACE_OUTER_BOUND('',#2457,.F.);
#2460=CARTESIAN_POINT('',(0.E0,-1.315202798736E1,0.E0));
#2461=DIRECTION('',(0.E0,1.E0,0.E0));
#2462=DIRECTION('',(0.E0,0.E0,-1.E0));
#2463=AXIS2_PLACEMENT_3D('',#2460,#2461,#2462);
#2464=CONICAL_SURFACE('',#2463,9.206425699580E0,2.E0);
#2465=ORIENTED_EDGE('',*,*,#2263,.T.);
#2466=ORIENTED_EDGE('',*,*,#2453,.T.);
#2468=ORIENTED_EDGE('',*,*,#2467,.T.);
#2469=ORIENTED_EDGE('',*,*,#2449,.F.);
#2470=EDGE_LOOP('',(#2465,#2466,#2468,#2469));
#2471=FACE_OUTER_BOUND('',#2470,.F.);
#2473=CARTESIAN_POINT('',(0.E0,5.642857142857E1,0.E0));
#2474=DIRECTION('',(0.E0,1.E0,0.E0));
#2475=DIRECTION('',(0.E0,0.E0,-1.E0));
#2476=AXIS2_PLACEMENT_3D('',#2473,#2474,#2475);
#2477=SPHERICAL_SURFACE('',#2476,7.097857142857E1);
#2479=ORIENTED_EDGE('',*,*,#2478,.T.);
#2481=ORIENTED_EDGE('',*,*,#2480,.T.);
#2483=ORIENTED_EDGE('',*,*,#2482,.T.);
#2485=ORIENTED_EDGE('',*,*,#2484,.T.);
#2487=ORIENTED_EDGE('',*,*,#2486,.T.);
#2489=ORIENTED_EDGE('',*,*,#2488,.F.);
#2491=ORIENTED_EDGE('',*,*,#2490,.T.);
#2493=ORIENTED_EDGE('',*,*,#2492,.T.);
#2495=ORIENTED_EDGE('',*,*,#2494,.T.);
#2497=ORIENTED_EDGE('',*,*,#2496,.T.);
#2499=ORIENTED_EDGE('',*,*,#2498,.T.);
#2501=ORIENTED_EDGE('',*,*,#2500,.T.);
#2503=ORIENTED_EDGE('',*,*,#2502,.T.);
#2504=ORIENTED_EDGE('',*,*,#2467,.F.);
#2506=ORIENTED_EDGE('',*,*,#2505,.F.);
#2507=EDGE_LOOP('',(#2479,#2481,#2483,#2485,#2487,#2489,#2491,#2493,#2495,#2497,
#2499,#2501,#2503,#2504,#2506));
#2508=FACE_OUTER_BOUND('',#2507,.F.);
#2510=ORIENTED_EDGE('',*,*,#2509,.T.);
#2512=ORIENTED_EDGE('',*,*,#2511,.T.);
#2514=ORIENTED_EDGE('',*,*,#2513,.T.);
#2516=ORIENTED_EDGE('',*,*,#2515,.T.);
#2518=ORIENTED_EDGE('',*,*,#2517,.T.);
#2520=ORIENTED_EDGE('',*,*,#2519,.T.);
#2522=ORIENTED_EDGE('',*,*,#2521,.T.);
#2524=ORIENTED_EDGE('',*,*,#2523,.T.);
#2525=EDGE_LOOP('',(#2510,#2512,#2514,#2516,#2518,#2520,#2522,#2524));
#2526=FACE_BOUND('',#2525,.F.);
#2528=ORIENTED_EDGE('',*,*,#2527,.T.);
#2530=ORIENTED_EDGE('',*,*,#2529,.T.);
#2532=ORIENTED_EDGE('',*,*,#2531,.T.);
#2534=ORIENTED_EDGE('',*,*,#2533,.T.);
#2536=ORIENTED_EDGE('',*,*,#2535,.T.);
#2538=ORIENTED_EDGE('',*,*,#2537,.T.);
#2540=ORIENTED_EDGE('',*,*,#2539,.T.);
#2542=ORIENTED_EDGE('',*,*,#2541,.T.);
#2543=EDGE_LOOP('',(#2528,#2530,#2532,#2534,#2536,#2538,#2540,#2542));
#2544=FACE_BOUND('',#2543,.F.);
#2546=CARTESIAN_POINT('',(-8.5E-1,-1.345E1,2.81E0));
#2547=DIRECTION('',(0.E0,0.E0,1.E0));
#2548=DIRECTION('',(1.E0,0.E0,0.E0));
#2549=AXIS2_PLACEMENT_3D('',#2546,#2547,#2548);
#2550=PLANE('',#2549);
#2552=ORIENTED_EDGE('',*,*,#2551,.F.);
#2554=ORIENTED_EDGE('',*,*,#2553,.F.);
#2556=ORIENTED_EDGE('',*,*,#2555,.T.);
#2558=ORIENTED_EDGE('',*,*,#2557,.T.);
#2559=ORIENTED_EDGE('',*,*,#2478,.F.);
#2560=EDGE_LOOP('',(#2552,#2554,#2556,#2558,#2559));
#2561=FACE_OUTER_BOUND('',#2560,.F.);
#2563=CARTESIAN_POINT('',(0.E0,5.642857142857E1,0.E0));
#2564=DIRECTION('',(0.E0,1.E0,0.E0));
#2565=DIRECTION('',(0.E0,0.E0,-1.E0));
#2566=AXIS2_PLACEMENT_3D('',#2563,#2564,#2565);
#2567=SPHERICAL_SURFACE('',#2566,7.097857142857E1);
#2569=ORIENTED_EDGE('',*,*,#2568,.T.);
#2570=ORIENTED_EDGE('',*,*,#2551,.T.);
#2571=ORIENTED_EDGE('',*,*,#2505,.T.);
#2572=ORIENTED_EDGE('',*,*,#2451,.F.);
#2573=ORIENTED_EDGE('',*,*,#2502,.F.);
#2575=ORIENTED_EDGE('',*,*,#2574,.T.);
#2577=ORIENTED_EDGE('',*,*,#2576,.T.);
#2579=ORIENTED_EDGE('',*,*,#2578,.T.);
#2581=ORIENTED_EDGE('',*,*,#2580,.T.);
#2583=ORIENTED_EDGE('',*,*,#2582,.T.);
#2584=ORIENTED_EDGE('',*,*,#2490,.F.);
#2585=ORIENTED_EDGE('',*,*,#2488,.T.);
#2587=ORIENTED_EDGE('',*,*,#2586,.T.);
#2589=ORIENTED_EDGE('',*,*,#2588,.T.);
#2591=ORIENTED_EDGE('',*,*,#2590,.T.);
#2592=EDGE_LOOP('',(#2569,#2570,#2571,#2572,#2573,#2575,#2577,#2579,#2581,#2583,
#2584,#2585,#2587,#2589,#2591));
#2593=FACE_OUTER_BOUND('',#2592,.F.);
#2595=ORIENTED_EDGE('',*,*,#2594,.T.);
#2597=ORIENTED_EDGE('',*,*,#2596,.T.);
#2599=ORIENTED_EDGE('',*,*,#2598,.T.);
#2601=ORIENTED_EDGE('',*,*,#2600,.T.);
#2603=ORIENTED_EDGE('',*,*,#2602,.T.);
#2605=ORIENTED_EDGE('',*,*,#2604,.T.);
#2607=ORIENTED_EDGE('',*,*,#2606,.T.);
#2609=ORIENTED_EDGE('',*,*,#2608,.T.);
#2610=EDGE_LOOP('',(#2595,#2597,#2599,#2601,#2603,#2605,#2607,#2609));
#2611=FACE_BOUND('',#2610,.F.);
#2613=ORIENTED_EDGE('',*,*,#2612,.T.);
#2615=ORIENTED_EDGE('',*,*,#2614,.T.);
#2617=ORIENTED_EDGE('',*,*,#2616,.T.);
#2619=ORIENTED_EDGE('',*,*,#2618,.T.);
#2621=ORIENTED_EDGE('',*,*,#2620,.T.);
#2623=ORIENTED_EDGE('',*,*,#2622,.T.);
#2625=ORIENTED_EDGE('',*,*,#2624,.T.);
#2627=ORIENTED_EDGE('',*,*,#2626,.T.);
#2628=EDGE_LOOP('',(#2613,#2615,#2617,#2619,#2621,#2623,#2625,#2627));
#2629=FACE_BOUND('',#2628,.F.);
#2631=CARTESIAN_POINT('',(-1.241421356237E0,-1.345E1,4.860609665441E0));
#2632=DIRECTION('',(0.E0,1.E0,0.E0));
#2633=DIRECTION('',(-1.E0,0.E0,0.E0));
#2634=AXIS2_PLACEMENT_3D('',#2631,#2632,#2633);
#2635=CYLINDRICAL_SURFACE('',#2634,2.5E-1);
#2636=ORIENTED_EDGE('',*,*,#2594,.F.);
#2638=ORIENTED_EDGE('',*,*,#2637,.F.);
#2640=ORIENTED_EDGE('',*,*,#2639,.T.);
#2642=ORIENTED_EDGE('',*,*,#2641,.T.);
#2643=EDGE_LOOP('',(#2636,#2638,#2640,#2642));
#2644=FACE_OUTER_BOUND('',#2643,.F.);
#2646=CARTESIAN_POINT('',(-2.337436867076E0,-1.345E1,6.310178566873E0));
#2647=DIRECTION('',(7.071067811865E-1,0.E0,7.071067811865E-1));
#2648=DIRECTION('',(7.071067811865E-1,0.E0,-7.071067811865E-1));
#2649=AXIS2_PLACEMENT_3D('',#2646,#2647,#2648);
#2650=PLANE('',#2649);
#2651=ORIENTED_EDGE('',*,*,#2608,.F.);
#2653=ORIENTED_EDGE('',*,*,#2652,.F.);
#2655=ORIENTED_EDGE('',*,*,#2654,.T.);
#2656=ORIENTED_EDGE('',*,*,#2637,.T.);
#2657=EDGE_LOOP('',(#2651,#2653,#2655,#2656));
#2658=FACE_OUTER_BOUND('',#2657,.F.);
#2660=CARTESIAN_POINT('',(-2.514213562373E0,-1.345E1,6.133401871577E0));
#2661=DIRECTION('',(0.E0,1.E0,0.E0));
#2662=DIRECTION('',(-1.E0,0.E0,0.E0));
#2663=AXIS2_PLACEMENT_3D('',#2660,#2661,#2662);
#2664=CYLINDRICAL_SURFACE('',#2663,2.5E-1);
#2665=ORIENTED_EDGE('',*,*,#2606,.F.);
#2667=ORIENTED_EDGE('',*,*,#2666,.F.);
#2669=ORIENTED_EDGE('',*,*,#2668,.T.);
#2670=ORIENTED_EDGE('',*,*,#2652,.T.);
#2671=EDGE_LOOP('',(#2665,#2667,#2669,#2670));
#2672=FACE_OUTER_BOUND('',#2671,.F.);
#2674=CARTESIAN_POINT('',(-5.590128060535E0,-1.345E1,3.411040764009E0));
#2675=DIRECTION('',(-7.071067811865E-1,0.E0,7.071067811865E-1));
#2676=DIRECTION('',(7.071067811865E-1,0.E0,7.071067811865E-1));
#2677=AXIS2_PLACEMENT_3D('',#2674,#2675,#2676);
#2678=PLANE('',#2677);
#2679=ORIENTED_EDGE('',*,*,#2604,.F.);
#2681=ORIENTED_EDGE('',*,*,#2680,.F.);
#2683=ORIENTED_EDGE('',*,*,#2682,.T.);
#2684=ORIENTED_EDGE('',*,*,#2666,.T.);
#2685=EDGE_LOOP('',(#2679,#2681,#2683,#2684));
#2686=FACE_OUTER_BOUND('',#2685,.F.);
#2688=CARTESIAN_POINT('',(-5.413351365238E0,-1.345E1,3.234264068712E0));
#2689=DIRECTION('',(0.E0,1.E0,0.E0));
#2690=DIRECTION('',(-1.E0,0.E0,0.E0));
#2691=AXIS2_PLACEMENT_3D('',#2688,#2689,#2690);
#2692=CYLINDRICAL_SURFACE('',#2691,2.5E-1);
#2693=ORIENTED_EDGE('',*,*,#2602,.F.);
#2695=ORIENTED_EDGE('',*,*,#2694,.F.);
#2697=ORIENTED_EDGE('',*,*,#2696,.T.);
#2698=ORIENTED_EDGE('',*,*,#2680,.T.);
#2699=EDGE_LOOP('',(#2693,#2695,#2697,#2698));
#2700=FACE_OUTER_BOUND('',#2699,.F.);
#2702=CARTESIAN_POINT('',(-4.317335854399E0,-1.345E1,1.784695167280E0));
#2703=DIRECTION('',(-7.071067811865E-1,0.E0,-7.071067811865E-1));
#2704=DIRECTION('',(-7.071067811865E-1,0.E0,7.071067811865E-1));
#2705=AXIS2_PLACEMENT_3D('',#2702,#2703,#2704);
#2706=PLANE('',#2705);
#2707=ORIENTED_EDGE('',*,*,#2600,.F.);
#2709=ORIENTED_EDGE('',*,*,#2708,.F.);
#2711=ORIENTED_EDGE('',*,*,#2710,.T.);
#2712=ORIENTED_EDGE('',*,*,#2694,.T.);
#2713=EDGE_LOOP('',(#2707,#2709,#2711,#2712));
#2714=FACE_OUTER_BOUND('',#2713,.F.);
#2716=CARTESIAN_POINT('',(-4.140559159102E0,-1.345E1,1.961471862576E0));
#2717=DIRECTION('',(0.E0,1.E0,0.E0));
#2718=DIRECTION('',(-1.E0,0.E0,0.E0));
#2719=AXIS2_PLACEMENT_3D('',#2716,#2717,#2718);
#2720=CYLINDRICAL_SURFACE('',#2719,2.5E-1);
#2721=ORIENTED_EDGE('',*,*,#2598,.F.);
#2723=ORIENTED_EDGE('',*,*,#2722,.F.);
#2725=ORIENTED_EDGE('',*,*,#2724,.T.);
#2726=ORIENTED_EDGE('',*,*,#2708,.T.);
#2727=EDGE_LOOP('',(#2721,#2723,#2725,#2726));
#2728=FACE_OUTER_BOUND('',#2727,.F.);
#2730=CARTESIAN_POINT('',(-1.064644660941E0,-1.345E1,4.683832970144E0));
#2731=DIRECTION('',(7.071067811865E-1,0.E0,-7.071067811865E-1));
#2732=DIRECTION('',(-7.071067811865E-1,0.E0,-7.071067811865E-1));
#2733=AXIS2_PLACEMENT_3D('',#2730,#2731,#2732);
#2734=PLANE('',#2733);
#2735=ORIENTED_EDGE('',*,*,#2596,.F.);
#2736=ORIENTED_EDGE('',*,*,#2641,.F.);
#2738=ORIENTED_EDGE('',*,*,#2737,.T.);
#2739=ORIENTED_EDGE('',*,*,#2722,.T.);
#2740=EDGE_LOOP('',(#2735,#2736,#2738,#2739));
#2741=FACE_OUTER_BOUND('',#2740,.F.);
#2743=CARTESIAN_POINT('',(0.E0,-1.385E1,0.E0));
#2744=DIRECTION('',(0.E0,1.E0,0.E0));
#2745=DIRECTION('',(-1.E0,0.E0,0.E0));
#2746=AXIS2_PLACEMENT_3D('',#2743,#2744,#2745);
#2747=PLANE('',#2746);
#2748=ORIENTED_EDGE('',*,*,#2639,.F.);
#2749=ORIENTED_EDGE('',*,*,#2654,.F.);
#2750=ORIENTED_EDGE('',*,*,#2668,.F.);
#2751=ORIENTED_EDGE('',*,*,#2682,.F.);
#2752=ORIENTED_EDGE('',*,*,#2696,.F.);
#2753=ORIENTED_EDGE('',*,*,#2710,.F.);
#2754=ORIENTED_EDGE('',*,*,#2724,.F.);
#2755=ORIENTED_EDGE('',*,*,#2737,.F.);
#2756=EDGE_LOOP('',(#2748,#2749,#2750,#2751,#2752,#2753,#2754,#2755));
#2757=FACE_OUTER_BOUND('',#2756,.F.);
#2759=CARTESIAN_POINT('',(0.E0,-1.385E1,0.E0));
#2760=DIRECTION('',(0.E0,1.E0,0.E0));
#2761=DIRECTION('',(-1.E0,0.E0,0.E0));
#2762=AXIS2_PLACEMENT_3D('',#2759,#2760,#2761);
#2763=PLANE('',#2762);
#2765=ORIENTED_EDGE('',*,*,#2764,.F.);
#2767=ORIENTED_EDGE('',*,*,#2766,.F.);
#2769=ORIENTED_EDGE('',*,*,#2768,.F.);
#2771=ORIENTED_EDGE('',*,*,#2770,.F.);
#2773=ORIENTED_EDGE('',*,*,#2772,.F.);
#2775=ORIENTED_EDGE('',*,*,#2774,.F.);
#2777=ORIENTED_EDGE('',*,*,#2776,.F.);
#2778=ORIENTED_EDGE('',*,*,#2555,.F.);
#2779=EDGE_LOOP('',(#2765,#2767,#2769,#2771,#2773,#2775,#2777,#2778));
#2780=FACE_OUTER_BOUND('',#2779,.F.);
#2782=CARTESIAN_POINT('',(0.E0,-1.385E1,0.E0));
#2783=DIRECTION('',(0.E0,1.E0,0.E0));
#2784=DIRECTION('',(-1.E0,0.E0,0.E0));
#2785=AXIS2_PLACEMENT_3D('',#2782,#2783,#2784);
#2786=PLANE('',#2785);
#2788=ORIENTED_EDGE('',*,*,#2787,.F.);
#2790=ORIENTED_EDGE('',*,*,#2789,.F.);
#2792=ORIENTED_EDGE('',*,*,#2791,.F.);
#2794=ORIENTED_EDGE('',*,*,#2793,.F.);
#2796=ORIENTED_EDGE('',*,*,#2795,.F.);
#2798=ORIENTED_EDGE('',*,*,#2797,.F.);
#2800=ORIENTED_EDGE('',*,*,#2799,.F.);
#2802=ORIENTED_EDGE('',*,*,#2801,.F.);
#2803=EDGE_LOOP('',(#2788,#2790,#2792,#2794,#2796,#2798,#2800,#2802));
#2804=FACE_OUTER_BOUND('',#2803,.F.);
#2806=CARTESIAN_POINT('',(0.E0,-1.385E1,0.E0));
#2807=DIRECTION('',(0.E0,1.E0,0.E0));
#2808=DIRECTION('',(-1.E0,0.E0,0.E0));
#2809=AXIS2_PLACEMENT_3D('',#2806,#2807,#2808);
#2810=PLANE('',#2809);
#2812=ORIENTED_EDGE('',*,*,#2811,.F.);
#2814=ORIENTED_EDGE('',*,*,#2813,.F.);
#2816=ORIENTED_EDGE('',*,*,#2815,.F.);
#2818=ORIENTED_EDGE('',*,*,#2817,.F.);
#2820=ORIENTED_EDGE('',*,*,#2819,.F.);
#2822=ORIENTED_EDGE('',*,*,#2821,.F.);
#2824=ORIENTED_EDGE('',*,*,#2823,.F.);
#2826=ORIENTED_EDGE('',*,*,#2825,.F.);
#2827=EDGE_LOOP('',(#2812,#2814,#2816,#2818,#2820,#2822,#2824,#2826));
#2828=FACE_OUTER_BOUND('',#2827,.F.);
#2830=CARTESIAN_POINT('',(0.E0,-1.385E1,0.E0));
#2831=DIRECTION('',(0.E0,1.E0,0.E0));
#2832=DIRECTION('',(-1.E0,0.E0,0.E0));
#2833=AXIS2_PLACEMENT_3D('',#2830,#2831,#2832);
#2834=PLANE('',#2833);
#2836=ORIENTED_EDGE('',*,*,#2835,.F.);
#2838=ORIENTED_EDGE('',*,*,#2837,.F.);
#2840=ORIENTED_EDGE('',*,*,#2839,.F.);
#2842=ORIENTED_EDGE('',*,*,#2841,.F.);
#2844=ORIENTED_EDGE('',*,*,#2843,.F.);
#2846=ORIENTED_EDGE('',*,*,#2845,.F.);
#2848=ORIENTED_EDGE('',*,*,#2847,.F.);
#2850=ORIENTED_EDGE('',*,*,#2849,.F.);
#2851=EDGE_LOOP('',(#2836,#2838,#2840,#2842,#2844,#2846,#2848,#2850));
#2852=FACE_OUTER_BOUND('',#2851,.F.);
#2854=CARTESIAN_POINT('',(0.E0,-1.385E1,0.E0));
#2855=DIRECTION('',(0.E0,1.E0,0.E0));
#2856=DIRECTION('',(-1.E0,0.E0,0.E0));
#2857=AXIS2_PLACEMENT_3D('',#2854,#2855,#2856);
#2858=PLANE('',#2857);
#2860=ORIENTED_EDGE('',*,*,#2859,.F.);
#2862=ORIENTED_EDGE('',*,*,#2861,.F.);
#2864=ORIENTED_EDGE('',*,*,#2863,.F.);
#2866=ORIENTED_EDGE('',*,*,#2865,.F.);
#2868=ORIENTED_EDGE('',*,*,#2867,.F.);
#2870=ORIENTED_EDGE('',*,*,#2869,.F.);
#2872=ORIENTED_EDGE('',*,*,#2871,.F.);
#2874=ORIENTED_EDGE('',*,*,#2873,.F.);
#2875=EDGE_LOOP('',(#2860,#2862,#2864,#2866,#2868,#2870,#2872,#2874));
#2876=FACE_OUTER_BOUND('',#2875,.F.);
#2878=CARTESIAN_POINT('',(-8.5E-1,-1.345E1,2.56E0));
#2879=DIRECTION('',(0.E0,1.E0,0.E0));
#2880=DIRECTION('',(-1.E0,0.E0,0.E0));
#2881=AXIS2_PLACEMENT_3D('',#2878,#2879,#2880);
#2882=CYLINDRICAL_SURFACE('',#2881,2.5E-1);
#2883=ORIENTED_EDGE('',*,*,#2568,.F.);
#2885=ORIENTED_EDGE('',*,*,#2884,.F.);
#2886=ORIENTED_EDGE('',*,*,#2764,.T.);
#2887=ORIENTED_EDGE('',*,*,#2553,.T.);
#2888=EDGE_LOOP('',(#2883,#2885,#2886,#2887));
#2889=FACE_OUTER_BOUND('',#2888,.F.);
#2891=CARTESIAN_POINT('',(-1.1E0,-1.345E1,8.6E-1));
#2892=DIRECTION('',(-1.E0,0.E0,0.E0));
#2893=DIRECTION('',(0.E0,0.E0,1.E0));
#2894=AXIS2_PLACEMENT_3D('',#2891,#2892,#2893);
#2895=PLANE('',#2894);
#2896=ORIENTED_EDGE('',*,*,#2590,.F.);
#2898=ORIENTED_EDGE('',*,*,#2897,.F.);
#2899=ORIENTED_EDGE('',*,*,#2766,.T.);
#2900=ORIENTED_EDGE('',*,*,#2884,.T.);
#2901=EDGE_LOOP('',(#2896,#2898,#2899,#2900));
#2902=FACE_OUTER_BOUND('',#2901,.F.);
#2904=CARTESIAN_POINT('',(-8.5E-1,-1.345E1,8.6E-1));
#2905=DIRECTION('',(0.E0,1.E0,0.E0));
#2906=DIRECTION('',(-1.E0,0.E0,0.E0));
#2907=AXIS2_PLACEMENT_3D('',#2904,#2905,#2906);
#2908=CYLINDRICAL_SURFACE('',#2907,2.5E-1);
#2909=ORIENTED_EDGE('',*,*,#2588,.F.);
#2911=ORIENTED_EDGE('',*,*,#2910,.F.);
#2912=ORIENTED_EDGE('',*,*,#2768,.T.);
#2913=ORIENTED_EDGE('',*,*,#2897,.T.);
#2914=EDGE_LOOP('',(#2909,#2911,#2912,#2913));
#2915=FACE_OUTER_BOUND('',#2914,.F.);
#2917=CARTESIAN_POINT('',(8.5E-1,-1.345E1,6.1E-1));
#2918=DIRECTION('',(0.E0,0.E0,-1.E0));
#2919=DIRECTION('',(-1.E0,0.E0,0.E0));
#2920=AXIS2_PLACEMENT_3D('',#2917,#2918,#2919);
#2921=PLANE('',#2920);
#2922=ORIENTED_EDGE('',*,*,#2586,.F.);
#2923=ORIENTED_EDGE('',*,*,#2486,.F.);
#2925=ORIENTED_EDGE('',*,*,#2924,.F.);
#2926=ORIENTED_EDGE('',*,*,#2770,.T.);
#2927=ORIENTED_EDGE('',*,*,#2910,.T.);
#2928=EDGE_LOOP('',(#2922,#2923,#2925,#2926,#2927));
#2929=FACE_OUTER_BOUND('',#2928,.F.);
#2931=CARTESIAN_POINT('',(8.5E-1,-1.345E1,8.6E-1));
#2932=DIRECTION('',(0.E0,1.E0,0.E0));
#2933=DIRECTION('',(-1.E0,0.E0,0.E0));
#2934=AXIS2_PLACEMENT_3D('',#2931,#2932,#2933);
#2935=CYLINDRICAL_SURFACE('',#2934,2.5E-1);
#2936=ORIENTED_EDGE('',*,*,#2484,.F.);
#2938=ORIENTED_EDGE('',*,*,#2937,.F.);
#2939=ORIENTED_EDGE('',*,*,#2772,.T.);
#2940=ORIENTED_EDGE('',*,*,#2924,.T.);
#2941=EDGE_LOOP('',(#2936,#2938,#2939,#2940));
#2942=FACE_OUTER_BOUND('',#2941,.F.);
#2944=CARTESIAN_POINT('',(1.1E0,-1.345E1,2.56E0));
#2945=DIRECTION('',(1.E0,0.E0,0.E0));
#2946=DIRECTION('',(0.E0,0.E0,-1.E0));
#2947=AXIS2_PLACEMENT_3D('',#2944,#2945,#2946);
#2948=PLANE('',#2947);
#2949=ORIENTED_EDGE('',*,*,#2482,.F.);
#2951=ORIENTED_EDGE('',*,*,#2950,.F.);
#2952=ORIENTED_EDGE('',*,*,#2774,.T.);
#2953=ORIENTED_EDGE('',*,*,#2937,.T.);
#2954=EDGE_LOOP('',(#2949,#2951,#2952,#2953));
#2955=FACE_OUTER_BOUND('',#2954,.F.);
#2957=CARTESIAN_POINT('',(8.5E-1,-1.345E1,2.56E0));
#2958=DIRECTION('',(0.E0,1.E0,0.E0));
#2959=DIRECTION('',(-1.E0,0.E0,0.E0));
#2960=AXIS2_PLACEMENT_3D('',#2957,#2958,#2959);
#2961=CYLINDRICAL_SURFACE('',#2960,2.5E-1);
#2962=ORIENTED_EDGE('',*,*,#2480,.F.);
#2963=ORIENTED_EDGE('',*,*,#2557,.F.);
#2964=ORIENTED_EDGE('',*,*,#2776,.T.);
#2965=ORIENTED_EDGE('',*,*,#2950,.T.);
#2966=EDGE_LOOP('',(#2962,#2963,#2964,#2965));
#2967=FACE_OUTER_BOUND('',#2966,.F.);
#2969=CARTESIAN_POINT('',(1.064644660941E0,-1.345E1,5.037386360738E0));
#2970=DIRECTION('',(-7.071067811865E-1,0.E0,7.071067811865E-1));
#2971=DIRECTION('',(7.071067811865E-1,0.E0,7.071067811865E-1));
#2972=AXIS2_PLACEMENT_3D('',#2969,#2970,#2971);
#2973=PLANE('',#2972);
#2974=ORIENTED_EDGE('',*,*,#2509,.F.);
#2976=ORIENTED_EDGE('',*,*,#2975,.F.);
#2977=ORIENTED_EDGE('',*,*,#2787,.T.);
#2979=ORIENTED_EDGE('',*,*,#2978,.T.);
#2980=EDGE_LOOP('',(#2974,#2976,#2977,#2979));
#2981=FACE_OUTER_BOUND('',#2980,.F.);
#2983=CARTESIAN_POINT('',(1.241421356237E0,-1.345E1,4.860609665441E0));
#2984=DIRECTION('',(0.E0,1.E0,0.E0));
#2985=DIRECTION('',(-1.E0,0.E0,0.E0));
#2986=AXIS2_PLACEMENT_3D('',#2983,#2984,#2985);
#2987=CYLINDRICAL_SURFACE('',#2986,2.5E-1);
#2988=ORIENTED_EDGE('',*,*,#2523,.F.);
#2990=ORIENTED_EDGE('',*,*,#2989,.F.);
#2991=ORIENTED_EDGE('',*,*,#2789,.T.);
#2992=ORIENTED_EDGE('',*,*,#2975,.T.);
#2993=EDGE_LOOP('',(#2988,#2990,#2991,#2992));
#2994=FACE_OUTER_BOUND('',#2993,.F.);
#2996=CARTESIAN_POINT('',(3.963782463806E0,-1.345E1,1.784695167280E0));
#2997=DIRECTION('',(-7.071067811865E-1,0.E0,-7.071067811865E-1));
#2998=DIRECTION('',(-7.071067811865E-1,0.E0,7.071067811865E-1));
#2999=AXIS2_PLACEMENT_3D('',#2996,#2997,#2998);
#3000=PLANE('',#2999);
#3001=ORIENTED_EDGE('',*,*,#2521,.F.);
#3003=ORIENTED_EDGE('',*,*,#3002,.F.);
#3004=ORIENTED_EDGE('',*,*,#2791,.T.);
#3005=ORIENTED_EDGE('',*,*,#2989,.T.);
#3006=EDGE_LOOP('',(#3001,#3003,#3004,#3005));
#3007=FACE_OUTER_BOUND('',#3006,.F.);
#3009=CARTESIAN_POINT('',(4.140559159102E0,-1.345E1,1.961471862576E0));
#3010=DIRECTION('',(0.E0,1.E0,0.E0));
#3011=DIRECTION('',(-1.E0,0.E0,0.E0));
#3012=AXIS2_PLACEMENT_3D('',#3009,#3010,#3011);
#3013=CYLINDRICAL_SURFACE('',#3012,2.5E-1);
#3014=ORIENTED_EDGE('',*,*,#2519,.F.);
#3016=ORIENTED_EDGE('',*,*,#3015,.F.);
#3017=ORIENTED_EDGE('',*,*,#2793,.T.);
#3018=ORIENTED_EDGE('',*,*,#3002,.T.);
#3019=EDGE_LOOP('',(#3014,#3016,#3017,#3018));
#3020=FACE_OUTER_BOUND('',#3019,.F.);
#3022=CARTESIAN_POINT('',(5.590128060535E0,-1.345E1,3.057487373415E0));
#3023=DIRECTION('',(7.071067811865E-1,0.E0,-7.071067811865E-1));
#3024=DIRECTION('',(-7.071067811865E-1,0.E0,-7.071067811865E-1));
#3025=AXIS2_PLACEMENT_3D('',#3022,#3023,#3024);
#3026=PLANE('',#3025);
#3027=ORIENTED_EDGE('',*,*,#2517,.F.);
#3029=ORIENTED_EDGE('',*,*,#3028,.F.);
#3030=ORIENTED_EDGE('',*,*,#2795,.T.);
#3031=ORIENTED_EDGE('',*,*,#3015,.T.);
#3032=EDGE_LOOP('',(#3027,#3029,#3030,#3031));
#3033=FACE_OUTER_BOUND('',#3032,.F.);
#3035=CARTESIAN_POINT('',(5.413351365238E0,-1.345E1,3.234264068712E0));
#3036=DIRECTION('',(0.E0,1.E0,0.E0));
#3037=DIRECTION('',(-1.E0,0.E0,0.E0));
#3038=AXIS2_PLACEMENT_3D('',#3035,#3036,#3037);
#3039=CYLINDRICAL_SURFACE('',#3038,2.5E-1);
#3040=ORIENTED_EDGE('',*,*,#2515,.F.);
#3042=ORIENTED_EDGE('',*,*,#3041,.F.);
#3043=ORIENTED_EDGE('',*,*,#2797,.T.);
#3044=ORIENTED_EDGE('',*,*,#3028,.T.);
#3045=EDGE_LOOP('',(#3040,#3042,#3043,#3044));
#3046=FACE_OUTER_BOUND('',#3045,.F.);
#3048=CARTESIAN_POINT('',(2.690990257670E0,-1.345E1,6.310178566873E0));
#3049=DIRECTION('',(7.071067811865E-1,0.E0,7.071067811865E-1));
#3050=DIRECTION('',(7.071067811865E-1,0.E0,-7.071067811865E-1));
#3051=AXIS2_PLACEMENT_3D('',#3048,#3049,#3050);
#3052=PLANE('',#3051);
#3053=ORIENTED_EDGE('',*,*,#2513,.F.);
#3055=ORIENTED_EDGE('',*,*,#3054,.F.);
#3056=ORIENTED_EDGE('',*,*,#2799,.T.);
#3057=ORIENTED_EDGE('',*,*,#3041,.T.);
#3058=EDGE_LOOP('',(#3053,#3055,#3056,#3057));
#3059=FACE_OUTER_BOUND('',#3058,.F.);
#3061=CARTESIAN_POINT('',(2.514213562373E0,-1.345E1,6.133401871577E0));
#3062=DIRECTION('',(0.E0,1.E0,0.E0));
#3063=DIRECTION('',(-1.E0,0.E0,0.E0));
#3064=AXIS2_PLACEMENT_3D('',#3061,#3062,#3063);
#3065=CYLINDRICAL_SURFACE('',#3064,2.5E-1);
#3066=ORIENTED_EDGE('',*,*,#2511,.F.);
#3067=ORIENTED_EDGE('',*,*,#2978,.F.);
#3068=ORIENTED_EDGE('',*,*,#2801,.T.);
#3069=ORIENTED_EDGE('',*,*,#3054,.T.);
#3070=EDGE_LOOP('',(#3066,#3067,#3068,#3069));
#3071=FACE_OUTER_BOUND('',#3070,.F.);
#3073=CARTESIAN_POINT('',(1.241421356237E0,-1.345E1,-4.860609665441E0));
#3074=DIRECTION('',(0.E0,1.E0,0.E0));
#3075=DIRECTION('',(-1.E0,0.E0,0.E0));
#3076=AXIS2_PLACEMENT_3D('',#3073,#3074,#3075);
#3077=CYLINDRICAL_SURFACE('',#3076,2.5E-1);
#3078=ORIENTED_EDGE('',*,*,#2527,.F.);
#3080=ORIENTED_EDGE('',*,*,#3079,.F.);
#3081=ORIENTED_EDGE('',*,*,#2811,.T.);
#3083=ORIENTED_EDGE('',*,*,#3082,.T.);
#3084=EDGE_LOOP('',(#3078,#3080,#3081,#3083));
#3085=FACE_OUTER_BOUND('',#3084,.F.);
#3087=CARTESIAN_POINT('',(2.337436867076E0,-1.345E1,-6.310178566873E0));
#3088=DIRECTION('',(-7.071067811865E-1,0.E0,-7.071067811865E-1));
#3089=DIRECTION('',(-7.071067811865E-1,0.E0,7.071067811865E-1));
#3090=AXIS2_PLACEMENT_3D('',#3087,#3088,#3089);
#3091=PLANE('',#3090);
#3092=ORIENTED_EDGE('',*,*,#2541,.F.);
#3094=ORIENTED_EDGE('',*,*,#3093,.F.);
#3095=ORIENTED_EDGE('',*,*,#2813,.T.);
#3096=ORIENTED_EDGE('',*,*,#3079,.T.);
#3097=EDGE_LOOP('',(#3092,#3094,#3095,#3096));
#3098=FACE_OUTER_BOUND('',#3097,.F.);
#3100=CARTESIAN_POINT('',(2.514213562373E0,-1.345E1,-6.133401871577E0));
#3101=DIRECTION('',(0.E0,1.E0,0.E0));
#3102=DIRECTION('',(-1.E0,0.E0,0.E0));
#3103=AXIS2_PLACEMENT_3D('',#3100,#3101,#3102);
#3104=CYLINDRICAL_SURFACE('',#3103,2.5E-1);
#3105=ORIENTED_EDGE('',*,*,#2539,.F.);
#3107=ORIENTED_EDGE('',*,*,#3106,.F.);
#3108=ORIENTED_EDGE('',*,*,#2815,.T.);
#3109=ORIENTED_EDGE('',*,*,#3093,.T.);
#3110=EDGE_LOOP('',(#3105,#3107,#3108,#3109));
#3111=FACE_OUTER_BOUND('',#3110,.F.);
#3113=CARTESIAN_POINT('',(5.590128060535E0,-1.345E1,-3.411040764009E0));
#3114=DIRECTION('',(7.071067811865E-1,0.E0,-7.071067811865E-1));
#3115=DIRECTION('',(-7.071067811865E-1,0.E0,-7.071067811865E-1));
#3116=AXIS2_PLACEMENT_3D('',#3113,#3114,#3115);
#3117=PLANE('',#3116);
#3118=ORIENTED_EDGE('',*,*,#2537,.F.);
#3120=ORIENTED_EDGE('',*,*,#3119,.F.);
#3121=ORIENTED_EDGE('',*,*,#2817,.T.);
#3122=ORIENTED_EDGE('',*,*,#3106,.T.);
#3123=EDGE_LOOP('',(#3118,#3120,#3121,#3122));
#3124=FACE_OUTER_BOUND('',#3123,.F.);
#3126=CARTESIAN_POINT('',(5.413351365238E0,-1.345E1,-3.234264068712E0));
#3127=DIRECTION('',(0.E0,1.E0,0.E0));
#3128=DIRECTION('',(-1.E0,0.E0,0.E0));
#3129=AXIS2_PLACEMENT_3D('',#3126,#3127,#3128);
#3130=CYLINDRICAL_SURFACE('',#3129,2.5E-1);
#3131=ORIENTED_EDGE('',*,*,#2535,.F.);
#3133=ORIENTED_EDGE('',*,*,#3132,.F.);
#3134=ORIENTED_EDGE('',*,*,#2819,.T.);
#3135=ORIENTED_EDGE('',*,*,#3119,.T.);
#3136=EDGE_LOOP('',(#3131,#3133,#3134,#3135));
#3137=FACE_OUTER_BOUND('',#3136,.F.);
#3139=CARTESIAN_POINT('',(4.317335854399E0,-1.345E1,-1.784695167280E0));
#3140=DIRECTION('',(7.071067811865E-1,0.E0,7.071067811865E-1));
#3141=DIRECTION('',(7.071067811865E-1,0.E0,-7.071067811865E-1));
#3142=AXIS2_PLACEMENT_3D('',#3139,#3140,#3141);
#3143=PLANE('',#3142);
#3144=ORIENTED_EDGE('',*,*,#2533,.F.);
#3146=ORIENTED_EDGE('',*,*,#3145,.F.);
#3147=ORIENTED_EDGE('',*,*,#2821,.T.);
#3148=ORIENTED_EDGE('',*,*,#3132,.T.);
#3149=EDGE_LOOP('',(#3144,#3146,#3147,#3148));
#3150=FACE_OUTER_BOUND('',#3149,.F.);
#3152=CARTESIAN_POINT('',(4.140559159102E0,-1.345E1,-1.961471862576E0));
#3153=DIRECTION('',(0.E0,1.E0,0.E0));
#3154=DIRECTION('',(-1.E0,0.E0,0.E0));
#3155=AXIS2_PLACEMENT_3D('',#3152,#3153,#3154);
#3156=CYLINDRICAL_SURFACE('',#3155,2.5E-1);
#3157=ORIENTED_EDGE('',*,*,#2531,.F.);
#3159=ORIENTED_EDGE('',*,*,#3158,.F.);
#3160=ORIENTED_EDGE('',*,*,#2823,.T.);
#3161=ORIENTED_EDGE('',*,*,#3145,.T.);
#3162=EDGE_LOOP('',(#3157,#3159,#3160,#3161));
#3163=FACE_OUTER_BOUND('',#3162,.F.);
#3165=CARTESIAN_POINT('',(1.064644660941E0,-1.345E1,-4.683832970144E0));
#3166=DIRECTION('',(-7.071067811865E-1,0.E0,7.071067811865E-1));
#3167=DIRECTION('',(7.071067811865E-1,0.E0,7.071067811865E-1));
#3168=AXIS2_PLACEMENT_3D('',#3165,#3166,#3167);
#3169=PLANE('',#3168);
#3170=ORIENTED_EDGE('',*,*,#2529,.F.);
#3171=ORIENTED_EDGE('',*,*,#3082,.F.);
#3172=ORIENTED_EDGE('',*,*,#2825,.T.);
#3173=ORIENTED_EDGE('',*,*,#3158,.T.);
#3174=EDGE_LOOP('',(#3170,#3171,#3172,#3173));
#3175=FACE_OUTER_BOUND('',#3174,.F.);
#3177=CARTESIAN_POINT('',(-1.1E0,-1.345E1,-2.56E0));
#3178=DIRECTION('',(-1.E0,0.E0,0.E0));
#3179=DIRECTION('',(0.E0,0.E0,1.E0));
#3180=AXIS2_PLACEMENT_3D('',#3177,#3178,#3179);
#3181=PLANE('',#3180);
#3182=ORIENTED_EDGE('',*,*,#2578,.F.);
#3184=ORIENTED_EDGE('',*,*,#3183,.F.);
#3185=ORIENTED_EDGE('',*,*,#2835,.T.);
#3187=ORIENTED_EDGE('',*,*,#3186,.T.);
#3188=EDGE_LOOP('',(#3182,#3184,#3185,#3187));
#3189=FACE_OUTER_BOUND('',#3188,.F.);
#3191=CARTESIAN_POINT('',(-8.5E-1,-1.345E1,-2.56E0));
#3192=DIRECTION('',(0.E0,1.E0,0.E0));
#3193=DIRECTION('',(-1.E0,0.E0,0.E0));
#3194=AXIS2_PLACEMENT_3D('',#3191,#3192,#3193);
#3195=CYLINDRICAL_SURFACE('',#3194,2.5E-1);
#3196=ORIENTED_EDGE('',*,*,#2576,.F.);
#3198=ORIENTED_EDGE('',*,*,#3197,.F.);
#3199=ORIENTED_EDGE('',*,*,#2837,.T.);
#3200=ORIENTED_EDGE('',*,*,#3183,.T.);
#3201=EDGE_LOOP('',(#3196,#3198,#3199,#3200));
#3202=FACE_OUTER_BOUND('',#3201,.F.);
#3204=CARTESIAN_POINT('',(8.5E-1,-1.345E1,-2.81E0));
#3205=DIRECTION('',(0.E0,0.E0,-1.E0));
#3206=DIRECTION('',(-1.E0,0.E0,0.E0));
#3207=AXIS2_PLACEMENT_3D('',#3204,#3205,#3206);
#3208=PLANE('',#3207);
#3209=ORIENTED_EDGE('',*,*,#2574,.F.);
#3210=ORIENTED_EDGE('',*,*,#2500,.F.);
#3212=ORIENTED_EDGE('',*,*,#3211,.F.);
#3213=ORIENTED_EDGE('',*,*,#2839,.T.);
#3214=ORIENTED_EDGE('',*,*,#3197,.T.);
#3215=EDGE_LOOP('',(#3209,#3210,#3212,#3213,#3214));
#3216=FACE_OUTER_BOUND('',#3215,.F.);
#3218=CARTESIAN_POINT('',(8.5E-1,-1.345E1,-2.56E0));
#3219=DIRECTION('',(0.E0,1.E0,0.E0));
#3220=DIRECTION('',(-1.E0,0.E0,0.E0));
#3221=AXIS2_PLACEMENT_3D('',#3218,#3219,#3220);
#3222=CYLINDRICAL_SURFACE('',#3221,2.5E-1);
#3223=ORIENTED_EDGE('',*,*,#2498,.F.);
#3225=ORIENTED_EDGE('',*,*,#3224,.F.);
#3226=ORIENTED_EDGE('',*,*,#2841,.T.);
#3227=ORIENTED_EDGE('',*,*,#3211,.T.);
#3228=EDGE_LOOP('',(#3223,#3225,#3226,#3227));
#3229=FACE_OUTER_BOUND('',#3228,.F.);
#3231=CARTESIAN_POINT('',(1.1E0,-1.345E1,-8.6E-1));
#3232=DIRECTION('',(1.E0,0.E0,0.E0));
#3233=DIRECTION('',(0.E0,0.E0,-1.E0));
#3234=AXIS2_PLACEMENT_3D('',#3231,#3232,#3233);
#3235=PLANE('',#3234);
#3236=ORIENTED_EDGE('',*,*,#2496,.F.);
#3238=ORIENTED_EDGE('',*,*,#3237,.F.);
#3239=ORIENTED_EDGE('',*,*,#2843,.T.);
#3240=ORIENTED_EDGE('',*,*,#3224,.T.);
#3241=EDGE_LOOP('',(#3236,#3238,#3239,#3240));
#3242=FACE_OUTER_BOUND('',#3241,.F.);
#3244=CARTESIAN_POINT('',(8.5E-1,-1.345E1,-8.6E-1));
#3245=DIRECTION('',(0.E0,1.E0,0.E0));
#3246=DIRECTION('',(-1.E0,0.E0,0.E0));
#3247=AXIS2_PLACEMENT_3D('',#3244,#3245,#3246);
#3248=CYLINDRICAL_SURFACE('',#3247,2.5E-1);
#3249=ORIENTED_EDGE('',*,*,#2494,.F.);
#3251=ORIENTED_EDGE('',*,*,#3250,.F.);
#3252=ORIENTED_EDGE('',*,*,#2845,.T.);
#3253=ORIENTED_EDGE('',*,*,#3237,.T.);
#3254=EDGE_LOOP('',(#3249,#3251,#3252,#3253));
#3255=FACE_OUTER_BOUND('',#3254,.F.);
#3257=CARTESIAN_POINT('',(-8.5E-1,-1.345E1,-6.1E-1));
#3258=DIRECTION('',(0.E0,0.E0,1.E0));
#3259=DIRECTION('',(1.E0,0.E0,0.E0));
#3260=AXIS2_PLACEMENT_3D('',#3257,#3258,#3259);
#3261=PLANE('',#3260);
#3262=ORIENTED_EDGE('',*,*,#2582,.F.);
#3264=ORIENTED_EDGE('',*,*,#3263,.F.);
#3265=ORIENTED_EDGE('',*,*,#2847,.T.);
#3266=ORIENTED_EDGE('',*,*,#3250,.T.);
#3267=ORIENTED_EDGE('',*,*,#2492,.F.);
#3268=EDGE_LOOP('',(#3262,#3264,#3265,#3266,#3267));
#3269=FACE_OUTER_BOUND('',#3268,.F.);
#3271=CARTESIAN_POINT('',(-8.5E-1,-1.345E1,-8.6E-1));
#3272=DIRECTION('',(0.E0,1.E0,0.E0));
#3273=DIRECTION('',(-1.E0,0.E0,0.E0));
#3274=AXIS2_PLACEMENT_3D('',#3271,#3272,#3273);
#3275=CYLINDRICAL_SURFACE('',#3274,2.5E-1);
#3276=ORIENTED_EDGE('',*,*,#2580,.F.);
#3277=ORIENTED_EDGE('',*,*,#3186,.F.);
#3278=ORIENTED_EDGE('',*,*,#2849,.T.);
#3279=ORIENTED_EDGE('',*,*,#3263,.T.);
#3280=EDGE_LOOP('',(#3276,#3277,#3278,#3279));
#3281=FACE_OUTER_BOUND('',#3280,.F.);
#3283=CARTESIAN_POINT('',(-1.064644660941E0,-1.345E1,-5.037386360738E0));
#3284=DIRECTION('',(7.071067811865E-1,0.E0,-7.071067811865E-1));
#3285=DIRECTION('',(-7.071067811865E-1,0.E0,-7.071067811865E-1));
#3286=AXIS2_PLACEMENT_3D('',#3283,#3284,#3285);
#3287=PLANE('',#3286);
#3288=ORIENTED_EDGE('',*,*,#2612,.F.);
#3290=ORIENTED_EDGE('',*,*,#3289,.F.);
#3291=ORIENTED_EDGE('',*,*,#2859,.T.);
#3293=ORIENTED_EDGE('',*,*,#3292,.T.);
#3294=EDGE_LOOP('',(#3288,#3290,#3291,#3293));
#3295=FACE_OUTER_BOUND('',#3294,.F.);
#3297=CARTESIAN_POINT('',(-1.241421356237E0,-1.345E1,-4.860609665441E0));
#3298=DIRECTION('',(0.E0,1.E0,0.E0));
#3299=DIRECTION('',(-1.E0,0.E0,0.E0));
#3300=AXIS2_PLACEMENT_3D('',#3297,#3298,#3299);
#3301=CYLINDRICAL_SURFACE('',#3300,2.5E-1);
#3302=ORIENTED_EDGE('',*,*,#2626,.F.);
#3304=ORIENTED_EDGE('',*,*,#3303,.F.);
#3305=ORIENTED_EDGE('',*,*,#2861,.T.);
#3306=ORIENTED_EDGE('',*,*,#3289,.T.);
#3307=EDGE_LOOP('',(#3302,#3304,#3305,#3306));
#3308=FACE_OUTER_BOUND('',#3307,.F.);
#3310=CARTESIAN_POINT('',(-3.963782463806E0,-1.345E1,-1.784695167280E0));
#3311=DIRECTION('',(7.071067811865E-1,0.E0,7.071067811865E-1));
#3312=DIRECTION('',(7.071067811865E-1,0.E0,-7.071067811865E-1));
#3313=AXIS2_PLACEMENT_3D('',#3310,#3311,#3312);
#3314=PLANE('',#3313);
#3315=ORIENTED_EDGE('',*,*,#2624,.F.);
#3317=ORIENTED_EDGE('',*,*,#3316,.F.);
#3318=ORIENTED_EDGE('',*,*,#2863,.T.);
#3319=ORIENTED_EDGE('',*,*,#3303,.T.);
#3320=EDGE_LOOP('',(#3315,#3317,#3318,#3319));
#3321=FACE_OUTER_BOUND('',#3320,.F.);
#3323=CARTESIAN_POINT('',(-4.140559159102E0,-1.345E1,-1.961471862576E0));
#3324=DIRECTION('',(0.E0,1.E0,0.E0));
#3325=DIRECTION('',(-1.E0,0.E0,0.E0));
#3326=AXIS2_PLACEMENT_3D('',#3323,#3324,#3325);
#3327=CYLINDRICAL_SURFACE('',#3326,2.5E-1);
#3328=ORIENTED_EDGE('',*,*,#2622,.F.);
#3330=ORIENTED_EDGE('',*,*,#3329,.F.);
#3331=ORIENTED_EDGE('',*,*,#2865,.T.);
#3332=ORIENTED_EDGE('',*,*,#3316,.T.);
#3333=EDGE_LOOP('',(#3328,#3330,#3331,#3332));
#3334=FACE_OUTER_BOUND('',#3333,.F.);
#3336=CARTESIAN_POINT('',(-5.590128060535E0,-1.345E1,-3.057487373415E0));
#3337=DIRECTION('',(-7.071067811865E-1,0.E0,7.071067811865E-1));
#3338=DIRECTION('',(7.071067811865E-1,0.E0,7.071067811865E-1));
#3339=AXIS2_PLACEMENT_3D('',#3336,#3337,#3338);
#3340=PLANE('',#3339);
#3341=ORIENTED_EDGE('',*,*,#2620,.F.);
#3343=ORIENTED_EDGE('',*,*,#3342,.F.);
#3344=ORIENTED_EDGE('',*,*,#2867,.T.);
#3345=ORIENTED_EDGE('',*,*,#3329,.T.);
#3346=EDGE_LOOP('',(#3341,#3343,#3344,#3345));
#3347=FACE_OUTER_BOUND('',#3346,.F.);
#3349=CARTESIAN_POINT('',(-5.413351365238E0,-1.345E1,-3.234264068712E0));
#3350=DIRECTION('',(0.E0,1.E0,0.E0));
#3351=DIRECTION('',(-1.E0,0.E0,0.E0));
#3352=AXIS2_PLACEMENT_3D('',#3349,#3350,#3351);
#3353=CYLINDRICAL_SURFACE('',#3352,2.5E-1);
#3354=ORIENTED_EDGE('',*,*,#2618,.F.);
#3356=ORIENTED_EDGE('',*,*,#3355,.F.);
#3357=ORIENTED_EDGE('',*,*,#2869,.T.);
#3358=ORIENTED_EDGE('',*,*,#3342,.T.);
#3359=EDGE_LOOP('',(#3354,#3356,#3357,#3358));
#3360=FACE_OUTER_BOUND('',#3359,.F.);
#3362=CARTESIAN_POINT('',(-2.690990257670E0,-1.345E1,-6.310178566873E0));
#3363=DIRECTION('',(-7.071067811865E-1,0.E0,-7.071067811865E-1));
#3364=DIRECTION('',(-7.071067811865E-1,0.E0,7.071067811865E-1));
#3365=AXIS2_PLACEMENT_3D('',#3362,#3363,#3364);
#3366=PLANE('',#3365);
#3367=ORIENTED_EDGE('',*,*,#2616,.F.);
#3369=ORIENTED_EDGE('',*,*,#3368,.F.);
#3370=ORIENTED_EDGE('',*,*,#2871,.T.);
#3371=ORIENTED_EDGE('',*,*,#3355,.T.);
#3372=EDGE_LOOP('',(#3367,#3369,#3370,#3371));
#3373=FACE_OUTER_BOUND('',#3372,.F.);
#3375=CARTESIAN_POINT('',(-2.514213562373E0,-1.345E1,-6.133401871577E0));
#3376=DIRECTION('',(0.E0,1.E0,0.E0));
#3377=DIRECTION('',(-1.E0,0.E0,0.E0));
#3378=AXIS2_PLACEMENT_3D('',#3375,#3376,#3377);
#3379=CYLINDRICAL_SURFACE('',#3378,2.5E-1);
#3380=ORIENTED_EDGE('',*,*,#2614,.F.);
#3381=ORIENTED_EDGE('',*,*,#3292,.F.);
#3382=ORIENTED_EDGE('',*,*,#2873,.T.);
#3383=ORIENTED_EDGE('',*,*,#3368,.T.);
#3384=EDGE_LOOP('',(#3380,#3381,#3382,#3383));
#3385=FACE_OUTER_BOUND('',#3384,.F.);
#3387=CARTESIAN_POINT('',(-5.625E0,-1.265697990157E1,-9.742785792575E0));
#3388=DIRECTION('',(0.E0,1.E0,0.E0));
#3389=DIRECTION('',(1.E0,0.E0,0.E0));
#3390=AXIS2_PLACEMENT_3D('',#3387,#3388,#3389);
#3391=CONICAL_SURFACE('',#3390,6.392800256185E-1,2.E0);
#3392=ORIENTED_EDGE('',*,*,#2126,.F.);
#3393=ORIENTED_EDGE('',*,*,#2145,.T.);
#3394=ORIENTED_EDGE('',*,*,#2272,.T.);
#3395=ORIENTED_EDGE('',*,*,#2158,.F.);
#3396=EDGE_LOOP('',(#3392,#3393,#3394,#3395));
#3397=FACE_OUTER_BOUND('',#3396,.F.);
#3401=FILL_AREA_STYLE_COLOUR('',#15);
#3402=FILL_AREA_STYLE('',(#3401));
#3403=SURFACE_STYLE_FILL_AREA(#3402);
#3404=SURFACE_SIDE_STYLE('',(#3403));
#3405=SURFACE_STYLE_USAGE(.BOTH.,#3404);
#3406=PRESENTATION_STYLE_ASSIGNMENT((#3405));
#16=STYLED_ITEM('',(#3406),#3400);
#3409=PLANE_ANGLE_MEASURE_WITH_UNIT(PLANE_ANGLE_MEASURE(1.745329251994E-2),
#3408);
#3410=(CONVERSION_BASED_UNIT('DEGREE',#3409)NAMED_UNIT(*)PLANE_ANGLE_UNIT());
#3412=UNCERTAINTY_MEASURE_WITH_UNIT(LENGTH_MEASURE(1.E-2),#3407,
'distance_accuracy_value',
'Maximum model space distance between geometric entities at asserted connectivities');
#3414=CARTESIAN_POINT('',(0.E0,0.E0,0.E0));
#3415=DIRECTION('',(0.E0,0.E0,1.E0));
#3416=DIRECTION('',(1.E0,0.E0,0.E0));
#3419=APPLICATION_CONTEXT('automotive_design');
#3420=APPLICATION_PROTOCOL_DEFINITION('international standard',
'automotive_design',2001,#3419);
#3421=PRODUCT_DEFINITION_CONTEXT('part definition',#3419,'design');
#3422=PRODUCT_CONTEXT('',#3419,'mechanical');
#3423=PRODUCT('501-0019-DOME-2-SKIN','501-0019-DOME-2-SKIN','NOT SPECIFIED',(
#3422));
#3424=PRODUCT_DEFINITION_FORMATION('29','LAST_VERSION',#3423);
#3432=DERIVED_UNIT_ELEMENT(#3431,2.E0);
#3433=DERIVED_UNIT((#3432));
#3434=MEASURE_REPRESENTATION_ITEM('surface area measure',AREA_MEASURE(
1.070748092327E3),#3433);
#3439=DERIVED_UNIT_ELEMENT(#3438,3.E0);
#3440=DERIVED_UNIT((#3439));
#3441=MEASURE_REPRESENTATION_ITEM('volume measure',VOLUME_MEASURE(
4.323150161509E2),#3440);
#3445=CARTESIAN_POINT('centre point',(9.149147522442E-2,-1.399340820878E1,
7.053925908379E-7));
#3450=DERIVED_UNIT_ELEMENT(#3449,2.E0);
#3451=DERIVED_UNIT((#3450));
#3452=MEASURE_REPRESENTATION_ITEM('surface area measure',AREA_MEASURE(
1.070748092327E3),#3451);
#3457=DERIVED_UNIT_ELEMENT(#3456,3.E0);
#3458=DERIVED_UNIT((#3457));
#3459=MEASURE_REPRESENTATION_ITEM('volume measure',VOLUME_MEASURE(
4.323150161509E2),#3458);
#3463=CARTESIAN_POINT('centre point',(9.149147522442E-2,-1.399340820878E1,
7.053925908379E-7));
#3473=CARTESIAN_POINT('centre point',(9.149147522442E-2,-1.399340820878E1,
7.053925908379E-7));
#3477=CARTESIAN_POINT('',(0.E0,0.E0,0.E0));
#3478=DIRECTION('',(0.E0,0.E0,1.E0));
#3479=DIRECTION('',(1.E0,0.E0,0.E0));
#3480=AXIS2_PLACEMENT_3D('',#3477,#3478,#3479);
#3481=ITEM_DEFINED_TRANSFORMATION('','',#3417,#3480);
#3482=(REPRESENTATION_RELATIONSHIP('','',#3418,#3470)REPRESENTATION_RELATIONSHIP_WITH_TRANSFORMATION(#3481)SHAPE_REPRESENTATION_RELATIONSHIP());
#3483=CONTEXT_DEPENDENT_SHAPE_REPRESENTATION(#3482,#3472);
#3486=CARTESIAN_POINT('',(-6.5E0,-1.315E1,0.E0));
#3487=DIRECTION('',(0.E0,1.E0,0.E0));
#3488=DIRECTION('',(1.E0,0.E0,0.E0));
#3489=AXIS2_PLACEMENT_3D('',#3486,#3487,#3488);
#3491=CURVE_STYLE('',#22,POSITIVE_LENGTH_MEASURE(2.E-2),#3484);
#3492=PRESENTATION_STYLE_ASSIGNMENT((#3491));
#3493=STYLED_ITEM('',(#3492),#3490);
#3494=CARTESIAN_POINT('',(-6.5E0,-1.315E1,0.E0));
#3495=DIRECTION('',(0.E0,1.E0,0.E0));
#3496=DIRECTION('',(-1.E0,0.E0,0.E0));
#3497=AXIS2_PLACEMENT_3D('',#3494,#3495,#3496);
#3499=CURVE_STYLE('',#22,POSITIVE_LENGTH_MEASURE(2.E-2),#3484);
#3500=PRESENTATION_STYLE_ASSIGNMENT((#3499));
#3501=STYLED_ITEM('',(#3500),#3498);
#3502=CARTESIAN_POINT('',(7.5E0,-1.315E1,0.E0));
#3503=DIRECTION('',(0.E0,1.E0,0.E0));
#3504=DIRECTION('',(1.E0,0.E0,0.E0));
#3505=AXIS2_PLACEMENT_3D('',#3502,#3503,#3504);
#3507=CURVE_STYLE('',#22,POSITIVE_LENGTH_MEASURE(2.E-2),#3484);
#3508=PRESENTATION_STYLE_ASSIGNMENT((#3507));
#3509=STYLED_ITEM('',(#3508),#3506);
#3510=CARTESIAN_POINT('',(7.5E0,-1.315E1,0.E0));
#3511=DIRECTION('',(0.E0,1.E0,0.E0));
#3512=DIRECTION('',(-1.E0,0.E0,0.E0));
#3513=AXIS2_PLACEMENT_3D('',#3510,#3511,#3512);
#3515=CURVE_STYLE('',#22,POSITIVE_LENGTH_MEASURE(2.E-2),#3484);
#3516=PRESENTATION_STYLE_ASSIGNMENT((#3515));
#3517=STYLED_ITEM('',(#3516),#3514);
#3518=CARTESIAN_POINT('',(-1.241421356237E0,-1.315E1,4.860609665441E0));
#3519=DIRECTION('',(0.E0,1.E0,0.E0));
#3520=DIRECTION('',(7.071067811865E-1,0.E0,7.071067811865E-1));
#3521=AXIS2_PLACEMENT_3D('',#3518,#3519,#3520);
#3523=CURVE_STYLE('',#22,POSITIVE_LENGTH_MEASURE(2.E-2),#3484);
#3524=PRESENTATION_STYLE_ASSIGNMENT((#3523));
#3525=STYLED_ITEM('',(#3524),#3522);
#3526=DIRECTION('',(-7.071067811865E-1,0.E0,-7.071067811865E-1));
#3527=VECTOR('',#3526,4.1E0);
#3528=CARTESIAN_POINT('',(-8.092079475054E-1,-1.315E1,4.428396256709E0));
#3529=LINE('',#3528,#3527);
#3530=CURVE_STYLE('',#22,POSITIVE_LENGTH_MEASURE(2.E-2),#3484);
#3531=PRESENTATION_STYLE_ASSIGNMENT((#3530));
#3532=STYLED_ITEM('',(#3531),#3529);
#3533=CARTESIAN_POINT('',(-4.140559159102E0,-1.315E1,1.961471862576E0));
#3534=DIRECTION('',(0.E0,1.E0,0.E0));
#3535=DIRECTION('',(7.071067811865E-1,0.E0,-7.071067811865E-1));
#3536=AXIS2_PLACEMENT_3D('',#3533,#3534,#3535);
#3538=CURVE_STYLE('',#22,POSITIVE_LENGTH_MEASURE(2.E-2),#3484);
#3539=PRESENTATION_STYLE_ASSIGNMENT((#3538));
#3540=STYLED_ITEM('',(#3539),#3537);
#3541=DIRECTION('',(-7.071067811865E-1,0.E0,7.071067811865E-1));
#3542=VECTOR('',#3541,1.8E0);
#3543=CARTESIAN_POINT('',(-4.572772567834E0,-1.315E1,1.529258453844E0));
#3544=LINE('',#3543,#3542);
#3545=CURVE_STYLE('',#22,POSITIVE_LENGTH_MEASURE(2.E-2),#3484);
#3546=PRESENTATION_STYLE_ASSIGNMENT((#3545));
#3547=STYLED_ITEM('',(#3546),#3544);
#3548=CARTESIAN_POINT('',(-5.413351365238E0,-1.315E1,3.234264068712E0));
#3549=DIRECTION('',(0.E0,1.E0,0.E0));
#3550=DIRECTION('',(-7.071067811865E-1,0.E0,-7.071067811865E-1));
#3551=AXIS2_PLACEMENT_3D('',#3548,#3549,#3550);
#3553=CURVE_STYLE('',#22,POSITIVE_LENGTH_MEASURE(2.E-2),#3484);
#3554=PRESENTATION_STYLE_ASSIGNMENT((#3553));
#3555=STYLED_ITEM('',(#3554),#3552);
#3556=DIRECTION('',(7.071067811865E-1,0.E0,7.071067811865E-1));
#3557=VECTOR('',#3556,4.1E0);
#3558=CARTESIAN_POINT('',(-5.845564773970E0,-1.315E1,3.666477477444E0));
#3559=LINE('',#3558,#3557);
#3560=CURVE_STYLE('',#22,POSITIVE_LENGTH_MEASURE(2.E-2),#3484);
#3561=PRESENTATION_STYLE_ASSIGNMENT((#3560));
#3562=STYLED_ITEM('',(#3561),#3559);
#3563=CARTESIAN_POINT('',(-2.514213562373E0,-1.315E1,6.133401871577E0));
#3564=DIRECTION('',(0.E0,1.E0,0.E0));
#3565=DIRECTION('',(-7.071067811865E-1,0.E0,7.071067811865E-1));
#3566=AXIS2_PLACEMENT_3D('',#3563,#3564,#3565);
#3568=CURVE_STYLE('',#22,POSITIVE_LENGTH_MEASURE(2.E-2),#3484);
#3569=PRESENTATION_STYLE_ASSIGNMENT((#3568));
#3570=STYLED_ITEM('',(#3569),#3567);
#3571=DIRECTION('',(7.071067811865E-1,0.E0,-7.071067811865E-1));
#3572=VECTOR('',#3571,1.8E0);
#3573=CARTESIAN_POINT('',(-2.082000153641E0,-1.315E1,6.565615280309E0));
#3574=LINE('',#3573,#3572);
#3575=CURVE_STYLE('',#22,POSITIVE_LENGTH_MEASURE(2.E-2),#3484);
#3576=PRESENTATION_STYLE_ASSIGNMENT((#3575));
#3577=STYLED_ITEM('',(#3576),#3574);
#3578=CARTESIAN_POINT('',(-8.5E-1,-1.315E1,2.56E0));
#3579=DIRECTION('',(0.E0,1.E0,0.E0));
#3580=DIRECTION('',(-1.E0,0.E0,0.E0));
#3581=AXIS2_PLACEMENT_3D('',#3578,#3579,#3580);
#3583=CURVE_STYLE('',#22,POSITIVE_LENGTH_MEASURE(2.E-2),#3484);
#3584=PRESENTATION_STYLE_ASSIGNMENT((#3583));
#3585=STYLED_ITEM('',(#3584),#3582);
#3586=DIRECTION('',(1.E0,0.E0,0.E0));
#3587=VECTOR('',#3586,1.7E0);
#3588=CARTESIAN_POINT('',(-8.5E-1,-1.315E1,3.071242064468E0));
#3589=LINE('',#3588,#3587);
#3590=CURVE_STYLE('',#22,POSITIVE_LENGTH_MEASURE(2.E-2),#3484);
#3591=PRESENTATION_STYLE_ASSIGNMENT((#3590));
#3592=STYLED_ITEM('',(#3591),#3589);
#3593=CARTESIAN_POINT('',(8.5E-1,-1.315E1,2.56E0));
#3594=DIRECTION('',(0.E0,1.E0,0.E0));
#3595=DIRECTION('',(0.E0,0.E0,1.E0));
#3596=AXIS2_PLACEMENT_3D('',#3593,#3594,#3595);
#3598=CURVE_STYLE('',#22,POSITIVE_LENGTH_MEASURE(2.E-2),#3484);
#3599=PRESENTATION_STYLE_ASSIGNMENT((#3598));
#3600=STYLED_ITEM('',(#3599),#3597);
#3601=DIRECTION('',(0.E0,0.E0,-1.E0));
#3602=VECTOR('',#3601,1.7E0);
#3603=CARTESIAN_POINT('',(1.361242064468E0,-1.315E1,2.56E0));
#3604=LINE('',#3603,#3602);
#3605=CURVE_STYLE('',#22,POSITIVE_LENGTH_MEASURE(2.E-2),#3484);
#3606=PRESENTATION_STYLE_ASSIGNMENT((#3605));
#3607=STYLED_ITEM('',(#3606),#3604);
#3608=CARTESIAN_POINT('',(8.5E-1,-1.315E1,8.6E-1));
#3609=DIRECTION('',(0.E0,1.E0,0.E0));
#3610=DIRECTION('',(1.E0,0.E0,0.E0));
#3611=AXIS2_PLACEMENT_3D('',#3608,#3609,#3610);
#3613=CURVE_STYLE('',#22,POSITIVE_LENGTH_MEASURE(2.E-2),#3484);
#3614=PRESENTATION_STYLE_ASSIGNMENT((#3613));
#3615=STYLED_ITEM('',(#3614),#3612);
#3616=DIRECTION('',(-1.E0,0.E0,0.E0));
#3617=VECTOR('',#3616,1.7E0);
#3618=CARTESIAN_POINT('',(8.5E-1,-1.315E1,3.487579355319E-1));
#3619=LINE('',#3618,#3617);
#3620=CURVE_STYLE('',#22,POSITIVE_LENGTH_MEASURE(2.E-2),#3484);
#3621=PRESENTATION_STYLE_ASSIGNMENT((#3620));
#3622=STYLED_ITEM('',(#3621),#3619);
#3623=CARTESIAN_POINT('',(-8.5E-1,-1.315E1,8.6E-1));
#3624=DIRECTION('',(0.E0,1.E0,0.E0));
#3625=DIRECTION('',(0.E0,0.E0,-1.E0));
#3626=AXIS2_PLACEMENT_3D('',#3623,#3624,#3625);
#3628=CURVE_STYLE('',#22,POSITIVE_LENGTH_MEASURE(2.E-2),#3484);
#3629=PRESENTATION_STYLE_ASSIGNMENT((#3628));
#3630=STYLED_ITEM('',(#3629),#3627);
#3631=DIRECTION('',(0.E0,0.E0,1.E0));
#3632=VECTOR('',#3631,1.7E0);
#3633=CARTESIAN_POINT('',(-1.361242064468E0,-1.315E1,8.6E-1));
#3634=LINE('',#3633,#3632);
#3635=CURVE_STYLE('',#22,POSITIVE_LENGTH_MEASURE(2.E-2),#3484);
#3636=PRESENTATION_STYLE_ASSIGNMENT((#3635));
#3637=STYLED_ITEM('',(#3636),#3634);
#3638=DIRECTION('',(7.071067811865E-1,0.E0,7.071067811865E-1));
#3639=VECTOR('',#3638,1.8E0);
#3640=CARTESIAN_POINT('',(8.092079475054E-1,-1.315E1,5.292823074173E0));
#3641=LINE('',#3640,#3639);
#3642=CURVE_STYLE('',#22,POSITIVE_LENGTH_MEASURE(2.E-2),#3484);
#3643=PRESENTATION_STYLE_ASSIGNMENT((#3642));
#3644=STYLED_ITEM('',(#3643),#3641);
#3645=CARTESIAN_POINT('',(2.514213562373E0,-1.315E1,6.133401871577E0));
#3646=DIRECTION('',(0.E0,1.E0,0.E0));
#3647=DIRECTION('',(-7.071067811865E-1,0.E0,7.071067811865E-1));
#3648=AXIS2_PLACEMENT_3D('',#3645,#3646,#3647);
#3650=CURVE_STYLE('',#22,POSITIVE_LENGTH_MEASURE(2.E-2),#3484);
#3651=PRESENTATION_STYLE_ASSIGNMENT((#3650));
#3652=STYLED_ITEM('',(#3651),#3649);
#3653=DIRECTION('',(7.071067811865E-1,0.E0,-7.071067811865E-1));
#3654=VECTOR('',#3653,4.1E0);
#3655=CARTESIAN_POINT('',(2.946426971105E0,-1.315E1,6.565615280309E0));
#3656=LINE('',#3655,#3654);
#3657=CURVE_STYLE('',#22,POSITIVE_LENGTH_MEASURE(2.E-2),#3484);
#3658=PRESENTATION_STYLE_ASSIGNMENT((#3657));
#3659=STYLED_ITEM('',(#3658),#3656);
#3660=CARTESIAN_POINT('',(5.413351365238E0,-1.315E1,3.234264068712E0));
#3661=DIRECTION('',(0.E0,1.E0,0.E0));
#3662=DIRECTION('',(7.071067811865E-1,0.E0,7.071067811865E-1));
#3663=AXIS2_PLACEMENT_3D('',#3660,#3661,#3662);
#3665=CURVE_STYLE('',#22,POSITIVE_LENGTH_MEASURE(2.E-2),#3484);
#3666=PRESENTATION_STYLE_ASSIGNMENT((#3665));
#3667=STYLED_ITEM('',(#3666),#3664);
#3668=DIRECTION('',(-7.071067811865E-1,0.E0,-7.071067811865E-1));
#3669=VECTOR('',#3668,1.8E0);
#3670=CARTESIAN_POINT('',(5.845564773970E0,-1.315E1,2.802050659980E0));
#3671=LINE('',#3670,#3669);
#3672=CURVE_STYLE('',#22,POSITIVE_LENGTH_MEASURE(2.E-2),#3484);
#3673=PRESENTATION_STYLE_ASSIGNMENT((#3672));
#3674=STYLED_ITEM('',(#3673),#3671);
#3675=CARTESIAN_POINT('',(4.140559159102E0,-1.315E1,1.961471862576E0));
#3676=DIRECTION('',(0.E0,1.E0,0.E0));
#3677=DIRECTION('',(7.071067811865E-1,0.E0,-7.071067811865E-1));
#3678=AXIS2_PLACEMENT_3D('',#3675,#3676,#3677);
#3680=CURVE_STYLE('',#22,POSITIVE_LENGTH_MEASURE(2.E-2),#3484);
#3681=PRESENTATION_STYLE_ASSIGNMENT((#3680));
#3682=STYLED_ITEM('',(#3681),#3679);
#3683=DIRECTION('',(-7.071067811865E-1,0.E0,7.071067811865E-1));
#3684=VECTOR('',#3683,4.1E0);
#3685=CARTESIAN_POINT('',(3.708345750370E0,-1.315E1,1.529258453844E0));
#3686=LINE('',#3685,#3684);
#3687=CURVE_STYLE('',#22,POSITIVE_LENGTH_MEASURE(2.E-2),#3484);
#3688=PRESENTATION_STYLE_ASSIGNMENT((#3687));
#3689=STYLED_ITEM('',(#3688),#3686);
#3690=CARTESIAN_POINT('',(1.241421356237E0,-1.315E1,4.860609665441E0));
#3691=DIRECTION('',(0.E0,1.E0,0.E0));
#3692=DIRECTION('',(-7.071067811865E-1,0.E0,-7.071067811865E-1));
#3693=AXIS2_PLACEMENT_3D('',#3690,#3691,#3692);
#3695=CURVE_STYLE('',#22,POSITIVE_LENGTH_MEASURE(2.E-2),#3484);
#3696=PRESENTATION_STYLE_ASSIGNMENT((#3695));
#3697=STYLED_ITEM('',(#3696),#3694);
#3698=CARTESIAN_POINT('',(1.241421356237E0,-1.315E1,-4.860609665441E0));
#3699=DIRECTION('',(0.E0,1.E0,0.E0));
#3700=DIRECTION('',(-7.071067811865E-1,0.E0,-7.071067811865E-1));
#3701=AXIS2_PLACEMENT_3D('',#3698,#3699,#3700);
#3703=CURVE_STYLE('',#22,POSITIVE_LENGTH_MEASURE(2.E-2),#3484);
#3704=PRESENTATION_STYLE_ASSIGNMENT((#3703));
#3705=STYLED_ITEM('',(#3704),#3702);
#3706=DIRECTION('',(7.071067811865E-1,0.E0,7.071067811865E-1));
#3707=VECTOR('',#3706,4.1E0);
#3708=CARTESIAN_POINT('',(8.092079475054E-1,-1.315E1,-4.428396256709E0));
#3709=LINE('',#3708,#3707);
#3710=CURVE_STYLE('',#22,POSITIVE_LENGTH_MEASURE(2.E-2),#3484);
#3711=PRESENTATION_STYLE_ASSIGNMENT((#3710));
#3712=STYLED_ITEM('',(#3711),#3709);
#3713=CARTESIAN_POINT('',(4.140559159102E0,-1.315E1,-1.961471862576E0));
#3714=DIRECTION('',(0.E0,1.E0,0.E0));
#3715=DIRECTION('',(-7.071067811865E-1,0.E0,7.071067811865E-1));
#3716=AXIS2_PLACEMENT_3D('',#3713,#3714,#3715);
#3718=CURVE_STYLE('',#22,POSITIVE_LENGTH_MEASURE(2.E-2),#3484);
#3719=PRESENTATION_STYLE_ASSIGNMENT((#3718));
#3720=STYLED_ITEM('',(#3719),#3717);
#3721=DIRECTION('',(7.071067811865E-1,0.E0,-7.071067811865E-1));
#3722=VECTOR('',#3721,1.8E0);
#3723=CARTESIAN_POINT('',(4.572772567834E0,-1.315E1,-1.529258453844E0));
#3724=LINE('',#3723,#3722);
#3725=CURVE_STYLE('',#22,POSITIVE_LENGTH_MEASURE(2.E-2),#3484);
#3726=PRESENTATION_STYLE_ASSIGNMENT((#3725));
#3727=STYLED_ITEM('',(#3726),#3724);
#3728=CARTESIAN_POINT('',(5.413351365238E0,-1.315E1,-3.234264068712E0));
#3729=DIRECTION('',(0.E0,1.E0,0.E0));
#3730=DIRECTION('',(7.071067811865E-1,0.E0,7.071067811865E-1));
#3731=AXIS2_PLACEMENT_3D('',#3728,#3729,#3730);
#3733=CURVE_STYLE('',#22,POSITIVE_LENGTH_MEASURE(2.E-2),#3484);
#3734=PRESENTATION_STYLE_ASSIGNMENT((#3733));
#3735=STYLED_ITEM('',(#3734),#3732);
#3736=DIRECTION('',(-7.071067811865E-1,0.E0,-7.071067811865E-1));
#3737=VECTOR('',#3736,4.1E0);
#3738=CARTESIAN_POINT('',(5.845564773970E0,-1.315E1,-3.666477477444E0));
#3739=LINE('',#3738,#3737);
#3740=CURVE_STYLE('',#22,POSITIVE_LENGTH_MEASURE(2.E-2),#3484);
#3741=PRESENTATION_STYLE_ASSIGNMENT((#3740));
#3742=STYLED_ITEM('',(#3741),#3739);
#3743=CARTESIAN_POINT('',(2.514213562373E0,-1.315E1,-6.133401871577E0));
#3744=DIRECTION('',(0.E0,1.E0,0.E0));
#3745=DIRECTION('',(7.071067811865E-1,0.E0,-7.071067811865E-1));
#3746=AXIS2_PLACEMENT_3D('',#3743,#3744,#3745);
#3748=CURVE_STYLE('',#22,POSITIVE_LENGTH_MEASURE(2.E-2),#3484);
#3749=PRESENTATION_STYLE_ASSIGNMENT((#3748));
#3750=STYLED_ITEM('',(#3749),#3747);
#3751=DIRECTION('',(-7.071067811865E-1,0.E0,7.071067811865E-1));
#3752=VECTOR('',#3751,1.8E0);
#3753=CARTESIAN_POINT('',(2.082000153641E0,-1.315E1,-6.565615280309E0));
#3754=LINE('',#3753,#3752);
#3755=CURVE_STYLE('',#22,POSITIVE_LENGTH_MEASURE(2.E-2),#3484);
#3756=PRESENTATION_STYLE_ASSIGNMENT((#3755));
#3757=STYLED_ITEM('',(#3756),#3754);
#3758=DIRECTION('',(-7.071067811865E-1,0.E0,-7.071067811865E-1));
#3759=VECTOR('',#3758,1.8E0);
#3760=CARTESIAN_POINT('',(-8.092079475054E-1,-1.315E1,-5.292823074173E0));
#3761=LINE('',#3760,#3759);
#3762=CURVE_STYLE('',#22,POSITIVE_LENGTH_MEASURE(2.E-2),#3484);
#3763=PRESENTATION_STYLE_ASSIGNMENT((#3762));
#3764=STYLED_ITEM('',(#3763),#3761);
#3765=CARTESIAN_POINT('',(-2.514213562373E0,-1.315E1,-6.133401871577E0));
#3766=DIRECTION('',(0.E0,1.E0,0.E0));
#3767=DIRECTION('',(7.071067811865E-1,0.E0,-7.071067811865E-1));
#3768=AXIS2_PLACEMENT_3D('',#3765,#3766,#3767);
#3770=CURVE_STYLE('',#22,POSITIVE_LENGTH_MEASURE(2.E-2),#3484);
#3771=PRESENTATION_STYLE_ASSIGNMENT((#3770));
#3772=STYLED_ITEM('',(#3771),#3769);
#3773=DIRECTION('',(-7.071067811865E-1,0.E0,7.071067811865E-1));
#3774=VECTOR('',#3773,4.1E0);
#3775=CARTESIAN_POINT('',(-2.946426971105E0,-1.315E1,-6.565615280309E0));
#3776=LINE('',#3775,#3774);
#3777=CURVE_STYLE('',#22,POSITIVE_LENGTH_MEASURE(2.E-2),#3484);
#3778=PRESENTATION_STYLE_ASSIGNMENT((#3777));
#3779=STYLED_ITEM('',(#3778),#3776);
#3780=CARTESIAN_POINT('',(-5.413351365238E0,-1.315E1,-3.234264068712E0));
#3781=DIRECTION('',(0.E0,1.E0,0.E0));
#3782=DIRECTION('',(-7.071067811865E-1,0.E0,-7.071067811865E-1));
#3783=AXIS2_PLACEMENT_3D('',#3780,#3781,#3782);
#3785=CURVE_STYLE('',#22,POSITIVE_LENGTH_MEASURE(2.E-2),#3484);
#3786=PRESENTATION_STYLE_ASSIGNMENT((#3785));
#3787=STYLED_ITEM('',(#3786),#3784);
#3788=DIRECTION('',(7.071067811865E-1,0.E0,7.071067811865E-1));
#3789=VECTOR('',#3788,1.8E0);
#3790=CARTESIAN_POINT('',(-5.845564773970E0,-1.315E1,-2.802050659980E0));
#3791=LINE('',#3790,#3789);
#3792=CURVE_STYLE('',#22,POSITIVE_LENGTH_MEASURE(2.E-2),#3484);
#3793=PRESENTATION_STYLE_ASSIGNMENT((#3792));
#3794=STYLED_ITEM('',(#3793),#3791);
#3795=CARTESIAN_POINT('',(-4.140559159102E0,-1.315E1,-1.961471862576E0));
#3796=DIRECTION('',(0.E0,1.E0,0.E0));
#3797=DIRECTION('',(-7.071067811865E-1,0.E0,7.071067811865E-1));
#3798=AXIS2_PLACEMENT_3D('',#3795,#3796,#3797);
#3800=CURVE_STYLE('',#22,POSITIVE_LENGTH_MEASURE(2.E-2),#3484);
#3801=PRESENTATION_STYLE_ASSIGNMENT((#3800));
#3802=STYLED_ITEM('',(#3801),#3799);
#3803=DIRECTION('',(7.071067811865E-1,0.E0,-7.071067811865E-1));
#3804=VECTOR('',#3803,4.1E0);
#3805=CARTESIAN_POINT('',(-3.708345750370E0,-1.315E1,-1.529258453844E0));
#3806=LINE('',#3805,#3804);
#3807=CURVE_STYLE('',#22,POSITIVE_LENGTH_MEASURE(2.E-2),#3484);
#3808=PRESENTATION_STYLE_ASSIGNMENT((#3807));
#3809=STYLED_ITEM('',(#3808),#3806);
#3810=CARTESIAN_POINT('',(-1.241421356237E0,-1.315E1,-4.860609665441E0));
#3811=DIRECTION('',(0.E0,1.E0,0.E0));
#3812=DIRECTION('',(7.071067811865E-1,0.E0,7.071067811865E-1));
#3813=AXIS2_PLACEMENT_3D('',#3810,#3811,#3812);
#3815=CURVE_STYLE('',#22,POSITIVE_LENGTH_MEASURE(2.E-2),#3484);
#3816=PRESENTATION_STYLE_ASSIGNMENT((#3815));
#3817=STYLED_ITEM('',(#3816),#3814);
#3818=DIRECTION('',(0.E0,0.E0,1.E0));
#3819=VECTOR('',#3818,1.7E0);
#3820=CARTESIAN_POINT('',(-1.361242064468E0,-1.315E1,-2.56E0));
#3821=LINE('',#3820,#3819);
#3822=CURVE_STYLE('',#22,POSITIVE_LENGTH_MEASURE(2.E-2),#3484);
#3823=PRESENTATION_STYLE_ASSIGNMENT((#3822));
#3824=STYLED_ITEM('',(#3823),#3821);
#3825=CARTESIAN_POINT('',(-8.5E-1,-1.315E1,-8.6E-1));
#3826=DIRECTION('',(0.E0,1.E0,0.E0));
#3827=DIRECTION('',(-1.E0,0.E0,0.E0));
#3828=AXIS2_PLACEMENT_3D('',#3825,#3826,#3827);
#3830=CURVE_STYLE('',#22,POSITIVE_LENGTH_MEASURE(2.E-2),#3484);
#3831=PRESENTATION_STYLE_ASSIGNMENT((#3830));
#3832=STYLED_ITEM('',(#3831),#3829);
#3833=DIRECTION('',(1.E0,0.E0,0.E0));
#3834=VECTOR('',#3833,1.7E0);
#3835=CARTESIAN_POINT('',(-8.5E-1,-1.315E1,-3.487579355319E-1));
#3836=LINE('',#3835,#3834);
#3837=CURVE_STYLE('',#22,POSITIVE_LENGTH_MEASURE(2.E-2),#3484);
#3838=PRESENTATION_STYLE_ASSIGNMENT((#3837));
#3839=STYLED_ITEM('',(#3838),#3836);
#3840=CARTESIAN_POINT('',(8.5E-1,-1.315E1,-8.6E-1));
#3841=DIRECTION('',(0.E0,1.E0,0.E0));
#3842=DIRECTION('',(0.E0,0.E0,1.E0));
#3843=AXIS2_PLACEMENT_3D('',#3840,#3841,#3842);
#3845=CURVE_STYLE('',#22,POSITIVE_LENGTH_MEASURE(2.E-2),#3484);
#3846=PRESENTATION_STYLE_ASSIGNMENT((#3845));
#3847=STYLED_ITEM('',(#3846),#3844);
#3848=DIRECTION('',(0.E0,0.E0,-1.E0));
#3849=VECTOR('',#3848,1.7E0);
#3850=CARTESIAN_POINT('',(1.361242064468E0,-1.315E1,-8.6E-1));
#3851=LINE('',#3850,#3849);
#3852=CURVE_STYLE('',#22,POSITIVE_LENGTH_MEASURE(2.E-2),#3484);
#3853=PRESENTATION_STYLE_ASSIGNMENT((#3852));
#3854=STYLED_ITEM('',(#3853),#3851);
#3855=CARTESIAN_POINT('',(8.5E-1,-1.315E1,-2.56E0));
#3856=DIRECTION('',(0.E0,1.E0,0.E0));
#3857=DIRECTION('',(1.E0,0.E0,0.E0));
#3858=AXIS2_PLACEMENT_3D('',#3855,#3856,#3857);
#3860=CURVE_STYLE('',#22,POSITIVE_LENGTH_MEASURE(2.E-2),#3484);
#3861=PRESENTATION_STYLE_ASSIGNMENT((#3860));
#3862=STYLED_ITEM('',(#3861),#3859);
#3863=DIRECTION('',(-1.E0,0.E0,0.E0));
#3864=VECTOR('',#3863,1.7E0);
#3865=CARTESIAN_POINT('',(8.5E-1,-1.315E1,-3.071242064468E0));
#3866=LINE('',#3865,#3864);
#3867=CURVE_STYLE('',#22,POSITIVE_LENGTH_MEASURE(2.E-2),#3484);
#3868=PRESENTATION_STYLE_ASSIGNMENT((#3867));
#3869=STYLED_ITEM('',(#3868),#3866);
#3870=CARTESIAN_POINT('',(-8.5E-1,-1.315E1,-2.56E0));
#3871=DIRECTION('',(0.E0,1.E0,0.E0));
#3872=DIRECTION('',(0.E0,0.E0,-1.E0));
#3873=AXIS2_PLACEMENT_3D('',#3870,#3871,#3872);
#3875=CURVE_STYLE('',#22,POSITIVE_LENGTH_MEASURE(2.E-2),#3484);
#3876=PRESENTATION_STYLE_ASSIGNMENT((#3875));
#3877=STYLED_ITEM('',(#3876),#3874);
#3878=CARTESIAN_POINT('',(0.E0,-1.315E1,0.E0));
#3879=DIRECTION('',(0.E0,1.E0,0.E0));
#3880=DIRECTION('',(0.E0,0.E0,1.E0));
#3881=AXIS2_PLACEMENT_3D('',#3878,#3879,#3880);
#3883=CURVE_STYLE('',#22,POSITIVE_LENGTH_MEASURE(2.E-2),#3484);
#3884=PRESENTATION_STYLE_ASSIGNMENT((#3883));
#3885=STYLED_ITEM('',(#3884),#3882);
#3886=DIRECTION('',(0.E0,9.993908270191E-1,-3.489949670250E-2));
#3887=VECTOR('',#3886,8.045460824625E-1);
#3888=CARTESIAN_POINT('',(0.E0,-1.395405597473E1,-9.178418265107E0));
#3889=LINE('',#3888,#3887);
#3890=CURVE_STYLE('',#22,POSITIVE_LENGTH_MEASURE(2.E-2),#3484);
#3891=PRESENTATION_STYLE_ASSIGNMENT((#3890));
#3892=STYLED_ITEM('',(#3891),#3889);
#3893=CARTESIAN_POINT('',(0.E0,-1.395405597473E1,0.E0));
#3894=DIRECTION('',(0.E0,1.E0,0.E0));
#3895=DIRECTION('',(0.E0,0.E0,1.E0));
#3896=AXIS2_PLACEMENT_3D('',#3893,#3894,#3895);
#3898=CURVE_STYLE('',#22,POSITIVE_LENGTH_MEASURE(2.E-2),#3484);
#3899=PRESENTATION_STYLE_ASSIGNMENT((#3898));
#3900=STYLED_ITEM('',(#3899),#3897);
#3901=DIRECTION('',(0.E0,9.993908270191E-1,3.489949670251E-2));
#3902=VECTOR('',#3901,8.045460824625E-1);
#3903=CARTESIAN_POINT('',(0.E0,-1.395405597473E1,9.178418265107E0));
#3904=LINE('',#3903,#3902);
#3905=CURVE_STYLE('',#22,POSITIVE_LENGTH_MEASURE(2.E-2),#3484);
#3906=PRESENTATION_STYLE_ASSIGNMENT((#3905));
#3907=STYLED_ITEM('',(#3906),#3904);
#3908=CARTESIAN_POINT('',(0.E0,-1.315E1,0.E0));
#3909=DIRECTION('',(0.E0,1.E0,0.E0));
#3910=DIRECTION('',(0.E0,0.E0,-1.E0));
#3911=AXIS2_PLACEMENT_3D('',#3908,#3909,#3910);
#3913=CURVE_STYLE('',#22,POSITIVE_LENGTH_MEASURE(2.E-2),#3484);
#3914=PRESENTATION_STYLE_ASSIGNMENT((#3913));
#3915=STYLED_ITEM('',(#3914),#3912);
#3916=CARTESIAN_POINT('',(0.E0,-1.395405597473E1,0.E0));
#3917=DIRECTION('',(0.E0,1.E0,0.E0));
#3918=DIRECTION('',(0.E0,0.E0,-1.E0));
#3919=AXIS2_PLACEMENT_3D('',#3916,#3917,#3918);
#3921=CURVE_STYLE('',#22,POSITIVE_LENGTH_MEASURE(2.E-2),#3484);
#3922=PRESENTATION_STYLE_ASSIGNMENT((#3921));
#3923=STYLED_ITEM('',(#3922),#3920);
#3924=CARTESIAN_POINT('',(-1.241421356237E0,-1.385E1,4.860609665441E0));
#3925=DIRECTION('',(0.E0,1.E0,0.E0));
#3926=DIRECTION('',(7.071067811865E-1,0.E0,7.071067811865E-1));
#3927=AXIS2_PLACEMENT_3D('',#3924,#3925,#3926);
#3929=CURVE_STYLE('',#22,POSITIVE_LENGTH_MEASURE(2.E-2),#3484);
#3930=PRESENTATION_STYLE_ASSIGNMENT((#3929));
#3931=STYLED_ITEM('',(#3930),#3928);
#3932=DIRECTION('',(2.467767077833E-2,-9.993908270191E-1,2.467767077835E-2));
#3933=VECTOR('',#3932,5.126162485642E-1);
#3934=CARTESIAN_POINT('',(-1.064644660941E0,-1.385E1,5.037386360738E0));
#3935=LINE('',#3934,#3933);
#3936=CURVE_STYLE('',#22,POSITIVE_LENGTH_MEASURE(2.E-2),#3484);
#3937=PRESENTATION_STYLE_ASSIGNMENT((#3936));
#3938=STYLED_ITEM('',(#3937),#3935);
#3939=CARTESIAN_POINT('',(-1.051350996346E0,-1.438836387449E1,
4.670539305549E0));
#3940=CARTESIAN_POINT('',(-1.019281045077E0,-1.438671954369E1,
4.702690462795E0));
#3941=CARTESIAN_POINT('',(-9.711709054046E-1,-1.438195747003E1,
4.784366941748E0));
#3942=CARTESIAN_POINT('',(-9.689536185095E-1,-1.437204098332E1,
4.929409140669E0));
#3943=CARTESIAN_POINT('',(-1.017658153373E0,-1.436525330880E1,
5.015845857232E0));
#3944=CARTESIAN_POINT('',(-1.051994485923E0,-1.436230397660E1,
5.050036535755E0));
#3946=CURVE_STYLE('',#22,POSITIVE_LENGTH_MEASURE(2.E-2),#3484);
#3947=PRESENTATION_STYLE_ASSIGNMENT((#3946));
#3948=STYLED_ITEM('',(#3947),#3945);
#3949=CARTESIAN_POINT('',(-1.241421356237E0,-1.385E1,4.860609665441E0));
#3950=DIRECTION('',(0.E0,1.E0,0.E0));
#3951=DIRECTION('',(7.071067811865E-1,0.E0,7.071067811866E-1));
#3952=AXIS2_PLACEMENT_3D('',#3949,#3950,#3951);
#3954=CURVE_STYLE('',#22,POSITIVE_LENGTH_MEASURE(2.E-2),#3484);
#3955=PRESENTATION_STYLE_ASSIGNMENT((#3954));
#3956=STYLED_ITEM('',(#3955),#3953);
#3957=DIRECTION('',(7.071067811865E-1,0.E0,-7.071067811865E-1));
#3958=VECTOR('',#3957,1.8E0);
#3959=CARTESIAN_POINT('',(-2.125304832720E0,-1.385E1,6.522310601229E0));
#3960=LINE('',#3959,#3958);
#3961=CURVE_STYLE('',#22,POSITIVE_LENGTH_MEASURE(2.E-2),#3484);
#3962=PRESENTATION_STYLE_ASSIGNMENT((#3961));
#3963=STYLED_ITEM('',(#3962),#3960);
#3964=CARTESIAN_POINT('',(-2.514213562373E0,-1.385E1,6.133401871577E0));
#3965=DIRECTION('',(0.E0,1.E0,0.E0));
#3966=DIRECTION('',(-7.071067811865E-1,0.E0,7.071067811865E-1));
#3967=AXIS2_PLACEMENT_3D('',#3964,#3965,#3966);
#3969=CURVE_STYLE('',#22,POSITIVE_LENGTH_MEASURE(2.E-2),#3484);
#3970=PRESENTATION_STYLE_ASSIGNMENT((#3969));
#3971=STYLED_ITEM('',(#3970),#3968);
#3972=DIRECTION('',(7.071067811865E-1,0.E0,7.071067811865E-1));
#3973=VECTOR('',#3972,4.1E0);
#3974=CARTESIAN_POINT('',(-5.802260094891E0,-1.385E1,3.623172798365E0));
#3975=LINE('',#3974,#3973);
#3976=CURVE_STYLE('',#22,POSITIVE_LENGTH_MEASURE(2.E-2),#3484);
#3977=PRESENTATION_STYLE_ASSIGNMENT((#3976));
#3978=STYLED_ITEM('',(#3977),#3975);
#3979=CARTESIAN_POINT('',(-5.413351365238E0,-1.385E1,3.234264068712E0));
#3980=DIRECTION('',(0.E0,1.E0,0.E0));
#3981=DIRECTION('',(-7.071067811865E-1,0.E0,-7.071067811865E-1));
#3982=AXIS2_PLACEMENT_3D('',#3979,#3980,#3981);
#3984=CURVE_STYLE('',#22,POSITIVE_LENGTH_MEASURE(2.E-2),#3484);
#3985=PRESENTATION_STYLE_ASSIGNMENT((#3984));
#3986=STYLED_ITEM('',(#3985),#3983);
#3987=DIRECTION('',(-7.071067811865E-1,0.E0,7.071067811865E-1));
#3988=VECTOR('',#3987,1.8E0);
#3989=CARTESIAN_POINT('',(-4.529467888755E0,-1.385E1,1.572563132924E0));
#3990=LINE('',#3989,#3988);
#3991=CURVE_STYLE('',#22,POSITIVE_LENGTH_MEASURE(2.E-2),#3484);
#3992=PRESENTATION_STYLE_ASSIGNMENT((#3991));
#3993=STYLED_ITEM('',(#3992),#3990);
#3994=CARTESIAN_POINT('',(-4.140559159102E0,-1.385E1,1.961471862576E0));
#3995=DIRECTION('',(0.E0,1.E0,0.E0));
#3996=DIRECTION('',(7.071067811865E-1,0.E0,-7.071067811865E-1));
#3997=AXIS2_PLACEMENT_3D('',#3994,#3995,#3996);
#3999=CURVE_STYLE('',#22,POSITIVE_LENGTH_MEASURE(2.E-2),#3484);
#4000=PRESENTATION_STYLE_ASSIGNMENT((#3999));
#4001=STYLED_ITEM('',(#4000),#3998);
#4002=DIRECTION('',(-7.071067811865E-1,0.E0,-7.071067811865E-1));
#4003=VECTOR('',#4002,4.1E0);
#4004=CARTESIAN_POINT('',(-8.525126265847E-1,-1.385E1,4.471700935788E0));
#4005=LINE('',#4004,#4003);
#4006=CURVE_STYLE('',#22,POSITIVE_LENGTH_MEASURE(2.E-2),#3484);
#4007=PRESENTATION_STYLE_ASSIGNMENT((#4006));
#4008=STYLED_ITEM('',(#4007),#4005);
#4009=CARTESIAN_POINT('',(-8.5E-1,-1.385E1,2.56E0));
#4010=DIRECTION('',(0.E0,1.E0,0.E0));
#4011=DIRECTION('',(-1.E0,0.E0,0.E0));
#4012=AXIS2_PLACEMENT_3D('',#4009,#4010,#4011);
#4014=CURVE_STYLE('',#22,POSITIVE_LENGTH_MEASURE(2.E-2),#3484);
#4015=PRESENTATION_STYLE_ASSIGNMENT((#4014));
#4016=STYLED_ITEM('',(#4015),#4013);
#4017=DIRECTION('',(0.E0,0.E0,1.E0));
#4018=VECTOR('',#4017,1.7E0);
#4019=CARTESIAN_POINT('',(-1.3E0,-1.385E1,8.6E-1));
#4020=LINE('',#4019,#4018);
#4021=CURVE_STYLE('',#22,POSITIVE_LENGTH_MEASURE(2.E-2),#3484);
#4022=PRESENTATION_STYLE_ASSIGNMENT((#4021));
#4023=STYLED_ITEM('',(#4022),#4020);
#4024=CARTESIAN_POINT('',(-8.5E-1,-1.385E1,8.6E-1));
#4025=DIRECTION('',(0.E0,1.E0,0.E0));
#4026=DIRECTION('',(0.E0,0.E0,-1.E0));
#4027=AXIS2_PLACEMENT_3D('',#4024,#4025,#4026);
#4029=CURVE_STYLE('',#22,POSITIVE_LENGTH_MEASURE(2.E-2),#3484);
#4030=PRESENTATION_STYLE_ASSIGNMENT((#4029));
#4031=STYLED_ITEM('',(#4030),#4028);
#4032=DIRECTION('',(-1.E0,0.E0,0.E0));
#4033=VECTOR('',#4032,1.7E0);
#4034=CARTESIAN_POINT('',(8.5E-1,-1.385E1,4.1E-1));
#4035=LINE('',#4034,#4033);
#4036=CURVE_STYLE('',#22,POSITIVE_LENGTH_MEASURE(2.E-2),#3484);
#4037=PRESENTATION_STYLE_ASSIGNMENT((#4036));
#4038=STYLED_ITEM('',(#4037),#4035);
#4039=CARTESIAN_POINT('',(8.5E-1,-1.385E1,8.6E-1));
#4040=DIRECTION('',(0.E0,1.E0,0.E0));
#4041=DIRECTION('',(1.E0,0.E0,0.E0));
#4042=AXIS2_PLACEMENT_3D('',#4039,#4040,#4041);
#4044=CURVE_STYLE('',#22,POSITIVE_LENGTH_MEASURE(2.E-2),#3484);
#4045=PRESENTATION_STYLE_ASSIGNMENT((#4044));
#4046=STYLED_ITEM('',(#4045),#4043);
#4047=DIRECTION('',(0.E0,0.E0,-1.E0));
#4048=VECTOR('',#4047,1.7E0);
#4049=CARTESIAN_POINT('',(1.3E0,-1.385E1,2.56E0));
#4050=LINE('',#4049,#4048);
#4051=CURVE_STYLE('',#22,POSITIVE_LENGTH_MEASURE(2.E-2),#3484);
#4052=PRESENTATION_STYLE_ASSIGNMENT((#4051));
#4053=STYLED_ITEM('',(#4052),#4050);
#4054=CARTESIAN_POINT('',(8.5E-1,-1.385E1,2.56E0));
#4055=DIRECTION('',(0.E0,1.E0,0.E0));
#4056=DIRECTION('',(0.E0,0.E0,1.E0));
#4057=AXIS2_PLACEMENT_3D('',#4054,#4055,#4056);
#4059=CURVE_STYLE('',#22,POSITIVE_LENGTH_MEASURE(2.E-2),#3484);
#4060=PRESENTATION_STYLE_ASSIGNMENT((#4059));
#4061=STYLED_ITEM('',(#4060),#4058);
#4062=DIRECTION('',(1.E0,0.E0,0.E0));
#4063=VECTOR('',#4062,1.7E0);
#4064=CARTESIAN_POINT('',(-8.5E-1,-1.385E1,3.01E0));
#4065=LINE('',#4064,#4063);
#4066=CURVE_STYLE('',#22,POSITIVE_LENGTH_MEASURE(2.E-2),#3484);
#4067=PRESENTATION_STYLE_ASSIGNMENT((#4066));
#4068=STYLED_ITEM('',(#4067),#4065);
#4069=DIRECTION('',(7.071067811865E-1,0.E0,7.071067811865E-1));
#4070=VECTOR('',#4069,1.8E0);
#4071=CARTESIAN_POINT('',(8.525126265847E-1,-1.385E1,5.249518395094E0));
#4072=LINE('',#4071,#4070);
#4073=CURVE_STYLE('',#22,POSITIVE_LENGTH_MEASURE(2.E-2),#3484);
#4074=PRESENTATION_STYLE_ASSIGNMENT((#4073));
#4075=STYLED_ITEM('',(#4074),#4072);
#4076=CARTESIAN_POINT('',(1.241421356237E0,-1.385E1,4.860609665441E0));
#4077=DIRECTION('',(0.E0,1.E0,0.E0));
#4078=DIRECTION('',(-7.071067811865E-1,0.E0,-7.071067811866E-1));
#4079=AXIS2_PLACEMENT_3D('',#4076,#4077,#4078);
#4081=CURVE_STYLE('',#22,POSITIVE_LENGTH_MEASURE(2.E-2),#3484);
#4082=PRESENTATION_STYLE_ASSIGNMENT((#4081));
#4083=STYLED_ITEM('',(#4082),#4080);
#4084=DIRECTION('',(-7.071067811865E-1,0.E0,7.071067811865E-1));
#4085=VECTOR('',#4084,4.1E0);
#4086=CARTESIAN_POINT('',(3.751650429450E0,-1.385E1,1.572563132924E0));
#4087=LINE('',#4086,#4085);
#4088=CURVE_STYLE('',#22,POSITIVE_LENGTH_MEASURE(2.E-2),#3484);
#4089=PRESENTATION_STYLE_ASSIGNMENT((#4088));
#4090=STYLED_ITEM('',(#4089),#4087);
#4091=CARTESIAN_POINT('',(4.140559159102E0,-1.385E1,1.961471862576E0));
#4092=DIRECTION('',(0.E0,1.E0,0.E0));
#4093=DIRECTION('',(7.071067811865E-1,0.E0,-7.071067811866E-1));
#4094=AXIS2_PLACEMENT_3D('',#4091,#4092,#4093);
#4096=CURVE_STYLE('',#22,POSITIVE_LENGTH_MEASURE(2.E-2),#3484);
#4097=PRESENTATION_STYLE_ASSIGNMENT((#4096));
#4098=STYLED_ITEM('',(#4097),#4095);
#4099=DIRECTION('',(-7.071067811865E-1,0.E0,-7.071067811865E-1));
#4100=VECTOR('',#4099,1.8E0);
#4101=CARTESIAN_POINT('',(5.802260094891E0,-1.385E1,2.845355339059E0));
#4102=LINE('',#4101,#4100);
#4103=CURVE_STYLE('',#22,POSITIVE_LENGTH_MEASURE(2.E-2),#3484);
#4104=PRESENTATION_STYLE_ASSIGNMENT((#4103));
#4105=STYLED_ITEM('',(#4104),#4102);
#4106=CARTESIAN_POINT('',(5.413351365238E0,-1.385E1,3.234264068712E0));
#4107=DIRECTION('',(0.E0,1.E0,0.E0));
#4108=DIRECTION('',(7.071067811865E-1,0.E0,7.071067811865E-1));
#4109=AXIS2_PLACEMENT_3D('',#4106,#4107,#4108);
#4111=CURVE_STYLE('',#22,POSITIVE_LENGTH_MEASURE(2.E-2),#3484);
#4112=PRESENTATION_STYLE_ASSIGNMENT((#4111));
#4113=STYLED_ITEM('',(#4112),#4110);
#4114=DIRECTION('',(7.071067811865E-1,0.E0,-7.071067811865E-1));
#4115=VECTOR('',#4114,4.1E0);
#4116=CARTESIAN_POINT('',(2.903122292026E0,-1.385E1,6.522310601229E0));
#4117=LINE('',#4116,#4115);
#4118=CURVE_STYLE('',#22,POSITIVE_LENGTH_MEASURE(2.E-2),#3484);
#4119=PRESENTATION_STYLE_ASSIGNMENT((#4118));
#4120=STYLED_ITEM('',(#4119),#4117);
#4121=CARTESIAN_POINT('',(2.514213562373E0,-1.385E1,6.133401871577E0));
#4122=DIRECTION('',(0.E0,1.E0,0.E0));
#4123=DIRECTION('',(-7.071067811865E-1,0.E0,7.071067811865E-1));
#4124=AXIS2_PLACEMENT_3D('',#4121,#4122,#4123);
#4126=CURVE_STYLE('',#22,POSITIVE_LENGTH_MEASURE(2.E-2),#3484);
#4127=PRESENTATION_STYLE_ASSIGNMENT((#4126));
#4128=STYLED_ITEM('',(#4127),#4125);
#4129=CARTESIAN_POINT('',(1.241421356237E0,-1.385E1,-4.860609665441E0));
#4130=DIRECTION('',(0.E0,1.E0,0.E0));
#4131=DIRECTION('',(-7.071067811865E-1,0.E0,-7.071067811866E-1));
#4132=AXIS2_PLACEMENT_3D('',#4129,#4130,#4131);
#4134=CURVE_STYLE('',#22,POSITIVE_LENGTH_MEASURE(2.E-2),#3484);
#4135=PRESENTATION_STYLE_ASSIGNMENT((#4134));
#4136=STYLED_ITEM('',(#4135),#4133);
#4137=DIRECTION('',(-7.071067811865E-1,0.E0,7.071067811865E-1));
#4138=VECTOR('',#4137,1.8E0);
#4139=CARTESIAN_POINT('',(2.125304832720E0,-1.385E1,-6.522310601229E0));
#4140=LINE('',#4139,#4138);
#4141=CURVE_STYLE('',#22,POSITIVE_LENGTH_MEASURE(2.E-2),#3484);
#4142=PRESENTATION_STYLE_ASSIGNMENT((#4141));
#4143=STYLED_ITEM('',(#4142),#4140);
#4144=CARTESIAN_POINT('',(2.514213562373E0,-1.385E1,-6.133401871577E0));
#4145=DIRECTION('',(0.E0,1.E0,0.E0));
#4146=DIRECTION('',(7.071067811865E-1,0.E0,-7.071067811865E-1));
#4147=AXIS2_PLACEMENT_3D('',#4144,#4145,#4146);
#4149=CURVE_STYLE('',#22,POSITIVE_LENGTH_MEASURE(2.E-2),#3484);
#4150=PRESENTATION_STYLE_ASSIGNMENT((#4149));
#4151=STYLED_ITEM('',(#4150),#4148);
#4152=DIRECTION('',(-7.071067811865E-1,0.E0,-7.071067811865E-1));
#4153=VECTOR('',#4152,4.1E0);
#4154=CARTESIAN_POINT('',(5.802260094891E0,-1.385E1,-3.623172798365E0));
#4155=LINE('',#4154,#4153);
#4156=CURVE_STYLE('',#22,POSITIVE_LENGTH_MEASURE(2.E-2),#3484);
#4157=PRESENTATION_STYLE_ASSIGNMENT((#4156));
#4158=STYLED_ITEM('',(#4157),#4155);
#4159=CARTESIAN_POINT('',(5.413351365238E0,-1.385E1,-3.234264068712E0));
#4160=DIRECTION('',(0.E0,1.E0,0.E0));
#4161=DIRECTION('',(7.071067811865E-1,0.E0,7.071067811865E-1));
#4162=AXIS2_PLACEMENT_3D('',#4159,#4160,#4161);
#4164=CURVE_STYLE('',#22,POSITIVE_LENGTH_MEASURE(2.E-2),#3484);
#4165=PRESENTATION_STYLE_ASSIGNMENT((#4164));
#4166=STYLED_ITEM('',(#4165),#4163);
#4167=DIRECTION('',(7.071067811865E-1,0.E0,-7.071067811865E-1));
#4168=VECTOR('',#4167,1.8E0);
#4169=CARTESIAN_POINT('',(4.529467888755E0,-1.385E1,-1.572563132924E0));
#4170=LINE('',#4169,#4168);
#4171=CURVE_STYLE('',#22,POSITIVE_LENGTH_MEASURE(2.E-2),#3484);
#4172=PRESENTATION_STYLE_ASSIGNMENT((#4171));
#4173=STYLED_ITEM('',(#4172),#4170);
#4174=CARTESIAN_POINT('',(4.140559159102E0,-1.385E1,-1.961471862576E0));
#4175=DIRECTION('',(0.E0,1.E0,0.E0));
#4176=DIRECTION('',(-7.071067811865E-1,0.E0,7.071067811865E-1));
#4177=AXIS2_PLACEMENT_3D('',#4174,#4175,#4176);
#4179=CURVE_STYLE('',#22,POSITIVE_LENGTH_MEASURE(2.E-2),#3484);
#4180=PRESENTATION_STYLE_ASSIGNMENT((#4179));
#4181=STYLED_ITEM('',(#4180),#4178);
#4182=DIRECTION('',(7.071067811865E-1,0.E0,7.071067811865E-1));
#4183=VECTOR('',#4182,4.1E0);
#4184=CARTESIAN_POINT('',(8.525126265847E-1,-1.385E1,-4.471700935788E0));
#4185=LINE('',#4184,#4183);
#4186=CURVE_STYLE('',#22,POSITIVE_LENGTH_MEASURE(2.E-2),#3484);
#4187=PRESENTATION_STYLE_ASSIGNMENT((#4186));
#4188=STYLED_ITEM('',(#4187),#4185);
#4189=DIRECTION('',(-7.071067811865E-1,0.E0,-7.071067811865E-1));
#4190=VECTOR('',#4189,1.8E0);
#4191=CARTESIAN_POINT('',(-8.525126265847E-1,-1.385E1,-5.249518395094E0));
#4192=LINE('',#4191,#4190);
#4193=CURVE_STYLE('',#22,POSITIVE_LENGTH_MEASURE(2.E-2),#3484);
#4194=PRESENTATION_STYLE_ASSIGNMENT((#4193));
#4195=STYLED_ITEM('',(#4194),#4192);
#4196=CARTESIAN_POINT('',(-1.241421356237E0,-1.385E1,-4.860609665441E0));
#4197=DIRECTION('',(0.E0,1.E0,0.E0));
#4198=DIRECTION('',(7.071067811866E-1,0.E0,7.071067811865E-1));
#4199=AXIS2_PLACEMENT_3D('',#4196,#4197,#4198);
#4201=CURVE_STYLE('',#22,POSITIVE_LENGTH_MEASURE(2.E-2),#3484);
#4202=PRESENTATION_STYLE_ASSIGNMENT((#4201));
#4203=STYLED_ITEM('',(#4202),#4200);
#4204=DIRECTION('',(7.071067811865E-1,0.E0,-7.071067811865E-1));
#4205=VECTOR('',#4204,4.1E0);
#4206=CARTESIAN_POINT('',(-3.751650429450E0,-1.385E1,-1.572563132924E0));
#4207=LINE('',#4206,#4205);
#4208=CURVE_STYLE('',#22,POSITIVE_LENGTH_MEASURE(2.E-2),#3484);
#4209=PRESENTATION_STYLE_ASSIGNMENT((#4208));
#4210=STYLED_ITEM('',(#4209),#4207);
#4211=CARTESIAN_POINT('',(-4.140559159102E0,-1.385E1,-1.961471862576E0));
#4212=DIRECTION('',(0.E0,1.E0,0.E0));
#4213=DIRECTION('',(-7.071067811865E-1,0.E0,7.071067811866E-1));
#4214=AXIS2_PLACEMENT_3D('',#4211,#4212,#4213);
#4216=CURVE_STYLE('',#22,POSITIVE_LENGTH_MEASURE(2.E-2),#3484);
#4217=PRESENTATION_STYLE_ASSIGNMENT((#4216));
#4218=STYLED_ITEM('',(#4217),#4215);
#4219=DIRECTION('',(7.071067811865E-1,0.E0,7.071067811865E-1));
#4220=VECTOR('',#4219,1.8E0);
#4221=CARTESIAN_POINT('',(-5.802260094891E0,-1.385E1,-2.845355339059E0));
#4222=LINE('',#4221,#4220);
#4223=CURVE_STYLE('',#22,POSITIVE_LENGTH_MEASURE(2.E-2),#3484);
#4224=PRESENTATION_STYLE_ASSIGNMENT((#4223));
#4225=STYLED_ITEM('',(#4224),#4222);
#4226=CARTESIAN_POINT('',(-5.413351365238E0,-1.385E1,-3.234264068712E0));
#4227=DIRECTION('',(0.E0,1.E0,0.E0));
#4228=DIRECTION('',(-7.071067811865E-1,0.E0,-7.071067811865E-1));
#4229=AXIS2_PLACEMENT_3D('',#4226,#4227,#4228);
#4231=CURVE_STYLE('',#22,POSITIVE_LENGTH_MEASURE(2.E-2),#3484);
#4232=PRESENTATION_STYLE_ASSIGNMENT((#4231));
#4233=STYLED_ITEM('',(#4232),#4230);
#4234=DIRECTION('',(-7.071067811865E-1,0.E0,7.071067811865E-1));
#4235=VECTOR('',#4234,4.1E0);
#4236=CARTESIAN_POINT('',(-2.903122292026E0,-1.385E1,-6.522310601229E0));
#4237=LINE('',#4236,#4235);
#4238=CURVE_STYLE('',#22,POSITIVE_LENGTH_MEASURE(2.E-2),#3484);
#4239=PRESENTATION_STYLE_ASSIGNMENT((#4238));
#4240=STYLED_ITEM('',(#4239),#4237);
#4241=CARTESIAN_POINT('',(-2.514213562373E0,-1.385E1,-6.133401871577E0));
#4242=DIRECTION('',(0.E0,1.E0,0.E0));
#4243=DIRECTION('',(7.071067811865E-1,0.E0,-7.071067811865E-1));
#4244=AXIS2_PLACEMENT_3D('',#4241,#4242,#4243);
#4246=CURVE_STYLE('',#22,POSITIVE_LENGTH_MEASURE(2.E-2),#3484);
#4247=PRESENTATION_STYLE_ASSIGNMENT((#4246));
#4248=STYLED_ITEM('',(#4247),#4245);
#4249=DIRECTION('',(0.E0,0.E0,1.E0));
#4250=VECTOR('',#4249,1.7E0);
#4251=CARTESIAN_POINT('',(-1.3E0,-1.385E1,-2.56E0));
#4252=LINE('',#4251,#4250);
#4253=CURVE_STYLE('',#22,POSITIVE_LENGTH_MEASURE(2.E-2),#3484);
#4254=PRESENTATION_STYLE_ASSIGNMENT((#4253));
#4255=STYLED_ITEM('',(#4254),#4252);
#4256=CARTESIAN_POINT('',(-8.5E-1,-1.385E1,-2.56E0));
#4257=DIRECTION('',(0.E0,1.E0,0.E0));
#4258=DIRECTION('',(0.E0,0.E0,-1.E0));
#4259=AXIS2_PLACEMENT_3D('',#4256,#4257,#4258);
#4261=CURVE_STYLE('',#22,POSITIVE_LENGTH_MEASURE(2.E-2),#3484);
#4262=PRESENTATION_STYLE_ASSIGNMENT((#4261));
#4263=STYLED_ITEM('',(#4262),#4260);
#4264=DIRECTION('',(-1.E0,0.E0,0.E0));
#4265=VECTOR('',#4264,1.7E0);
#4266=CARTESIAN_POINT('',(8.5E-1,-1.385E1,-3.01E0));
#4267=LINE('',#4266,#4265);
#4268=CURVE_STYLE('',#22,POSITIVE_LENGTH_MEASURE(2.E-2),#3484);
#4269=PRESENTATION_STYLE_ASSIGNMENT((#4268));
#4270=STYLED_ITEM('',(#4269),#4267);
#4271=CARTESIAN_POINT('',(8.5E-1,-1.385E1,-2.56E0));
#4272=DIRECTION('',(0.E0,1.E0,0.E0));
#4273=DIRECTION('',(1.E0,0.E0,0.E0));
#4274=AXIS2_PLACEMENT_3D('',#4271,#4272,#4273);
#4276=CURVE_STYLE('',#22,POSITIVE_LENGTH_MEASURE(2.E-2),#3484);
#4277=PRESENTATION_STYLE_ASSIGNMENT((#4276));
#4278=STYLED_ITEM('',(#4277),#4275);
#4279=DIRECTION('',(0.E0,0.E0,-1.E0));
#4280=VECTOR('',#4279,1.7E0);
#4281=CARTESIAN_POINT('',(1.3E0,-1.385E1,-8.6E-1));
#4282=LINE('',#4281,#4280);
#4283=CURVE_STYLE('',#22,POSITIVE_LENGTH_MEASURE(2.E-2),#3484);
#4284=PRESENTATION_STYLE_ASSIGNMENT((#4283));
#4285=STYLED_ITEM('',(#4284),#4282);
#4286=CARTESIAN_POINT('',(8.5E-1,-1.385E1,-8.6E-1));
#4287=DIRECTION('',(0.E0,1.E0,0.E0));
#4288=DIRECTION('',(0.E0,0.E0,1.E0));
#4289=AXIS2_PLACEMENT_3D('',#4286,#4287,#4288);
#4291=CURVE_STYLE('',#22,POSITIVE_LENGTH_MEASURE(2.E-2),#3484);
#4292=PRESENTATION_STYLE_ASSIGNMENT((#4291));
#4293=STYLED_ITEM('',(#4292),#4290);
#4294=DIRECTION('',(1.E0,0.E0,0.E0));
#4295=VECTOR('',#4294,1.7E0);
#4296=CARTESIAN_POINT('',(-8.5E-1,-1.385E1,-4.1E-1));
#4297=LINE('',#4296,#4295);
#4298=CURVE_STYLE('',#22,POSITIVE_LENGTH_MEASURE(2.E-2),#3484);
#4299=PRESENTATION_STYLE_ASSIGNMENT((#4298));
#4300=STYLED_ITEM('',(#4299),#4297);
#4301=CARTESIAN_POINT('',(-8.5E-1,-1.385E1,-8.6E-1));
#4302=DIRECTION('',(0.E0,1.E0,0.E0));
#4303=DIRECTION('',(-1.E0,0.E0,0.E0));
#4304=AXIS2_PLACEMENT_3D('',#4301,#4302,#4303);
#4306=CURVE_STYLE('',#22,POSITIVE_LENGTH_MEASURE(2.E-2),#3484);
#4307=PRESENTATION_STYLE_ASSIGNMENT((#4306));
#4308=STYLED_ITEM('',(#4307),#4305);
#4309=DIRECTION('',(-6.162841671622E-2,-9.961946980917E-1,-6.162841671622E-2));
#4310=VECTOR('',#4309,7.026738862803E-1);
#4311=CARTESIAN_POINT('',(-8.092079475054E-1,-1.315E1,5.292823074173E0));
#4312=LINE('',#4311,#4310);
#4313=CURVE_STYLE('',#22,POSITIVE_LENGTH_MEASURE(2.E-2),#3484);
#4314=PRESENTATION_STYLE_ASSIGNMENT((#4313));
#4315=STYLED_ITEM('',(#4314),#4312);
#4316=DIRECTION('',(-6.162841671622E-2,-9.961946980917E-1,-6.162841671622E-2));
#4317=VECTOR('',#4316,7.026738862803E-1);
#4318=CARTESIAN_POINT('',(-2.082000153641E0,-1.315E1,6.565615280309E0));
#4319=LINE('',#4318,#4317);
#4320=CURVE_STYLE('',#22,POSITIVE_LENGTH_MEASURE(2.E-2),#3484);
#4321=PRESENTATION_STYLE_ASSIGNMENT((#4320));
#4322=STYLED_ITEM('',(#4321),#4319);
#4323=DIRECTION('',(6.162841671622E-2,-9.961946980917E-1,-6.162841671622E-2));
#4324=VECTOR('',#4323,7.026738862803E-1);
#4325=CARTESIAN_POINT('',(-2.946426971105E0,-1.315E1,6.565615280309E0));
#4326=LINE('',#4325,#4324);
#4327=CURVE_STYLE('',#22,POSITIVE_LENGTH_MEASURE(2.E-2),#3484);
#4328=PRESENTATION_STYLE_ASSIGNMENT((#4327));
#4329=STYLED_ITEM('',(#4328),#4326);
#4330=DIRECTION('',(6.162841671622E-2,-9.961946980917E-1,-6.162841671622E-2));
#4331=VECTOR('',#4330,7.026738862803E-1);
#4332=CARTESIAN_POINT('',(-5.845564773970E0,-1.315E1,3.666477477444E0));
#4333=LINE('',#4332,#4331);
#4334=CURVE_STYLE('',#22,POSITIVE_LENGTH_MEASURE(2.E-2),#3484);
#4335=PRESENTATION_STYLE_ASSIGNMENT((#4334));
#4336=STYLED_ITEM('',(#4335),#4333);
#4337=DIRECTION('',(6.162841671622E-2,-9.961946980917E-1,6.162841671622E-2));
#4338=VECTOR('',#4337,7.026738862803E-1);
#4339=CARTESIAN_POINT('',(-5.845564773970E0,-1.315E1,2.802050659980E0));
#4340=LINE('',#4339,#4338);
#4341=CURVE_STYLE('',#22,POSITIVE_LENGTH_MEASURE(2.E-2),#3484);
#4342=PRESENTATION_STYLE_ASSIGNMENT((#4341));
#4343=STYLED_ITEM('',(#4342),#4340);
#4344=DIRECTION('',(6.162841671622E-2,-9.961946980917E-1,6.162841671622E-2));
#4345=VECTOR('',#4344,7.026738862803E-1);
#4346=CARTESIAN_POINT('',(-4.572772567834E0,-1.315E1,1.529258453844E0));
#4347=LINE('',#4346,#4345);
#4348=CURVE_STYLE('',#22,POSITIVE_LENGTH_MEASURE(2.E-2),#3484);
#4349=PRESENTATION_STYLE_ASSIGNMENT((#4348));
#4350=STYLED_ITEM('',(#4349),#4347);
#4351=DIRECTION('',(-6.162841671622E-2,-9.961946980917E-1,6.162841671622E-2));
#4352=VECTOR('',#4351,7.026738862803E-1);
#4353=CARTESIAN_POINT('',(-3.708345750370E0,-1.315E1,1.529258453844E0));
#4354=LINE('',#4353,#4352);
#4355=CURVE_STYLE('',#22,POSITIVE_LENGTH_MEASURE(2.E-2),#3484);
#4356=PRESENTATION_STYLE_ASSIGNMENT((#4355));
#4357=STYLED_ITEM('',(#4356),#4354);
#4358=DIRECTION('',(-6.162841671622E-2,-9.961946980917E-1,6.162841671622E-2));
#4359=VECTOR('',#4358,7.026738862803E-1);
#4360=CARTESIAN_POINT('',(-8.092079475054E-1,-1.315E1,4.428396256709E0));
#4361=LINE('',#4360,#4359);
#4362=CURVE_STYLE('',#22,POSITIVE_LENGTH_MEASURE(2.E-2),#3484);
#4363=PRESENTATION_STYLE_ASSIGNMENT((#4362));
#4364=STYLED_ITEM('',(#4363),#4361);
#4365=DIRECTION('',(8.715574274766E-2,-9.961946980917E-1,0.E0));
#4366=VECTOR('',#4365,7.026738862803E-1);
#4367=CARTESIAN_POINT('',(-1.361242064468E0,-1.315E1,2.56E0));
#4368=LINE('',#4367,#4366);
#4369=CURVE_STYLE('',#22,POSITIVE_LENGTH_MEASURE(2.E-2),#3484);
#4370=PRESENTATION_STYLE_ASSIGNMENT((#4369));
#4371=STYLED_ITEM('',(#4370),#4368);
#4372=DIRECTION('',(8.715574274766E-2,-9.961946980917E-1,0.E0));
#4373=VECTOR('',#4372,7.026738862803E-1);
#4374=CARTESIAN_POINT('',(-1.361242064468E0,-1.315E1,8.6E-1));
#4375=LINE('',#4374,#4373);
#4376=CURVE_STYLE('',#22,POSITIVE_LENGTH_MEASURE(2.E-2),#3484);
#4377=PRESENTATION_STYLE_ASSIGNMENT((#4376));
#4378=STYLED_ITEM('',(#4377),#4375);
#4379=DIRECTION('',(0.E0,-9.961946980917E-1,8.715574274766E-2));
#4380=VECTOR('',#4379,7.026738862803E-1);
#4381=CARTESIAN_POINT('',(-8.5E-1,-1.315E1,3.487579355319E-1));
#4382=LINE('',#4381,#4380);
#4383=CURVE_STYLE('',#22,POSITIVE_LENGTH_MEASURE(2.E-2),#3484);
#4384=PRESENTATION_STYLE_ASSIGNMENT((#4383));
#4385=STYLED_ITEM('',(#4384),#4382);
#4386=DIRECTION('',(0.E0,-9.961946980917E-1,8.715574274766E-2));
#4387=VECTOR('',#4386,7.026738862803E-1);
#4388=CARTESIAN_POINT('',(8.5E-1,-1.315E1,3.487579355319E-1));
#4389=LINE('',#4388,#4387);
#4390=CURVE_STYLE('',#22,POSITIVE_LENGTH_MEASURE(2.E-2),#3484);
#4391=PRESENTATION_STYLE_ASSIGNMENT((#4390));
#4392=STYLED_ITEM('',(#4391),#4389);
#4393=DIRECTION('',(-8.715574274766E-2,-9.961946980917E-1,0.E0));
#4394=VECTOR('',#4393,7.026738862803E-1);
#4395=CARTESIAN_POINT('',(1.361242064468E0,-1.315E1,8.6E-1));
#4396=LINE('',#4395,#4394);
#4397=CURVE_STYLE('',#22,POSITIVE_LENGTH_MEASURE(2.E-2),#3484);
#4398=PRESENTATION_STYLE_ASSIGNMENT((#4397));
#4399=STYLED_ITEM('',(#4398),#4396);
#4400=DIRECTION('',(-8.715574274766E-2,-9.961946980917E-1,0.E0));
#4401=VECTOR('',#4400,7.026738862803E-1);
#4402=CARTESIAN_POINT('',(1.361242064468E0,-1.315E1,2.56E0));
#4403=LINE('',#4402,#4401);
#4404=CURVE_STYLE('',#22,POSITIVE_LENGTH_MEASURE(2.E-2),#3484);
#4405=PRESENTATION_STYLE_ASSIGNMENT((#4404));
#4406=STYLED_ITEM('',(#4405),#4403);
#4407=DIRECTION('',(0.E0,-9.961946980917E-1,-8.715574274766E-2));
#4408=VECTOR('',#4407,7.026738862803E-1);
#4409=CARTESIAN_POINT('',(8.5E-1,-1.315E1,3.071242064468E0));
#4410=LINE('',#4409,#4408);
#4411=CURVE_STYLE('',#22,POSITIVE_LENGTH_MEASURE(2.E-2),#3484);
#4412=PRESENTATION_STYLE_ASSIGNMENT((#4411));
#4413=STYLED_ITEM('',(#4412),#4410);
#4414=DIRECTION('',(0.E0,-9.961946980917E-1,-8.715574274766E-2));
#4415=VECTOR('',#4414,7.026738862803E-1);
#4416=CARTESIAN_POINT('',(-8.5E-1,-1.315E1,3.071242064468E0));
#4417=LINE('',#4416,#4415);
#4418=CURVE_STYLE('',#22,POSITIVE_LENGTH_MEASURE(2.E-2),#3484);
#4419=PRESENTATION_STYLE_ASSIGNMENT((#4418));
#4420=STYLED_ITEM('',(#4419),#4417);
#4421=DIRECTION('',(6.162841671622E-2,-9.961946980917E-1,-6.162841671622E-2));
#4422=VECTOR('',#4421,7.026738862803E-1);
#4423=CARTESIAN_POINT('',(8.092079475054E-1,-1.315E1,5.292823074173E0));
#4424=LINE('',#4423,#4422);
#4425=CURVE_STYLE('',#22,POSITIVE_LENGTH_MEASURE(2.E-2),#3484);
#4426=PRESENTATION_STYLE_ASSIGNMENT((#4425));
#4427=STYLED_ITEM('',(#4426),#4424);
#4428=DIRECTION('',(6.162841671622E-2,-9.961946980917E-1,6.162841671622E-2));
#4429=VECTOR('',#4428,7.026738862803E-1);
#4430=CARTESIAN_POINT('',(8.092079475054E-1,-1.315E1,4.428396256709E0));
#4431=LINE('',#4430,#4429);
#4432=CURVE_STYLE('',#22,POSITIVE_LENGTH_MEASURE(2.E-2),#3484);
#4433=PRESENTATION_STYLE_ASSIGNMENT((#4432));
#4434=STYLED_ITEM('',(#4433),#4431);
#4435=DIRECTION('',(6.162841671622E-2,-9.961946980917E-1,6.162841671622E-2));
#4436=VECTOR('',#4435,7.026738862803E-1);
#4437=CARTESIAN_POINT('',(3.708345750370E0,-1.315E1,1.529258453844E0));
#4438=LINE('',#4437,#4436);
#4439=CURVE_STYLE('',#22,POSITIVE_LENGTH_MEASURE(2.E-2),#3484);
#4440=PRESENTATION_STYLE_ASSIGNMENT((#4439));
#4441=STYLED_ITEM('',(#4440),#4438);
#4442=DIRECTION('',(-6.162841671622E-2,-9.961946980917E-1,6.162841671622E-2));
#4443=VECTOR('',#4442,7.026738862803E-1);
#4444=CARTESIAN_POINT('',(4.572772567834E0,-1.315E1,1.529258453844E0));
#4445=LINE('',#4444,#4443);
#4446=CURVE_STYLE('',#22,POSITIVE_LENGTH_MEASURE(2.E-2),#3484);
#4447=PRESENTATION_STYLE_ASSIGNMENT((#4446));
#4448=STYLED_ITEM('',(#4447),#4445);
#4449=DIRECTION('',(-6.162841671622E-2,-9.961946980917E-1,6.162841671622E-2));
#4450=VECTOR('',#4449,7.026738862803E-1);
#4451=CARTESIAN_POINT('',(5.845564773970E0,-1.315E1,2.802050659980E0));
#4452=LINE('',#4451,#4450);
#4453=CURVE_STYLE('',#22,POSITIVE_LENGTH_MEASURE(2.E-2),#3484);
#4454=PRESENTATION_STYLE_ASSIGNMENT((#4453));
#4455=STYLED_ITEM('',(#4454),#4452);
#4456=DIRECTION('',(-6.162841671622E-2,-9.961946980917E-1,-6.162841671622E-2));
#4457=VECTOR('',#4456,7.026738862803E-1);
#4458=CARTESIAN_POINT('',(5.845564773970E0,-1.315E1,3.666477477444E0));
#4459=LINE('',#4458,#4457);
#4460=CURVE_STYLE('',#22,POSITIVE_LENGTH_MEASURE(2.E-2),#3484);
#4461=PRESENTATION_STYLE_ASSIGNMENT((#4460));
#4462=STYLED_ITEM('',(#4461),#4459);
#4463=DIRECTION('',(-6.162841671622E-2,-9.961946980917E-1,-6.162841671622E-2));
#4464=VECTOR('',#4463,7.026738862803E-1);
#4465=CARTESIAN_POINT('',(2.946426971105E0,-1.315E1,6.565615280309E0));
#4466=LINE('',#4465,#4464);
#4467=CURVE_STYLE('',#22,POSITIVE_LENGTH_MEASURE(2.E-2),#3484);
#4468=PRESENTATION_STYLE_ASSIGNMENT((#4467));
#4469=STYLED_ITEM('',(#4468),#4466);
#4470=DIRECTION('',(6.162841671622E-2,-9.961946980917E-1,-6.162841671622E-2));
#4471=VECTOR('',#4470,7.026738862803E-1);
#4472=CARTESIAN_POINT('',(2.082000153641E0,-1.315E1,6.565615280309E0));
#4473=LINE('',#4472,#4471);
#4474=CURVE_STYLE('',#22,POSITIVE_LENGTH_MEASURE(2.E-2),#3484);
#4475=PRESENTATION_STYLE_ASSIGNMENT((#4474));
#4476=STYLED_ITEM('',(#4475),#4473);
#4477=DIRECTION('',(6.162841671622E-2,-9.961946980917E-1,6.162841671622E-2));
#4478=VECTOR('',#4477,7.026738862803E-1);
#4479=CARTESIAN_POINT('',(8.092079475054E-1,-1.315E1,-5.292823074173E0));
#4480=LINE('',#4479,#4478);
#4481=CURVE_STYLE('',#22,POSITIVE_LENGTH_MEASURE(2.E-2),#3484);
#4482=PRESENTATION_STYLE_ASSIGNMENT((#4481));
#4483=STYLED_ITEM('',(#4482),#4480);
#4484=DIRECTION('',(6.162841671622E-2,-9.961946980917E-1,6.162841671622E-2));
#4485=VECTOR('',#4484,7.026738862803E-1);
#4486=CARTESIAN_POINT('',(2.082000153641E0,-1.315E1,-6.565615280309E0));
#4487=LINE('',#4486,#4485);
#4488=CURVE_STYLE('',#22,POSITIVE_LENGTH_MEASURE(2.E-2),#3484);
#4489=PRESENTATION_STYLE_ASSIGNMENT((#4488));
#4490=STYLED_ITEM('',(#4489),#4487);
#4491=DIRECTION('',(-6.162841671622E-2,-9.961946980917E-1,6.162841671622E-2));
#4492=VECTOR('',#4491,7.026738862803E-1);
#4493=CARTESIAN_POINT('',(2.946426971105E0,-1.315E1,-6.565615280309E0));
#4494=LINE('',#4493,#4492);
#4495=CURVE_STYLE('',#22,POSITIVE_LENGTH_MEASURE(2.E-2),#3484);
#4496=PRESENTATION_STYLE_ASSIGNMENT((#4495));
#4497=STYLED_ITEM('',(#4496),#4494);
#4498=DIRECTION('',(-6.162841671622E-2,-9.961946980917E-1,6.162841671622E-2));
#4499=VECTOR('',#4498,7.026738862803E-1);
#4500=CARTESIAN_POINT('',(5.845564773970E0,-1.315E1,-3.666477477444E0));
#4501=LINE('',#4500,#4499);
#4502=CURVE_STYLE('',#22,POSITIVE_LENGTH_MEASURE(2.E-2),#3484);
#4503=PRESENTATION_STYLE_ASSIGNMENT((#4502));
#4504=STYLED_ITEM('',(#4503),#4501);
#4505=DIRECTION('',(-6.162841671622E-2,-9.961946980917E-1,-6.162841671622E-2));
#4506=VECTOR('',#4505,7.026738862803E-1);
#4507=CARTESIAN_POINT('',(5.845564773970E0,-1.315E1,-2.802050659980E0));
#4508=LINE('',#4507,#4506);
#4509=CURVE_STYLE('',#22,POSITIVE_LENGTH_MEASURE(2.E-2),#3484);
#4510=PRESENTATION_STYLE_ASSIGNMENT((#4509));
#4511=STYLED_ITEM('',(#4510),#4508);
#4512=DIRECTION('',(-6.162841671622E-2,-9.961946980917E-1,-6.162841671622E-2));
#4513=VECTOR('',#4512,7.026738862803E-1);
#4514=CARTESIAN_POINT('',(4.572772567834E0,-1.315E1,-1.529258453844E0));
#4515=LINE('',#4514,#4513);
#4516=CURVE_STYLE('',#22,POSITIVE_LENGTH_MEASURE(2.E-2),#3484);
#4517=PRESENTATION_STYLE_ASSIGNMENT((#4516));
#4518=STYLED_ITEM('',(#4517),#4515);
#4519=DIRECTION('',(6.162841671622E-2,-9.961946980917E-1,-6.162841671622E-2));
#4520=VECTOR('',#4519,7.026738862803E-1);
#4521=CARTESIAN_POINT('',(3.708345750370E0,-1.315E1,-1.529258453844E0));
#4522=LINE('',#4521,#4520);
#4523=CURVE_STYLE('',#22,POSITIVE_LENGTH_MEASURE(2.E-2),#3484);
#4524=PRESENTATION_STYLE_ASSIGNMENT((#4523));
#4525=STYLED_ITEM('',(#4524),#4522);
#4526=DIRECTION('',(6.162841671622E-2,-9.961946980917E-1,-6.162841671622E-2));
#4527=VECTOR('',#4526,7.026738862803E-1);
#4528=CARTESIAN_POINT('',(8.092079475054E-1,-1.315E1,-4.428396256709E0));
#4529=LINE('',#4528,#4527);
#4530=CURVE_STYLE('',#22,POSITIVE_LENGTH_MEASURE(2.E-2),#3484);
#4531=PRESENTATION_STYLE_ASSIGNMENT((#4530));
#4532=STYLED_ITEM('',(#4531),#4529);
#4533=DIRECTION('',(-6.162841671622E-2,-9.961946980917E-1,6.162841671622E-2));
#4534=VECTOR('',#4533,7.026738862803E-1);
#4535=CARTESIAN_POINT('',(-8.092079475054E-1,-1.315E1,-5.292823074173E0));
#4536=LINE('',#4535,#4534);
#4537=CURVE_STYLE('',#22,POSITIVE_LENGTH_MEASURE(2.E-2),#3484);
#4538=PRESENTATION_STYLE_ASSIGNMENT((#4537));
#4539=STYLED_ITEM('',(#4538),#4536);
#4540=DIRECTION('',(-6.162841671622E-2,-9.961946980917E-1,-6.162841671622E-2));
#4541=VECTOR('',#4540,7.026738862803E-1);
#4542=CARTESIAN_POINT('',(-8.092079475054E-1,-1.315E1,-4.428396256709E0));
#4543=LINE('',#4542,#4541);
#4544=CURVE_STYLE('',#22,POSITIVE_LENGTH_MEASURE(2.E-2),#3484);
#4545=PRESENTATION_STYLE_ASSIGNMENT((#4544));
#4546=STYLED_ITEM('',(#4545),#4543);
#4547=DIRECTION('',(-6.162841671622E-2,-9.961946980917E-1,-6.162841671622E-2));
#4548=VECTOR('',#4547,7.026738862803E-1);
#4549=CARTESIAN_POINT('',(-3.708345750370E0,-1.315E1,-1.529258453844E0));
#4550=LINE('',#4549,#4548);
#4551=CURVE_STYLE('',#22,POSITIVE_LENGTH_MEASURE(2.E-2),#3484);
#4552=PRESENTATION_STYLE_ASSIGNMENT((#4551));
#4553=STYLED_ITEM('',(#4552),#4550);
#4554=DIRECTION('',(6.162841671622E-2,-9.961946980917E-1,-6.162841671622E-2));
#4555=VECTOR('',#4554,7.026738862803E-1);
#4556=CARTESIAN_POINT('',(-4.572772567834E0,-1.315E1,-1.529258453844E0));
#4557=LINE('',#4556,#4555);
#4558=CURVE_STYLE('',#22,POSITIVE_LENGTH_MEASURE(2.E-2),#3484);
#4559=PRESENTATION_STYLE_ASSIGNMENT((#4558));
#4560=STYLED_ITEM('',(#4559),#4557);
#4561=DIRECTION('',(6.162841671622E-2,-9.961946980917E-1,-6.162841671622E-2));
#4562=VECTOR('',#4561,7.026738862803E-1);
#4563=CARTESIAN_POINT('',(-5.845564773970E0,-1.315E1,-2.802050659980E0));
#4564=LINE('',#4563,#4562);
#4565=CURVE_STYLE('',#22,POSITIVE_LENGTH_MEASURE(2.E-2),#3484);
#4566=PRESENTATION_STYLE_ASSIGNMENT((#4565));
#4567=STYLED_ITEM('',(#4566),#4564);
#4568=DIRECTION('',(6.162841671622E-2,-9.961946980917E-1,6.162841671622E-2));
#4569=VECTOR('',#4568,7.026738862803E-1);
#4570=CARTESIAN_POINT('',(-5.845564773970E0,-1.315E1,-3.666477477444E0));
#4571=LINE('',#4570,#4569);
#4572=CURVE_STYLE('',#22,POSITIVE_LENGTH_MEASURE(2.E-2),#3484);
#4573=PRESENTATION_STYLE_ASSIGNMENT((#4572));
#4574=STYLED_ITEM('',(#4573),#4571);
#4575=DIRECTION('',(6.162841671622E-2,-9.961946980917E-1,6.162841671622E-2));
#4576=VECTOR('',#4575,7.026738862803E-1);
#4577=CARTESIAN_POINT('',(-2.946426971105E0,-1.315E1,-6.565615280309E0));
#4578=LINE('',#4577,#4576);
#4579=CURVE_STYLE('',#22,POSITIVE_LENGTH_MEASURE(2.E-2),#3484);
#4580=PRESENTATION_STYLE_ASSIGNMENT((#4579));
#4581=STYLED_ITEM('',(#4580),#4578);
#4582=DIRECTION('',(-6.162841671622E-2,-9.961946980917E-1,6.162841671622E-2));
#4583=VECTOR('',#4582,7.026738862803E-1);
#4584=CARTESIAN_POINT('',(-2.082000153641E0,-1.315E1,-6.565615280309E0));
#4585=LINE('',#4584,#4583);
#4586=CURVE_STYLE('',#22,POSITIVE_LENGTH_MEASURE(2.E-2),#3484);
#4587=PRESENTATION_STYLE_ASSIGNMENT((#4586));
#4588=STYLED_ITEM('',(#4587),#4585);
#4589=DIRECTION('',(8.715574274766E-2,-9.961946980917E-1,0.E0));
#4590=VECTOR('',#4589,7.026738862803E-1);
#4591=CARTESIAN_POINT('',(-1.361242064468E0,-1.315E1,-2.56E0));
#4592=LINE('',#4591,#4590);
#4593=CURVE_STYLE('',#22,POSITIVE_LENGTH_MEASURE(2.E-2),#3484);
#4594=PRESENTATION_STYLE_ASSIGNMENT((#4593));
#4595=STYLED_ITEM('',(#4594),#4592);
#4596=DIRECTION('',(0.E0,-9.961946980917E-1,8.715574274766E-2));
#4597=VECTOR('',#4596,7.026738862803E-1);
#4598=CARTESIAN_POINT('',(-8.5E-1,-1.315E1,-3.071242064468E0));
#4599=LINE('',#4598,#4597);
#4600=CURVE_STYLE('',#22,POSITIVE_LENGTH_MEASURE(2.E-2),#3484);
#4601=PRESENTATION_STYLE_ASSIGNMENT((#4600));
#4602=STYLED_ITEM('',(#4601),#4599);
#4603=DIRECTION('',(0.E0,-9.961946980917E-1,8.715574274766E-2));
#4604=VECTOR('',#4603,7.026738862803E-1);
#4605=CARTESIAN_POINT('',(8.5E-1,-1.315E1,-3.071242064468E0));
#4606=LINE('',#4605,#4604);
#4607=CURVE_STYLE('',#22,POSITIVE_LENGTH_MEASURE(2.E-2),#3484);
#4608=PRESENTATION_STYLE_ASSIGNMENT((#4607));
#4609=STYLED_ITEM('',(#4608),#4606);
#4610=DIRECTION('',(-8.715574274766E-2,-9.961946980917E-1,0.E0));
#4611=VECTOR('',#4610,7.026738862803E-1);
#4612=CARTESIAN_POINT('',(1.361242064468E0,-1.315E1,-2.56E0));
#4613=LINE('',#4612,#4611);
#4614=CURVE_STYLE('',#22,POSITIVE_LENGTH_MEASURE(2.E-2),#3484);
#4615=PRESENTATION_STYLE_ASSIGNMENT((#4614));
#4616=STYLED_ITEM('',(#4615),#4613);
#4617=DIRECTION('',(-8.715574274766E-2,-9.961946980917E-1,0.E0));
#4618=VECTOR('',#4617,7.026738862803E-1);
#4619=CARTESIAN_POINT('',(1.361242064468E0,-1.315E1,-8.6E-1));
#4620=LINE('',#4619,#4618);
#4621=CURVE_STYLE('',#22,POSITIVE_LENGTH_MEASURE(2.E-2),#3484);
#4622=PRESENTATION_STYLE_ASSIGNMENT((#4621));
#4623=STYLED_ITEM('',(#4622),#4620);
#4624=DIRECTION('',(0.E0,-9.961946980917E-1,-8.715574274766E-2));
#4625=VECTOR('',#4624,7.026738862803E-1);
#4626=CARTESIAN_POINT('',(8.5E-1,-1.315E1,-3.487579355319E-1));
#4627=LINE('',#4626,#4625);
#4628=CURVE_STYLE('',#22,POSITIVE_LENGTH_MEASURE(2.E-2),#3484);
#4629=PRESENTATION_STYLE_ASSIGNMENT((#4628));
#4630=STYLED_ITEM('',(#4629),#4627);
#4631=DIRECTION('',(0.E0,-9.961946980917E-1,-8.715574274766E-2));
#4632=VECTOR('',#4631,7.026738862803E-1);
#4633=CARTESIAN_POINT('',(-8.5E-1,-1.315E1,-3.487579355319E-1));
#4634=LINE('',#4633,#4632);
#4635=CURVE_STYLE('',#22,POSITIVE_LENGTH_MEASURE(2.E-2),#3484);
#4636=PRESENTATION_STYLE_ASSIGNMENT((#4635));
#4637=STYLED_ITEM('',(#4636),#4634);
#4638=DIRECTION('',(8.715574274766E-2,-9.961946980917E-1,0.E0));
#4639=VECTOR('',#4638,7.026738862803E-1);
#4640=CARTESIAN_POINT('',(-1.361242064468E0,-1.315E1,-8.6E-1));
#4641=LINE('',#4640,#4639);
#4642=CURVE_STYLE('',#22,POSITIVE_LENGTH_MEASURE(2.E-2),#3484);
#4643=PRESENTATION_STYLE_ASSIGNMENT((#4642));
#4644=STYLED_ITEM('',(#4643),#4641);
#4645=DIRECTION('',(-7.071067811865E-1,0.E0,-7.071067811865E-1));
#4646=VECTOR('',#4645,4.1E0);
#4647=CARTESIAN_POINT('',(-1.064644660941E0,-1.385E1,4.683832970144E0));
#4648=LINE('',#4647,#4646);
#4649=CURVE_STYLE('',#22,POSITIVE_LENGTH_MEASURE(2.E-2),#3484);
#4650=PRESENTATION_STYLE_ASSIGNMENT((#4649));
#4651=STYLED_ITEM('',(#4650),#4648);
#4652=DIRECTION('',(2.467767077833E-2,-9.993908270191E-1,-2.467767077833E-2));
#4653=VECTOR('',#4652,5.386920311248E-1);
#4654=CARTESIAN_POINT('',(-1.064644660941E0,-1.385E1,4.683832970144E0));
#4655=LINE('',#4654,#4653);
#4656=CURVE_STYLE('',#22,POSITIVE_LENGTH_MEASURE(2.E-2),#3484);
#4657=PRESENTATION_STYLE_ASSIGNMENT((#4656));
#4658=STYLED_ITEM('',(#4657),#4655);
#4659=CARTESIAN_POINT('',(-4.603993017706E0,5.620120127290E1,4.603993017706E0));
#4660=DIRECTION('',(7.066760308408E-1,3.489949670250E-2,-7.066760308408E-1));
#4661=DIRECTION('',(5.026450704513E-2,-9.987354969431E-1,9.415292433153E-4));
#4662=AXIS2_PLACEMENT_3D('',#4659,#4660,#4661);
#4664=CURVE_STYLE('',#22,POSITIVE_LENGTH_MEASURE(2.E-2),#3484);
#4665=PRESENTATION_STYLE_ASSIGNMENT((#4664));
#4666=STYLED_ITEM('',(#4665),#4663);
#4667=CARTESIAN_POINT('',(-4.140559159102E0,-1.385E1,1.961471862576E0));
#4668=DIRECTION('',(0.E0,1.E0,0.E0));
#4669=DIRECTION('',(7.071067811866E-1,0.E0,-7.071067811865E-1));
#4670=AXIS2_PLACEMENT_3D('',#4667,#4668,#4669);
#4672=CURVE_STYLE('',#22,POSITIVE_LENGTH_MEASURE(2.E-2),#3484);
#4673=PRESENTATION_STYLE_ASSIGNMENT((#4672));
#4674=STYLED_ITEM('',(#4673),#4671);
#4675=DIRECTION('',(2.467767077835E-2,-9.993908270191E-1,-2.467767077835E-2));
#4676=VECTOR('',#4675,5.682405583404E-1);
#4677=CARTESIAN_POINT('',(-3.963782463806E0,-1.385E1,1.784695167280E0));
#4678=LINE('',#4677,#4676);
#4679=CURVE_STYLE('',#22,POSITIVE_LENGTH_MEASURE(2.E-2),#3484);
#4680=PRESENTATION_STYLE_ASSIGNMENT((#4679));
#4681=STYLED_ITEM('',(#4680),#4678);
#4682=CARTESIAN_POINT('',(-4.330808409927E0,-1.439560855974E1,
1.771222611752E0));
#4683=CARTESIAN_POINT('',(-4.296475460765E0,-1.439857025712E1,
1.736743397904E0));
#4684=CARTESIAN_POINT('',(-4.209662118668E0,-1.440499969682E1,
1.687803780309E0));
#4685=CARTESIAN_POINT('',(-4.063762081224E0,-1.441346109182E1,
1.690166618473E0));
#4686=CARTESIAN_POINT('',(-3.981944296245E0,-1.441690324537E1,
1.738536576666E0));
#4687=CARTESIAN_POINT('',(-3.949759610384E0,-1.441789440155E1,
1.770672313858E0));
#4689=CURVE_STYLE('',#22,POSITIVE_LENGTH_MEASURE(2.E-2),#3484);
#4690=PRESENTATION_STYLE_ASSIGNMENT((#4689));
#4691=STYLED_ITEM('',(#4690),#4688);
#4692=DIRECTION('',(-7.071067811865E-1,0.E0,7.071067811865E-1));
#4693=VECTOR('',#4692,1.8E0);
#4694=CARTESIAN_POINT('',(-4.317335854399E0,-1.385E1,1.784695167280E0));
#4695=LINE('',#4694,#4693);
#4696=CURVE_STYLE('',#22,POSITIVE_LENGTH_MEASURE(2.E-2),#3484);
#4697=PRESENTATION_STYLE_ASSIGNMENT((#4696));
#4698=STYLED_ITEM('',(#4697),#4695);
#4699=DIRECTION('',(-2.467767077835E-2,-9.993908270191E-1,-2.467767077833E-2));
#4700=VECTOR('',#4699,5.459411323285E-1);
#4701=CARTESIAN_POINT('',(-4.317335854399E0,-1.385E1,1.784695167280E0));
#4702=LINE('',#4701,#4700);
#4703=CURVE_STYLE('',#22,POSITIVE_LENGTH_MEASURE(2.E-2),#3484);
#4704=PRESENTATION_STYLE_ASSIGNMENT((#4703));
#4705=STYLED_ITEM('',(#4704),#4702);
#4706=CARTESIAN_POINT('',(4.684769556075E-1,5.640543549463E1,
4.684769556075E-1));
#4707=DIRECTION('',(-7.066760308408E-1,3.489949670250E-2,-7.066760308408E-1));
#4708=DIRECTION('',(-6.761892513286E-2,-9.975423698750E-1,1.835487041937E-2));
#4709=AXIS2_PLACEMENT_3D('',#4706,#4707,#4708);
#4711=CURVE_STYLE('',#22,POSITIVE_LENGTH_MEASURE(2.E-2),#3484);
#4712=PRESENTATION_STYLE_ASSIGNMENT((#4711));
#4713=STYLED_ITEM('',(#4712),#4710);
#4714=CARTESIAN_POINT('',(-5.413351365238E0,-1.385E1,3.234264068712E0));
#4715=DIRECTION('',(0.E0,1.E0,0.E0));
#4716=DIRECTION('',(-7.071067811866E-1,0.E0,-7.071067811865E-1));
#4717=AXIS2_PLACEMENT_3D('',#4714,#4715,#4716);
#4719=CURVE_STYLE('',#22,POSITIVE_LENGTH_MEASURE(2.E-2),#3484);
#4720=PRESENTATION_STYLE_ASSIGNMENT((#4719));
#4721=STYLED_ITEM('',(#4720),#4718);
#4722=DIRECTION('',(-2.467767077834E-2,-9.993908270191E-1,-2.467767077833E-2));
#4723=VECTOR('',#4722,4.133203729402E-1);
#4724=CARTESIAN_POINT('',(-5.590128060535E0,-1.385E1,3.057487373415E0));
#4725=LINE('',#4724,#4723);
#4726=CURVE_STYLE('',#22,POSITIVE_LENGTH_MEASURE(2.E-2),#3484);
#4727=PRESENTATION_STYLE_ASSIGNMENT((#4726));
#4728=STYLED_ITEM('',(#4727),#4725);
#4729=CARTESIAN_POINT('',(-5.599906653627E0,-1.424601128995E1,
3.420819357101E0));
#4730=CARTESIAN_POINT('',(-5.632405251146E0,-1.424501166035E1,
3.388271392449E0));
#4731=CARTESIAN_POINT('',(-5.680023618881E0,-1.424513466868E1,
3.305882006194E0));
#4732=CARTESIAN_POINT('',(-5.680338281417E0,-1.425165439993E1,
3.162867828181E0));
#4733=CARTESIAN_POINT('',(-5.632909248579E0,-1.425907444609E1,
3.080066245746E0));
#4734=CARTESIAN_POINT('',(-5.600327844624E0,-1.426306858934E1,
3.047287589326E0));
#4736=CURVE_STYLE('',#22,POSITIVE_LENGTH_MEASURE(2.E-2),#3484);
#4737=PRESENTATION_STYLE_ASSIGNMENT((#4736));
#4738=STYLED_ITEM('',(#4737),#4735);
#4739=DIRECTION('',(7.071067811865E-1,0.E0,7.071067811865E-1));
#4740=VECTOR('',#4739,4.1E0);
#4741=CARTESIAN_POINT('',(-5.590128060535E0,-1.385E1,3.411040764009E0));
#4742=LINE('',#4741,#4740);
#4743=CURVE_STYLE('',#22,POSITIVE_LENGTH_MEASURE(2.E-2),#3484);
#4744=PRESENTATION_STYLE_ASSIGNMENT((#4743));
#4745=STYLED_ITEM('',(#4744),#4742);
#4746=DIRECTION('',(-2.467767077832E-2,-9.993908270191E-1,2.467767077833E-2));
#4747=VECTOR('',#4746,3.962526763771E-1);
#4748=CARTESIAN_POINT('',(-5.590128060535E0,-1.385E1,3.411040764009E0));
#4749=LINE('',#4748,#4747);
#4750=CURVE_STYLE('',#22,POSITIVE_LENGTH_MEASURE(2.E-2),#3484);
#4751=PRESENTATION_STYLE_ASSIGNMENT((#4750));
#4752=STYLED_ITEM('',(#4751),#4749);
#4753=CARTESIAN_POINT('',(-2.761847860746E0,5.656496646124E1,2.761847860746E0));
#4754=DIRECTION('',(-7.066760308408E-1,3.489949670250E-2,7.066760308408E-1));
#4755=DIRECTION('',(-4.004547842289E-2,-9.991545942428E-1,9.298196677531E-3));
#4756=AXIS2_PLACEMENT_3D('',#4753,#4754,#4755);
#4758=CURVE_STYLE('',#22,POSITIVE_LENGTH_MEASURE(2.E-2),#3484);
#4759=PRESENTATION_STYLE_ASSIGNMENT((#4758));
#4760=STYLED_ITEM('',(#4759),#4757);
#4761=CARTESIAN_POINT('',(-2.514213562373E0,-1.385E1,6.133401871577E0));
#4762=DIRECTION('',(0.E0,1.E0,0.E0));
#4763=DIRECTION('',(-7.071067811865E-1,0.E0,7.071067811866E-1));
#4764=AXIS2_PLACEMENT_3D('',#4761,#4762,#4763);
#4766=CURVE_STYLE('',#22,POSITIVE_LENGTH_MEASURE(2.E-2),#3484);
#4767=PRESENTATION_STYLE_ASSIGNMENT((#4766));
#4768=STYLED_ITEM('',(#4767),#4765);
#4769=DIRECTION('',(-2.467767077834E-2,-9.993908270191E-1,2.467767077834E-2));
#4770=VECTOR('',#4769,3.667842524907E-1);
#4771=CARTESIAN_POINT('',(-2.690990257670E0,-1.385E1,6.310178566873E0));
#4772=LINE('',#4771,#4770);
#4773=CURVE_STYLE('',#22,POSITIVE_LENGTH_MEASURE(2.E-2),#3484);
#4774=PRESENTATION_STYLE_ASSIGNMENT((#4773));
#4775=STYLED_ITEM('',(#4774),#4772);
#4776=CARTESIAN_POINT('',(-2.328059361054E0,-1.422976815490E1,
6.319556072896E0));
#4777=CARTESIAN_POINT('',(-2.360697669990E0,-1.422579123762E1,
6.351997980078E0));
#4778=CARTESIAN_POINT('',(-2.443140459798E0,-1.421875924159E1,
6.399215608920E0));
#4779=CARTESIAN_POINT('',(-2.585419771366E0,-1.421371597442E1,
6.398986585339E0));
#4780=CARTESIAN_POINT('',(-2.667572458064E0,-1.421490471964E1,
6.351617341443E0));
#4781=CARTESIAN_POINT('',(-2.700041638699E0,-1.421656081743E1,
6.319229947903E0));
#4783=CURVE_STYLE('',#22,POSITIVE_LENGTH_MEASURE(2.E-2),#3484);
#4784=PRESENTATION_STYLE_ASSIGNMENT((#4783));
#4785=STYLED_ITEM('',(#4784),#4782);
#4786=DIRECTION('',(7.071067811865E-1,0.E0,-7.071067811865E-1));
#4787=VECTOR('',#4786,1.8E0);
#4788=CARTESIAN_POINT('',(-2.337436867076E0,-1.385E1,6.310178566873E0));
#4789=LINE('',#4788,#4787);
#4790=CURVE_STYLE('',#22,POSITIVE_LENGTH_MEASURE(2.E-2),#3484);
#4791=PRESENTATION_STYLE_ASSIGNMENT((#4790));
#4792=STYLED_ITEM('',(#4791),#4789);
#4793=DIRECTION('',(2.467767077834E-2,-9.993908270191E-1,2.467767077831E-2));
#4794=VECTOR('',#4793,3.799996404178E-1);
#4795=CARTESIAN_POINT('',(-2.337436867076E0,-1.385E1,6.310178566873E0));
#4796=LINE('',#4795,#4794);
#4797=CURVE_STYLE('',#22,POSITIVE_LENGTH_MEASURE(2.E-2),#3484);
#4798=PRESENTATION_STYLE_ASSIGNMENT((#4797));
#4799=STYLED_ITEM('',(#4798),#4796);
#4800=CARTESIAN_POINT('',(2.506965473094E-1,5.644095218431E1,
2.506965473094E-1));
#4801=DIRECTION('',(7.066760308408E-1,3.489949670250E-2,7.066760308408E-1));
#4802=DIRECTION('',(-3.633192478231E-2,-9.956751964577E-1,8.550376834151E-2));
#4803=AXIS2_PLACEMENT_3D('',#4800,#4801,#4802);
#4805=CURVE_STYLE('',#22,POSITIVE_LENGTH_MEASURE(2.E-2),#3484);
#4806=PRESENTATION_STYLE_ASSIGNMENT((#4805));
#4807=STYLED_ITEM('',(#4806),#4804);
#4808=CARTESIAN_POINT('',(-8.5E-1,-1.385E1,2.56E0));
#4809=DIRECTION('',(0.E0,1.E0,0.E0));
#4810=DIRECTION('',(-1.E0,0.E0,0.E0));
#4811=AXIS2_PLACEMENT_3D('',#4808,#4809,#4810);
#4813=CURVE_STYLE('',#22,POSITIVE_LENGTH_MEASURE(2.E-2),#3484);
#4814=PRESENTATION_STYLE_ASSIGNMENT((#4813));
#4815=STYLED_ITEM('',(#4814),#4812);
#4816=DIRECTION('',(-3.489949670250E-2,-9.993908270191E-1,0.E0));
#4817=VECTOR('',#4816,6.453294074609E-1);
#4818=CARTESIAN_POINT('',(-1.1E0,-1.385E1,2.56E0));
#4819=LINE('',#4818,#4817);
#4820=CURVE_STYLE('',#22,POSITIVE_LENGTH_MEASURE(2.E-2),#3484);
#4821=PRESENTATION_STYLE_ASSIGNMENT((#4820));
#4822=STYLED_ITEM('',(#4821),#4819);
#4823=CARTESIAN_POINT('',(-8.5E-1,-1.448837450871E1,2.832292529068E0));
#4824=CARTESIAN_POINT('',(-8.975206183602E-1,-1.448780572688E1,
2.832272666769E0));
#4825=CARTESIAN_POINT('',(-9.924798988825E-1,-1.448758611221E1,
2.806827666969E0));
#4826=CARTESIAN_POINT('',(-1.096921073247E0,-1.449010044141E1,
2.702489231006E0));
#4827=CARTESIAN_POINT('',(-1.122461784627E0,-1.449322135377E1,
2.607537708269E0));
#4828=CARTESIAN_POINT('',(-1.122521671528E0,-1.449493629022E1,2.56E0));
#4830=CURVE_STYLE('',#22,POSITIVE_LENGTH_MEASURE(2.E-2),#3484);
#4831=PRESENTATION_STYLE_ASSIGNMENT((#4830));
#4832=STYLED_ITEM('',(#4831),#4829);
#4833=DIRECTION('',(0.E0,0.E0,1.E0));
#4834=VECTOR('',#4833,1.7E0);
#4835=CARTESIAN_POINT('',(-1.1E0,-1.385E1,8.6E-1));
#4836=LINE('',#4835,#4834);
#4837=CURVE_STYLE('',#22,POSITIVE_LENGTH_MEASURE(2.E-2),#3484);
#4838=PRESENTATION_STYLE_ASSIGNMENT((#4837));
#4839=STYLED_ITEM('',(#4838),#4836);
#4840=DIRECTION('',(-3.489949670251E-2,-9.993908270191E-1,0.E0));
#4841=VECTOR('',#4840,6.863077176729E-1);
#4842=CARTESIAN_POINT('',(-1.1E0,-1.385E1,8.6E-1));
#4843=LINE('',#4842,#4841);
#4844=CURVE_STYLE('',#22,POSITIVE_LENGTH_MEASURE(2.E-2),#3484);
#4845=PRESENTATION_STYLE_ASSIGNMENT((#4844));
#4846=STYLED_ITEM('',(#4845),#4843);
#4847=CARTESIAN_POINT('',(1.352532433673E0,5.638133995523E1,0.E0));
#4848=DIRECTION('',(-9.993908270191E-1,3.489949670250E-2,0.E0));
#4849=DIRECTION('',(-3.489693395731E-2,-9.993174395988E-1,1.211853597482E-2));
#4850=AXIS2_PLACEMENT_3D('',#4847,#4848,#4849);
#4852=CURVE_STYLE('',#22,POSITIVE_LENGTH_MEASURE(2.E-2),#3484);
#4853=PRESENTATION_STYLE_ASSIGNMENT((#4852));
#4854=STYLED_ITEM('',(#4853),#4851);
#4855=CARTESIAN_POINT('',(-8.5E-1,-1.385E1,8.6E-1));
#4856=DIRECTION('',(0.E0,1.E0,0.E0));
#4857=DIRECTION('',(0.E0,0.E0,-1.E0));
#4858=AXIS2_PLACEMENT_3D('',#4855,#4856,#4857);
#4860=CURVE_STYLE('',#22,POSITIVE_LENGTH_MEASURE(2.E-2),#3484);
#4861=PRESENTATION_STYLE_ASSIGNMENT((#4860));
#4862=STYLED_ITEM('',(#4861),#4859);
#4863=DIRECTION('',(0.E0,-9.993908270191E-1,-3.489949670250E-2));
#4864=VECTOR('',#4863,6.929146372424E-1);
#4865=CARTESIAN_POINT('',(-8.5E-1,-1.385E1,6.1E-1));
#4866=LINE('',#4865,#4864);
#4867=CURVE_STYLE('',#22,POSITIVE_LENGTH_MEASURE(2.E-2),#3484);
#4868=PRESENTATION_STYLE_ASSIGNMENT((#4867));
#4869=STYLED_ITEM('',(#4868),#4866);
#4870=CARTESIAN_POINT('',(-1.123951793930E0,-1.453588963755E1,8.6E-1));
#4871=CARTESIAN_POINT('',(-1.123973830671E0,-1.453652068726E1,
8.078989880581E-1));
#4872=CARTESIAN_POINT('',(-1.094117477025E0,-1.453810583862E1,
7.065873919648E-1));
#4873=CARTESIAN_POINT('',(-9.793755042092E-1,-1.454071745104E1,
6.044531865554E-1));
#4874=CARTESIAN_POINT('',(-8.914024834799E-1,-1.454199652377E1,
5.858349489043E-1));
#4875=CARTESIAN_POINT('',(-8.5E-1,-1.454249253237E1,5.858176279024E-1));
#4877=CURVE_STYLE('',#22,POSITIVE_LENGTH_MEASURE(2.E-2),#3484);
#4878=PRESENTATION_STYLE_ASSIGNMENT((#4877));
#4879=STYLED_ITEM('',(#4878),#4876);
#4880=DIRECTION('',(-1.E0,0.E0,0.E0));
#4881=VECTOR('',#4880,1.7E0);
#4882=CARTESIAN_POINT('',(8.5E-1,-1.385E1,6.1E-1));
#4883=LINE('',#4882,#4881);
#4884=CURVE_STYLE('',#22,POSITIVE_LENGTH_MEASURE(2.E-2),#3484);
#4885=PRESENTATION_STYLE_ASSIGNMENT((#4884));
#4886=STYLED_ITEM('',(#4885),#4883);
#4887=DIRECTION('',(0.E0,-9.993908270191E-1,-3.489949670250E-2));
#4888=VECTOR('',#4887,6.929146372424E-1);
#4889=CARTESIAN_POINT('',(8.5E-1,-1.385E1,6.1E-1));
#4890=LINE('',#4889,#4888);
#4891=CURVE_STYLE('',#22,POSITIVE_LENGTH_MEASURE(2.E-2),#3484);
#4892=PRESENTATION_STYLE_ASSIGNMENT((#4891));
#4893=STYLED_ITEM('',(#4892),#4890);
#4894=CARTESIAN_POINT('',(0.E0,5.632169817018E1,3.060449696645E0));
#4895=DIRECTION('',(0.E0,3.489949670250E-2,-9.993908270191E-1));
#4896=DIRECTION('',(1.198660657926E-2,-9.993190288340E-1,-3.489698945463E-2));
#4897=AXIS2_PLACEMENT_3D('',#4894,#4895,#4896);
#4899=CURVE_STYLE('',#22,POSITIVE_LENGTH_MEASURE(2.E-2),#3484);
#4900=PRESENTATION_STYLE_ASSIGNMENT((#4899));
#4901=STYLED_ITEM('',(#4900),#4898);
#4902=CARTESIAN_POINT('',(0.E0,5.632169817018E1,3.060449696645E0));
#4903=DIRECTION('',(0.E0,3.489949670250E-2,-9.993908270191E-1));
#4904=DIRECTION('',(0.E0,-9.993908270191E-1,-3.489949670250E-2));
#4905=AXIS2_PLACEMENT_3D('',#4902,#4903,#4904);
#4907=CURVE_STYLE('',#22,POSITIVE_LENGTH_MEASURE(2.E-2),#3484);
#4908=PRESENTATION_STYLE_ASSIGNMENT((#4907));
#4909=STYLED_ITEM('',(#4908),#4906);
#4910=CARTESIAN_POINT('',(8.5E-1,-1.385E1,8.6E-1));
#4911=DIRECTION('',(0.E0,1.E0,0.E0));
#4912=DIRECTION('',(1.E0,0.E0,0.E0));
#4913=AXIS2_PLACEMENT_3D('',#4910,#4911,#4912);
#4915=CURVE_STYLE('',#22,POSITIVE_LENGTH_MEASURE(2.E-2),#3484);
#4916=PRESENTATION_STYLE_ASSIGNMENT((#4915));
#4917=STYLED_ITEM('',(#4916),#4914);
#4918=DIRECTION('',(3.489949670251E-2,-9.993908270191E-1,1.051488927523E-14));
#4919=VECTOR('',#4918,6.863077176729E-1);
#4920=CARTESIAN_POINT('',(1.1E0,-1.385E1,8.6E-1));
#4921=LINE('',#4920,#4919);
#4922=CURVE_STYLE('',#22,POSITIVE_LENGTH_MEASURE(2.E-2),#3484);
#4923=PRESENTATION_STYLE_ASSIGNMENT((#4922));
#4924=STYLED_ITEM('',(#4923),#4921);
#4925=CARTESIAN_POINT('',(8.5E-1,-1.454249253237E1,5.858176279024E-1));
#4926=CARTESIAN_POINT('',(8.904752808665E-1,-1.454200763181E1,
5.858345610030E-1));
#4927=CARTESIAN_POINT('',(9.772268170970E-1,-1.454075331018E1,
6.036172782903E-1));
#4928=CARTESIAN_POINT('',(1.092810518126E0,-1.453814998226E1,
7.042359767306E-1));
#4929=CARTESIAN_POINT('',(1.123974289004E0,-1.453653381219E1,
8.068153610214E-1));
#4930=CARTESIAN_POINT('',(1.123951793930E0,-1.453588963755E1,8.6E-1));
#4932=CURVE_STYLE('',#22,POSITIVE_LENGTH_MEASURE(2.E-2),#3484);
#4933=PRESENTATION_STYLE_ASSIGNMENT((#4932));
#4934=STYLED_ITEM('',(#4933),#4931);
#4935=DIRECTION('',(0.E0,0.E0,-1.E0));
#4936=VECTOR('',#4935,1.7E0);
#4937=CARTESIAN_POINT('',(1.1E0,-1.385E1,2.56E0));
#4938=LINE('',#4937,#4936);
#4939=CURVE_STYLE('',#22,POSITIVE_LENGTH_MEASURE(2.E-2),#3484);
#4940=PRESENTATION_STYLE_ASSIGNMENT((#4939));
#4941=STYLED_ITEM('',(#4940),#4938);
#4942=DIRECTION('',(3.489949670250E-2,-9.993908270191E-1,0.E0));
#4943=VECTOR('',#4942,6.453294074609E-1);
#4944=CARTESIAN_POINT('',(1.1E0,-1.385E1,2.56E0));
#4945=LINE('',#4944,#4943);
#4946=CURVE_STYLE('',#22,POSITIVE_LENGTH_MEASURE(2.E-2),#3484);
#4947=PRESENTATION_STYLE_ASSIGNMENT((#4946));
#4948=STYLED_ITEM('',(#4947),#4945);
#4949=CARTESIAN_POINT('',(-1.352532433673E0,5.638133995523E1,0.E0));
#4950=DIRECTION('',(9.993908270191E-1,3.489949670250E-2,0.E0));
#4951=DIRECTION('',(3.487678164362E-2,-9.987403528395E-1,3.607378150645E-2));
#4952=AXIS2_PLACEMENT_3D('',#4949,#4950,#4951);
#4954=CURVE_STYLE('',#22,POSITIVE_LENGTH_MEASURE(2.E-2),#3484);
#4955=PRESENTATION_STYLE_ASSIGNMENT((#4954));
#4956=STYLED_ITEM('',(#4955),#4953);
#4957=CARTESIAN_POINT('',(8.5E-1,-1.385E1,2.56E0));
#4958=DIRECTION('',(0.E0,1.E0,0.E0));
#4959=DIRECTION('',(0.E0,0.E0,1.E0));
#4960=AXIS2_PLACEMENT_3D('',#4957,#4958,#4959);
#4962=CURVE_STYLE('',#22,POSITIVE_LENGTH_MEASURE(2.E-2),#3484);
#4963=PRESENTATION_STYLE_ASSIGNMENT((#4962));
#4964=STYLED_ITEM('',(#4963),#4961);
#4965=DIRECTION('',(0.E0,-9.993908270191E-1,3.489949670249E-2));
#4966=VECTOR('',#4965,6.387636262474E-1);
#4967=CARTESIAN_POINT('',(8.5E-1,-1.385E1,2.81E0));
#4968=LINE('',#4967,#4966);
#4969=CURVE_STYLE('',#22,POSITIVE_LENGTH_MEASURE(2.E-2),#3484);
#4970=PRESENTATION_STYLE_ASSIGNMENT((#4969));
#4971=STYLED_ITEM('',(#4970),#4968);
#4972=CARTESIAN_POINT('',(1.122521671528E0,-1.449493629022E1,2.56E0));
#4973=CARTESIAN_POINT('',(1.122461787545E0,-1.449322143731E1,2.607535392384E0));
#4974=CARTESIAN_POINT('',(1.096921999099E0,-1.449010067043E1,2.702482578174E0));
#4975=CARTESIAN_POINT('',(9.924986817912E-1,-1.448758629619E1,
2.806816333370E0));
#4976=CARTESIAN_POINT('',(8.975296934545E-1,-1.448780561826E1,
2.832272662976E0));
#4977=CARTESIAN_POINT('',(8.5E-1,-1.448837450871E1,2.832292529068E0));
#4979=CURVE_STYLE('',#22,POSITIVE_LENGTH_MEASURE(2.E-2),#3484);
#4980=PRESENTATION_STYLE_ASSIGNMENT((#4979));
#4981=STYLED_ITEM('',(#4980),#4978);
#4982=DIRECTION('',(1.E0,0.E0,0.E0));
#4983=VECTOR('',#4982,1.7E0);
#4984=CARTESIAN_POINT('',(-8.5E-1,-1.385E1,2.81E0));
#4985=LINE('',#4984,#4983);
#4986=CURVE_STYLE('',#22,POSITIVE_LENGTH_MEASURE(2.E-2),#3484);
#4987=PRESENTATION_STYLE_ASSIGNMENT((#4986));
#4988=STYLED_ITEM('',(#4987),#4985);
#4989=DIRECTION('',(0.E0,-9.993908270191E-1,3.489949670249E-2));
#4990=VECTOR('',#4989,6.387636262474E-1);
#4991=CARTESIAN_POINT('',(-8.5E-1,-1.385E1,2.81E0));
#4992=LINE('',#4991,#4990);
#4993=CURVE_STYLE('',#22,POSITIVE_LENGTH_MEASURE(2.E-2),#3484);
#4994=PRESENTATION_STYLE_ASSIGNMENT((#4993));
#4995=STYLED_ITEM('',(#4994),#4992);
#4996=CARTESIAN_POINT('',(0.E0,5.644098174028E1,3.553848292991E-1));
#4997=DIRECTION('',(0.E0,3.489949670250E-2,9.993908270191E-1));
#4998=DIRECTION('',(-1.197559559968E-2,-9.993191606868E-1,3.489699405903E-2));
#4999=AXIS2_PLACEMENT_3D('',#4996,#4997,#4998);
#5001=CURVE_STYLE('',#22,POSITIVE_LENGTH_MEASURE(2.E-2),#3484);
#5002=PRESENTATION_STYLE_ASSIGNMENT((#5001));
#5003=STYLED_ITEM('',(#5002),#5000);
#5004=CARTESIAN_POINT('',(0.E0,5.644098174028E1,3.553848292991E-1));
#5005=DIRECTION('',(0.E0,3.489949670250E-2,9.993908270191E-1));
#5006=DIRECTION('',(0.E0,-9.993908270191E-1,3.489949670250E-2));
#5007=AXIS2_PLACEMENT_3D('',#5004,#5005,#5006);
#5009=CURVE_STYLE('',#22,POSITIVE_LENGTH_MEASURE(2.E-2),#3484);
#5010=PRESENTATION_STYLE_ASSIGNMENT((#5009));
#5011=STYLED_ITEM('',(#5010),#5008);
#5012=CARTESIAN_POINT('',(0.E0,5.642857142857E1,0.E0));
#5013=DIRECTION('',(-1.E0,0.E0,0.E0));
#5014=DIRECTION('',(0.E0,-9.992034387265E-1,3.990598998949E-2));
#5015=AXIS2_PLACEMENT_3D('',#5012,#5013,#5014);
#5017=CURVE_STYLE('',#22,POSITIVE_LENGTH_MEASURE(2.E-2),#3484);
#5018=PRESENTATION_STYLE_ASSIGNMENT((#5017));
#5019=STYLED_ITEM('',(#5018),#5016);
#5020=CARTESIAN_POINT('',(0.E0,5.642857142857E1,0.E0));
#5021=DIRECTION('',(1.E0,0.E0,0.E0));
#5022=DIRECTION('',(0.E0,-9.992034387265E-1,-3.990598998949E-2));
#5023=AXIS2_PLACEMENT_3D('',#5020,#5021,#5022);
#5025=CURVE_STYLE('',#22,POSITIVE_LENGTH_MEASURE(2.E-2),#3484);
#5026=PRESENTATION_STYLE_ASSIGNMENT((#5025));
#5027=STYLED_ITEM('',(#5026),#5024);
#5028=CARTESIAN_POINT('',(0.E0,5.642857142857E1,0.E0));
#5029=DIRECTION('',(1.E0,0.E0,0.E0));
#5030=DIRECTION('',(0.E0,-1.E0,0.E0));
#5031=AXIS2_PLACEMENT_3D('',#5028,#5029,#5030);
#5033=CURVE_STYLE('',#22,POSITIVE_LENGTH_MEASURE(2.E-2),#3484);
#5034=PRESENTATION_STYLE_ASSIGNMENT((#5033));
#5035=STYLED_ITEM('',(#5034),#5032);
#5036=CARTESIAN_POINT('',(0.E0,5.642857142857E1,0.E0));
#5037=DIRECTION('',(-1.E0,0.E0,0.E0));
#5038=DIRECTION('',(0.E0,-1.E0,0.E0));
#5039=AXIS2_PLACEMENT_3D('',#5036,#5037,#5038);
#5041=CURVE_STYLE('',#22,POSITIVE_LENGTH_MEASURE(2.E-2),#3484);
#5042=PRESENTATION_STYLE_ASSIGNMENT((#5041));
#5043=STYLED_ITEM('',(#5042),#5040);
#5044=DIRECTION('',(-1.E0,0.E0,0.E0));
#5045=VECTOR('',#5044,1.7E0);
#5046=CARTESIAN_POINT('',(8.5E-1,-1.385E1,-2.81E0));
#5047=LINE('',#5046,#5045);
#5048=CURVE_STYLE('',#22,POSITIVE_LENGTH_MEASURE(2.E-2),#3484);
#5049=PRESENTATION_STYLE_ASSIGNMENT((#5048));
#5050=STYLED_ITEM('',(#5049),#5047);
#5051=DIRECTION('',(0.E0,-9.993908270191E-1,-3.489949670249E-2));
#5052=VECTOR('',#5051,6.387636262474E-1);
#5053=CARTESIAN_POINT('',(8.5E-1,-1.385E1,-2.81E0));
#5054=LINE('',#5053,#5052);
#5055=CURVE_STYLE('',#22,POSITIVE_LENGTH_MEASURE(2.E-2),#3484);
#5056=PRESENTATION_STYLE_ASSIGNMENT((#5055));
#5057=STYLED_ITEM('',(#5056),#5054);
#5058=CARTESIAN_POINT('',(0.E0,5.644098174028E1,-3.553848292991E-1));
#5059=DIRECTION('',(0.E0,3.489949670250E-2,-9.993908270191E-1));
#5060=DIRECTION('',(1.197559559968E-2,-9.993191606868E-1,-3.489699405903E-2));
#5061=AXIS2_PLACEMENT_3D('',#5058,#5059,#5060);
#5063=CURVE_STYLE('',#22,POSITIVE_LENGTH_MEASURE(2.E-2),#3484);
#5064=PRESENTATION_STYLE_ASSIGNMENT((#5063));
#5065=STYLED_ITEM('',(#5064),#5062);
#5066=CARTESIAN_POINT('',(0.E0,5.644098174028E1,-3.553848292991E-1));
#5067=DIRECTION('',(0.E0,3.489949670250E-2,-9.993908270191E-1));
#5068=DIRECTION('',(0.E0,-9.993908270191E-1,-3.489949670250E-2));
#5069=AXIS2_PLACEMENT_3D('',#5066,#5067,#5068);
#5071=CURVE_STYLE('',#22,POSITIVE_LENGTH_MEASURE(2.E-2),#3484);
#5072=PRESENTATION_STYLE_ASSIGNMENT((#5071));
#5073=STYLED_ITEM('',(#5072),#5070);
#5074=CARTESIAN_POINT('',(8.5E-1,-1.385E1,-2.56E0));
#5075=DIRECTION('',(0.E0,1.E0,0.E0));
#5076=DIRECTION('',(1.E0,0.E0,0.E0));
#5077=AXIS2_PLACEMENT_3D('',#5074,#5075,#5076);
#5079=CURVE_STYLE('',#22,POSITIVE_LENGTH_MEASURE(2.E-2),#3484);
#5080=PRESENTATION_STYLE_ASSIGNMENT((#5079));
#5081=STYLED_ITEM('',(#5080),#5078);
#5082=DIRECTION('',(3.489949670250E-2,-9.993908270191E-1,0.E0));
#5083=VECTOR('',#5082,6.453294074609E-1);
#5084=CARTESIAN_POINT('',(1.1E0,-1.385E1,-2.56E0));
#5085=LINE('',#5084,#5083);
#5086=CURVE_STYLE('',#22,POSITIVE_LENGTH_MEASURE(2.E-2),#3484);
#5087=PRESENTATION_STYLE_ASSIGNMENT((#5086));
#5088=STYLED_ITEM('',(#5087),#5085);
#5089=CARTESIAN_POINT('',(8.5E-1,-1.448837450871E1,-2.832292529068E0));
#5090=CARTESIAN_POINT('',(8.975206183603E-1,-1.448780572688E1,
-2.832272666769E0));
#5091=CARTESIAN_POINT('',(9.924798988825E-1,-1.448758611221E1,
-2.806827666969E0));
#5092=CARTESIAN_POINT('',(1.096921073247E0,-1.449010044141E1,
-2.702489231006E0));
#5093=CARTESIAN_POINT('',(1.122461784627E0,-1.449322135377E1,
-2.607537708269E0));
#5094=CARTESIAN_POINT('',(1.122521671528E0,-1.449493629022E1,-2.56E0));
#5096=CURVE_STYLE('',#22,POSITIVE_LENGTH_MEASURE(2.E-2),#3484);
#5097=PRESENTATION_STYLE_ASSIGNMENT((#5096));
#5098=STYLED_ITEM('',(#5097),#5095);
#5099=DIRECTION('',(0.E0,0.E0,-1.E0));
#5100=VECTOR('',#5099,1.7E0);
#5101=CARTESIAN_POINT('',(1.1E0,-1.385E1,-8.6E-1));
#5102=LINE('',#5101,#5100);
#5103=CURVE_STYLE('',#22,POSITIVE_LENGTH_MEASURE(2.E-2),#3484);
#5104=PRESENTATION_STYLE_ASSIGNMENT((#5103));
#5105=STYLED_ITEM('',(#5104),#5102);
#5106=DIRECTION('',(3.489949670251E-2,-9.993908270191E-1,-1.019135422060E-14));
#5107=VECTOR('',#5106,6.863077176729E-1);
#5108=CARTESIAN_POINT('',(1.1E0,-1.385E1,-8.6E-1));
#5109=LINE('',#5108,#5107);
#5110=CURVE_STYLE('',#22,POSITIVE_LENGTH_MEASURE(2.E-2),#3484);
#5111=PRESENTATION_STYLE_ASSIGNMENT((#5110));
#5112=STYLED_ITEM('',(#5111),#5109);
#5113=CARTESIAN_POINT('',(-1.352532433673E0,5.638133995523E1,0.E0));
#5114=DIRECTION('',(9.993908270191E-1,3.489949670250E-2,0.E0));
#5115=DIRECTION('',(3.489693395731E-2,-9.993174395988E-1,-1.211853597482E-2));
#5116=AXIS2_PLACEMENT_3D('',#5113,#5114,#5115);
#5118=CURVE_STYLE('',#22,POSITIVE_LENGTH_MEASURE(2.E-2),#3484);
#5119=PRESENTATION_STYLE_ASSIGNMENT((#5118));
#5120=STYLED_ITEM('',(#5119),#5117);
#5121=CARTESIAN_POINT('',(8.5E-1,-1.385E1,-8.6E-1));
#5122=DIRECTION('',(0.E0,1.E0,0.E0));
#5123=DIRECTION('',(0.E0,0.E0,1.E0));
#5124=AXIS2_PLACEMENT_3D('',#5121,#5122,#5123);
#5126=CURVE_STYLE('',#22,POSITIVE_LENGTH_MEASURE(2.E-2),#3484);
#5127=PRESENTATION_STYLE_ASSIGNMENT((#5126));
#5128=STYLED_ITEM('',(#5127),#5125);
#5129=DIRECTION('',(0.E0,-9.993908270191E-1,3.489949670250E-2));
#5130=VECTOR('',#5129,6.929146372424E-1);
#5131=CARTESIAN_POINT('',(8.5E-1,-1.385E1,-6.1E-1));
#5132=LINE('',#5131,#5130);
#5133=CURVE_STYLE('',#22,POSITIVE_LENGTH_MEASURE(2.E-2),#3484);
#5134=PRESENTATION_STYLE_ASSIGNMENT((#5133));
#5135=STYLED_ITEM('',(#5134),#5132);
#5136=CARTESIAN_POINT('',(1.123951793930E0,-1.453588963755E1,-8.6E-1));
#5137=CARTESIAN_POINT('',(1.123973830671E0,-1.453652068726E1,
-8.078989880581E-1));
#5138=CARTESIAN_POINT('',(1.094117477025E0,-1.453810583862E1,
-7.065873919648E-1));
#5139=CARTESIAN_POINT('',(9.793755042092E-1,-1.454071745104E1,
-6.044531865554E-1));
#5140=CARTESIAN_POINT('',(8.914024834799E-1,-1.454199652377E1,
-5.858349489043E-1));
#5141=CARTESIAN_POINT('',(8.5E-1,-1.454249253237E1,-5.858176279024E-1));
#5143=CURVE_STYLE('',#22,POSITIVE_LENGTH_MEASURE(2.E-2),#3484);
#5144=PRESENTATION_STYLE_ASSIGNMENT((#5143));
#5145=STYLED_ITEM('',(#5144),#5142);
#5146=DIRECTION('',(1.E0,0.E0,0.E0));
#5147=VECTOR('',#5146,1.7E0);
#5148=CARTESIAN_POINT('',(-8.5E-1,-1.385E1,-6.1E-1));
#5149=LINE('',#5148,#5147);
#5150=CURVE_STYLE('',#22,POSITIVE_LENGTH_MEASURE(2.E-2),#3484);
#5151=PRESENTATION_STYLE_ASSIGNMENT((#5150));
#5152=STYLED_ITEM('',(#5151),#5149);
#5153=DIRECTION('',(0.E0,-9.993908270191E-1,3.489949670250E-2));
#5154=VECTOR('',#5153,6.929146372424E-1);
#5155=CARTESIAN_POINT('',(-8.5E-1,-1.385E1,-6.1E-1));
#5156=LINE('',#5155,#5154);
#5157=CURVE_STYLE('',#22,POSITIVE_LENGTH_MEASURE(2.E-2),#3484);
#5158=PRESENTATION_STYLE_ASSIGNMENT((#5157));
#5159=STYLED_ITEM('',(#5158),#5156);
#5160=CARTESIAN_POINT('',(0.E0,5.632169817018E1,-3.060449696645E0));
#5161=DIRECTION('',(0.E0,3.489949670250E-2,9.993908270191E-1));
#5162=DIRECTION('',(-1.198660657926E-2,-9.993190288340E-1,3.489698945463E-2));
#5163=AXIS2_PLACEMENT_3D('',#5160,#5161,#5162);
#5165=CURVE_STYLE('',#22,POSITIVE_LENGTH_MEASURE(2.E-2),#3484);
#5166=PRESENTATION_STYLE_ASSIGNMENT((#5165));
#5167=STYLED_ITEM('',(#5166),#5164);
#5168=CARTESIAN_POINT('',(0.E0,5.632169817018E1,-3.060449696645E0));
#5169=DIRECTION('',(0.E0,3.489949670250E-2,9.993908270191E-1));
#5170=DIRECTION('',(0.E0,-9.993908270191E-1,3.489949670250E-2));
#5171=AXIS2_PLACEMENT_3D('',#5168,#5169,#5170);
#5173=CURVE_STYLE('',#22,POSITIVE_LENGTH_MEASURE(2.E-2),#3484);
#5174=PRESENTATION_STYLE_ASSIGNMENT((#5173));
#5175=STYLED_ITEM('',(#5174),#5172);
#5176=CARTESIAN_POINT('',(-8.5E-1,-1.385E1,-8.6E-1));
#5177=DIRECTION('',(0.E0,1.E0,0.E0));
#5178=DIRECTION('',(-1.E0,0.E0,0.E0));
#5179=AXIS2_PLACEMENT_3D('',#5176,#5177,#5178);
#5181=CURVE_STYLE('',#22,POSITIVE_LENGTH_MEASURE(2.E-2),#3484);
#5182=PRESENTATION_STYLE_ASSIGNMENT((#5181));
#5183=STYLED_ITEM('',(#5182),#5180);
#5184=DIRECTION('',(-3.489949670251E-2,-9.993908270191E-1,-1.035312174791E-14));
#5185=VECTOR('',#5184,6.863077176729E-1);
#5186=CARTESIAN_POINT('',(-1.1E0,-1.385E1,-8.6E-1));
#5187=LINE('',#5186,#5185);
#5188=CURVE_STYLE('',#22,POSITIVE_LENGTH_MEASURE(2.E-2),#3484);
#5189=PRESENTATION_STYLE_ASSIGNMENT((#5188));
#5190=STYLED_ITEM('',(#5189),#5187);
#5191=CARTESIAN_POINT('',(-8.5E-1,-1.454249253237E1,-5.858176279024E-1));
#5192=CARTESIAN_POINT('',(-8.904752808665E-1,-1.454200763181E1,
-5.858345610030E-1));
#5193=CARTESIAN_POINT('',(-9.772268170970E-1,-1.454075331018E1,
-6.036172782903E-1));
#5194=CARTESIAN_POINT('',(-1.092810518126E0,-1.453814998226E1,
-7.042359767306E-1));
#5195=CARTESIAN_POINT('',(-1.123974289004E0,-1.453653381219E1,
-8.068153610214E-1));
#5196=CARTESIAN_POINT('',(-1.123951793930E0,-1.453588963755E1,-8.6E-1));
#5198=CURVE_STYLE('',#22,POSITIVE_LENGTH_MEASURE(2.E-2),#3484);
#5199=PRESENTATION_STYLE_ASSIGNMENT((#5198));
#5200=STYLED_ITEM('',(#5199),#5197);
#5201=DIRECTION('',(0.E0,0.E0,1.E0));
#5202=VECTOR('',#5201,1.7E0);
#5203=CARTESIAN_POINT('',(-1.1E0,-1.385E1,-2.56E0));
#5204=LINE('',#5203,#5202);
#5205=CURVE_STYLE('',#22,POSITIVE_LENGTH_MEASURE(2.E-2),#3484);
#5206=PRESENTATION_STYLE_ASSIGNMENT((#5205));
#5207=STYLED_ITEM('',(#5206),#5204);
#5208=DIRECTION('',(-3.489949670250E-2,-9.993908270191E-1,0.E0));
#5209=VECTOR('',#5208,6.453294074609E-1);
#5210=CARTESIAN_POINT('',(-1.1E0,-1.385E1,-2.56E0));
#5211=LINE('',#5210,#5209);
#5212=CURVE_STYLE('',#22,POSITIVE_LENGTH_MEASURE(2.E-2),#3484);
#5213=PRESENTATION_STYLE_ASSIGNMENT((#5212));
#5214=STYLED_ITEM('',(#5213),#5211);
#5215=CARTESIAN_POINT('',(1.352532433673E0,5.638133995523E1,0.E0));
#5216=DIRECTION('',(-9.993908270191E-1,3.489949670250E-2,0.E0));
#5217=DIRECTION('',(-3.487678164362E-2,-9.987403528395E-1,-3.607378150645E-2));
#5218=AXIS2_PLACEMENT_3D('',#5215,#5216,#5217);
#5220=CURVE_STYLE('',#22,POSITIVE_LENGTH_MEASURE(2.E-2),#3484);
#5221=PRESENTATION_STYLE_ASSIGNMENT((#5220));
#5222=STYLED_ITEM('',(#5221),#5219);
#5223=CARTESIAN_POINT('',(-8.5E-1,-1.385E1,-2.56E0));
#5224=DIRECTION('',(0.E0,1.E0,0.E0));
#5225=DIRECTION('',(0.E0,0.E0,-1.E0));
#5226=AXIS2_PLACEMENT_3D('',#5223,#5224,#5225);
#5228=CURVE_STYLE('',#22,POSITIVE_LENGTH_MEASURE(2.E-2),#3484);
#5229=PRESENTATION_STYLE_ASSIGNMENT((#5228));
#5230=STYLED_ITEM('',(#5229),#5227);
#5231=DIRECTION('',(0.E0,-9.993908270191E-1,-3.489949670249E-2));
#5232=VECTOR('',#5231,6.387636262474E-1);
#5233=CARTESIAN_POINT('',(-8.5E-1,-1.385E1,-2.81E0));
#5234=LINE('',#5233,#5232);
#5235=CURVE_STYLE('',#22,POSITIVE_LENGTH_MEASURE(2.E-2),#3484);
#5236=PRESENTATION_STYLE_ASSIGNMENT((#5235));
#5237=STYLED_ITEM('',(#5236),#5234);
#5238=CARTESIAN_POINT('',(-1.122521671528E0,-1.449493629022E1,-2.56E0));
#5239=CARTESIAN_POINT('',(-1.122461787545E0,-1.449322143731E1,
-2.607535392384E0));
#5240=CARTESIAN_POINT('',(-1.096921999099E0,-1.449010067043E1,
-2.702482578174E0));
#5241=CARTESIAN_POINT('',(-9.924986817912E-1,-1.448758629619E1,
-2.806816333370E0));
#5242=CARTESIAN_POINT('',(-8.975296934545E-1,-1.448780561826E1,
-2.832272662976E0));
#5243=CARTESIAN_POINT('',(-8.5E-1,-1.448837450871E1,-2.832292529068E0));
#5245=CURVE_STYLE('',#22,POSITIVE_LENGTH_MEASURE(2.E-2),#3484);
#5246=PRESENTATION_STYLE_ASSIGNMENT((#5245));
#5247=STYLED_ITEM('',(#5246),#5244);
#5248=DIRECTION('',(7.071067811865E-1,0.E0,7.071067811865E-1));
#5249=VECTOR('',#5248,1.8E0);
#5250=CARTESIAN_POINT('',(1.064644660941E0,-1.385E1,5.037386360738E0));
#5251=LINE('',#5250,#5249);
#5252=CURVE_STYLE('',#22,POSITIVE_LENGTH_MEASURE(2.E-2),#3484);
#5253=PRESENTATION_STYLE_ASSIGNMENT((#5252));
#5254=STYLED_ITEM('',(#5253),#5251);
#5255=DIRECTION('',(-2.467767077834E-2,-9.993908270191E-1,2.467767077835E-2));
#5256=VECTOR('',#5255,5.126162485642E-1);
#5257=CARTESIAN_POINT('',(1.064644660941E0,-1.385E1,5.037386360738E0));
#5258=LINE('',#5257,#5256);
#5259=CURVE_STYLE('',#22,POSITIVE_LENGTH_MEASURE(2.E-2),#3484);
#5260=PRESENTATION_STYLE_ASSIGNMENT((#5259));
#5261=STYLED_ITEM('',(#5260),#5258);
#5262=CARTESIAN_POINT('',(-2.506965473094E-1,5.644095218431E1,
2.506965473094E-1));
#5263=DIRECTION('',(-7.066760308408E-1,3.489949670250E-2,7.066760308408E-1));
#5264=DIRECTION('',(1.835352949866E-2,-9.975424850557E-1,6.761758990040E-2));
#5265=AXIS2_PLACEMENT_3D('',#5262,#5263,#5264);
#5267=CURVE_STYLE('',#22,POSITIVE_LENGTH_MEASURE(2.E-2),#3484);
#5268=PRESENTATION_STYLE_ASSIGNMENT((#5267));
#5269=STYLED_ITEM('',(#5268),#5266);
#5270=CARTESIAN_POINT('',(1.241421356237E0,-1.385E1,4.860609665441E0));
#5271=DIRECTION('',(0.E0,1.E0,0.E0));
#5272=DIRECTION('',(-7.071067811865E-1,0.E0,-7.071067811866E-1));
#5273=AXIS2_PLACEMENT_3D('',#5270,#5271,#5272);
#5275=CURVE_STYLE('',#22,POSITIVE_LENGTH_MEASURE(2.E-2),#3484);
#5276=PRESENTATION_STYLE_ASSIGNMENT((#5275));
#5277=STYLED_ITEM('',(#5276),#5274);
#5278=DIRECTION('',(-2.467767077833E-2,-9.993908270191E-1,-2.467767077832E-2));
#5279=VECTOR('',#5278,5.386920311248E-1);
#5280=CARTESIAN_POINT('',(1.064644660941E0,-1.385E1,4.683832970144E0));
#5281=LINE('',#5280,#5279);
#5282=CURVE_STYLE('',#22,POSITIVE_LENGTH_MEASURE(2.E-2),#3484);
#5283=PRESENTATION_STYLE_ASSIGNMENT((#5282));
#5284=STYLED_ITEM('',(#5283),#5281);
#5285=CARTESIAN_POINT('',(1.051994485923E0,-1.436230397660E1,5.050036535755E0));
#5286=CARTESIAN_POINT('',(1.017900046645E0,-1.436523253128E1,5.016086724397E0));
#5287=CARTESIAN_POINT('',(9.691065761583E-1,-1.437198303715E1,
4.930214254059E0));
#5288=CARTESIAN_POINT('',(9.710765501503E-1,-1.438196392356E1,
4.784297041478E0));
#5289=CARTESIAN_POINT('',(1.019300983179E0,-1.438672056598E1,4.702670474207E0));
#5290=CARTESIAN_POINT('',(1.051350996346E0,-1.438836387449E1,4.670539305549E0));
#5292=CURVE_STYLE('',#22,POSITIVE_LENGTH_MEASURE(2.E-2),#3484);
#5293=PRESENTATION_STYLE_ASSIGNMENT((#5292));
#5294=STYLED_ITEM('',(#5293),#5291);
#5295=DIRECTION('',(-7.071067811865E-1,0.E0,7.071067811865E-1));
#5296=VECTOR('',#5295,4.1E0);
#5297=CARTESIAN_POINT('',(3.963782463806E0,-1.385E1,1.784695167280E0));
#5298=LINE('',#5297,#5296);
#5299=CURVE_STYLE('',#22,POSITIVE_LENGTH_MEASURE(2.E-2),#3484);
#5300=PRESENTATION_STYLE_ASSIGNMENT((#5299));
#5301=STYLED_ITEM('',(#5300),#5298);
#5302=DIRECTION('',(-2.467767077835E-2,-9.993908270191E-1,-2.467767077834E-2));
#5303=VECTOR('',#5302,5.682405583404E-1);
#5304=CARTESIAN_POINT('',(3.963782463806E0,-1.385E1,1.784695167280E0));
#5305=LINE('',#5304,#5303);
#5306=CURVE_STYLE('',#22,POSITIVE_LENGTH_MEASURE(2.E-2),#3484);
#5307=PRESENTATION_STYLE_ASSIGNMENT((#5306));
#5308=STYLED_ITEM('',(#5307),#5305);
#5309=CARTESIAN_POINT('',(4.603993017706E0,5.620120127290E1,4.603993017706E0));
#5310=DIRECTION('',(-7.066760308408E-1,3.489949670250E-2,-7.066760308408E-1));
#5311=DIRECTION('',(-9.256412414696E-3,-9.991533092012E-1,-4.008719922340E-2));
#5312=AXIS2_PLACEMENT_3D('',#5309,#5310,#5311);
#5314=CURVE_STYLE('',#22,POSITIVE_LENGTH_MEASURE(2.E-2),#3484);
#5315=PRESENTATION_STYLE_ASSIGNMENT((#5314));
#5316=STYLED_ITEM('',(#5315),#5313);
#5317=CARTESIAN_POINT('',(4.140559159102E0,-1.385E1,1.961471862576E0));
#5318=DIRECTION('',(0.E0,1.E0,0.E0));
#5319=DIRECTION('',(7.071067811865E-1,0.E0,-7.071067811865E-1));
#5320=AXIS2_PLACEMENT_3D('',#5317,#5318,#5319);
#5322=CURVE_STYLE('',#22,POSITIVE_LENGTH_MEASURE(2.E-2),#3484);
#5323=PRESENTATION_STYLE_ASSIGNMENT((#5322));
#5324=STYLED_ITEM('',(#5323),#5321);
#5325=DIRECTION('',(2.467767077835E-2,-9.993908270191E-1,-2.467767077833E-2));
#5326=VECTOR('',#5325,5.459411323285E-1);
#5327=CARTESIAN_POINT('',(4.317335854399E0,-1.385E1,1.784695167280E0));
#5328=LINE('',#5327,#5326);
#5329=CURVE_STYLE('',#22,POSITIVE_LENGTH_MEASURE(2.E-2),#3484);
#5330=PRESENTATION_STYLE_ASSIGNMENT((#5329));
#5331=STYLED_ITEM('',(#5330),#5328);
#5332=CARTESIAN_POINT('',(3.949759610384E0,-1.441789440155E1,1.770672313858E0));
#5333=CARTESIAN_POINT('',(3.982310822040E0,-1.441689195788E1,1.738170608309E0));
#5334=CARTESIAN_POINT('',(4.064973508598E0,-1.441339737322E1,1.689910968055E0));
#5335=CARTESIAN_POINT('',(4.209554697859E0,-1.440500197352E1,1.687948228842E0));
#5336=CARTESIAN_POINT('',(4.296444291339E0,-1.439857294592E1,1.736712095691E0));
#5337=CARTESIAN_POINT('',(4.330808409927E0,-1.439560855974E1,1.771222611752E0));
#5339=CURVE_STYLE('',#22,POSITIVE_LENGTH_MEASURE(2.E-2),#3484);
#5340=PRESENTATION_STYLE_ASSIGNMENT((#5339));
#5341=STYLED_ITEM('',(#5340),#5338);
#5342=DIRECTION('',(-7.071067811865E-1,0.E0,-7.071067811865E-1));
#5343=VECTOR('',#5342,1.8E0);
#5344=CARTESIAN_POINT('',(5.590128060535E0,-1.385E1,3.057487373415E0));
#5345=LINE('',#5344,#5343);
#5346=CURVE_STYLE('',#22,POSITIVE_LENGTH_MEASURE(2.E-2),#3484);
#5347=PRESENTATION_STYLE_ASSIGNMENT((#5346));
#5348=STYLED_ITEM('',(#5347),#5345);
#5349=DIRECTION('',(2.467767077835E-2,-9.993908270191E-1,-2.467767077834E-2));
#5350=VECTOR('',#5349,4.133203729402E-1);
#5351=CARTESIAN_POINT('',(5.590128060535E0,-1.385E1,3.057487373415E0));
#5352=LINE('',#5351,#5350);
#5353=CURVE_STYLE('',#22,POSITIVE_LENGTH_MEASURE(2.E-2),#3484);
#5354=PRESENTATION_STYLE_ASSIGNMENT((#5353));
#5355=STYLED_ITEM('',(#5354),#5352);
#5356=CARTESIAN_POINT('',(-4.684769556075E-1,5.640543549463E1,
4.684769556075E-1));
#5357=DIRECTION('',(7.066760308408E-1,3.489949670250E-2,-7.066760308408E-1));
#5358=DIRECTION('',(8.550565890077E-2,-9.956749646983E-1,3.633382678711E-2));
#5359=AXIS2_PLACEMENT_3D('',#5356,#5357,#5358);
#5361=CURVE_STYLE('',#22,POSITIVE_LENGTH_MEASURE(2.E-2),#3484);
#5362=PRESENTATION_STYLE_ASSIGNMENT((#5361));
#5363=STYLED_ITEM('',(#5362),#5360);
#5364=CARTESIAN_POINT('',(5.413351365238E0,-1.385E1,3.234264068712E0));
#5365=DIRECTION('',(0.E0,1.E0,0.E0));
#5366=DIRECTION('',(7.071067811866E-1,0.E0,7.071067811865E-1));
#5367=AXIS2_PLACEMENT_3D('',#5364,#5365,#5366);
#5369=CURVE_STYLE('',#22,POSITIVE_LENGTH_MEASURE(2.E-2),#3484);
#5370=PRESENTATION_STYLE_ASSIGNMENT((#5369));
#5371=STYLED_ITEM('',(#5370),#5368);
#5372=DIRECTION('',(2.467767077836E-2,-9.993908270191E-1,2.467767077836E-2));
#5373=VECTOR('',#5372,3.962526763771E-1);
#5374=CARTESIAN_POINT('',(5.590128060535E0,-1.385E1,3.411040764009E0));
#5375=LINE('',#5374,#5373);
#5376=CURVE_STYLE('',#22,POSITIVE_LENGTH_MEASURE(2.E-2),#3484);
#5377=PRESENTATION_STYLE_ASSIGNMENT((#5376));
#5378=STYLED_ITEM('',(#5377),#5375);
#5379=CARTESIAN_POINT('',(5.600327844624E0,-1.426306858934E1,3.047287589326E0));
#5380=CARTESIAN_POINT('',(5.632880834736E0,-1.425907792933E1,3.080037659881E0));
#5381=CARTESIAN_POINT('',(5.680313525970E0,-1.425166062453E1,3.162773217805E0));
#5382=CARTESIAN_POINT('',(5.680044170701E0,-1.424513472652E1,3.305846345726E0));
#5383=CARTESIAN_POINT('',(5.632416099789E0,-1.424501132666E1,3.388260527327E0));
#5384=CARTESIAN_POINT('',(5.599906653627E0,-1.424601128995E1,3.420819357101E0));
#5386=CURVE_STYLE('',#22,POSITIVE_LENGTH_MEASURE(2.E-2),#3484);
#5387=PRESENTATION_STYLE_ASSIGNMENT((#5386));
#5388=STYLED_ITEM('',(#5387),#5385);
#5389=DIRECTION('',(7.071067811865E-1,0.E0,-7.071067811865E-1));
#5390=VECTOR('',#5389,4.1E0);
#5391=CARTESIAN_POINT('',(2.690990257670E0,-1.385E1,6.310178566873E0));
#5392=LINE('',#5391,#5390);
#5393=CURVE_STYLE('',#22,POSITIVE_LENGTH_MEASURE(2.E-2),#3484);
#5394=PRESENTATION_STYLE_ASSIGNMENT((#5393));
#5395=STYLED_ITEM('',(#5394),#5392);
#5396=DIRECTION('',(2.467767077834E-2,-9.993908270191E-1,2.467767077834E-2));
#5397=VECTOR('',#5396,3.667842524907E-1);
#5398=CARTESIAN_POINT('',(2.690990257670E0,-1.385E1,6.310178566873E0));
#5399=LINE('',#5398,#5397);
#5400=CURVE_STYLE('',#22,POSITIVE_LENGTH_MEASURE(2.E-2),#3484);
#5401=PRESENTATION_STYLE_ASSIGNMENT((#5400));
#5402=STYLED_ITEM('',(#5401),#5399);
#5403=CARTESIAN_POINT('',(2.761847860746E0,5.656496646124E1,2.761847860746E0));
#5404=DIRECTION('',(7.066760308408E-1,3.489949670250E-2,7.066760308408E-1));
#5405=DIRECTION('',(-8.720960036334E-4,-9.987390432102E-1,5.019524893936E-2));
#5406=AXIS2_PLACEMENT_3D('',#5403,#5404,#5405);
#5408=CURVE_STYLE('',#22,POSITIVE_LENGTH_MEASURE(2.E-2),#3484);
#5409=PRESENTATION_STYLE_ASSIGNMENT((#5408));
#5410=STYLED_ITEM('',(#5409),#5407);
#5411=CARTESIAN_POINT('',(2.514213562373E0,-1.385E1,6.133401871577E0));
#5412=DIRECTION('',(0.E0,1.E0,0.E0));
#5413=DIRECTION('',(-7.071067811866E-1,0.E0,7.071067811865E-1));
#5414=AXIS2_PLACEMENT_3D('',#5411,#5412,#5413);
#5416=CURVE_STYLE('',#22,POSITIVE_LENGTH_MEASURE(2.E-2),#3484);
#5417=PRESENTATION_STYLE_ASSIGNMENT((#5416));
#5418=STYLED_ITEM('',(#5417),#5415);
#5419=DIRECTION('',(-2.467767077835E-2,-9.993908270191E-1,2.467767077831E-2));
#5420=VECTOR('',#5419,3.799996404178E-1);
#5421=CARTESIAN_POINT('',(2.337436867076E0,-1.385E1,6.310178566873E0));
#5422=LINE('',#5421,#5420);
#5423=CURVE_STYLE('',#22,POSITIVE_LENGTH_MEASURE(2.E-2),#3484);
#5424=PRESENTATION_STYLE_ASSIGNMENT((#5423));
#5425=STYLED_ITEM('',(#5424),#5422);
#5426=CARTESIAN_POINT('',(2.700041638699E0,-1.421656081743E1,6.319229947903E0));
#5427=CARTESIAN_POINT('',(2.667580881545E0,-1.421490514928E1,6.351608939181E0));
#5428=CARTESIAN_POINT('',(2.585447739070E0,-1.421371552370E1,6.398980312718E0));
#5429=CARTESIAN_POINT('',(2.443142675144E0,-1.421875879111E1,6.399219890352E0));
#5430=CARTESIAN_POINT('',(2.360698376113E0,-1.422579115158E1,6.351998681951E0));
#5431=CARTESIAN_POINT('',(2.328059361054E0,-1.422976815490E1,6.319556072896E0));
#5433=CURVE_STYLE('',#22,POSITIVE_LENGTH_MEASURE(2.E-2),#3484);
#5434=PRESENTATION_STYLE_ASSIGNMENT((#5433));
#5435=STYLED_ITEM('',(#5434),#5432);
#5436=CARTESIAN_POINT('',(1.241421356237E0,-1.385E1,-4.860609665441E0));
#5437=DIRECTION('',(0.E0,1.E0,0.E0));
#5438=DIRECTION('',(-7.071067811865E-1,0.E0,-7.071067811865E-1));
#5439=AXIS2_PLACEMENT_3D('',#5436,#5437,#5438);
#5441=CURVE_STYLE('',#22,POSITIVE_LENGTH_MEASURE(2.E-2),#3484);
#5442=PRESENTATION_STYLE_ASSIGNMENT((#5441));
#5443=STYLED_ITEM('',(#5442),#5440);
#5444=DIRECTION('',(-2.467767077833E-2,-9.993908270191E-1,-2.467767077835E-2));
#5445=VECTOR('',#5444,5.126162485642E-1);
#5446=CARTESIAN_POINT('',(1.064644660941E0,-1.385E1,-5.037386360738E0));
#5447=LINE('',#5446,#5445);
#5448=CURVE_STYLE('',#22,POSITIVE_LENGTH_MEASURE(2.E-2),#3484);
#5449=PRESENTATION_STYLE_ASSIGNMENT((#5448));
#5450=STYLED_ITEM('',(#5449),#5447);
#5451=CARTESIAN_POINT('',(1.051350996346E0,-1.438836387449E1,
-4.670539305549E0));
#5452=CARTESIAN_POINT('',(1.019281045077E0,-1.438671954369E1,
-4.702690462795E0));
#5453=CARTESIAN_POINT('',(9.711709054046E-1,-1.438195747003E1,
-4.784366941748E0));
#5454=CARTESIAN_POINT('',(9.689536185095E-1,-1.437204098332E1,
-4.929409140669E0));
#5455=CARTESIAN_POINT('',(1.017658153373E0,-1.436525330880E1,
-5.015845857232E0));
#5456=CARTESIAN_POINT('',(1.051994485923E0,-1.436230397660E1,
-5.050036535755E0));
#5458=CURVE_STYLE('',#22,POSITIVE_LENGTH_MEASURE(2.E-2),#3484);
#5459=PRESENTATION_STYLE_ASSIGNMENT((#5458));
#5460=STYLED_ITEM('',(#5459),#5457);
#5461=DIRECTION('',(-7.071067811865E-1,0.E0,7.071067811865E-1));
#5462=VECTOR('',#5461,1.8E0);
#5463=CARTESIAN_POINT('',(2.337436867076E0,-1.385E1,-6.310178566873E0));
#5464=LINE('',#5463,#5462);
#5465=CURVE_STYLE('',#22,POSITIVE_LENGTH_MEASURE(2.E-2),#3484);
#5466=PRESENTATION_STYLE_ASSIGNMENT((#5465));
#5467=STYLED_ITEM('',(#5466),#5464);
#5468=DIRECTION('',(-2.467767077834E-2,-9.993908270191E-1,-2.467767077831E-2));
#5469=VECTOR('',#5468,3.799996404178E-1);
#5470=CARTESIAN_POINT('',(2.337436867076E0,-1.385E1,-6.310178566873E0));
#5471=LINE('',#5470,#5469);
#5472=CURVE_STYLE('',#22,POSITIVE_LENGTH_MEASURE(2.E-2),#3484);
#5473=PRESENTATION_STYLE_ASSIGNMENT((#5472));
#5474=STYLED_ITEM('',(#5473),#5471);
#5475=CARTESIAN_POINT('',(-2.506965473094E-1,5.644095218431E1,
-2.506965473094E-1));
#5476=DIRECTION('',(-7.066760308408E-1,3.489949670250E-2,-7.066760308408E-1));
#5477=DIRECTION('',(3.633192478231E-2,-9.956751964577E-1,-8.550376834151E-2));
#5478=AXIS2_PLACEMENT_3D('',#5475,#5476,#5477);
#5480=CURVE_STYLE('',#22,POSITIVE_LENGTH_MEASURE(2.E-2),#3484);
#5481=PRESENTATION_STYLE_ASSIGNMENT((#5480));
#5482=STYLED_ITEM('',(#5481),#5479);
#5483=CARTESIAN_POINT('',(2.514213562373E0,-1.385E1,-6.133401871577E0));
#5484=DIRECTION('',(0.E0,1.E0,0.E0));
#5485=DIRECTION('',(7.071067811865E-1,0.E0,-7.071067811865E-1));
#5486=AXIS2_PLACEMENT_3D('',#5483,#5484,#5485);
#5488=CURVE_STYLE('',#22,POSITIVE_LENGTH_MEASURE(2.E-2),#3484);
#5489=PRESENTATION_STYLE_ASSIGNMENT((#5488));
#5490=STYLED_ITEM('',(#5489),#5487);
#5491=DIRECTION('',(2.467767077833E-2,-9.993908270191E-1,-2.467767077834E-2));
#5492=VECTOR('',#5491,3.667842524907E-1);
#5493=CARTESIAN_POINT('',(2.690990257670E0,-1.385E1,-6.310178566873E0));
#5494=LINE('',#5493,#5492);
#5495=CURVE_STYLE('',#22,POSITIVE_LENGTH_MEASURE(2.E-2),#3484);
#5496=PRESENTATION_STYLE_ASSIGNMENT((#5495));
#5497=STYLED_ITEM('',(#5496),#5494);
#5498=CARTESIAN_POINT('',(2.328059361054E0,-1.422976815490E1,
-6.319556072896E0));
#5499=CARTESIAN_POINT('',(2.360697669990E0,-1.422579123762E1,
-6.351997980078E0));
#5500=CARTESIAN_POINT('',(2.443140459798E0,-1.421875924159E1,
-6.399215608920E0));
#5501=CARTESIAN_POINT('',(2.585419771366E0,-1.421371597442E1,
-6.398986585339E0));
#5502=CARTESIAN_POINT('',(2.667572458064E0,-1.421490471964E1,
-6.351617341443E0));
#5503=CARTESIAN_POINT('',(2.700041638699E0,-1.421656081743E1,
-6.319229947903E0));
#5505=CURVE_STYLE('',#22,POSITIVE_LENGTH_MEASURE(2.E-2),#3484);
#5506=PRESENTATION_STYLE_ASSIGNMENT((#5505));
#5507=STYLED_ITEM('',(#5506),#5504);
#5508=DIRECTION('',(-7.071067811865E-1,0.E0,-7.071067811865E-1));
#5509=VECTOR('',#5508,4.1E0);
#5510=CARTESIAN_POINT('',(5.590128060535E0,-1.385E1,-3.411040764009E0));
#5511=LINE('',#5510,#5509);
#5512=CURVE_STYLE('',#22,POSITIVE_LENGTH_MEASURE(2.E-2),#3484);
#5513=PRESENTATION_STYLE_ASSIGNMENT((#5512));
#5514=STYLED_ITEM('',(#5513),#5511);
#5515=DIRECTION('',(2.467767077831E-2,-9.993908270191E-1,-2.467767077833E-2));
#5516=VECTOR('',#5515,3.962526763771E-1);
#5517=CARTESIAN_POINT('',(5.590128060535E0,-1.385E1,-3.411040764009E0));
#5518=LINE('',#5517,#5516);
#5519=CURVE_STYLE('',#22,POSITIVE_LENGTH_MEASURE(2.E-2),#3484);
#5520=PRESENTATION_STYLE_ASSIGNMENT((#5519));
#5521=STYLED_ITEM('',(#5520),#5518);
#5522=CARTESIAN_POINT('',(2.761847860746E0,5.656496646124E1,-2.761847860746E0));
#5523=DIRECTION('',(7.066760308408E-1,3.489949670250E-2,-7.066760308408E-1));
#5524=DIRECTION('',(4.004547842289E-2,-9.991545942428E-1,-9.298196677531E-3));
#5525=AXIS2_PLACEMENT_3D('',#5522,#5523,#5524);
#5527=CURVE_STYLE('',#22,POSITIVE_LENGTH_MEASURE(2.E-2),#3484);
#5528=PRESENTATION_STYLE_ASSIGNMENT((#5527));
#5529=STYLED_ITEM('',(#5528),#5526);
#5530=CARTESIAN_POINT('',(5.413351365238E0,-1.385E1,-3.234264068712E0));
#5531=DIRECTION('',(0.E0,1.E0,0.E0));
#5532=DIRECTION('',(7.071067811866E-1,0.E0,7.071067811865E-1));
#5533=AXIS2_PLACEMENT_3D('',#5530,#5531,#5532);
#5535=CURVE_STYLE('',#22,POSITIVE_LENGTH_MEASURE(2.E-2),#3484);
#5536=PRESENTATION_STYLE_ASSIGNMENT((#5535));
#5537=STYLED_ITEM('',(#5536),#5534);
#5538=DIRECTION('',(2.467767077835E-2,-9.993908270191E-1,2.467767077833E-2));
#5539=VECTOR('',#5538,4.133203729402E-1);
#5540=CARTESIAN_POINT('',(5.590128060535E0,-1.385E1,-3.057487373415E0));
#5541=LINE('',#5540,#5539);
#5542=CURVE_STYLE('',#22,POSITIVE_LENGTH_MEASURE(2.E-2),#3484);
#5543=PRESENTATION_STYLE_ASSIGNMENT((#5542));
#5544=STYLED_ITEM('',(#5543),#5541);
#5545=CARTESIAN_POINT('',(5.599906653627E0,-1.424601128995E1,
-3.420819357101E0));
#5546=CARTESIAN_POINT('',(5.632405251146E0,-1.424501166035E1,
-3.388271392449E0));
#5547=CARTESIAN_POINT('',(5.680023618881E0,-1.424513466868E1,
-3.305882006194E0));
#5548=CARTESIAN_POINT('',(5.680338281417E0,-1.425165439993E1,
-3.162867828181E0));
#5549=CARTESIAN_POINT('',(5.632909248579E0,-1.425907444609E1,
-3.080066245746E0));
#5550=CARTESIAN_POINT('',(5.600327844624E0,-1.426306858934E1,
-3.047287589326E0));
#5552=CURVE_STYLE('',#22,POSITIVE_LENGTH_MEASURE(2.E-2),#3484);
#5553=PRESENTATION_STYLE_ASSIGNMENT((#5552));
#5554=STYLED_ITEM('',(#5553),#5551);
#5555=DIRECTION('',(7.071067811865E-1,0.E0,-7.071067811865E-1));
#5556=VECTOR('',#5555,1.8E0);
#5557=CARTESIAN_POINT('',(4.317335854399E0,-1.385E1,-1.784695167280E0));
#5558=LINE('',#5557,#5556);
#5559=CURVE_STYLE('',#22,POSITIVE_LENGTH_MEASURE(2.E-2),#3484);
#5560=PRESENTATION_STYLE_ASSIGNMENT((#5559));
#5561=STYLED_ITEM('',(#5560),#5558);
#5562=DIRECTION('',(2.467767077835E-2,-9.993908270191E-1,2.467767077833E-2));
#5563=VECTOR('',#5562,5.459411323285E-1);
#5564=CARTESIAN_POINT('',(4.317335854399E0,-1.385E1,-1.784695167280E0));
#5565=LINE('',#5564,#5563);
#5566=CURVE_STYLE('',#22,POSITIVE_LENGTH_MEASURE(2.E-2),#3484);
#5567=PRESENTATION_STYLE_ASSIGNMENT((#5566));
#5568=STYLED_ITEM('',(#5567),#5565);
#5569=CARTESIAN_POINT('',(-4.684769556075E-1,5.640543549463E1,
-4.684769556075E-1));
#5570=DIRECTION('',(7.066760308408E-1,3.489949670250E-2,7.066760308408E-1));
#5571=DIRECTION('',(6.761892513286E-2,-9.975423698750E-1,-1.835487041937E-2));
#5572=AXIS2_PLACEMENT_3D('',#5569,#5570,#5571);
#5574=CURVE_STYLE('',#22,POSITIVE_LENGTH_MEASURE(2.E-2),#3484);
#5575=PRESENTATION_STYLE_ASSIGNMENT((#5574));
#5576=STYLED_ITEM('',(#5575),#5573);
#5577=CARTESIAN_POINT('',(4.140559159102E0,-1.385E1,-1.961471862576E0));
#5578=DIRECTION('',(0.E0,1.E0,0.E0));
#5579=DIRECTION('',(-7.071067811865E-1,0.E0,7.071067811865E-1));
#5580=AXIS2_PLACEMENT_3D('',#5577,#5578,#5579);
#5582=CURVE_STYLE('',#22,POSITIVE_LENGTH_MEASURE(2.E-2),#3484);
#5583=PRESENTATION_STYLE_ASSIGNMENT((#5582));
#5584=STYLED_ITEM('',(#5583),#5581);
#5585=DIRECTION('',(-2.467767077835E-2,-9.993908270191E-1,2.467767077834E-2));
#5586=VECTOR('',#5585,5.682405583404E-1);
#5587=CARTESIAN_POINT('',(3.963782463806E0,-1.385E1,-1.784695167280E0));
#5588=LINE('',#5587,#5586);
#5589=CURVE_STYLE('',#22,POSITIVE_LENGTH_MEASURE(2.E-2),#3484);
#5590=PRESENTATION_STYLE_ASSIGNMENT((#5589));
#5591=STYLED_ITEM('',(#5590),#5588);
#5592=CARTESIAN_POINT('',(4.330808409927E0,-1.439560855974E1,
-1.771222611752E0));
#5593=CARTESIAN_POINT('',(4.296475460765E0,-1.439857025712E1,
-1.736743397904E0));
#5594=CARTESIAN_POINT('',(4.209662118668E0,-1.440499969682E1,
-1.687803780309E0));
#5595=CARTESIAN_POINT('',(4.063762081224E0,-1.441346109182E1,
-1.690166618473E0));
#5596=CARTESIAN_POINT('',(3.981944296246E0,-1.441690324537E1,
-1.738536576666E0));
#5597=CARTESIAN_POINT('',(3.949759610384E0,-1.441789440155E1,
-1.770672313858E0));
#5599=CURVE_STYLE('',#22,POSITIVE_LENGTH_MEASURE(2.E-2),#3484);
#5600=PRESENTATION_STYLE_ASSIGNMENT((#5599));
#5601=STYLED_ITEM('',(#5600),#5598);
#5602=DIRECTION('',(7.071067811865E-1,0.E0,7.071067811865E-1));
#5603=VECTOR('',#5602,4.1E0);
#5604=CARTESIAN_POINT('',(1.064644660941E0,-1.385E1,-4.683832970144E0));
#5605=LINE('',#5604,#5603);
#5606=CURVE_STYLE('',#22,POSITIVE_LENGTH_MEASURE(2.E-2),#3484);
#5607=PRESENTATION_STYLE_ASSIGNMENT((#5606));
#5608=STYLED_ITEM('',(#5607),#5605);
#5609=DIRECTION('',(-2.467767077833E-2,-9.993908270191E-1,2.467767077832E-2));
#5610=VECTOR('',#5609,5.386920311248E-1);
#5611=CARTESIAN_POINT('',(1.064644660941E0,-1.385E1,-4.683832970144E0));
#5612=LINE('',#5611,#5610);
#5613=CURVE_STYLE('',#22,POSITIVE_LENGTH_MEASURE(2.E-2),#3484);
#5614=PRESENTATION_STYLE_ASSIGNMENT((#5613));
#5615=STYLED_ITEM('',(#5614),#5612);
#5616=CARTESIAN_POINT('',(4.603993017706E0,5.620120127290E1,-4.603993017706E0));
#5617=DIRECTION('',(-7.066760308408E-1,3.489949670250E-2,7.066760308408E-1));
#5618=DIRECTION('',(-5.026450704513E-2,-9.987354969431E-1,-9.415292433154E-4));
#5619=AXIS2_PLACEMENT_3D('',#5616,#5617,#5618);
#5621=CURVE_STYLE('',#22,POSITIVE_LENGTH_MEASURE(2.E-2),#3484);
#5622=PRESENTATION_STYLE_ASSIGNMENT((#5621));
#5623=STYLED_ITEM('',(#5622),#5620);
#5624=DIRECTION('',(-7.071067811865E-1,0.E0,-7.071067811865E-1));
#5625=VECTOR('',#5624,1.8E0);
#5626=CARTESIAN_POINT('',(-1.064644660941E0,-1.385E1,-5.037386360738E0));
#5627=LINE('',#5626,#5625);
#5628=CURVE_STYLE('',#22,POSITIVE_LENGTH_MEASURE(2.E-2),#3484);
#5629=PRESENTATION_STYLE_ASSIGNMENT((#5628));
#5630=STYLED_ITEM('',(#5629),#5627);
#5631=DIRECTION('',(2.467767077833E-2,-9.993908270191E-1,-2.467767077835E-2));
#5632=VECTOR('',#5631,5.126162485642E-1);
#5633=CARTESIAN_POINT('',(-1.064644660941E0,-1.385E1,-5.037386360738E0));
#5634=LINE('',#5633,#5632);
#5635=CURVE_STYLE('',#22,POSITIVE_LENGTH_MEASURE(2.E-2),#3484);
#5636=PRESENTATION_STYLE_ASSIGNMENT((#5635));
#5637=STYLED_ITEM('',(#5636),#5634);
#5638=CARTESIAN_POINT('',(2.506965473094E-1,5.644095218431E1,
-2.506965473094E-1));
#5639=DIRECTION('',(7.066760308408E-1,3.489949670250E-2,-7.066760308408E-1));
#5640=DIRECTION('',(-1.835352949866E-2,-9.975424850557E-1,-6.761758990040E-2));
#5641=AXIS2_PLACEMENT_3D('',#5638,#5639,#5640);
#5643=CURVE_STYLE('',#22,POSITIVE_LENGTH_MEASURE(2.E-2),#3484);
#5644=PRESENTATION_STYLE_ASSIGNMENT((#5643));
#5645=STYLED_ITEM('',(#5644),#5642);
#5646=CARTESIAN_POINT('',(-1.241421356237E0,-1.385E1,-4.860609665441E0));
#5647=DIRECTION('',(0.E0,1.E0,0.E0));
#5648=DIRECTION('',(7.071067811866E-1,0.E0,7.071067811865E-1));
#5649=AXIS2_PLACEMENT_3D('',#5646,#5647,#5648);
#5651=CURVE_STYLE('',#22,POSITIVE_LENGTH_MEASURE(2.E-2),#3484);
#5652=PRESENTATION_STYLE_ASSIGNMENT((#5651));
#5653=STYLED_ITEM('',(#5652),#5650);
#5654=DIRECTION('',(2.467767077833E-2,-9.993908270191E-1,2.467767077833E-2));
#5655=VECTOR('',#5654,5.386920311248E-1);
#5656=CARTESIAN_POINT('',(-1.064644660941E0,-1.385E1,-4.683832970144E0));
#5657=LINE('',#5656,#5655);
#5658=CURVE_STYLE('',#22,POSITIVE_LENGTH_MEASURE(2.E-2),#3484);
#5659=PRESENTATION_STYLE_ASSIGNMENT((#5658));
#5660=STYLED_ITEM('',(#5659),#5657);
#5661=CARTESIAN_POINT('',(-1.051994485923E0,-1.436230397660E1,
-5.050036535755E0));
#5662=CARTESIAN_POINT('',(-1.017900046645E0,-1.436523253128E1,
-5.016086724397E0));
#5663=CARTESIAN_POINT('',(-9.691065761583E-1,-1.437198303715E1,
-4.930214254059E0));
#5664=CARTESIAN_POINT('',(-9.710765501503E-1,-1.438196392356E1,
-4.784297041478E0));
#5665=CARTESIAN_POINT('',(-1.019300983179E0,-1.438672056598E1,
-4.702670474207E0));
#5666=CARTESIAN_POINT('',(-1.051350996346E0,-1.438836387449E1,
-4.670539305549E0));
#5668=CURVE_STYLE('',#22,POSITIVE_LENGTH_MEASURE(2.E-2),#3484);
#5669=PRESENTATION_STYLE_ASSIGNMENT((#5668));
#5670=STYLED_ITEM('',(#5669),#5667);
#5671=DIRECTION('',(7.071067811865E-1,0.E0,-7.071067811865E-1));
#5672=VECTOR('',#5671,4.1E0);
#5673=CARTESIAN_POINT('',(-3.963782463806E0,-1.385E1,-1.784695167280E0));
#5674=LINE('',#5673,#5672);
#5675=CURVE_STYLE('',#22,POSITIVE_LENGTH_MEASURE(2.E-2),#3484);
#5676=PRESENTATION_STYLE_ASSIGNMENT((#5675));
#5677=STYLED_ITEM('',(#5676),#5674);
#5678=DIRECTION('',(2.467767077835E-2,-9.993908270191E-1,2.467767077834E-2));
#5679=VECTOR('',#5678,5.682405583404E-1);
#5680=CARTESIAN_POINT('',(-3.963782463806E0,-1.385E1,-1.784695167280E0));
#5681=LINE('',#5680,#5679);
#5682=CURVE_STYLE('',#22,POSITIVE_LENGTH_MEASURE(2.E-2),#3484);
#5683=PRESENTATION_STYLE_ASSIGNMENT((#5682));
#5684=STYLED_ITEM('',(#5683),#5681);
#5685=CARTESIAN_POINT('',(-4.603993017706E0,5.620120127290E1,
-4.603993017706E0));
#5686=DIRECTION('',(7.066760308408E-1,3.489949670250E-2,7.066760308408E-1));
#5687=DIRECTION('',(9.256412414696E-3,-9.991533092012E-1,4.008719922340E-2));
#5688=AXIS2_PLACEMENT_3D('',#5685,#5686,#5687);
#5690=CURVE_STYLE('',#22,POSITIVE_LENGTH_MEASURE(2.E-2),#3484);
#5691=PRESENTATION_STYLE_ASSIGNMENT((#5690));
#5692=STYLED_ITEM('',(#5691),#5689);
#5693=CARTESIAN_POINT('',(-4.140559159102E0,-1.385E1,-1.961471862576E0));
#5694=DIRECTION('',(0.E0,1.E0,0.E0));
#5695=DIRECTION('',(-7.071067811865E-1,0.E0,7.071067811865E-1));
#5696=AXIS2_PLACEMENT_3D('',#5693,#5694,#5695);
#5698=CURVE_STYLE('',#22,POSITIVE_LENGTH_MEASURE(2.E-2),#3484);
#5699=PRESENTATION_STYLE_ASSIGNMENT((#5698));
#5700=STYLED_ITEM('',(#5699),#5697);
#5701=DIRECTION('',(-2.467767077835E-2,-9.993908270191E-1,2.467767077833E-2));
#5702=VECTOR('',#5701,5.459411323285E-1);
#5703=CARTESIAN_POINT('',(-4.317335854399E0,-1.385E1,-1.784695167280E0));
#5704=LINE('',#5703,#5702);
#5705=CURVE_STYLE('',#22,POSITIVE_LENGTH_MEASURE(2.E-2),#3484);
#5706=PRESENTATION_STYLE_ASSIGNMENT((#5705));
#5707=STYLED_ITEM('',(#5706),#5704);
#5708=CARTESIAN_POINT('',(-3.949759610384E0,-1.441789440155E1,
-1.770672313858E0));
#5709=CARTESIAN_POINT('',(-3.982310822040E0,-1.441689195788E1,
-1.738170608309E0));
#5710=CARTESIAN_POINT('',(-4.064973508598E0,-1.441339737322E1,
-1.689910968055E0));
#5711=CARTESIAN_POINT('',(-4.209554697859E0,-1.440500197352E1,
-1.687948228842E0));
#5712=CARTESIAN_POINT('',(-4.296444291339E0,-1.439857294592E1,
-1.736712095691E0));
#5713=CARTESIAN_POINT('',(-4.330808409927E0,-1.439560855974E1,
-1.771222611752E0));
#5715=CURVE_STYLE('',#22,POSITIVE_LENGTH_MEASURE(2.E-2),#3484);
#5716=PRESENTATION_STYLE_ASSIGNMENT((#5715));
#5717=STYLED_ITEM('',(#5716),#5714);
#5718=DIRECTION('',(7.071067811865E-1,0.E0,7.071067811865E-1));
#5719=VECTOR('',#5718,1.8E0);
#5720=CARTESIAN_POINT('',(-5.590128060535E0,-1.385E1,-3.057487373415E0));
#5721=LINE('',#5720,#5719);
#5722=CURVE_STYLE('',#22,POSITIVE_LENGTH_MEASURE(2.E-2),#3484);
#5723=PRESENTATION_STYLE_ASSIGNMENT((#5722));
#5724=STYLED_ITEM('',(#5723),#5721);
#5725=DIRECTION('',(-2.467767077835E-2,-9.993908270191E-1,2.467767077833E-2));
#5726=VECTOR('',#5725,4.133203729402E-1);
#5727=CARTESIAN_POINT('',(-5.590128060535E0,-1.385E1,-3.057487373415E0));
#5728=LINE('',#5727,#5726);
#5729=CURVE_STYLE('',#22,POSITIVE_LENGTH_MEASURE(2.E-2),#3484);
#5730=PRESENTATION_STYLE_ASSIGNMENT((#5729));
#5731=STYLED_ITEM('',(#5730),#5728);
#5732=CARTESIAN_POINT('',(4.684769556075E-1,5.640543549463E1,
-4.684769556075E-1));
#5733=DIRECTION('',(-7.066760308408E-1,3.489949670250E-2,7.066760308408E-1));
#5734=DIRECTION('',(-8.550565890077E-2,-9.956749646983E-1,-3.633382678711E-2));
#5735=AXIS2_PLACEMENT_3D('',#5732,#5733,#5734);
#5737=CURVE_STYLE('',#22,POSITIVE_LENGTH_MEASURE(2.E-2),#3484);
#5738=PRESENTATION_STYLE_ASSIGNMENT((#5737));
#5739=STYLED_ITEM('',(#5738),#5736);
#5740=CARTESIAN_POINT('',(-5.413351365238E0,-1.385E1,-3.234264068712E0));
#5741=DIRECTION('',(0.E0,1.E0,0.E0));
#5742=DIRECTION('',(-7.071067811865E-1,0.E0,-7.071067811865E-1));
#5743=AXIS2_PLACEMENT_3D('',#5740,#5741,#5742);
#5745=CURVE_STYLE('',#22,POSITIVE_LENGTH_MEASURE(2.E-2),#3484);
#5746=PRESENTATION_STYLE_ASSIGNMENT((#5745));
#5747=STYLED_ITEM('',(#5746),#5744);
#5748=DIRECTION('',(-2.467767077832E-2,-9.993908270191E-1,-2.467767077833E-2));
#5749=VECTOR('',#5748,3.962526763771E-1);
#5750=CARTESIAN_POINT('',(-5.590128060535E0,-1.385E1,-3.411040764009E0));
#5751=LINE('',#5750,#5749);
#5752=CURVE_STYLE('',#22,POSITIVE_LENGTH_MEASURE(2.E-2),#3484);
#5753=PRESENTATION_STYLE_ASSIGNMENT((#5752));
#5754=STYLED_ITEM('',(#5753),#5751);
#5755=CARTESIAN_POINT('',(-5.600327844624E0,-1.426306858934E1,
-3.047287589326E0));
#5756=CARTESIAN_POINT('',(-5.632880834736E0,-1.425907792933E1,
-3.080037659881E0));
#5757=CARTESIAN_POINT('',(-5.680313525970E0,-1.425166062453E1,
-3.162773217805E0));
#5758=CARTESIAN_POINT('',(-5.680044170701E0,-1.424513472652E1,
-3.305846345726E0));
#5759=CARTESIAN_POINT('',(-5.632416099789E0,-1.424501132666E1,
-3.388260527327E0));
#5760=CARTESIAN_POINT('',(-5.599906653627E0,-1.424601128995E1,
-3.420819357101E0));
#5762=CURVE_STYLE('',#22,POSITIVE_LENGTH_MEASURE(2.E-2),#3484);
#5763=PRESENTATION_STYLE_ASSIGNMENT((#5762));
#5764=STYLED_ITEM('',(#5763),#5761);
#5765=DIRECTION('',(-7.071067811865E-1,0.E0,7.071067811865E-1));
#5766=VECTOR('',#5765,4.1E0);
#5767=CARTESIAN_POINT('',(-2.690990257670E0,-1.385E1,-6.310178566873E0));
#5768=LINE('',#5767,#5766);
#5769=CURVE_STYLE('',#22,POSITIVE_LENGTH_MEASURE(2.E-2),#3484);
#5770=PRESENTATION_STYLE_ASSIGNMENT((#5769));
#5771=STYLED_ITEM('',(#5770),#5768);
#5772=DIRECTION('',(-2.467767077834E-2,-9.993908270191E-1,-2.467767077834E-2));
#5773=VECTOR('',#5772,3.667842524907E-1);
#5774=CARTESIAN_POINT('',(-2.690990257670E0,-1.385E1,-6.310178566873E0));
#5775=LINE('',#5774,#5773);
#5776=CURVE_STYLE('',#22,POSITIVE_LENGTH_MEASURE(2.E-2),#3484);
#5777=PRESENTATION_STYLE_ASSIGNMENT((#5776));
#5778=STYLED_ITEM('',(#5777),#5775);
#5779=CARTESIAN_POINT('',(-2.761847860746E0,5.656496646124E1,
-2.761847860746E0));
#5780=DIRECTION('',(-7.066760308408E-1,3.489949670250E-2,-7.066760308408E-1));
#5781=DIRECTION('',(8.720960036334E-4,-9.987390432102E-1,-5.019524893936E-2));
#5782=AXIS2_PLACEMENT_3D('',#5779,#5780,#5781);
#5784=CURVE_STYLE('',#22,POSITIVE_LENGTH_MEASURE(2.E-2),#3484);
#5785=PRESENTATION_STYLE_ASSIGNMENT((#5784));
#5786=STYLED_ITEM('',(#5785),#5783);
#5787=CARTESIAN_POINT('',(-2.514213562373E0,-1.385E1,-6.133401871577E0));
#5788=DIRECTION('',(0.E0,1.E0,0.E0));
#5789=DIRECTION('',(7.071067811865E-1,0.E0,-7.071067811866E-1));
#5790=AXIS2_PLACEMENT_3D('',#5787,#5788,#5789);
#5792=CURVE_STYLE('',#22,POSITIVE_LENGTH_MEASURE(2.E-2),#3484);
#5793=PRESENTATION_STYLE_ASSIGNMENT((#5792));
#5794=STYLED_ITEM('',(#5793),#5791);
#5795=DIRECTION('',(2.467767077834E-2,-9.993908270191E-1,-2.467767077831E-2));
#5796=VECTOR('',#5795,3.799996404178E-1);
#5797=CARTESIAN_POINT('',(-2.337436867076E0,-1.385E1,-6.310178566873E0));
#5798=LINE('',#5797,#5796);
#5799=CURVE_STYLE('',#22,POSITIVE_LENGTH_MEASURE(2.E-2),#3484);
#5800=PRESENTATION_STYLE_ASSIGNMENT((#5799));
#5801=STYLED_ITEM('',(#5800),#5798);
#5802=CARTESIAN_POINT('',(-2.700041638699E0,-1.421656081743E1,
-6.319229947903E0));
#5803=CARTESIAN_POINT('',(-2.667580881545E0,-1.421490514928E1,
-6.351608939181E0));
#5804=CARTESIAN_POINT('',(-2.585447739070E0,-1.421371552370E1,
-6.398980312718E0));
#5805=CARTESIAN_POINT('',(-2.443142675144E0,-1.421875879111E1,
-6.399219890352E0));
#5806=CARTESIAN_POINT('',(-2.360698376113E0,-1.422579115158E1,
-6.351998681951E0));
#5807=CARTESIAN_POINT('',(-2.328059361054E0,-1.422976815490E1,
-6.319556072896E0));
#5809=CURVE_STYLE('',#22,POSITIVE_LENGTH_MEASURE(2.E-2),#3484);
#5810=PRESENTATION_STYLE_ASSIGNMENT((#5809));
#5811=STYLED_ITEM('',(#5810),#5808);
#5812=CARTESIAN_POINT('',(-6.5E0,-1.264987816540E1,0.E0));
#5813=DIRECTION('',(0.E0,1.E0,0.E0));
#5814=DIRECTION('',(1.E0,0.E0,0.E0));
#5815=AXIS2_PLACEMENT_3D('',#5812,#5813,#5814);
#5817=CURVE_STYLE('',#22,POSITIVE_LENGTH_MEASURE(2.E-2),#3484);
#5818=PRESENTATION_STYLE_ASSIGNMENT((#5817));
#5819=STYLED_ITEM('',(#5818),#5816);
#5820=DIRECTION('',(-3.489949886400E-2,9.993908269436E-1,-2.552809720123E-8));
#5821=VECTOR('',#5820,5.004266821300E-1);
#5822=CARTESIAN_POINT('',(-6.05E0,-1.315E1,0.E0));
#5823=LINE('',#5822,#5821);
#5824=CURVE_STYLE('',#22,POSITIVE_LENGTH_MEASURE(2.E-2),#3484);
#5825=PRESENTATION_STYLE_ASSIGNMENT((#5824));
#5826=STYLED_ITEM('',(#5825),#5823);
#5827=DIRECTION('',(7.193398003387E-1,-6.946583704590E-1,-1.352823950103E-8));
#5828=VECTOR('',#5827,2.877359196607E-1);
#5829=CARTESIAN_POINT('',(-6.274444539424E0,-1.244999999925E1,
-8.882381271828E-9));
#5830=LINE('',#5829,#5828);
#5831=CURVE_STYLE('',#22,POSITIVE_LENGTH_MEASURE(2.E-2),#3484);
#5832=PRESENTATION_STYLE_ASSIGNMENT((#5831));
#5833=STYLED_ITEM('',(#5832),#5830);
#5834=CARTESIAN_POINT('',(-6.5E0,-1.245E1,0.E0));
#5835=DIRECTION('',(0.E0,1.E0,0.E0));
#5836=DIRECTION('',(1.E0,0.E0,0.E0));
#5837=AXIS2_PLACEMENT_3D('',#5834,#5835,#5836);
#5839=CURVE_STYLE('',#22,POSITIVE_LENGTH_MEASURE(2.E-2),#3484);
#5840=PRESENTATION_STYLE_ASSIGNMENT((#5839));
#5841=STYLED_ITEM('',(#5840),#5838);
#5842=CARTESIAN_POINT('',(-6.5E0,-1.245E1,0.E0));
#5843=DIRECTION('',(0.E0,1.E0,0.E0));
#5844=DIRECTION('',(-1.E0,0.E0,0.E0));
#5845=AXIS2_PLACEMENT_3D('',#5842,#5843,#5844);
#5847=CURVE_STYLE('',#22,POSITIVE_LENGTH_MEASURE(2.E-2),#3484);
#5848=PRESENTATION_STYLE_ASSIGNMENT((#5847));
#5849=STYLED_ITEM('',(#5848),#5846);
#5850=CARTESIAN_POINT('',(7.5E0,-1.245E1,0.E0));
#5851=DIRECTION('',(0.E0,1.E0,0.E0));
#5852=DIRECTION('',(1.E0,0.E0,0.E0));
#5853=AXIS2_PLACEMENT_3D('',#5850,#5851,#5852);
#5855=CURVE_STYLE('',#22,POSITIVE_LENGTH_MEASURE(2.E-2),#3484);
#5856=PRESENTATION_STYLE_ASSIGNMENT((#5855));
#5857=STYLED_ITEM('',(#5856),#5854);
#5858=CARTESIAN_POINT('',(7.5E0,-1.245E1,0.E0));
#5859=DIRECTION('',(0.E0,1.E0,0.E0));
#5860=DIRECTION('',(-1.E0,0.E0,0.E0));
#5861=AXIS2_PLACEMENT_3D('',#5858,#5859,#5860);
#5863=CURVE_STYLE('',#22,POSITIVE_LENGTH_MEASURE(2.E-2),#3484);
#5864=PRESENTATION_STYLE_ASSIGNMENT((#5863));
#5865=STYLED_ITEM('',(#5864),#5862);
#5866=DIRECTION('',(-7.193398003387E-1,-6.946583704590E-1,1.352823959907E-8));
#5867=VECTOR('',#5866,2.877359196607E-1);
#5868=CARTESIAN_POINT('',(-6.725555460576E0,-1.244999999925E1,
8.882379598704E-9));
#5869=LINE('',#5868,#5867);
#5870=CURVE_STYLE('',#22,POSITIVE_LENGTH_MEASURE(2.E-2),#3484);
#5871=PRESENTATION_STYLE_ASSIGNMENT((#5870));
#5872=STYLED_ITEM('',(#5871),#5869);
#5873=CARTESIAN_POINT('',(-6.5E0,-1.264987816540E1,0.E0));
#5874=DIRECTION('',(0.E0,1.E0,0.E0));
#5875=DIRECTION('',(-1.E0,0.E0,0.E0));
#5876=AXIS2_PLACEMENT_3D('',#5873,#5874,#5875);
#5878=CURVE_STYLE('',#22,POSITIVE_LENGTH_MEASURE(2.E-2),#3484);
#5879=PRESENTATION_STYLE_ASSIGNMENT((#5878));
#5880=STYLED_ITEM('',(#5879),#5877);
#5881=DIRECTION('',(3.489949886400E-2,9.993908269436E-1,2.552809705887E-8));
#5882=VECTOR('',#5881,5.004266821300E-1);
#5883=CARTESIAN_POINT('',(-6.95E0,-1.315E1,0.E0));
#5884=LINE('',#5883,#5882);
#5885=CURVE_STYLE('',#22,POSITIVE_LENGTH_MEASURE(2.E-2),#3484);
#5886=PRESENTATION_STYLE_ASSIGNMENT((#5885));
#5887=STYLED_ITEM('',(#5886),#5884);
#5888=DIRECTION('',(7.193398003387E-1,-6.946583704590E-1,-1.352823950103E-8));
#5889=VECTOR('',#5888,2.877359196607E-1);
#5890=CARTESIAN_POINT('',(7.725555460576E0,-1.244999999925E1,
-8.882379557322E-9));
#5891=LINE('',#5890,#5889);
#5892=CURVE_STYLE('',#22,POSITIVE_LENGTH_MEASURE(2.E-2),#3484);
#5893=PRESENTATION_STYLE_ASSIGNMENT((#5892));
#5894=STYLED_ITEM('',(#5893),#5891);
#5895=DIRECTION('',(-7.193398003387E-1,-6.946583704590E-1,1.352823959189E-8));
#5896=VECTOR('',#5895,2.877359196607E-1);
#5897=CARTESIAN_POINT('',(7.274444539424E0,-1.244999999925E1,
8.882381363296E-9));
#5898=LINE('',#5897,#5896);
#5899=CURVE_STYLE('',#22,POSITIVE_LENGTH_MEASURE(2.E-2),#3484);
#5900=PRESENTATION_STYLE_ASSIGNMENT((#5899));
#5901=STYLED_ITEM('',(#5900),#5898);
#5902=CARTESIAN_POINT('',(7.5E0,-1.264987816540E1,0.E0));
#5903=DIRECTION('',(0.E0,1.E0,0.E0));
#5904=DIRECTION('',(-1.E0,0.E0,0.E0));
#5905=AXIS2_PLACEMENT_3D('',#5902,#5903,#5904);
#5907=CURVE_STYLE('',#22,POSITIVE_LENGTH_MEASURE(2.E-2),#3484);
#5908=PRESENTATION_STYLE_ASSIGNMENT((#5907));
#5909=STYLED_ITEM('',(#5908),#5906);
#5910=DIRECTION('',(3.489949886400E-2,9.993908269436E-1,2.552809715483E-8));
#5911=VECTOR('',#5910,5.004266821300E-1);
#5912=CARTESIAN_POINT('',(7.05E0,-1.315E1,0.E0));
#5913=LINE('',#5912,#5911);
#5914=CURVE_STYLE('',#22,POSITIVE_LENGTH_MEASURE(2.E-2),#3484);
#5915=PRESENTATION_STYLE_ASSIGNMENT((#5914));
#5916=STYLED_ITEM('',(#5915),#5913);
#5917=CARTESIAN_POINT('',(7.5E0,-1.264987816540E1,0.E0));
#5918=DIRECTION('',(0.E0,1.E0,0.E0));
#5919=DIRECTION('',(1.E0,0.E0,0.E0));
#5920=AXIS2_PLACEMENT_3D('',#5917,#5918,#5919);
#5922=CURVE_STYLE('',#22,POSITIVE_LENGTH_MEASURE(2.E-2),#3484);
#5923=PRESENTATION_STYLE_ASSIGNMENT((#5922));
#5924=STYLED_ITEM('',(#5923),#5921);
#5925=DIRECTION('',(-3.489949886400E-2,9.993908269436E-1,-2.552809720123E-8));
#5926=VECTOR('',#5925,5.004266821300E-1);
#5927=CARTESIAN_POINT('',(7.95E0,-1.315E1,0.E0));
#5928=LINE('',#5927,#5926);
#5929=CURVE_STYLE('',#22,POSITIVE_LENGTH_MEASURE(2.E-2),#3484);
#5930=PRESENTATION_STYLE_ASSIGNMENT((#5929));
#5931=STYLED_ITEM('',(#5930),#5928);
#5932=CARTESIAN_POINT('',(-6.274444538644E0,-1.245E1,0.E0));
#5933=CARTESIAN_POINT('',(-6.725555461356E0,-1.245E1,0.E0));
#5934=VERTEX_POINT('',#5932);
#5935=VERTEX_POINT('',#5933);
#5936=CARTESIAN_POINT('',(-6.067464639304E0,-1.264987816540E1,0.E0));
#5937=CARTESIAN_POINT('',(-6.932535360696E0,-1.264987816540E1,0.E0));
#5938=VERTEX_POINT('',#5936);
#5939=VERTEX_POINT('',#5937);
#5940=CARTESIAN_POINT('',(7.725555461356E0,-1.245E1,0.E0));
#5941=CARTESIAN_POINT('',(7.274444538644E0,-1.245E1,0.E0));
#5942=VERTEX_POINT('',#5940);
#5943=VERTEX_POINT('',#5941);
#5944=CARTESIAN_POINT('',(7.932535360696E0,-1.264987816540E1,0.E0));
#5945=CARTESIAN_POINT('',(7.067464639304E0,-1.264987816540E1,0.E0));
#5946=VERTEX_POINT('',#5944);
#5947=VERTEX_POINT('',#5945);
#5948=CARTESIAN_POINT('',(-6.05E0,-1.315E1,0.E0));
#5949=VERTEX_POINT('',#5948);
#5950=CARTESIAN_POINT('',(-6.95E0,-1.315E1,0.E0));
#5951=VERTEX_POINT('',#5950);
#5952=CARTESIAN_POINT('',(7.95E0,-1.315E1,0.E0));
#5953=VERTEX_POINT('',#5952);
#5954=CARTESIAN_POINT('',(7.05E0,-1.315E1,0.E0));
#5955=VERTEX_POINT('',#5954);
#5956=CARTESIAN_POINT('',(0.E0,-1.395405597473E1,-9.178418265107E0));
#5957=CARTESIAN_POINT('',(0.E0,-1.395405597473E1,9.178418265107E0));
#5958=VERTEX_POINT('',#5956);
#5959=VERTEX_POINT('',#5957);
#5960=CARTESIAN_POINT('',(0.E0,-1.315E1,9.206496518459E0));
#5961=CARTESIAN_POINT('',(0.E0,-1.315E1,-9.206496518459E0));
#5962=VERTEX_POINT('',#5960);
#5963=VERTEX_POINT('',#5961);
#5964=VERTEX_POINT('',#3939);
#5965=VERTEX_POINT('',#3944);
#5966=CARTESIAN_POINT('',(-3.949759610384E0,-1.441789440155E1,
1.770672313858E0));
#5967=VERTEX_POINT('',#5966);
#5968=VERTEX_POINT('',#4682);
#5969=CARTESIAN_POINT('',(-5.600327844624E0,-1.426306858934E1,
3.047287589326E0));
#5970=VERTEX_POINT('',#5969);
#5971=VERTEX_POINT('',#4729);
#5972=CARTESIAN_POINT('',(-2.700041638699E0,-1.421656081743E1,
6.319229947903E0));
#5973=VERTEX_POINT('',#5972);
#5974=VERTEX_POINT('',#4776);
#5975=VERTEX_POINT('',#4823);
#5976=VERTEX_POINT('',#4828);
#5977=CARTESIAN_POINT('',(0.E0,-1.449346121876E1,2.832470160897E0));
#5978=VERTEX_POINT('',#5977);
#5979=CARTESIAN_POINT('',(8.5E-1,-1.448837450871E1,2.832292529068E0));
#5980=VERTEX_POINT('',#5979);
#5981=VERTEX_POINT('',#4972);
#5982=CARTESIAN_POINT('',(1.123951793930E0,-1.453588963755E1,8.6E-1));
#5983=VERTEX_POINT('',#5982);
#5984=VERTEX_POINT('',#4925);
#5985=CARTESIAN_POINT('',(0.E0,-1.454758391974E1,5.856398327377E-1));
#5986=CARTESIAN_POINT('',(-8.5E-1,-1.454249253237E1,5.858176279024E-1));
#5987=VERTEX_POINT('',#5985);
#5988=VERTEX_POINT('',#5986);
#5989=VERTEX_POINT('',#4870);
#5990=CARTESIAN_POINT('',(1.051994485923E0,-1.436230397660E1,5.050036535755E0));
#5991=CARTESIAN_POINT('',(2.328059361054E0,-1.422976815490E1,6.319556072896E0));
#5992=VERTEX_POINT('',#5990);
#5993=VERTEX_POINT('',#5991);
#5994=VERTEX_POINT('',#5426);
#5995=CARTESIAN_POINT('',(5.599906653627E0,-1.424601128995E1,3.420819357101E0));
#5996=VERTEX_POINT('',#5995);
#5997=VERTEX_POINT('',#5379);
#5998=CARTESIAN_POINT('',(4.330808409927E0,-1.439560855974E1,1.771222611752E0));
#5999=VERTEX_POINT('',#5998);
#6000=VERTEX_POINT('',#5332);
#6001=CARTESIAN_POINT('',(1.051350996346E0,-1.438836387449E1,4.670539305549E0));
#6002=VERTEX_POINT('',#6001);
#6003=VERTEX_POINT('',#5451);
#6004=VERTEX_POINT('',#5456);
#6005=CARTESIAN_POINT('',(3.949759610384E0,-1.441789440155E1,
-1.770672313858E0));
#6006=VERTEX_POINT('',#6005);
#6007=VERTEX_POINT('',#5592);
#6008=CARTESIAN_POINT('',(5.600327844624E0,-1.426306858934E1,
-3.047287589326E0));
#6009=VERTEX_POINT('',#6008);
#6010=VERTEX_POINT('',#5545);
#6011=CARTESIAN_POINT('',(2.700041638699E0,-1.421656081743E1,
-6.319229947903E0));
#6012=VERTEX_POINT('',#6011);
#6013=VERTEX_POINT('',#5498);
#6014=CARTESIAN_POINT('',(-1.122521671528E0,-1.449493629022E1,-2.56E0));
#6015=CARTESIAN_POINT('',(-1.123951793930E0,-1.453588963755E1,-8.6E-1));
#6016=VERTEX_POINT('',#6014);
#6017=VERTEX_POINT('',#6015);
#6018=VERTEX_POINT('',#5191);
#6019=CARTESIAN_POINT('',(0.E0,-1.454758391974E1,-5.856398327377E-1));
#6020=VERTEX_POINT('',#6019);
#6021=CARTESIAN_POINT('',(8.5E-1,-1.454249253237E1,-5.858176279024E-1));
#6022=VERTEX_POINT('',#6021);
#6023=VERTEX_POINT('',#5136);
#6024=CARTESIAN_POINT('',(1.122521671528E0,-1.449493629022E1,-2.56E0));
#6025=VERTEX_POINT('',#6024);
#6026=VERTEX_POINT('',#5089);
#6027=CARTESIAN_POINT('',(0.E0,-1.449346121876E1,-2.832470160897E0));
#6028=CARTESIAN_POINT('',(-8.5E-1,-1.448837450871E1,-2.832292529068E0));
#6029=VERTEX_POINT('',#6027);
#6030=VERTEX_POINT('',#6028);
#6031=CARTESIAN_POINT('',(-1.051994485923E0,-1.436230397660E1,
-5.050036535755E0));
#6032=CARTESIAN_POINT('',(-2.328059361054E0,-1.422976815490E1,
-6.319556072896E0));
#6033=VERTEX_POINT('',#6031);
#6034=VERTEX_POINT('',#6032);
#6035=VERTEX_POINT('',#5802);
#6036=CARTESIAN_POINT('',(-5.599906653627E0,-1.424601128995E1,
-3.420819357101E0));
#6037=VERTEX_POINT('',#6036);
#6038=VERTEX_POINT('',#5755);
#6039=CARTESIAN_POINT('',(-4.330808409927E0,-1.439560855974E1,
-1.771222611752E0));
#6040=VERTEX_POINT('',#6039);
#6041=VERTEX_POINT('',#5708);
#6042=CARTESIAN_POINT('',(-1.051350996346E0,-1.438836387449E1,
-4.670539305549E0));
#6043=VERTEX_POINT('',#6042);
#6044=CARTESIAN_POINT('',(0.E0,-1.455E1,0.E0));
#6045=VERTEX_POINT('',#6044);
#6046=CARTESIAN_POINT('',(-1.064644660941E0,-1.385E1,5.037386360738E0));
#6047=CARTESIAN_POINT('',(-1.064644660941E0,-1.385E1,4.683832970144E0));
#6048=VERTEX_POINT('',#6046);
#6049=VERTEX_POINT('',#6047);
#6050=CARTESIAN_POINT('',(-3.963782463806E0,-1.385E1,1.784695167280E0));
#6051=VERTEX_POINT('',#6050);
#6052=CARTESIAN_POINT('',(-4.317335854399E0,-1.385E1,1.784695167280E0));
#6053=VERTEX_POINT('',#6052);
#6054=CARTESIAN_POINT('',(-5.590128060535E0,-1.385E1,3.057487373415E0));
#6055=VERTEX_POINT('',#6054);
#6056=CARTESIAN_POINT('',(-5.590128060535E0,-1.385E1,3.411040764009E0));
#6057=VERTEX_POINT('',#6056);
#6058=CARTESIAN_POINT('',(-2.690990257670E0,-1.385E1,6.310178566873E0));
#6059=VERTEX_POINT('',#6058);
#6060=CARTESIAN_POINT('',(-2.337436867076E0,-1.385E1,6.310178566873E0));
#6061=VERTEX_POINT('',#6060);
#6062=CARTESIAN_POINT('',(-1.1E0,-1.385E1,2.56E0));
#6063=CARTESIAN_POINT('',(-8.5E-1,-1.385E1,2.81E0));
#6064=VERTEX_POINT('',#6062);
#6065=VERTEX_POINT('',#6063);
#6066=CARTESIAN_POINT('',(8.5E-1,-1.385E1,2.81E0));
#6067=VERTEX_POINT('',#6066);
#6068=CARTESIAN_POINT('',(1.1E0,-1.385E1,2.56E0));
#6069=VERTEX_POINT('',#6068);
#6070=CARTESIAN_POINT('',(1.1E0,-1.385E1,8.6E-1));
#6071=VERTEX_POINT('',#6070);
#6072=CARTESIAN_POINT('',(8.5E-1,-1.385E1,6.1E-1));
#6073=VERTEX_POINT('',#6072);
#6074=CARTESIAN_POINT('',(-8.5E-1,-1.385E1,6.1E-1));
#6075=VERTEX_POINT('',#6074);
#6076=CARTESIAN_POINT('',(-1.1E0,-1.385E1,8.6E-1));
#6077=VERTEX_POINT('',#6076);
#6078=CARTESIAN_POINT('',(1.064644660941E0,-1.385E1,5.037386360738E0));
#6079=CARTESIAN_POINT('',(2.337436867076E0,-1.385E1,6.310178566873E0));
#6080=VERTEX_POINT('',#6078);
#6081=VERTEX_POINT('',#6079);
#6082=CARTESIAN_POINT('',(2.690990257670E0,-1.385E1,6.310178566873E0));
#6083=VERTEX_POINT('',#6082);
#6084=CARTESIAN_POINT('',(5.590128060535E0,-1.385E1,3.411040764009E0));
#6085=VERTEX_POINT('',#6084);
#6086=CARTESIAN_POINT('',(5.590128060535E0,-1.385E1,3.057487373415E0));
#6087=VERTEX_POINT('',#6086);
#6088=CARTESIAN_POINT('',(4.317335854399E0,-1.385E1,1.784695167280E0));
#6089=VERTEX_POINT('',#6088);
#6090=CARTESIAN_POINT('',(3.963782463806E0,-1.385E1,1.784695167280E0));
#6091=VERTEX_POINT('',#6090);
#6092=CARTESIAN_POINT('',(1.064644660941E0,-1.385E1,4.683832970144E0));
#6093=VERTEX_POINT('',#6092);
#6094=CARTESIAN_POINT('',(1.064644660941E0,-1.385E1,-5.037386360738E0));
#6095=CARTESIAN_POINT('',(1.064644660941E0,-1.385E1,-4.683832970144E0));
#6096=VERTEX_POINT('',#6094);
#6097=VERTEX_POINT('',#6095);
#6098=CARTESIAN_POINT('',(3.963782463806E0,-1.385E1,-1.784695167280E0));
#6099=VERTEX_POINT('',#6098);
#6100=CARTESIAN_POINT('',(4.317335854399E0,-1.385E1,-1.784695167280E0));
#6101=VERTEX_POINT('',#6100);
#6102=CARTESIAN_POINT('',(5.590128060535E0,-1.385E1,-3.057487373415E0));
#6103=VERTEX_POINT('',#6102);
#6104=CARTESIAN_POINT('',(5.590128060535E0,-1.385E1,-3.411040764009E0));
#6105=VERTEX_POINT('',#6104);
#6106=CARTESIAN_POINT('',(2.690990257670E0,-1.385E1,-6.310178566873E0));
#6107=VERTEX_POINT('',#6106);
#6108=CARTESIAN_POINT('',(2.337436867076E0,-1.385E1,-6.310178566873E0));
#6109=VERTEX_POINT('',#6108);
#6110=CARTESIAN_POINT('',(-1.1E0,-1.385E1,-2.56E0));
#6111=CARTESIAN_POINT('',(-1.1E0,-1.385E1,-8.6E-1));
#6112=VERTEX_POINT('',#6110);
#6113=VERTEX_POINT('',#6111);
#6114=CARTESIAN_POINT('',(-8.5E-1,-1.385E1,-6.1E-1));
#6115=VERTEX_POINT('',#6114);
#6116=CARTESIAN_POINT('',(8.5E-1,-1.385E1,-6.1E-1));
#6117=VERTEX_POINT('',#6116);
#6118=CARTESIAN_POINT('',(1.1E0,-1.385E1,-8.6E-1));
#6119=VERTEX_POINT('',#6118);
#6120=CARTESIAN_POINT('',(1.1E0,-1.385E1,-2.56E0));
#6121=VERTEX_POINT('',#6120);
#6122=CARTESIAN_POINT('',(8.5E-1,-1.385E1,-2.81E0));
#6123=VERTEX_POINT('',#6122);
#6124=CARTESIAN_POINT('',(-8.5E-1,-1.385E1,-2.81E0));
#6125=VERTEX_POINT('',#6124);
#6126=CARTESIAN_POINT('',(-1.064644660941E0,-1.385E1,-5.037386360738E0));
#6127=CARTESIAN_POINT('',(-2.337436867076E0,-1.385E1,-6.310178566873E0));
#6128=VERTEX_POINT('',#6126);
#6129=VERTEX_POINT('',#6127);
#6130=CARTESIAN_POINT('',(-2.690990257670E0,-1.385E1,-6.310178566873E0));
#6131=VERTEX_POINT('',#6130);
#6132=CARTESIAN_POINT('',(-5.590128060535E0,-1.385E1,-3.411040764009E0));
#6133=VERTEX_POINT('',#6132);
#6134=CARTESIAN_POINT('',(-5.590128060535E0,-1.385E1,-3.057487373415E0));
#6135=VERTEX_POINT('',#6134);
#6136=CARTESIAN_POINT('',(-4.317335854399E0,-1.385E1,-1.784695167280E0));
#6137=VERTEX_POINT('',#6136);
#6138=CARTESIAN_POINT('',(-3.963782463806E0,-1.385E1,-1.784695167280E0));
#6139=VERTEX_POINT('',#6138);
#6140=CARTESIAN_POINT('',(-1.064644660941E0,-1.385E1,-4.683832970144E0));
#6141=VERTEX_POINT('',#6140);
#6142=CARTESIAN_POINT('',(-8.525126265847E-1,-1.385E1,5.249518395094E0));
#6143=CARTESIAN_POINT('',(-8.525126265847E-1,-1.385E1,4.471700935788E0));
#6144=VERTEX_POINT('',#6142);
#6145=VERTEX_POINT('',#6143);
#6146=CARTESIAN_POINT('',(-3.751650429450E0,-1.385E1,1.572563132924E0));
#6147=VERTEX_POINT('',#6146);
#6148=CARTESIAN_POINT('',(-4.529467888755E0,-1.385E1,1.572563132924E0));
#6149=VERTEX_POINT('',#6148);
#6150=CARTESIAN_POINT('',(-5.802260094891E0,-1.385E1,2.845355339059E0));
#6151=VERTEX_POINT('',#6150);
#6152=CARTESIAN_POINT('',(-5.802260094891E0,-1.385E1,3.623172798365E0));
#6153=VERTEX_POINT('',#6152);
#6154=CARTESIAN_POINT('',(-2.903122292026E0,-1.385E1,6.522310601229E0));
#6155=VERTEX_POINT('',#6154);
#6156=CARTESIAN_POINT('',(-2.125304832720E0,-1.385E1,6.522310601229E0));
#6157=VERTEX_POINT('',#6156);
#6158=CARTESIAN_POINT('',(-1.3E0,-1.385E1,2.56E0));
#6159=CARTESIAN_POINT('',(-8.5E-1,-1.385E1,3.01E0));
#6160=VERTEX_POINT('',#6158);
#6161=VERTEX_POINT('',#6159);
#6162=CARTESIAN_POINT('',(8.5E-1,-1.385E1,3.01E0));
#6163=VERTEX_POINT('',#6162);
#6164=CARTESIAN_POINT('',(1.3E0,-1.385E1,2.56E0));
#6165=VERTEX_POINT('',#6164);
#6166=CARTESIAN_POINT('',(1.3E0,-1.385E1,8.6E-1));
#6167=VERTEX_POINT('',#6166);
#6168=CARTESIAN_POINT('',(8.5E-1,-1.385E1,4.1E-1));
#6169=VERTEX_POINT('',#6168);
#6170=CARTESIAN_POINT('',(-8.5E-1,-1.385E1,4.1E-1));
#6171=VERTEX_POINT('',#6170);
#6172=CARTESIAN_POINT('',(-1.3E0,-1.385E1,8.6E-1));
#6173=VERTEX_POINT('',#6172);
#6174=CARTESIAN_POINT('',(8.525126265847E-1,-1.385E1,5.249518395094E0));
#6175=CARTESIAN_POINT('',(2.125304832720E0,-1.385E1,6.522310601229E0));
#6176=VERTEX_POINT('',#6174);
#6177=VERTEX_POINT('',#6175);
#6178=CARTESIAN_POINT('',(2.903122292026E0,-1.385E1,6.522310601229E0));
#6179=VERTEX_POINT('',#6178);
#6180=CARTESIAN_POINT('',(5.802260094891E0,-1.385E1,3.623172798365E0));
#6181=VERTEX_POINT('',#6180);
#6182=CARTESIAN_POINT('',(5.802260094891E0,-1.385E1,2.845355339059E0));
#6183=VERTEX_POINT('',#6182);
#6184=CARTESIAN_POINT('',(4.529467888755E0,-1.385E1,1.572563132924E0));
#6185=VERTEX_POINT('',#6184);
#6186=CARTESIAN_POINT('',(3.751650429450E0,-1.385E1,1.572563132924E0));
#6187=VERTEX_POINT('',#6186);
#6188=CARTESIAN_POINT('',(8.525126265847E-1,-1.385E1,4.471700935788E0));
#6189=VERTEX_POINT('',#6188);
#6190=CARTESIAN_POINT('',(8.525126265847E-1,-1.385E1,-5.249518395094E0));
#6191=CARTESIAN_POINT('',(8.525126265847E-1,-1.385E1,-4.471700935788E0));
#6192=VERTEX_POINT('',#6190);
#6193=VERTEX_POINT('',#6191);
#6194=CARTESIAN_POINT('',(3.751650429450E0,-1.385E1,-1.572563132924E0));
#6195=VERTEX_POINT('',#6194);
#6196=CARTESIAN_POINT('',(4.529467888755E0,-1.385E1,-1.572563132924E0));
#6197=VERTEX_POINT('',#6196);
#6198=CARTESIAN_POINT('',(5.802260094891E0,-1.385E1,-2.845355339059E0));
#6199=VERTEX_POINT('',#6198);
#6200=CARTESIAN_POINT('',(5.802260094891E0,-1.385E1,-3.623172798365E0));
#6201=VERTEX_POINT('',#6200);
#6202=CARTESIAN_POINT('',(2.903122292026E0,-1.385E1,-6.522310601229E0));
#6203=VERTEX_POINT('',#6202);
#6204=CARTESIAN_POINT('',(2.125304832720E0,-1.385E1,-6.522310601229E0));
#6205=VERTEX_POINT('',#6204);
#6206=CARTESIAN_POINT('',(-8.525126265847E-1,-1.385E1,-5.249518395094E0));
#6207=CARTESIAN_POINT('',(-2.125304832720E0,-1.385E1,-6.522310601229E0));
#6208=VERTEX_POINT('',#6206);
#6209=VERTEX_POINT('',#6207);
#6210=CARTESIAN_POINT('',(-2.903122292026E0,-1.385E1,-6.522310601229E0));
#6211=VERTEX_POINT('',#6210);
#6212=CARTESIAN_POINT('',(-5.802260094891E0,-1.385E1,-3.623172798365E0));
#6213=VERTEX_POINT('',#6212);
#6214=CARTESIAN_POINT('',(-5.802260094891E0,-1.385E1,-2.845355339059E0));
#6215=VERTEX_POINT('',#6214);
#6216=CARTESIAN_POINT('',(-4.529467888755E0,-1.385E1,-1.572563132924E0));
#6217=VERTEX_POINT('',#6216);
#6218=CARTESIAN_POINT('',(-3.751650429450E0,-1.385E1,-1.572563132924E0));
#6219=VERTEX_POINT('',#6218);
#6220=CARTESIAN_POINT('',(-8.525126265847E-1,-1.385E1,-4.471700935788E0));
#6221=VERTEX_POINT('',#6220);
#6222=CARTESIAN_POINT('',(-1.3E0,-1.385E1,-2.56E0));
#6223=CARTESIAN_POINT('',(-1.3E0,-1.385E1,-8.6E-1));
#6224=VERTEX_POINT('',#6222);
#6225=VERTEX_POINT('',#6223);
#6226=CARTESIAN_POINT('',(-8.5E-1,-1.385E1,-4.1E-1));
#6227=VERTEX_POINT('',#6226);
#6228=CARTESIAN_POINT('',(8.5E-1,-1.385E1,-4.1E-1));
#6229=VERTEX_POINT('',#6228);
#6230=CARTESIAN_POINT('',(1.3E0,-1.385E1,-8.6E-1));
#6231=VERTEX_POINT('',#6230);
#6232=CARTESIAN_POINT('',(1.3E0,-1.385E1,-2.56E0));
#6233=VERTEX_POINT('',#6232);
#6234=CARTESIAN_POINT('',(8.5E-1,-1.385E1,-3.01E0));
#6235=VERTEX_POINT('',#6234);
#6236=CARTESIAN_POINT('',(-8.5E-1,-1.385E1,-3.01E0));
#6237=VERTEX_POINT('',#6236);
#6238=CARTESIAN_POINT('',(-8.092079475054E-1,-1.315E1,5.292823074173E0));
#6239=CARTESIAN_POINT('',(-8.092079475054E-1,-1.315E1,4.428396256709E0));
#6240=VERTEX_POINT('',#6238);
#6241=VERTEX_POINT('',#6239);
#6242=CARTESIAN_POINT('',(-3.708345750370E0,-1.315E1,1.529258453844E0));
#6243=VERTEX_POINT('',#6242);
#6244=CARTESIAN_POINT('',(-4.572772567834E0,-1.315E1,1.529258453844E0));
#6245=VERTEX_POINT('',#6244);
#6246=CARTESIAN_POINT('',(-5.845564773970E0,-1.315E1,2.802050659980E0));
#6247=VERTEX_POINT('',#6246);
#6248=CARTESIAN_POINT('',(-5.845564773970E0,-1.315E1,3.666477477444E0));
#6249=VERTEX_POINT('',#6248);
#6250=CARTESIAN_POINT('',(-2.946426971105E0,-1.315E1,6.565615280309E0));
#6251=VERTEX_POINT('',#6250);
#6252=CARTESIAN_POINT('',(-2.082000153641E0,-1.315E1,6.565615280309E0));
#6253=VERTEX_POINT('',#6252);
#6254=CARTESIAN_POINT('',(-1.361242064468E0,-1.315E1,2.56E0));
#6255=CARTESIAN_POINT('',(-8.5E-1,-1.315E1,3.071242064468E0));
#6256=VERTEX_POINT('',#6254);
#6257=VERTEX_POINT('',#6255);
#6258=CARTESIAN_POINT('',(8.5E-1,-1.315E1,3.071242064468E0));
#6259=VERTEX_POINT('',#6258);
#6260=CARTESIAN_POINT('',(1.361242064468E0,-1.315E1,2.56E0));
#6261=VERTEX_POINT('',#6260);
#6262=CARTESIAN_POINT('',(1.361242064468E0,-1.315E1,8.6E-1));
#6263=VERTEX_POINT('',#6262);
#6264=CARTESIAN_POINT('',(8.5E-1,-1.315E1,3.487579355319E-1));
#6265=VERTEX_POINT('',#6264);
#6266=CARTESIAN_POINT('',(-8.5E-1,-1.315E1,3.487579355319E-1));
#6267=VERTEX_POINT('',#6266);
#6268=CARTESIAN_POINT('',(-1.361242064468E0,-1.315E1,8.6E-1));
#6269=VERTEX_POINT('',#6268);
#6270=CARTESIAN_POINT('',(8.092079475054E-1,-1.315E1,5.292823074173E0));
#6271=CARTESIAN_POINT('',(2.082000153641E0,-1.315E1,6.565615280309E0));
#6272=VERTEX_POINT('',#6270);
#6273=VERTEX_POINT('',#6271);
#6274=CARTESIAN_POINT('',(2.946426971105E0,-1.315E1,6.565615280309E0));
#6275=VERTEX_POINT('',#6274);
#6276=CARTESIAN_POINT('',(5.845564773970E0,-1.315E1,3.666477477444E0));
#6277=VERTEX_POINT('',#6276);
#6278=CARTESIAN_POINT('',(5.845564773970E0,-1.315E1,2.802050659980E0));
#6279=VERTEX_POINT('',#6278);
#6280=CARTESIAN_POINT('',(4.572772567834E0,-1.315E1,1.529258453844E0));
#6281=VERTEX_POINT('',#6280);
#6282=CARTESIAN_POINT('',(3.708345750370E0,-1.315E1,1.529258453844E0));
#6283=VERTEX_POINT('',#6282);
#6284=CARTESIAN_POINT('',(8.092079475054E-1,-1.315E1,4.428396256709E0));
#6285=VERTEX_POINT('',#6284);
#6286=CARTESIAN_POINT('',(8.092079475054E-1,-1.315E1,-5.292823074173E0));
#6287=CARTESIAN_POINT('',(8.092079475054E-1,-1.315E1,-4.428396256709E0));
#6288=VERTEX_POINT('',#6286);
#6289=VERTEX_POINT('',#6287);
#6290=CARTESIAN_POINT('',(3.708345750370E0,-1.315E1,-1.529258453844E0));
#6291=VERTEX_POINT('',#6290);
#6292=CARTESIAN_POINT('',(4.572772567834E0,-1.315E1,-1.529258453844E0));
#6293=VERTEX_POINT('',#6292);
#6294=CARTESIAN_POINT('',(5.845564773970E0,-1.315E1,-2.802050659980E0));
#6295=VERTEX_POINT('',#6294);
#6296=CARTESIAN_POINT('',(5.845564773970E0,-1.315E1,-3.666477477444E0));
#6297=VERTEX_POINT('',#6296);
#6298=CARTESIAN_POINT('',(2.946426971105E0,-1.315E1,-6.565615280309E0));
#6299=VERTEX_POINT('',#6298);
#6300=CARTESIAN_POINT('',(2.082000153641E0,-1.315E1,-6.565615280309E0));
#6301=VERTEX_POINT('',#6300);
#6302=CARTESIAN_POINT('',(-8.092079475054E-1,-1.315E1,-5.292823074173E0));
#6303=CARTESIAN_POINT('',(-2.082000153641E0,-1.315E1,-6.565615280309E0));
#6304=VERTEX_POINT('',#6302);
#6305=VERTEX_POINT('',#6303);
#6306=CARTESIAN_POINT('',(-2.946426971105E0,-1.315E1,-6.565615280309E0));
#6307=VERTEX_POINT('',#6306);
#6308=CARTESIAN_POINT('',(-5.845564773970E0,-1.315E1,-3.666477477444E0));
#6309=VERTEX_POINT('',#6308);
#6310=CARTESIAN_POINT('',(-5.845564773970E0,-1.315E1,-2.802050659980E0));
#6311=VERTEX_POINT('',#6310);
#6312=CARTESIAN_POINT('',(-4.572772567834E0,-1.315E1,-1.529258453844E0));
#6313=VERTEX_POINT('',#6312);
#6314=CARTESIAN_POINT('',(-3.708345750370E0,-1.315E1,-1.529258453844E0));
#6315=VERTEX_POINT('',#6314);
#6316=CARTESIAN_POINT('',(-8.092079475054E-1,-1.315E1,-4.428396256709E0));
#6317=VERTEX_POINT('',#6316);
#6318=CARTESIAN_POINT('',(-1.361242064468E0,-1.315E1,-2.56E0));
#6319=CARTESIAN_POINT('',(-1.361242064468E0,-1.315E1,-8.6E-1));
#6320=VERTEX_POINT('',#6318);
#6321=VERTEX_POINT('',#6319);
#6322=CARTESIAN_POINT('',(-8.5E-1,-1.315E1,-3.487579355319E-1));
#6323=VERTEX_POINT('',#6322);
#6324=CARTESIAN_POINT('',(8.5E-1,-1.315E1,-3.487579355319E-1));
#6325=VERTEX_POINT('',#6324);
#6326=CARTESIAN_POINT('',(1.361242064468E0,-1.315E1,-8.6E-1));
#6327=VERTEX_POINT('',#6326);
#6328=CARTESIAN_POINT('',(1.361242064468E0,-1.315E1,-2.56E0));
#6329=VERTEX_POINT('',#6328);
#6330=CARTESIAN_POINT('',(8.5E-1,-1.315E1,-3.071242064468E0));
#6331=VERTEX_POINT('',#6330);
#6332=CARTESIAN_POINT('',(-8.5E-1,-1.315E1,-3.071242064468E0));
#6333=VERTEX_POINT('',#6332);
#6334=CARTESIAN_POINT('',(0.E0,-1.315E1,0.E0));
#6335=DIRECTION('',(0.E0,1.E0,0.E0));
#6336=DIRECTION('',(0.E0,0.E0,-1.E0));
#6337=AXIS2_PLACEMENT_3D('',#6334,#6335,#6336);
#6338=PLANE('',#6337);
#6340=ORIENTED_EDGE('',*,*,#6339,.F.);
#6342=ORIENTED_EDGE('',*,*,#6341,.F.);
#6343=EDGE_LOOP('',(#6340,#6342));
#6344=FACE_OUTER_BOUND('',#6343,.F.);
#6346=ORIENTED_EDGE('',*,*,#6345,.T.);
#6348=ORIENTED_EDGE('',*,*,#6347,.T.);
#6349=EDGE_LOOP('',(#6346,#6348));
#6350=FACE_BOUND('',#6349,.F.);
#6352=ORIENTED_EDGE('',*,*,#6351,.T.);
#6354=ORIENTED_EDGE('',*,*,#6353,.T.);
#6355=EDGE_LOOP('',(#6352,#6354));
#6356=FACE_BOUND('',#6355,.F.);
#6358=ORIENTED_EDGE('',*,*,#6357,.T.);
#6360=ORIENTED_EDGE('',*,*,#6359,.T.);
#6362=ORIENTED_EDGE('',*,*,#6361,.T.);
#6364=ORIENTED_EDGE('',*,*,#6363,.T.);
#6366=ORIENTED_EDGE('',*,*,#6365,.T.);
#6368=ORIENTED_EDGE('',*,*,#6367,.T.);
#6370=ORIENTED_EDGE('',*,*,#6369,.T.);
#6372=ORIENTED_EDGE('',*,*,#6371,.T.);
#6373=EDGE_LOOP('',(#6358,#6360,#6362,#6364,#6366,#6368,#6370,#6372));
#6374=FACE_BOUND('',#6373,.F.);
#6376=ORIENTED_EDGE('',*,*,#6375,.T.);
#6378=ORIENTED_EDGE('',*,*,#6377,.T.);
#6380=ORIENTED_EDGE('',*,*,#6379,.T.);
#6382=ORIENTED_EDGE('',*,*,#6381,.T.);
#6384=ORIENTED_EDGE('',*,*,#6383,.T.);
#6386=ORIENTED_EDGE('',*,*,#6385,.T.);
#6388=ORIENTED_EDGE('',*,*,#6387,.T.);
#6390=ORIENTED_EDGE('',*,*,#6389,.T.);
#6391=EDGE_LOOP('',(#6376,#6378,#6380,#6382,#6384,#6386,#6388,#6390));
#6392=FACE_BOUND('',#6391,.F.);
#6394=ORIENTED_EDGE('',*,*,#6393,.T.);
#6396=ORIENTED_EDGE('',*,*,#6395,.T.);
#6398=ORIENTED_EDGE('',*,*,#6397,.T.);
#6400=ORIENTED_EDGE('',*,*,#6399,.T.);
#6402=ORIENTED_EDGE('',*,*,#6401,.T.);
#6404=ORIENTED_EDGE('',*,*,#6403,.T.);
#6406=ORIENTED_EDGE('',*,*,#6405,.T.);
#6408=ORIENTED_EDGE('',*,*,#6407,.T.);
#6409=EDGE_LOOP('',(#6394,#6396,#6398,#6400,#6402,#6404,#6406,#6408));
#6410=FACE_BOUND('',#6409,.F.);
#6412=ORIENTED_EDGE('',*,*,#6411,.T.);
#6414=ORIENTED_EDGE('',*,*,#6413,.T.);
#6416=ORIENTED_EDGE('',*,*,#6415,.T.);
#6418=ORIENTED_EDGE('',*,*,#6417,.T.);
#6420=ORIENTED_EDGE('',*,*,#6419,.T.);
#6422=ORIENTED_EDGE('',*,*,#6421,.T.);
#6424=ORIENTED_EDGE('',*,*,#6423,.T.);
#6426=ORIENTED_EDGE('',*,*,#6425,.T.);
#6427=EDGE_LOOP('',(#6412,#6414,#6416,#6418,#6420,#6422,#6424,#6426));
#6428=FACE_BOUND('',#6427,.F.);
#6430=ORIENTED_EDGE('',*,*,#6429,.T.);
#6432=ORIENTED_EDGE('',*,*,#6431,.T.);
#6434=ORIENTED_EDGE('',*,*,#6433,.T.);
#6436=ORIENTED_EDGE('',*,*,#6435,.T.);
#6438=ORIENTED_EDGE('',*,*,#6437,.T.);
#6440=ORIENTED_EDGE('',*,*,#6439,.T.);
#6442=ORIENTED_EDGE('',*,*,#6441,.T.);
#6444=ORIENTED_EDGE('',*,*,#6443,.T.);
#6445=EDGE_LOOP('',(#6430,#6432,#6434,#6436,#6438,#6440,#6442,#6444));
#6446=FACE_BOUND('',#6445,.F.);
#6448=ORIENTED_EDGE('',*,*,#6447,.T.);
#6450=ORIENTED_EDGE('',*,*,#6449,.T.);
#6452=ORIENTED_EDGE('',*,*,#6451,.T.);
#6454=ORIENTED_EDGE('',*,*,#6453,.T.);
#6456=ORIENTED_EDGE('',*,*,#6455,.T.);
#6458=ORIENTED_EDGE('',*,*,#6457,.T.);
#6460=ORIENTED_EDGE('',*,*,#6459,.T.);
#6462=ORIENTED_EDGE('',*,*,#6461,.T.);
#6463=EDGE_LOOP('',(#6448,#6450,#6452,#6454,#6456,#6458,#6460,#6462));
#6464=FACE_BOUND('',#6463,.F.);
#6466=CARTESIAN_POINT('',(0.E0,-1.355202798736E1,0.E0));
#6467=DIRECTION('',(0.E0,1.E0,0.E0));
#6468=DIRECTION('',(0.E0,0.E0,-1.E0));
#6469=AXIS2_PLACEMENT_3D('',#6466,#6467,#6468);
#6470=CONICAL_SURFACE('',#6469,9.192457391783E0,2.E0);
#6471=ORIENTED_EDGE('',*,*,#6339,.T.);
#6473=ORIENTED_EDGE('',*,*,#6472,.F.);
#6475=ORIENTED_EDGE('',*,*,#6474,.F.);
#6477=ORIENTED_EDGE('',*,*,#6476,.T.);
#6478=EDGE_LOOP('',(#6471,#6473,#6475,#6477));
#6479=FACE_OUTER_BOUND('',#6478,.F.);
#6481=CARTESIAN_POINT('',(0.E0,-1.355202798736E1,0.E0));
#6482=DIRECTION('',(0.E0,1.E0,0.E0));
#6483=DIRECTION('',(0.E0,0.E0,-1.E0));
#6484=AXIS2_PLACEMENT_3D('',#6481,#6482,#6483);
#6485=CONICAL_SURFACE('',#6484,9.192457391783E0,2.E0);
#6486=ORIENTED_EDGE('',*,*,#6341,.T.);
#6487=ORIENTED_EDGE('',*,*,#6476,.F.);
#6489=ORIENTED_EDGE('',*,*,#6488,.F.);
#6490=ORIENTED_EDGE('',*,*,#6472,.T.);
#6491=EDGE_LOOP('',(#6486,#6487,#6489,#6490));
#6492=FACE_OUTER_BOUND('',#6491,.F.);
#6494=CARTESIAN_POINT('',(0.E0,5.642857142857E1,0.E0));
#6495=DIRECTION('',(0.E0,1.E0,0.E0));
#6496=DIRECTION('',(0.E0,0.E0,-1.E0));
#6497=AXIS2_PLACEMENT_3D('',#6494,#6495,#6496);
#6498=SPHERICAL_SURFACE('',#6497,7.097857142857E1);
#6500=ORIENTED_EDGE('',*,*,#6499,.T.);
#6502=ORIENTED_EDGE('',*,*,#6501,.F.);
#6504=ORIENTED_EDGE('',*,*,#6503,.T.);
#6506=ORIENTED_EDGE('',*,*,#6505,.F.);
#6508=ORIENTED_EDGE('',*,*,#6507,.F.);
#6510=ORIENTED_EDGE('',*,*,#6509,.T.);
#6512=ORIENTED_EDGE('',*,*,#6511,.F.);
#6514=ORIENTED_EDGE('',*,*,#6513,.T.);
#6516=ORIENTED_EDGE('',*,*,#6515,.F.);
#6518=ORIENTED_EDGE('',*,*,#6517,.T.);
#6520=ORIENTED_EDGE('',*,*,#6519,.F.);
#6522=ORIENTED_EDGE('',*,*,#6521,.T.);
#6523=ORIENTED_EDGE('',*,*,#6488,.T.);
#6525=ORIENTED_EDGE('',*,*,#6524,.F.);
#6527=ORIENTED_EDGE('',*,*,#6526,.F.);
#6528=EDGE_LOOP('',(#6500,#6502,#6504,#6506,#6508,#6510,#6512,#6514,#6516,#6518,
#6520,#6522,#6523,#6525,#6527));
#6529=FACE_OUTER_BOUND('',#6528,.F.);
#6531=ORIENTED_EDGE('',*,*,#6530,.T.);
#6533=ORIENTED_EDGE('',*,*,#6532,.F.);
#6535=ORIENTED_EDGE('',*,*,#6534,.T.);
#6537=ORIENTED_EDGE('',*,*,#6536,.F.);
#6539=ORIENTED_EDGE('',*,*,#6538,.T.);
#6541=ORIENTED_EDGE('',*,*,#6540,.F.);
#6543=ORIENTED_EDGE('',*,*,#6542,.T.);
#6545=ORIENTED_EDGE('',*,*,#6544,.F.);
#6546=EDGE_LOOP('',(#6531,#6533,#6535,#6537,#6539,#6541,#6543,#6545));
#6547=FACE_BOUND('',#6546,.F.);
#6549=ORIENTED_EDGE('',*,*,#6548,.F.);
#6551=ORIENTED_EDGE('',*,*,#6550,.T.);
#6553=ORIENTED_EDGE('',*,*,#6552,.F.);
#6555=ORIENTED_EDGE('',*,*,#6554,.T.);
#6557=ORIENTED_EDGE('',*,*,#6556,.F.);
#6559=ORIENTED_EDGE('',*,*,#6558,.T.);
#6561=ORIENTED_EDGE('',*,*,#6560,.F.);
#6563=ORIENTED_EDGE('',*,*,#6562,.T.);
#6564=EDGE_LOOP('',(#6549,#6551,#6553,#6555,#6557,#6559,#6561,#6563));
#6565=FACE_BOUND('',#6564,.F.);
#6567=CARTESIAN_POINT('',(-1.241421356237E0,-1.411918193725E1,
4.860609665441E0));
#6568=DIRECTION('',(0.E0,-1.E0,0.E0));
#6569=DIRECTION('',(1.E0,0.E0,0.E0));
#6570=AXIS2_PLACEMENT_3D('',#6567,#6568,#6569);
#6571=CONICAL_SURFACE('',#6570,2.594000403820E-1,2.E0);
#6573=ORIENTED_EDGE('',*,*,#6572,.F.);
#6575=ORIENTED_EDGE('',*,*,#6574,.T.);
#6576=ORIENTED_EDGE('',*,*,#6530,.F.);
#6578=ORIENTED_EDGE('',*,*,#6577,.F.);
#6579=EDGE_LOOP('',(#6573,#6575,#6576,#6578));
#6580=FACE_OUTER_BOUND('',#6579,.F.);
#6582=CARTESIAN_POINT('',(0.E0,-1.385E1,0.E0));
#6583=DIRECTION('',(0.E0,1.E0,0.E0));
#6584=DIRECTION('',(0.E0,0.E0,-1.E0));
#6585=AXIS2_PLACEMENT_3D('',#6582,#6583,#6584);
#6586=PLANE('',#6585);
#6588=ORIENTED_EDGE('',*,*,#6587,.F.);
#6590=ORIENTED_EDGE('',*,*,#6589,.F.);
#6592=ORIENTED_EDGE('',*,*,#6591,.F.);
#6594=ORIENTED_EDGE('',*,*,#6593,.F.);
#6596=ORIENTED_EDGE('',*,*,#6595,.F.);
#6598=ORIENTED_EDGE('',*,*,#6597,.F.);
#6600=ORIENTED_EDGE('',*,*,#6599,.F.);
#6602=ORIENTED_EDGE('',*,*,#6601,.F.);
#6603=EDGE_LOOP('',(#6588,#6590,#6592,#6594,#6596,#6598,#6600,#6602));
#6604=FACE_OUTER_BOUND('',#6603,.F.);
#6605=ORIENTED_EDGE('',*,*,#6572,.T.);
#6607=ORIENTED_EDGE('',*,*,#6606,.T.);
#6609=ORIENTED_EDGE('',*,*,#6608,.T.);
#6611=ORIENTED_EDGE('',*,*,#6610,.T.);
#6613=ORIENTED_EDGE('',*,*,#6612,.T.);
#6615=ORIENTED_EDGE('',*,*,#6614,.T.);
#6617=ORIENTED_EDGE('',*,*,#6616,.T.);
#6619=ORIENTED_EDGE('',*,*,#6618,.T.);
#6620=EDGE_LOOP('',(#6605,#6607,#6609,#6611,#6613,#6615,#6617,#6619));
#6621=FACE_BOUND('',#6620,.F.);
#6623=CARTESIAN_POINT('',(0.E0,-1.385E1,0.E0));
#6624=DIRECTION('',(0.E0,1.E0,0.E0));
#6625=DIRECTION('',(0.E0,0.E0,-1.E0));
#6626=AXIS2_PLACEMENT_3D('',#6623,#6624,#6625);
#6627=PLANE('',#6626);
#6629=ORIENTED_EDGE('',*,*,#6628,.F.);
#6631=ORIENTED_EDGE('',*,*,#6630,.F.);
#6633=ORIENTED_EDGE('',*,*,#6632,.F.);
#6635=ORIENTED_EDGE('',*,*,#6634,.F.);
#6637=ORIENTED_EDGE('',*,*,#6636,.F.);
#6639=ORIENTED_EDGE('',*,*,#6638,.F.);
#6641=ORIENTED_EDGE('',*,*,#6640,.F.);
#6643=ORIENTED_EDGE('',*,*,#6642,.F.);
#6644=EDGE_LOOP('',(#6629,#6631,#6633,#6635,#6637,#6639,#6641,#6643));
#6645=FACE_OUTER_BOUND('',#6644,.F.);
#6647=ORIENTED_EDGE('',*,*,#6646,.T.);
#6649=ORIENTED_EDGE('',*,*,#6648,.T.);
#6651=ORIENTED_EDGE('',*,*,#6650,.T.);
#6653=ORIENTED_EDGE('',*,*,#6652,.T.);
#6655=ORIENTED_EDGE('',*,*,#6654,.T.);
#6657=ORIENTED_EDGE('',*,*,#6656,.T.);
#6659=ORIENTED_EDGE('',*,*,#6658,.T.);
#6661=ORIENTED_EDGE('',*,*,#6660,.T.);
#6662=EDGE_LOOP('',(#6647,#6649,#6651,#6653,#6655,#6657,#6659,#6661));
#6663=FACE_BOUND('',#6662,.F.);
#6665=CARTESIAN_POINT('',(0.E0,-1.385E1,0.E0));
#6666=DIRECTION('',(0.E0,1.E0,0.E0));
#6667=DIRECTION('',(0.E0,0.E0,-1.E0));
#6668=AXIS2_PLACEMENT_3D('',#6665,#6666,#6667);
#6669=PLANE('',#6668);
#6671=ORIENTED_EDGE('',*,*,#6670,.F.);
#6673=ORIENTED_EDGE('',*,*,#6672,.F.);
#6675=ORIENTED_EDGE('',*,*,#6674,.F.);
#6677=ORIENTED_EDGE('',*,*,#6676,.F.);
#6679=ORIENTED_EDGE('',*,*,#6678,.F.);
#6681=ORIENTED_EDGE('',*,*,#6680,.F.);
#6683=ORIENTED_EDGE('',*,*,#6682,.F.);
#6685=ORIENTED_EDGE('',*,*,#6684,.F.);
#6686=EDGE_LOOP('',(#6671,#6673,#6675,#6677,#6679,#6681,#6683,#6685));
#6687=FACE_OUTER_BOUND('',#6686,.F.);
#6689=ORIENTED_EDGE('',*,*,#6688,.T.);
#6691=ORIENTED_EDGE('',*,*,#6690,.T.);
#6693=ORIENTED_EDGE('',*,*,#6692,.T.);
#6695=ORIENTED_EDGE('',*,*,#6694,.T.);
#6697=ORIENTED_EDGE('',*,*,#6696,.T.);
#6699=ORIENTED_EDGE('',*,*,#6698,.T.);
#6701=ORIENTED_EDGE('',*,*,#6700,.T.);
#6703=ORIENTED_EDGE('',*,*,#6702,.T.);
#6704=EDGE_LOOP('',(#6689,#6691,#6693,#6695,#6697,#6699,#6701,#6703));
#6705=FACE_BOUND('',#6704,.F.);
#6707=CARTESIAN_POINT('',(0.E0,-1.385E1,0.E0));
#6708=DIRECTION('',(0.E0,1.E0,0.E0));
#6709=DIRECTION('',(0.E0,0.E0,-1.E0));
#6710=AXIS2_PLACEMENT_3D('',#6707,#6708,#6709);
#6711=PLANE('',#6710);
#6713=ORIENTED_EDGE('',*,*,#6712,.F.);
#6715=ORIENTED_EDGE('',*,*,#6714,.F.);
#6717=ORIENTED_EDGE('',*,*,#6716,.F.);
#6719=ORIENTED_EDGE('',*,*,#6718,.F.);
#6721=ORIENTED_EDGE('',*,*,#6720,.F.);
#6723=ORIENTED_EDGE('',*,*,#6722,.F.);
#6725=ORIENTED_EDGE('',*,*,#6724,.F.);
#6727=ORIENTED_EDGE('',*,*,#6726,.F.);
#6728=EDGE_LOOP('',(#6713,#6715,#6717,#6719,#6721,#6723,#6725,#6727));
#6729=FACE_OUTER_BOUND('',#6728,.F.);
#6731=ORIENTED_EDGE('',*,*,#6730,.T.);
#6733=ORIENTED_EDGE('',*,*,#6732,.T.);
#6735=ORIENTED_EDGE('',*,*,#6734,.T.);
#6737=ORIENTED_EDGE('',*,*,#6736,.T.);
#6739=ORIENTED_EDGE('',*,*,#6738,.T.);
#6741=ORIENTED_EDGE('',*,*,#6740,.T.);
#6743=ORIENTED_EDGE('',*,*,#6742,.T.);
#6745=ORIENTED_EDGE('',*,*,#6744,.T.);
#6746=EDGE_LOOP('',(#6731,#6733,#6735,#6737,#6739,#6741,#6743,#6745));
#6747=FACE_BOUND('',#6746,.F.);
#6749=CARTESIAN_POINT('',(0.E0,-1.385E1,0.E0));
#6750=DIRECTION('',(0.E0,1.E0,0.E0));
#6751=DIRECTION('',(0.E0,0.E0,-1.E0));
#6752=AXIS2_PLACEMENT_3D('',#6749,#6750,#6751);
#6753=PLANE('',#6752);
#6755=ORIENTED_EDGE('',*,*,#6754,.F.);
#6757=ORIENTED_EDGE('',*,*,#6756,.F.);
#6759=ORIENTED_EDGE('',*,*,#6758,.F.);
#6761=ORIENTED_EDGE('',*,*,#6760,.F.);
#6763=ORIENTED_EDGE('',*,*,#6762,.F.);
#6765=ORIENTED_EDGE('',*,*,#6764,.F.);
#6767=ORIENTED_EDGE('',*,*,#6766,.F.);
#6769=ORIENTED_EDGE('',*,*,#6768,.F.);
#6770=EDGE_LOOP('',(#6755,#6757,#6759,#6761,#6763,#6765,#6767,#6769));
#6771=FACE_OUTER_BOUND('',#6770,.F.);
#6773=ORIENTED_EDGE('',*,*,#6772,.T.);
#6775=ORIENTED_EDGE('',*,*,#6774,.T.);
#6777=ORIENTED_EDGE('',*,*,#6776,.T.);
#6779=ORIENTED_EDGE('',*,*,#6778,.T.);
#6781=ORIENTED_EDGE('',*,*,#6780,.T.);
#6783=ORIENTED_EDGE('',*,*,#6782,.T.);
#6785=ORIENTED_EDGE('',*,*,#6784,.T.);
#6787=ORIENTED_EDGE('',*,*,#6786,.T.);
#6788=EDGE_LOOP('',(#6773,#6775,#6777,#6779,#6781,#6783,#6785,#6787));
#6789=FACE_BOUND('',#6788,.F.);
#6791=CARTESIAN_POINT('',(0.E0,-1.385E1,0.E0));
#6792=DIRECTION('',(0.E0,1.E0,0.E0));
#6793=DIRECTION('',(0.E0,0.E0,-1.E0));
#6794=AXIS2_PLACEMENT_3D('',#6791,#6792,#6793);
#6795=PLANE('',#6794);
#6797=ORIENTED_EDGE('',*,*,#6796,.F.);
#6799=ORIENTED_EDGE('',*,*,#6798,.F.);
#6801=ORIENTED_EDGE('',*,*,#6800,.F.);
#6803=ORIENTED_EDGE('',*,*,#6802,.F.);
#6805=ORIENTED_EDGE('',*,*,#6804,.F.);
#6807=ORIENTED_EDGE('',*,*,#6806,.F.);
#6809=ORIENTED_EDGE('',*,*,#6808,.F.);
#6811=ORIENTED_EDGE('',*,*,#6810,.F.);
#6812=EDGE_LOOP('',(#6797,#6799,#6801,#6803,#6805,#6807,#6809,#6811));
#6813=FACE_OUTER_BOUND('',#6812,.F.);
#6815=ORIENTED_EDGE('',*,*,#6814,.T.);
#6817=ORIENTED_EDGE('',*,*,#6816,.T.);
#6819=ORIENTED_EDGE('',*,*,#6818,.T.);
#6821=ORIENTED_EDGE('',*,*,#6820,.T.);
#6823=ORIENTED_EDGE('',*,*,#6822,.T.);
#6825=ORIENTED_EDGE('',*,*,#6824,.T.);
#6827=ORIENTED_EDGE('',*,*,#6826,.T.);
#6829=ORIENTED_EDGE('',*,*,#6828,.T.);
#6830=EDGE_LOOP('',(#6815,#6817,#6819,#6821,#6823,#6825,#6827,#6829));
#6831=FACE_BOUND('',#6830,.F.);
#6833=CARTESIAN_POINT('',(-1.241421356237E0,-1.35E1,4.860609665441E0));
#6834=DIRECTION('',(0.E0,1.E0,0.E0));
#6835=DIRECTION('',(0.E0,0.E0,-1.E0));
#6836=AXIS2_PLACEMENT_3D('',#6833,#6834,#6835);
#6837=CONICAL_SURFACE('',#6836,5.806210322341E-1,5.E0);
#6838=ORIENTED_EDGE('',*,*,#6357,.F.);
#6840=ORIENTED_EDGE('',*,*,#6839,.T.);
#6841=ORIENTED_EDGE('',*,*,#6587,.T.);
#6843=ORIENTED_EDGE('',*,*,#6842,.F.);
#6844=EDGE_LOOP('',(#6838,#6840,#6841,#6843));
#6845=FACE_OUTER_BOUND('',#6844,.F.);
#6847=CARTESIAN_POINT('',(-3.680973693814E0,-1.385E1,8.077979462323E0));
#6848=DIRECTION('',(7.044160264028E-1,-8.715574274766E-2,7.044160264028E-1));
#6849=DIRECTION('',(7.071067811865E-1,0.E0,-7.071067811865E-1));
#6850=AXIS2_PLACEMENT_3D('',#6847,#6848,#6849);
#6851=PLANE('',#6850);
#6852=ORIENTED_EDGE('',*,*,#6371,.F.);
#6854=ORIENTED_EDGE('',*,*,#6853,.T.);
#6855=ORIENTED_EDGE('',*,*,#6589,.T.);
#6856=ORIENTED_EDGE('',*,*,#6839,.F.);
#6857=EDGE_LOOP('',(#6852,#6854,#6855,#6856));
#6858=FACE_OUTER_BOUND('',#6857,.F.);
#6860=CARTESIAN_POINT('',(-2.514213562373E0,-1.35E1,6.133401871577E0));
#6861=DIRECTION('',(0.E0,1.E0,0.E0));
#6862=DIRECTION('',(0.E0,0.E0,-1.E0));
#6863=AXIS2_PLACEMENT_3D('',#6860,#6861,#6862);
#6864=CONICAL_SURFACE('',#6863,5.806210322341E-1,5.E0);
#6865=ORIENTED_EDGE('',*,*,#6369,.F.);
#6867=ORIENTED_EDGE('',*,*,#6866,.T.);
#6868=ORIENTED_EDGE('',*,*,#6591,.T.);
#6869=ORIENTED_EDGE('',*,*,#6853,.F.);
#6870=EDGE_LOOP('',(#6865,#6867,#6868,#6869));
#6871=FACE_OUTER_BOUND('',#6870,.F.);
#6873=CARTESIAN_POINT('',(-7.357928955984E0,-1.385E1,2.067503937271E0));
#6874=DIRECTION('',(-7.044160264028E-1,-8.715574274766E-2,7.044160264028E-1));
#6875=DIRECTION('',(7.071067811865E-1,0.E0,7.071067811865E-1));
#6876=AXIS2_PLACEMENT_3D('',#6873,#6874,#6875);
#6877=PLANE('',#6876);
#6878=ORIENTED_EDGE('',*,*,#6367,.F.);
#6880=ORIENTED_EDGE('',*,*,#6879,.T.);
#6881=ORIENTED_EDGE('',*,*,#6593,.T.);
#6882=ORIENTED_EDGE('',*,*,#6866,.F.);
#6883=EDGE_LOOP('',(#6878,#6880,#6881,#6882));
#6884=FACE_OUTER_BOUND('',#6883,.F.);
#6886=CARTESIAN_POINT('',(-5.413351365238E0,-1.35E1,3.234264068712E0));
#6887=DIRECTION('',(0.E0,1.E0,0.E0));
#6888=DIRECTION('',(0.E0,0.E0,-1.E0));
#6889=AXIS2_PLACEMENT_3D('',#6886,#6887,#6888);
#6890=CONICAL_SURFACE('',#6889,5.806210322341E-1,5.E0);
#6891=ORIENTED_EDGE('',*,*,#6365,.F.);
#6893=ORIENTED_EDGE('',*,*,#6892,.T.);
#6894=ORIENTED_EDGE('',*,*,#6595,.T.);
#6895=ORIENTED_EDGE('',*,*,#6879,.F.);
#6896=EDGE_LOOP('',(#6891,#6893,#6894,#6895));
#6897=FACE_OUTER_BOUND('',#6896,.F.);
#6899=CARTESIAN_POINT('',(-2.973799027661E0,-1.385E1,1.689427182994E-2));
#6900=DIRECTION('',(-7.044160264028E-1,-8.715574274766E-2,-7.044160264028E-1));
#6901=DIRECTION('',(-7.071067811865E-1,0.E0,7.071067811865E-1));
#6902=AXIS2_PLACEMENT_3D('',#6899,#6900,#6901);
#6903=PLANE('',#6902);
#6904=ORIENTED_EDGE('',*,*,#6363,.F.);
#6906=ORIENTED_EDGE('',*,*,#6905,.T.);
#6907=ORIENTED_EDGE('',*,*,#6597,.T.);
#6908=ORIENTED_EDGE('',*,*,#6892,.F.);
#6909=EDGE_LOOP('',(#6904,#6906,#6907,#6908));
#6910=FACE_OUTER_BOUND('',#6909,.F.);
#6912=CARTESIAN_POINT('',(-4.140559159102E0,-1.35E1,1.961471862576E0));
#6913=DIRECTION('',(0.E0,1.E0,0.E0));
#6914=DIRECTION('',(0.E0,0.E0,-1.E0));
#6915=AXIS2_PLACEMENT_3D('',#6912,#6913,#6914);
#6916=CONICAL_SURFACE('',#6915,5.806210322341E-1,5.E0);
#6917=ORIENTED_EDGE('',*,*,#6361,.F.);
#6919=ORIENTED_EDGE('',*,*,#6918,.T.);
#6920=ORIENTED_EDGE('',*,*,#6599,.T.);
#6921=ORIENTED_EDGE('',*,*,#6905,.F.);
#6922=EDGE_LOOP('',(#6917,#6919,#6920,#6921));
#6923=FACE_OUTER_BOUND('',#6922,.F.);
#6925=CARTESIAN_POINT('',(7.031562345089E-1,-1.385E1,6.027369796882E0));
#6926=DIRECTION('',(7.044160264028E-1,-8.715574274766E-2,-7.044160264028E-1));
#6927=DIRECTION('',(-7.071067811865E-1,0.E0,-7.071067811865E-1));
#6928=AXIS2_PLACEMENT_3D('',#6925,#6926,#6927);
#6929=PLANE('',#6928);
#6930=ORIENTED_EDGE('',*,*,#6359,.F.);
#6931=ORIENTED_EDGE('',*,*,#6842,.T.);
#6932=ORIENTED_EDGE('',*,*,#6601,.T.);
#6933=ORIENTED_EDGE('',*,*,#6918,.F.);
#6934=EDGE_LOOP('',(#6930,#6931,#6932,#6933));
#6935=FACE_OUTER_BOUND('',#6934,.F.);
#6937=CARTESIAN_POINT('',(-8.5E-1,-1.35E1,2.56E0));
#6938=DIRECTION('',(0.E0,1.E0,0.E0));
#6939=DIRECTION('',(0.E0,0.E0,-1.E0));
#6940=AXIS2_PLACEMENT_3D('',#6937,#6938,#6939);
#6941=CONICAL_SURFACE('',#6940,4.806210322341E-1,5.E0);
#6942=ORIENTED_EDGE('',*,*,#6375,.F.);
#6944=ORIENTED_EDGE('',*,*,#6943,.T.);
#6945=ORIENTED_EDGE('',*,*,#6628,.T.);
#6947=ORIENTED_EDGE('',*,*,#6946,.F.);
#6948=EDGE_LOOP('',(#6942,#6944,#6945,#6947));
#6949=FACE_OUTER_BOUND('',#6948,.F.);
#6951=CARTESIAN_POINT('',(-1.3E0,-1.385E1,-1.340048001920E0));
#6952=DIRECTION('',(-9.961946980917E-1,-8.715574274766E-2,0.E0));
#6953=DIRECTION('',(0.E0,0.E0,1.E0));
#6954=AXIS2_PLACEMENT_3D('',#6951,#6952,#6953);
#6955=PLANE('',#6954);
#6956=ORIENTED_EDGE('',*,*,#6389,.F.);
#6958=ORIENTED_EDGE('',*,*,#6957,.T.);
#6959=ORIENTED_EDGE('',*,*,#6630,.T.);
#6960=ORIENTED_EDGE('',*,*,#6943,.F.);
#6961=EDGE_LOOP('',(#6956,#6958,#6959,#6960));
#6962=FACE_OUTER_BOUND('',#6961,.F.);
#6964=CARTESIAN_POINT('',(-8.5E-1,-1.35E1,8.6E-1));
#6965=DIRECTION('',(0.E0,1.E0,0.E0));
#6966=DIRECTION('',(0.E0,0.E0,-1.E0));
#6967=AXIS2_PLACEMENT_3D('',#6964,#6965,#6966);
#6968=CONICAL_SURFACE('',#6967,4.806210322341E-1,5.E0);
#6969=ORIENTED_EDGE('',*,*,#6387,.F.);
#6971=ORIENTED_EDGE('',*,*,#6970,.T.);
#6972=ORIENTED_EDGE('',*,*,#6632,.T.);
#6973=ORIENTED_EDGE('',*,*,#6957,.F.);
#6974=EDGE_LOOP('',(#6969,#6971,#6972,#6973));
#6975=FACE_OUTER_BOUND('',#6974,.F.);
#6977=CARTESIAN_POINT('',(3.050048001920E0,-1.385E1,4.1E-1));
#6978=DIRECTION('',(0.E0,-8.715574274766E-2,-9.961946980917E-1));
#6979=DIRECTION('',(-1.E0,0.E0,0.E0));
#6980=AXIS2_PLACEMENT_3D('',#6977,#6978,#6979);
#6981=PLANE('',#6980);
#6982=ORIENTED_EDGE('',*,*,#6385,.F.);
#6984=ORIENTED_EDGE('',*,*,#6983,.T.);
#6985=ORIENTED_EDGE('',*,*,#6634,.T.);
#6986=ORIENTED_EDGE('',*,*,#6970,.F.);
#6987=EDGE_LOOP('',(#6982,#6984,#6985,#6986));
#6988=FACE_OUTER_BOUND('',#6987,.F.);
#6990=CARTESIAN_POINT('',(8.5E-1,-1.35E1,8.6E-1));
#6991=DIRECTION('',(0.E0,1.E0,0.E0));
#6992=DIRECTION('',(0.E0,0.E0,-1.E0));
#6993=AXIS2_PLACEMENT_3D('',#6990,#6991,#6992);
#6994=CONICAL_SURFACE('',#6993,4.806210322341E-1,5.E0);
#6995=ORIENTED_EDGE('',*,*,#6383,.F.);
#6997=ORIENTED_EDGE('',*,*,#6996,.T.);
#6998=ORIENTED_EDGE('',*,*,#6636,.T.);
#6999=ORIENTED_EDGE('',*,*,#6983,.F.);
#7000=EDGE_LOOP('',(#6995,#6997,#6998,#6999));
#7001=FACE_OUTER_BOUND('',#7000,.F.);
#7003=CARTESIAN_POINT('',(1.3E0,-1.385E1,4.760048001920E0));
#7004=DIRECTION('',(9.961946980917E-1,-8.715574274766E-2,0.E0));
#7005=DIRECTION('',(0.E0,0.E0,-1.E0));
#7006=AXIS2_PLACEMENT_3D('',#7003,#7004,#7005);
#7007=PLANE('',#7006);
#7008=ORIENTED_EDGE('',*,*,#6381,.F.);
#7010=ORIENTED_EDGE('',*,*,#7009,.T.);
#7011=ORIENTED_EDGE('',*,*,#6638,.T.);
#7012=ORIENTED_EDGE('',*,*,#6996,.F.);
#7013=EDGE_LOOP('',(#7008,#7010,#7011,#7012));
#7014=FACE_OUTER_BOUND('',#7013,.F.);
#7016=CARTESIAN_POINT('',(8.5E-1,-1.35E1,2.56E0));
#7017=DIRECTION('',(0.E0,1.E0,0.E0));
#7018=DIRECTION('',(0.E0,0.E0,-1.E0));
#7019=AXIS2_PLACEMENT_3D('',#7016,#7017,#7018);
#7020=CONICAL_SURFACE('',#7019,4.806210322341E-1,5.E0);
#7021=ORIENTED_EDGE('',*,*,#6379,.F.);
#7023=ORIENTED_EDGE('',*,*,#7022,.T.);
#7024=ORIENTED_EDGE('',*,*,#6640,.T.);
#7025=ORIENTED_EDGE('',*,*,#7009,.F.);
#7026=EDGE_LOOP('',(#7021,#7023,#7024,#7025));
#7027=FACE_OUTER_BOUND('',#7026,.F.);
#7029=CARTESIAN_POINT('',(-3.050048001920E0,-1.385E1,3.01E0));
#7030=DIRECTION('',(0.E0,-8.715574274766E-2,9.961946980917E-1));
#7031=DIRECTION('',(1.E0,0.E0,0.E0));
#7032=AXIS2_PLACEMENT_3D('',#7029,#7030,#7031);
#7033=PLANE('',#7032);
#7034=ORIENTED_EDGE('',*,*,#6377,.F.);
#7035=ORIENTED_EDGE('',*,*,#6946,.T.);
#7036=ORIENTED_EDGE('',*,*,#6642,.T.);
#7037=ORIENTED_EDGE('',*,*,#7022,.F.);
#7038=EDGE_LOOP('',(#7034,#7035,#7036,#7037));
#7039=FACE_OUTER_BOUND('',#7038,.F.);
#7041=CARTESIAN_POINT('',(-7.031562345089E-1,-1.385E1,3.693849534E0));
#7042=DIRECTION('',(-7.044160264028E-1,-8.715574274766E-2,7.044160264028E-1));
#7043=DIRECTION('',(7.071067811865E-1,0.E0,7.071067811865E-1));
#7044=AXIS2_PLACEMENT_3D('',#7041,#7042,#7043);
#7045=PLANE('',#7044);
#7046=ORIENTED_EDGE('',*,*,#6393,.F.);
#7048=ORIENTED_EDGE('',*,*,#7047,.T.);
#7049=ORIENTED_EDGE('',*,*,#6670,.T.);
#7051=ORIENTED_EDGE('',*,*,#7050,.F.);
#7052=EDGE_LOOP('',(#7046,#7048,#7049,#7051));
#7053=FACE_OUTER_BOUND('',#7052,.F.);
#7055=CARTESIAN_POINT('',(1.241421356237E0,-1.35E1,4.860609665441E0));
#7056=DIRECTION('',(0.E0,1.E0,0.E0));
#7057=DIRECTION('',(0.E0,0.E0,-1.E0));
#7058=AXIS2_PLACEMENT_3D('',#7055,#7056,#7057);
#7059=CONICAL_SURFACE('',#7058,5.806210322341E-1,5.E0);
#7060=ORIENTED_EDGE('',*,*,#6407,.F.);
#7062=ORIENTED_EDGE('',*,*,#7061,.T.);
#7063=ORIENTED_EDGE('',*,*,#6672,.T.);
#7064=ORIENTED_EDGE('',*,*,#7047,.F.);
#7065=EDGE_LOOP('',(#7060,#7062,#7063,#7064));
#7066=FACE_OUTER_BOUND('',#7065,.F.);
#7068=CARTESIAN_POINT('',(5.307319290543E0,-1.385E1,1.689427182994E-2));
#7069=DIRECTION('',(-7.044160264028E-1,-8.715574274766E-2,-7.044160264028E-1));
#7070=DIRECTION('',(-7.071067811865E-1,0.E0,7.071067811865E-1));
#7071=AXIS2_PLACEMENT_3D('',#7068,#7069,#7070);
#7072=PLANE('',#7071);
#7073=ORIENTED_EDGE('',*,*,#6405,.F.);
#7075=ORIENTED_EDGE('',*,*,#7074,.T.);
#7076=ORIENTED_EDGE('',*,*,#6674,.T.);
#7077=ORIENTED_EDGE('',*,*,#7061,.F.);
#7078=EDGE_LOOP('',(#7073,#7075,#7076,#7077));
#7079=FACE_OUTER_BOUND('',#7078,.F.);
#7081=CARTESIAN_POINT('',(4.140559159102E0,-1.35E1,1.961471862576E0));
#7082=DIRECTION('',(0.E0,1.E0,0.E0));
#7083=DIRECTION('',(0.E0,0.E0,-1.E0));
#7084=AXIS2_PLACEMENT_3D('',#7081,#7082,#7083);
#7085=CONICAL_SURFACE('',#7084,5.806210322341E-1,5.E0);
#7086=ORIENTED_EDGE('',*,*,#6403,.F.);
#7088=ORIENTED_EDGE('',*,*,#7087,.T.);
#7089=ORIENTED_EDGE('',*,*,#6676,.T.);
#7090=ORIENTED_EDGE('',*,*,#7074,.F.);
#7091=EDGE_LOOP('',(#7086,#7088,#7089,#7090));
#7092=FACE_OUTER_BOUND('',#7091,.F.);
#7094=CARTESIAN_POINT('',(7.357928955984E0,-1.385E1,4.401024200153E0));
#7095=DIRECTION('',(7.044160264028E-1,-8.715574274766E-2,-7.044160264028E-1));
#7096=DIRECTION('',(-7.071067811865E-1,0.E0,-7.071067811865E-1));
#7097=AXIS2_PLACEMENT_3D('',#7094,#7095,#7096);
#7098=PLANE('',#7097);
#7099=ORIENTED_EDGE('',*,*,#6401,.F.);
#7101=ORIENTED_EDGE('',*,*,#7100,.T.);
#7102=ORIENTED_EDGE('',*,*,#6678,.T.);
#7103=ORIENTED_EDGE('',*,*,#7087,.F.);
#7104=EDGE_LOOP('',(#7099,#7101,#7102,#7103));
#7105=FACE_OUTER_BOUND('',#7104,.F.);
#7107=CARTESIAN_POINT('',(5.413351365238E0,-1.35E1,3.234264068712E0));
#7108=DIRECTION('',(0.E0,1.E0,0.E0));
#7109=DIRECTION('',(0.E0,0.E0,-1.E0));
#7110=AXIS2_PLACEMENT_3D('',#7107,#7108,#7109);
#7111=CONICAL_SURFACE('',#7110,5.806210322341E-1,5.E0);
#7112=ORIENTED_EDGE('',*,*,#6399,.F.);
#7114=ORIENTED_EDGE('',*,*,#7113,.T.);
#7115=ORIENTED_EDGE('',*,*,#6680,.T.);
#7116=ORIENTED_EDGE('',*,*,#7100,.F.);
#7117=EDGE_LOOP('',(#7112,#7114,#7115,#7116));
#7118=FACE_OUTER_BOUND('',#7117,.F.);
#7120=CARTESIAN_POINT('',(1.347453430932E0,-1.385E1,8.077979462323E0));
#7121=DIRECTION('',(7.044160264028E-1,-8.715574274766E-2,7.044160264028E-1));
#7122=DIRECTION('',(7.071067811865E-1,0.E0,-7.071067811865E-1));
#7123=AXIS2_PLACEMENT_3D('',#7120,#7121,#7122);
#7124=PLANE('',#7123);
#7125=ORIENTED_EDGE('',*,*,#6397,.F.);
#7127=ORIENTED_EDGE('',*,*,#7126,.T.);
#7128=ORIENTED_EDGE('',*,*,#6682,.T.);
#7129=ORIENTED_EDGE('',*,*,#7113,.F.);
#7130=EDGE_LOOP('',(#7125,#7127,#7128,#7129));
#7131=FACE_OUTER_BOUND('',#7130,.F.);
#7133=CARTESIAN_POINT('',(2.514213562373E0,-1.35E1,6.133401871577E0));
#7134=DIRECTION('',(0.E0,1.E0,0.E0));
#7135=DIRECTION('',(0.E0,0.E0,-1.E0));
#7136=AXIS2_PLACEMENT_3D('',#7133,#7134,#7135);
#7137=CONICAL_SURFACE('',#7136,5.806210322341E-1,5.E0);
#7138=ORIENTED_EDGE('',*,*,#6395,.F.);
#7139=ORIENTED_EDGE('',*,*,#7050,.T.);
#7140=ORIENTED_EDGE('',*,*,#6684,.T.);
#7141=ORIENTED_EDGE('',*,*,#7126,.F.);
#7142=EDGE_LOOP('',(#7138,#7139,#7140,#7141));
#7143=FACE_OUTER_BOUND('',#7142,.F.);
#7145=CARTESIAN_POINT('',(1.241421356237E0,-1.35E1,-4.860609665441E0));
#7146=DIRECTION('',(0.E0,1.E0,0.E0));
#7147=DIRECTION('',(0.E0,0.E0,-1.E0));
#7148=AXIS2_PLACEMENT_3D('',#7145,#7146,#7147);
#7149=CONICAL_SURFACE('',#7148,5.806210322341E-1,5.E0);
#7150=ORIENTED_EDGE('',*,*,#6411,.F.);
#7152=ORIENTED_EDGE('',*,*,#7151,.T.);
#7153=ORIENTED_EDGE('',*,*,#6712,.T.);
#7155=ORIENTED_EDGE('',*,*,#7154,.F.);
#7156=EDGE_LOOP('',(#7150,#7152,#7153,#7155));
#7157=FACE_OUTER_BOUND('',#7156,.F.);
#7159=CARTESIAN_POINT('',(3.680973693814E0,-1.385E1,-8.077979462323E0));
#7160=DIRECTION('',(-7.044160264028E-1,-8.715574274766E-2,-7.044160264028E-1));
#7161=DIRECTION('',(-7.071067811865E-1,0.E0,7.071067811865E-1));
#7162=AXIS2_PLACEMENT_3D('',#7159,#7160,#7161);
#7163=PLANE('',#7162);
#7164=ORIENTED_EDGE('',*,*,#6425,.F.);
#7166=ORIENTED_EDGE('',*,*,#7165,.T.);
#7167=ORIENTED_EDGE('',*,*,#6714,.T.);
#7168=ORIENTED_EDGE('',*,*,#7151,.F.);
#7169=EDGE_LOOP('',(#7164,#7166,#7167,#7168));
#7170=FACE_OUTER_BOUND('',#7169,.F.);
#7172=CARTESIAN_POINT('',(2.514213562373E0,-1.35E1,-6.133401871577E0));
#7173=DIRECTION('',(0.E0,1.E0,0.E0));
#7174=DIRECTION('',(0.E0,0.E0,-1.E0));
#7175=AXIS2_PLACEMENT_3D('',#7172,#7173,#7174);
#7176=CONICAL_SURFACE('',#7175,5.806210322341E-1,5.E0);
#7177=ORIENTED_EDGE('',*,*,#6423,.F.);
#7179=ORIENTED_EDGE('',*,*,#7178,.T.);
#7180=ORIENTED_EDGE('',*,*,#6716,.T.);
#7181=ORIENTED_EDGE('',*,*,#7165,.F.);
#7182=EDGE_LOOP('',(#7177,#7179,#7180,#7181));
#7183=FACE_OUTER_BOUND('',#7182,.F.);
#7185=CARTESIAN_POINT('',(7.357928955984E0,-1.385E1,-2.067503937271E0));
#7186=DIRECTION('',(7.044160264028E-1,-8.715574274766E-2,-7.044160264028E-1));
#7187=DIRECTION('',(-7.071067811865E-1,0.E0,-7.071067811865E-1));
#7188=AXIS2_PLACEMENT_3D('',#7185,#7186,#7187);
#7189=PLANE('',#7188);
#7190=ORIENTED_EDGE('',*,*,#6421,.F.);
#7192=ORIENTED_EDGE('',*,*,#7191,.T.);
#7193=ORIENTED_EDGE('',*,*,#6718,.T.);
#7194=ORIENTED_EDGE('',*,*,#7178,.F.);
#7195=EDGE_LOOP('',(#7190,#7192,#7193,#7194));
#7196=FACE_OUTER_BOUND('',#7195,.F.);
#7198=CARTESIAN_POINT('',(5.413351365238E0,-1.35E1,-3.234264068712E0));
#7199=DIRECTION('',(0.E0,1.E0,0.E0));
#7200=DIRECTION('',(0.E0,0.E0,-1.E0));
#7201=AXIS2_PLACEMENT_3D('',#7198,#7199,#7200);
#7202=CONICAL_SURFACE('',#7201,5.806210322341E-1,5.E0);
#7203=ORIENTED_EDGE('',*,*,#6419,.F.);
#7205=ORIENTED_EDGE('',*,*,#7204,.T.);
#7206=ORIENTED_EDGE('',*,*,#6720,.T.);
#7207=ORIENTED_EDGE('',*,*,#7191,.F.);
#7208=EDGE_LOOP('',(#7203,#7205,#7206,#7207));
#7209=FACE_OUTER_BOUND('',#7208,.F.);
#7211=CARTESIAN_POINT('',(2.973799027661E0,-1.385E1,-1.689427182994E-2));
#7212=DIRECTION('',(7.044160264028E-1,-8.715574274766E-2,7.044160264028E-1));
#7213=DIRECTION('',(7.071067811865E-1,0.E0,-7.071067811865E-1));
#7214=AXIS2_PLACEMENT_3D('',#7211,#7212,#7213);
#7215=PLANE('',#7214);
#7216=ORIENTED_EDGE('',*,*,#6417,.F.);
#7218=ORIENTED_EDGE('',*,*,#7217,.T.);
#7219=ORIENTED_EDGE('',*,*,#6722,.T.);
#7220=ORIENTED_EDGE('',*,*,#7204,.F.);
#7221=EDGE_LOOP('',(#7216,#7218,#7219,#7220));
#7222=FACE_OUTER_BOUND('',#7221,.F.);
#7224=CARTESIAN_POINT('',(4.140559159102E0,-1.35E1,-1.961471862576E0));
#7225=DIRECTION('',(0.E0,1.E0,0.E0));
#7226=DIRECTION('',(0.E0,0.E0,-1.E0));
#7227=AXIS2_PLACEMENT_3D('',#7224,#7225,#7226);
#7228=CONICAL_SURFACE('',#7227,5.806210322341E-1,5.E0);
#7229=ORIENTED_EDGE('',*,*,#6415,.F.);
#7231=ORIENTED_EDGE('',*,*,#7230,.T.);
#7232=ORIENTED_EDGE('',*,*,#6724,.T.);
#7233=ORIENTED_EDGE('',*,*,#7217,.F.);
#7234=EDGE_LOOP('',(#7229,#7231,#7232,#7233));
#7235=FACE_OUTER_BOUND('',#7234,.F.);
#7237=CARTESIAN_POINT('',(-7.031562345089E-1,-1.385E1,-6.027369796882E0));
#7238=DIRECTION('',(-7.044160264028E-1,-8.715574274766E-2,7.044160264028E-1));
#7239=DIRECTION('',(7.071067811865E-1,0.E0,7.071067811865E-1));
#7240=AXIS2_PLACEMENT_3D('',#7237,#7238,#7239);
#7241=PLANE('',#7240);
#7242=ORIENTED_EDGE('',*,*,#6413,.F.);
#7243=ORIENTED_EDGE('',*,*,#7154,.T.);
#7244=ORIENTED_EDGE('',*,*,#6726,.T.);
#7245=ORIENTED_EDGE('',*,*,#7230,.F.);
#7246=EDGE_LOOP('',(#7242,#7243,#7244,#7245));
#7247=FACE_OUTER_BOUND('',#7246,.F.);
#7249=CARTESIAN_POINT('',(7.031562345089E-1,-1.385E1,-3.693849534E0));
#7250=DIRECTION('',(7.044160264028E-1,-8.715574274766E-2,-7.044160264028E-1));
#7251=DIRECTION('',(-7.071067811865E-1,0.E0,-7.071067811865E-1));
#7252=AXIS2_PLACEMENT_3D('',#7249,#7250,#7251);
#7253=PLANE('',#7252);
#7254=ORIENTED_EDGE('',*,*,#6429,.F.);
#7256=ORIENTED_EDGE('',*,*,#7255,.T.);
#7257=ORIENTED_EDGE('',*,*,#6754,.T.);
#7259=ORIENTED_EDGE('',*,*,#7258,.F.);
#7260=EDGE_LOOP('',(#7254,#7256,#7257,#7259));
#7261=FACE_OUTER_BOUND('',#7260,.F.);
#7263=CARTESIAN_POINT('',(-1.241421356237E0,-1.35E1,-4.860609665441E0));
#7264=DIRECTION('',(0.E0,1.E0,0.E0));
#7265=DIRECTION('',(0.E0,0.E0,-1.E0));
#7266=AXIS2_PLACEMENT_3D('',#7263,#7264,#7265);
#7267=CONICAL_SURFACE('',#7266,5.806210322341E-1,5.E0);
#7268=ORIENTED_EDGE('',*,*,#6443,.F.);
#7270=ORIENTED_EDGE('',*,*,#7269,.T.);
#7271=ORIENTED_EDGE('',*,*,#6756,.T.);
#7272=ORIENTED_EDGE('',*,*,#7255,.F.);
#7273=EDGE_LOOP('',(#7268,#7270,#7271,#7272));
#7274=FACE_OUTER_BOUND('',#7273,.F.);
#7276=CARTESIAN_POINT('',(-5.307319290543E0,-1.385E1,-1.689427182994E-2));
#7277=DIRECTION('',(7.044160264028E-1,-8.715574274766E-2,7.044160264028E-1));
#7278=DIRECTION('',(7.071067811865E-1,0.E0,-7.071067811865E-1));
#7279=AXIS2_PLACEMENT_3D('',#7276,#7277,#7278);
#7280=PLANE('',#7279);
#7281=ORIENTED_EDGE('',*,*,#6441,.F.);
#7283=ORIENTED_EDGE('',*,*,#7282,.T.);
#7284=ORIENTED_EDGE('',*,*,#6758,.T.);
#7285=ORIENTED_EDGE('',*,*,#7269,.F.);
#7286=EDGE_LOOP('',(#7281,#7283,#7284,#7285));
#7287=FACE_OUTER_BOUND('',#7286,.F.);
#7289=CARTESIAN_POINT('',(-4.140559159102E0,-1.35E1,-1.961471862576E0));
#7290=DIRECTION('',(0.E0,1.E0,0.E0));
#7291=DIRECTION('',(0.E0,0.E0,-1.E0));
#7292=AXIS2_PLACEMENT_3D('',#7289,#7290,#7291);
#7293=CONICAL_SURFACE('',#7292,5.806210322341E-1,5.E0);
#7294=ORIENTED_EDGE('',*,*,#6439,.F.);
#7296=ORIENTED_EDGE('',*,*,#7295,.T.);
#7297=ORIENTED_EDGE('',*,*,#6760,.T.);
#7298=ORIENTED_EDGE('',*,*,#7282,.F.);
#7299=EDGE_LOOP('',(#7294,#7296,#7297,#7298));
#7300=FACE_OUTER_BOUND('',#7299,.F.);
#7302=CARTESIAN_POINT('',(-7.357928955984E0,-1.385E1,-4.401024200153E0));
#7303=DIRECTION('',(-7.044160264028E-1,-8.715574274766E-2,7.044160264028E-1));
#7304=DIRECTION('',(7.071067811865E-1,0.E0,7.071067811865E-1));
#7305=AXIS2_PLACEMENT_3D('',#7302,#7303,#7304);
#7306=PLANE('',#7305);
#7307=ORIENTED_EDGE('',*,*,#6437,.F.);
#7309=ORIENTED_EDGE('',*,*,#7308,.T.);
#7310=ORIENTED_EDGE('',*,*,#6762,.T.);
#7311=ORIENTED_EDGE('',*,*,#7295,.F.);
#7312=EDGE_LOOP('',(#7307,#7309,#7310,#7311));
#7313=FACE_OUTER_BOUND('',#7312,.F.);
#7315=CARTESIAN_POINT('',(-5.413351365238E0,-1.35E1,-3.234264068712E0));
#7316=DIRECTION('',(0.E0,1.E0,0.E0));
#7317=DIRECTION('',(0.E0,0.E0,-1.E0));
#7318=AXIS2_PLACEMENT_3D('',#7315,#7316,#7317);
#7319=CONICAL_SURFACE('',#7318,5.806210322341E-1,5.E0);
#7320=ORIENTED_EDGE('',*,*,#6435,.F.);
#7322=ORIENTED_EDGE('',*,*,#7321,.T.);
#7323=ORIENTED_EDGE('',*,*,#6764,.T.);
#7324=ORIENTED_EDGE('',*,*,#7308,.F.);
#7325=EDGE_LOOP('',(#7320,#7322,#7323,#7324));
#7326=FACE_OUTER_BOUND('',#7325,.F.);
#7328=CARTESIAN_POINT('',(-1.347453430932E0,-1.385E1,-8.077979462323E0));
#7329=DIRECTION('',(-7.044160264028E-1,-8.715574274766E-2,-7.044160264028E-1));
#7330=DIRECTION('',(-7.071067811865E-1,0.E0,7.071067811865E-1));
#7331=AXIS2_PLACEMENT_3D('',#7328,#7329,#7330);
#7332=PLANE('',#7331);
#7333=ORIENTED_EDGE('',*,*,#6433,.F.);
#7335=ORIENTED_EDGE('',*,*,#7334,.T.);
#7336=ORIENTED_EDGE('',*,*,#6766,.T.);
#7337=ORIENTED_EDGE('',*,*,#7321,.F.);
#7338=EDGE_LOOP('',(#7333,#7335,#7336,#7337));
#7339=FACE_OUTER_BOUND('',#7338,.F.);
#7341=CARTESIAN_POINT('',(-2.514213562373E0,-1.35E1,-6.133401871577E0));
#7342=DIRECTION('',(0.E0,1.E0,0.E0));
#7343=DIRECTION('',(0.E0,0.E0,-1.E0));
#7344=AXIS2_PLACEMENT_3D('',#7341,#7342,#7343);
#7345=CONICAL_SURFACE('',#7344,5.806210322341E-1,5.E0);
#7346=ORIENTED_EDGE('',*,*,#6431,.F.);
#7347=ORIENTED_EDGE('',*,*,#7258,.T.);
#7348=ORIENTED_EDGE('',*,*,#6768,.T.);
#7349=ORIENTED_EDGE('',*,*,#7334,.F.);
#7350=EDGE_LOOP('',(#7346,#7347,#7348,#7349));
#7351=FACE_OUTER_BOUND('',#7350,.F.);
#7353=CARTESIAN_POINT('',(-1.3E0,-1.385E1,-4.760048001920E0));
#7354=DIRECTION('',(-9.961946980917E-1,-8.715574274766E-2,0.E0));
#7355=DIRECTION('',(0.E0,0.E0,1.E0));
#7356=AXIS2_PLACEMENT_3D('',#7353,#7354,#7355);
#7357=PLANE('',#7356);
#7358=ORIENTED_EDGE('',*,*,#6447,.F.);
#7360=ORIENTED_EDGE('',*,*,#7359,.T.);
#7361=ORIENTED_EDGE('',*,*,#6796,.T.);
#7363=ORIENTED_EDGE('',*,*,#7362,.F.);
#7364=EDGE_LOOP('',(#7358,#7360,#7361,#7363));
#7365=FACE_OUTER_BOUND('',#7364,.F.);
#7367=CARTESIAN_POINT('',(-8.5E-1,-1.35E1,-2.56E0));
#7368=DIRECTION('',(0.E0,1.E0,0.E0));
#7369=DIRECTION('',(0.E0,0.E0,-1.E0));
#7370=AXIS2_PLACEMENT_3D('',#7367,#7368,#7369);
#7371=CONICAL_SURFACE('',#7370,4.806210322341E-1,5.E0);
#7372=ORIENTED_EDGE('',*,*,#6461,.F.);
#7374=ORIENTED_EDGE('',*,*,#7373,.T.);
#7375=ORIENTED_EDGE('',*,*,#6798,.T.);
#7376=ORIENTED_EDGE('',*,*,#7359,.F.);
#7377=EDGE_LOOP('',(#7372,#7374,#7375,#7376));
#7378=FACE_OUTER_BOUND('',#7377,.F.);
#7380=CARTESIAN_POINT('',(3.050048001920E0,-1.385E1,-3.01E0));
#7381=DIRECTION('',(0.E0,-8.715574274766E-2,-9.961946980917E-1));
#7382=DIRECTION('',(-1.E0,0.E0,0.E0));
#7383=AXIS2_PLACEMENT_3D('',#7380,#7381,#7382);
#7384=PLANE('',#7383);
#7385=ORIENTED_EDGE('',*,*,#6459,.F.);
#7387=ORIENTED_EDGE('',*,*,#7386,.T.);
#7388=ORIENTED_EDGE('',*,*,#6800,.T.);
#7389=ORIENTED_EDGE('',*,*,#7373,.F.);
#7390=EDGE_LOOP('',(#7385,#7387,#7388,#7389));
#7391=FACE_OUTER_BOUND('',#7390,.F.);
#7393=CARTESIAN_POINT('',(8.5E-1,-1.35E1,-2.56E0));
#7394=DIRECTION('',(0.E0,1.E0,0.E0));
#7395=DIRECTION('',(0.E0,0.E0,-1.E0));
#7396=AXIS2_PLACEMENT_3D('',#7393,#7394,#7395);
#7397=CONICAL_SURFACE('',#7396,4.806210322341E-1,5.E0);
#7398=ORIENTED_EDGE('',*,*,#6457,.F.);
#7400=ORIENTED_EDGE('',*,*,#7399,.T.);
#7401=ORIENTED_EDGE('',*,*,#6802,.T.);
#7402=ORIENTED_EDGE('',*,*,#7386,.F.);
#7403=EDGE_LOOP('',(#7398,#7400,#7401,#7402));
#7404=FACE_OUTER_BOUND('',#7403,.F.);
#7406=CARTESIAN_POINT('',(1.3E0,-1.385E1,1.340048001920E0));
#7407=DIRECTION('',(9.961946980917E-1,-8.715574274766E-2,0.E0));
#7408=DIRECTION('',(0.E0,0.E0,-1.E0));
#7409=AXIS2_PLACEMENT_3D('',#7406,#7407,#7408);
#7410=PLANE('',#7409);
#7411=ORIENTED_EDGE('',*,*,#6455,.F.);
#7413=ORIENTED_EDGE('',*,*,#7412,.T.);
#7414=ORIENTED_EDGE('',*,*,#6804,.T.);
#7415=ORIENTED_EDGE('',*,*,#7399,.F.);
#7416=EDGE_LOOP('',(#7411,#7413,#7414,#7415));
#7417=FACE_OUTER_BOUND('',#7416,.F.);
#7419=CARTESIAN_POINT('',(8.5E-1,-1.35E1,-8.6E-1));
#7420=DIRECTION('',(0.E0,1.E0,0.E0));
#7421=DIRECTION('',(0.E0,0.E0,-1.E0));
#7422=AXIS2_PLACEMENT_3D('',#7419,#7420,#7421);
#7423=CONICAL_SURFACE('',#7422,4.806210322341E-1,5.E0);
#7424=ORIENTED_EDGE('',*,*,#6453,.F.);
#7426=ORIENTED_EDGE('',*,*,#7425,.T.);
#7427=ORIENTED_EDGE('',*,*,#6806,.T.);
#7428=ORIENTED_EDGE('',*,*,#7412,.F.);
#7429=EDGE_LOOP('',(#7424,#7426,#7427,#7428));
#7430=FACE_OUTER_BOUND('',#7429,.F.);
#7432=CARTESIAN_POINT('',(-3.050048001920E0,-1.385E1,-4.1E-1));
#7433=DIRECTION('',(0.E0,-8.715574274766E-2,9.961946980917E-1));
#7434=DIRECTION('',(1.E0,0.E0,0.E0));
#7435=AXIS2_PLACEMENT_3D('',#7432,#7433,#7434);
#7436=PLANE('',#7435);
#7437=ORIENTED_EDGE('',*,*,#6451,.F.);
#7439=ORIENTED_EDGE('',*,*,#7438,.T.);
#7440=ORIENTED_EDGE('',*,*,#6808,.T.);
#7441=ORIENTED_EDGE('',*,*,#7425,.F.);
#7442=EDGE_LOOP('',(#7437,#7439,#7440,#7441));
#7443=FACE_OUTER_BOUND('',#7442,.F.);
#7445=CARTESIAN_POINT('',(-8.5E-1,-1.35E1,-8.6E-1));
#7446=DIRECTION('',(0.E0,1.E0,0.E0));
#7447=DIRECTION('',(0.E0,0.E0,-1.E0));
#7448=AXIS2_PLACEMENT_3D('',#7445,#7446,#7447);
#7449=CONICAL_SURFACE('',#7448,4.806210322341E-1,5.E0);
#7450=ORIENTED_EDGE('',*,*,#6449,.F.);
#7451=ORIENTED_EDGE('',*,*,#7362,.T.);
#7452=ORIENTED_EDGE('',*,*,#6810,.T.);
#7453=ORIENTED_EDGE('',*,*,#7438,.F.);
#7454=EDGE_LOOP('',(#7450,#7451,#7452,#7453));
#7455=FACE_OUTER_BOUND('',#7454,.F.);
#7457=CARTESIAN_POINT('',(4.910242001529E-1,-1.385E1,6.239501831238E0));
#7458=DIRECTION('',(7.066760308408E-1,3.489949670250E-2,-7.066760308408E-1));
#7459=DIRECTION('',(-7.071067811865E-1,0.E0,-7.071067811865E-1));
#7460=AXIS2_PLACEMENT_3D('',#7457,#7458,#7459);
#7461=PLANE('',#7460);
#7462=ORIENTED_EDGE('',*,*,#6606,.F.);
#7463=ORIENTED_EDGE('',*,*,#6577,.T.);
#7464=ORIENTED_EDGE('',*,*,#6544,.T.);
#7466=ORIENTED_EDGE('',*,*,#7465,.F.);
#7467=EDGE_LOOP('',(#7462,#7463,#7464,#7466));
#7468=FACE_OUTER_BOUND('',#7467,.F.);
#7470=CARTESIAN_POINT('',(-4.140559159102E0,-1.413394720077E1,
1.961471862576E0));
#7471=DIRECTION('',(0.E0,-1.E0,0.E0));
#7472=DIRECTION('',(1.E0,0.E0,0.E0));
#7473=AXIS2_PLACEMENT_3D('',#7470,#7471,#7472);
#7474=CONICAL_SURFACE('',#7473,2.599156547460E-1,2.E0);
#7475=ORIENTED_EDGE('',*,*,#6608,.F.);
#7476=ORIENTED_EDGE('',*,*,#7465,.T.);
#7477=ORIENTED_EDGE('',*,*,#6542,.F.);
#7479=ORIENTED_EDGE('',*,*,#7478,.F.);
#7480=EDGE_LOOP('',(#7475,#7476,#7477,#7479));
#7481=FACE_OUTER_BOUND('',#7480,.F.);
#7483=CARTESIAN_POINT('',(-2.761666993305E0,-1.385E1,2.290263061859E-1));
#7484=DIRECTION('',(-7.066760308408E-1,3.489949670250E-2,-7.066760308408E-1));
#7485=DIRECTION('',(-7.071067811865E-1,0.E0,7.071067811865E-1));
#7486=AXIS2_PLACEMENT_3D('',#7483,#7484,#7485);
#7487=PLANE('',#7486);
#7488=ORIENTED_EDGE('',*,*,#6610,.F.);
#7489=ORIENTED_EDGE('',*,*,#7478,.T.);
#7490=ORIENTED_EDGE('',*,*,#6540,.T.);
#7492=ORIENTED_EDGE('',*,*,#7491,.F.);
#7493=EDGE_LOOP('',(#7488,#7489,#7490,#7492));
#7494=FACE_OUTER_BOUND('',#7493,.F.);
#7496=CARTESIAN_POINT('',(-5.413351365238E0,-1.405653429467E1,
3.234264068712E0));
#7497=DIRECTION('',(0.E0,-1.E0,0.E0));
#7498=DIRECTION('',(1.E0,0.E0,0.E0));
#7499=AXIS2_PLACEMENT_3D('',#7496,#7497,#7498);
#7500=CONICAL_SURFACE('',#7499,2.572123364963E-1,2.E0);
#7501=ORIENTED_EDGE('',*,*,#6612,.F.);
#7502=ORIENTED_EDGE('',*,*,#7491,.T.);
#7503=ORIENTED_EDGE('',*,*,#6538,.F.);
#7505=ORIENTED_EDGE('',*,*,#7504,.F.);
#7506=EDGE_LOOP('',(#7501,#7502,#7503,#7505));
#7507=FACE_OUTER_BOUND('',#7506,.F.);
#7509=CARTESIAN_POINT('',(-7.145796921628E0,-1.385E1,1.855371902915E0));
#7510=DIRECTION('',(-7.066760308408E-1,3.489949670250E-2,7.066760308408E-1));
#7511=DIRECTION('',(7.071067811865E-1,0.E0,7.071067811865E-1));
#7512=AXIS2_PLACEMENT_3D('',#7509,#7510,#7511);
#7513=PLANE('',#7512);
#7514=ORIENTED_EDGE('',*,*,#6614,.F.);
#7515=ORIENTED_EDGE('',*,*,#7504,.T.);
#7516=ORIENTED_EDGE('',*,*,#6536,.T.);
#7518=ORIENTED_EDGE('',*,*,#7517,.F.);
#7519=EDGE_LOOP('',(#7514,#7515,#7516,#7518));
#7520=FACE_OUTER_BOUND('',#7519,.F.);
#7522=CARTESIAN_POINT('',(-2.514213562373E0,-1.403988407745E1,
6.133401871577E0));
#7523=DIRECTION('',(0.E0,-1.E0,0.E0));
#7524=DIRECTION('',(1.E0,0.E0,0.E0));
#7525=AXIS2_PLACEMENT_3D('',#7522,#7523,#7524);
#7526=CONICAL_SURFACE('',#7525,2.566308980989E-1,2.E0);
#7527=ORIENTED_EDGE('',*,*,#6616,.F.);
#7528=ORIENTED_EDGE('',*,*,#7517,.T.);
#7529=ORIENTED_EDGE('',*,*,#6534,.F.);
#7531=ORIENTED_EDGE('',*,*,#7530,.F.);
#7532=EDGE_LOOP('',(#7527,#7528,#7529,#7531));
#7533=FACE_OUTER_BOUND('',#7532,.F.);
#7535=CARTESIAN_POINT('',(-3.893105728170E0,-1.385E1,7.865847427967E0));
#7536=DIRECTION('',(7.066760308408E-1,3.489949670250E-2,7.066760308408E-1));
#7537=DIRECTION('',(7.071067811865E-1,0.E0,-7.071067811865E-1));
#7538=AXIS2_PLACEMENT_3D('',#7535,#7536,#7537);
#7539=PLANE('',#7538);
#7540=ORIENTED_EDGE('',*,*,#6618,.F.);
#7541=ORIENTED_EDGE('',*,*,#7530,.T.);
#7542=ORIENTED_EDGE('',*,*,#6532,.T.);
#7543=ORIENTED_EDGE('',*,*,#6574,.F.);
#7544=EDGE_LOOP('',(#7540,#7541,#7542,#7543));
#7545=FACE_OUTER_BOUND('',#7544,.F.);
#7547=CARTESIAN_POINT('',(-8.5E-1,-1.417246814511E1,2.56E0));
#7548=DIRECTION('',(0.E0,-1.E0,0.E0));
#7549=DIRECTION('',(1.E0,0.E0,0.E0));
#7550=AXIS2_PLACEMENT_3D('',#7547,#7548,#7549);
#7551=CONICAL_SURFACE('',#7550,2.612608357639E-1,2.E0);
#7552=ORIENTED_EDGE('',*,*,#6646,.F.);
#7554=ORIENTED_EDGE('',*,*,#7553,.T.);
#7555=ORIENTED_EDGE('',*,*,#6499,.F.);
#7557=ORIENTED_EDGE('',*,*,#7556,.F.);
#7558=EDGE_LOOP('',(#7552,#7554,#7555,#7557));
#7559=FACE_OUTER_BOUND('',#7558,.F.);
#7561=CARTESIAN_POINT('',(-1.1E0,-1.385E1,-1.340048001920E0));
#7562=DIRECTION('',(-9.993908270191E-1,3.489949670250E-2,0.E0));
#7563=DIRECTION('',(0.E0,0.E0,1.E0));
#7564=AXIS2_PLACEMENT_3D('',#7561,#7562,#7563);
#7565=PLANE('',#7564);
#7566=ORIENTED_EDGE('',*,*,#6660,.F.);
#7568=ORIENTED_EDGE('',*,*,#7567,.T.);
#7569=ORIENTED_EDGE('',*,*,#6501,.T.);
#7570=ORIENTED_EDGE('',*,*,#7553,.F.);
#7571=EDGE_LOOP('',(#7566,#7568,#7569,#7570));
#7572=FACE_OUTER_BOUND('',#7571,.F.);
#7574=CARTESIAN_POINT('',(-8.5E-1,-1.419624626618E1,8.6E-1));
#7575=DIRECTION('',(0.E0,-1.E0,0.E0));
#7576=DIRECTION('',(1.E0,0.E0,0.E0));
#7577=AXIS2_PLACEMENT_3D('',#7574,#7575,#7576);
#7578=CONICAL_SURFACE('',#7577,2.620911860488E-1,2.E0);
#7579=ORIENTED_EDGE('',*,*,#6658,.F.);
#7581=ORIENTED_EDGE('',*,*,#7580,.T.);
#7582=ORIENTED_EDGE('',*,*,#6503,.F.);
#7583=ORIENTED_EDGE('',*,*,#7567,.F.);
#7584=EDGE_LOOP('',(#7579,#7581,#7582,#7583));
#7585=FACE_OUTER_BOUND('',#7584,.F.);
#7587=CARTESIAN_POINT('',(3.050048001920E0,-1.385E1,6.1E-1));
#7588=DIRECTION('',(0.E0,3.489949670250E-2,-9.993908270191E-1));
#7589=DIRECTION('',(-1.E0,0.E0,0.E0));
#7590=AXIS2_PLACEMENT_3D('',#7587,#7588,#7589);
#7591=PLANE('',#7590);
#7592=ORIENTED_EDGE('',*,*,#6656,.F.);
#7594=ORIENTED_EDGE('',*,*,#7593,.T.);
#7596=ORIENTED_EDGE('',*,*,#7595,.T.);
#7597=ORIENTED_EDGE('',*,*,#6505,.T.);
#7598=ORIENTED_EDGE('',*,*,#7580,.F.);
#7599=EDGE_LOOP('',(#7592,#7594,#7596,#7597,#7598));
#7600=FACE_OUTER_BOUND('',#7599,.F.);
#7602=CARTESIAN_POINT('',(8.5E-1,-1.419624626618E1,8.6E-1));
#7603=DIRECTION('',(0.E0,-1.E0,0.E0));
#7604=DIRECTION('',(1.E0,0.E0,0.E0));
#7605=AXIS2_PLACEMENT_3D('',#7602,#7603,#7604);
#7606=CONICAL_SURFACE('',#7605,2.620911860488E-1,2.E0);
#7607=ORIENTED_EDGE('',*,*,#6654,.F.);
#7609=ORIENTED_EDGE('',*,*,#7608,.T.);
#7611=ORIENTED_EDGE('',*,*,#7610,.F.);
#7612=ORIENTED_EDGE('',*,*,#7593,.F.);
#7613=EDGE_LOOP('',(#7607,#7609,#7611,#7612));
#7614=FACE_OUTER_BOUND('',#7613,.F.);
#7616=CARTESIAN_POINT('',(1.1E0,-1.385E1,4.760048001920E0));
#7617=DIRECTION('',(9.993908270191E-1,3.489949670250E-2,0.E0));
#7618=DIRECTION('',(0.E0,0.E0,-1.E0));
#7619=AXIS2_PLACEMENT_3D('',#7616,#7617,#7618);
#7620=PLANE('',#7619);
#7621=ORIENTED_EDGE('',*,*,#6652,.F.);
#7623=ORIENTED_EDGE('',*,*,#7622,.T.);
#7625=ORIENTED_EDGE('',*,*,#7624,.T.);
#7626=ORIENTED_EDGE('',*,*,#7608,.F.);
#7627=EDGE_LOOP('',(#7621,#7623,#7625,#7626));
#7628=FACE_OUTER_BOUND('',#7627,.F.);
#7630=CARTESIAN_POINT('',(8.5E-1,-1.417246814511E1,2.56E0));
#7631=DIRECTION('',(0.E0,-1.E0,0.E0));
#7632=DIRECTION('',(1.E0,0.E0,0.E0));
#7633=AXIS2_PLACEMENT_3D('',#7630,#7631,#7632);
#7634=CONICAL_SURFACE('',#7633,2.612608357639E-1,2.E0);
#7635=ORIENTED_EDGE('',*,*,#6650,.F.);
#7637=ORIENTED_EDGE('',*,*,#7636,.T.);
#7639=ORIENTED_EDGE('',*,*,#7638,.F.);
#7640=ORIENTED_EDGE('',*,*,#7622,.F.);
#7641=EDGE_LOOP('',(#7635,#7637,#7639,#7640));
#7642=FACE_OUTER_BOUND('',#7641,.F.);
#7644=CARTESIAN_POINT('',(-3.050048001920E0,-1.385E1,2.81E0));
#7645=DIRECTION('',(0.E0,3.489949670250E-2,9.993908270191E-1));
#7646=DIRECTION('',(1.E0,0.E0,0.E0));
#7647=AXIS2_PLACEMENT_3D('',#7644,#7645,#7646);
#7648=PLANE('',#7647);
#7649=ORIENTED_EDGE('',*,*,#6648,.F.);
#7650=ORIENTED_EDGE('',*,*,#7556,.T.);
#7651=ORIENTED_EDGE('',*,*,#6526,.T.);
#7653=ORIENTED_EDGE('',*,*,#7652,.T.);
#7654=ORIENTED_EDGE('',*,*,#7636,.F.);
#7655=EDGE_LOOP('',(#7649,#7650,#7651,#7653,#7654));
#7656=FACE_OUTER_BOUND('',#7655,.F.);
#7658=CARTESIAN_POINT('',(0.E0,5.642857142857E1,0.E0));
#7659=DIRECTION('',(0.E0,1.E0,0.E0));
#7660=DIRECTION('',(0.E0,0.E0,-1.E0));
#7661=AXIS2_PLACEMENT_3D('',#7658,#7659,#7660);
#7662=SPHERICAL_SURFACE('',#7661,7.097857142857E1);
#7663=ORIENTED_EDGE('',*,*,#7652,.F.);
#7664=ORIENTED_EDGE('',*,*,#6524,.T.);
#7665=ORIENTED_EDGE('',*,*,#6474,.T.);
#7666=ORIENTED_EDGE('',*,*,#6521,.F.);
#7668=ORIENTED_EDGE('',*,*,#7667,.F.);
#7670=ORIENTED_EDGE('',*,*,#7669,.T.);
#7672=ORIENTED_EDGE('',*,*,#7671,.F.);
#7674=ORIENTED_EDGE('',*,*,#7673,.T.);
#7676=ORIENTED_EDGE('',*,*,#7675,.F.);
#7677=ORIENTED_EDGE('',*,*,#6509,.F.);
#7678=ORIENTED_EDGE('',*,*,#6507,.T.);
#7679=ORIENTED_EDGE('',*,*,#7595,.F.);
#7680=ORIENTED_EDGE('',*,*,#7610,.T.);
#7681=ORIENTED_EDGE('',*,*,#7624,.F.);
#7682=ORIENTED_EDGE('',*,*,#7638,.T.);
#7683=EDGE_LOOP('',(#7663,#7664,#7665,#7666,#7668,#7670,#7672,#7674,#7676,#7677,
#7678,#7679,#7680,#7681,#7682));
#7684=FACE_OUTER_BOUND('',#7683,.F.);
#7686=ORIENTED_EDGE('',*,*,#7685,.F.);
#7688=ORIENTED_EDGE('',*,*,#7687,.T.);
#7690=ORIENTED_EDGE('',*,*,#7689,.F.);
#7692=ORIENTED_EDGE('',*,*,#7691,.T.);
#7694=ORIENTED_EDGE('',*,*,#7693,.F.);
#7696=ORIENTED_EDGE('',*,*,#7695,.T.);
#7698=ORIENTED_EDGE('',*,*,#7697,.F.);
#7700=ORIENTED_EDGE('',*,*,#7699,.T.);
#7701=EDGE_LOOP('',(#7686,#7688,#7690,#7692,#7694,#7696,#7698,#7700));
#7702=FACE_BOUND('',#7701,.F.);
#7704=ORIENTED_EDGE('',*,*,#7703,.T.);
#7706=ORIENTED_EDGE('',*,*,#7705,.F.);
#7708=ORIENTED_EDGE('',*,*,#7707,.T.);
#7710=ORIENTED_EDGE('',*,*,#7709,.F.);
#7712=ORIENTED_EDGE('',*,*,#7711,.T.);
#7714=ORIENTED_EDGE('',*,*,#7713,.F.);
#7716=ORIENTED_EDGE('',*,*,#7715,.T.);
#7718=ORIENTED_EDGE('',*,*,#7717,.F.);
#7719=EDGE_LOOP('',(#7704,#7706,#7708,#7710,#7712,#7714,#7716,#7718));
#7720=FACE_BOUND('',#7719,.F.);
#7722=CARTESIAN_POINT('',(3.050048001920E0,-1.385E1,-2.81E0));
#7723=DIRECTION('',(0.E0,3.489949670250E-2,-9.993908270191E-1));
#7724=DIRECTION('',(-1.E0,0.E0,0.E0));
#7725=AXIS2_PLACEMENT_3D('',#7722,#7723,#7724);
#7726=PLANE('',#7725);
#7727=ORIENTED_EDGE('',*,*,#6826,.F.);
#7729=ORIENTED_EDGE('',*,*,#7728,.T.);
#7730=ORIENTED_EDGE('',*,*,#7667,.T.);
#7731=ORIENTED_EDGE('',*,*,#6519,.T.);
#7733=ORIENTED_EDGE('',*,*,#7732,.F.);
#7734=EDGE_LOOP('',(#7727,#7729,#7730,#7731,#7733));
#7735=FACE_OUTER_BOUND('',#7734,.F.);
#7737=CARTESIAN_POINT('',(8.5E-1,-1.417246814511E1,-2.56E0));
#7738=DIRECTION('',(0.E0,-1.E0,0.E0));
#7739=DIRECTION('',(1.E0,0.E0,0.E0));
#7740=AXIS2_PLACEMENT_3D('',#7737,#7738,#7739);
#7741=CONICAL_SURFACE('',#7740,2.612608357639E-1,2.E0);
#7742=ORIENTED_EDGE('',*,*,#6824,.F.);
#7744=ORIENTED_EDGE('',*,*,#7743,.T.);
#7745=ORIENTED_EDGE('',*,*,#7669,.F.);
#7746=ORIENTED_EDGE('',*,*,#7728,.F.);
#7747=EDGE_LOOP('',(#7742,#7744,#7745,#7746));
#7748=FACE_OUTER_BOUND('',#7747,.F.);
#7750=CARTESIAN_POINT('',(1.1E0,-1.385E1,1.340048001920E0));
#7751=DIRECTION('',(9.993908270191E-1,3.489949670250E-2,0.E0));
#7752=DIRECTION('',(0.E0,0.E0,-1.E0));
#7753=AXIS2_PLACEMENT_3D('',#7750,#7751,#7752);
#7754=PLANE('',#7753);
#7755=ORIENTED_EDGE('',*,*,#6822,.F.);
#7757=ORIENTED_EDGE('',*,*,#7756,.T.);
#7758=ORIENTED_EDGE('',*,*,#7671,.T.);
#7759=ORIENTED_EDGE('',*,*,#7743,.F.);
#7760=EDGE_LOOP('',(#7755,#7757,#7758,#7759));
#7761=FACE_OUTER_BOUND('',#7760,.F.);
#7763=CARTESIAN_POINT('',(8.5E-1,-1.419624626618E1,-8.6E-1));
#7764=DIRECTION('',(0.E0,-1.E0,0.E0));
#7765=DIRECTION('',(1.E0,0.E0,0.E0));
#7766=AXIS2_PLACEMENT_3D('',#7763,#7764,#7765);
#7767=CONICAL_SURFACE('',#7766,2.620911860488E-1,2.E0);
#7768=ORIENTED_EDGE('',*,*,#6820,.F.);
#7770=ORIENTED_EDGE('',*,*,#7769,.T.);
#7771=ORIENTED_EDGE('',*,*,#7673,.F.);
#7772=ORIENTED_EDGE('',*,*,#7756,.F.);
#7773=EDGE_LOOP('',(#7768,#7770,#7771,#7772));
#7774=FACE_OUTER_BOUND('',#7773,.F.);
#7776=CARTESIAN_POINT('',(-3.050048001920E0,-1.385E1,-6.1E-1));
#7777=DIRECTION('',(0.E0,3.489949670250E-2,9.993908270191E-1));
#7778=DIRECTION('',(1.E0,0.E0,0.E0));
#7779=AXIS2_PLACEMENT_3D('',#7776,#7777,#7778);
#7780=PLANE('',#7779);
#7781=ORIENTED_EDGE('',*,*,#6818,.F.);
#7783=ORIENTED_EDGE('',*,*,#7782,.T.);
#7784=ORIENTED_EDGE('',*,*,#6511,.T.);
#7785=ORIENTED_EDGE('',*,*,#7675,.T.);
#7786=ORIENTED_EDGE('',*,*,#7769,.F.);
#7787=EDGE_LOOP('',(#7781,#7783,#7784,#7785,#7786));
#7788=FACE_OUTER_BOUND('',#7787,.F.);
#7790=CARTESIAN_POINT('',(-8.5E-1,-1.419624626618E1,-8.6E-1));
#7791=DIRECTION('',(0.E0,-1.E0,0.E0));
#7792=DIRECTION('',(1.E0,0.E0,0.E0));
#7793=AXIS2_PLACEMENT_3D('',#7790,#7791,#7792);
#7794=CONICAL_SURFACE('',#7793,2.620911860488E-1,2.E0);
#7795=ORIENTED_EDGE('',*,*,#6816,.F.);
#7797=ORIENTED_EDGE('',*,*,#7796,.T.);
#7798=ORIENTED_EDGE('',*,*,#6513,.F.);
#7799=ORIENTED_EDGE('',*,*,#7782,.F.);
#7800=EDGE_LOOP('',(#7795,#7797,#7798,#7799));
#7801=FACE_OUTER_BOUND('',#7800,.F.);
#7803=CARTESIAN_POINT('',(-1.1E0,-1.385E1,-4.760048001920E0));
#7804=DIRECTION('',(-9.993908270191E-1,3.489949670250E-2,0.E0));
#7805=DIRECTION('',(0.E0,0.E0,1.E0));
#7806=AXIS2_PLACEMENT_3D('',#7803,#7804,#7805);
#7807=PLANE('',#7806);
#7808=ORIENTED_EDGE('',*,*,#6814,.F.);
#7810=ORIENTED_EDGE('',*,*,#7809,.T.);
#7811=ORIENTED_EDGE('',*,*,#6515,.T.);
#7812=ORIENTED_EDGE('',*,*,#7796,.F.);
#7813=EDGE_LOOP('',(#7808,#7810,#7811,#7812));
#7814=FACE_OUTER_BOUND('',#7813,.F.);
#7816=CARTESIAN_POINT('',(-8.5E-1,-1.417246814511E1,-2.56E0));
#7817=DIRECTION('',(0.E0,-1.E0,0.E0));
#7818=DIRECTION('',(1.E0,0.E0,0.E0));
#7819=AXIS2_PLACEMENT_3D('',#7816,#7817,#7818);
#7820=CONICAL_SURFACE('',#7819,2.612608357639E-1,2.E0);
#7821=ORIENTED_EDGE('',*,*,#6828,.F.);
#7822=ORIENTED_EDGE('',*,*,#7732,.T.);
#7823=ORIENTED_EDGE('',*,*,#6517,.F.);
#7824=ORIENTED_EDGE('',*,*,#7809,.F.);
#7825=EDGE_LOOP('',(#7821,#7822,#7823,#7824));
#7826=FACE_OUTER_BOUND('',#7825,.F.);
#7828=CARTESIAN_POINT('',(-4.910242001529E-1,-1.385E1,3.481717499644E0));
#7829=DIRECTION('',(-7.066760308408E-1,3.489949670250E-2,7.066760308408E-1));
#7830=DIRECTION('',(7.071067811865E-1,0.E0,7.071067811865E-1));
#7831=AXIS2_PLACEMENT_3D('',#7828,#7829,#7830);
#7832=PLANE('',#7831);
#7833=ORIENTED_EDGE('',*,*,#6688,.F.);
#7835=ORIENTED_EDGE('',*,*,#7834,.T.);
#7836=ORIENTED_EDGE('',*,*,#7685,.T.);
#7838=ORIENTED_EDGE('',*,*,#7837,.F.);
#7839=EDGE_LOOP('',(#7833,#7835,#7836,#7838));
#7840=FACE_OUTER_BOUND('',#7839,.F.);
#7842=CARTESIAN_POINT('',(1.241421356237E0,-1.411918193725E1,4.860609665441E0));
#7843=DIRECTION('',(0.E0,-1.E0,0.E0));
#7844=DIRECTION('',(1.E0,0.E0,0.E0));
#7845=AXIS2_PLACEMENT_3D('',#7842,#7843,#7844);
#7846=CONICAL_SURFACE('',#7845,2.594000403820E-1,2.E0);
#7847=ORIENTED_EDGE('',*,*,#6702,.F.);
#7849=ORIENTED_EDGE('',*,*,#7848,.T.);
#7850=ORIENTED_EDGE('',*,*,#7687,.F.);
#7851=ORIENTED_EDGE('',*,*,#7834,.F.);
#7852=EDGE_LOOP('',(#7847,#7849,#7850,#7851));
#7853=FACE_OUTER_BOUND('',#7852,.F.);
#7855=CARTESIAN_POINT('',(5.519451324899E0,-1.385E1,2.290263061859E-1));
#7856=DIRECTION('',(-7.066760308408E-1,3.489949670250E-2,-7.066760308408E-1));
#7857=DIRECTION('',(-7.071067811865E-1,0.E0,7.071067811865E-1));
#7858=AXIS2_PLACEMENT_3D('',#7855,#7856,#7857);
#7859=PLANE('',#7858);
#7860=ORIENTED_EDGE('',*,*,#6700,.F.);
#7862=ORIENTED_EDGE('',*,*,#7861,.T.);
#7863=ORIENTED_EDGE('',*,*,#7689,.T.);
#7864=ORIENTED_EDGE('',*,*,#7848,.F.);
#7865=EDGE_LOOP('',(#7860,#7862,#7863,#7864));
#7866=FACE_OUTER_BOUND('',#7865,.F.);
#7868=CARTESIAN_POINT('',(4.140559159102E0,-1.413394720077E1,1.961471862576E0));
#7869=DIRECTION('',(0.E0,-1.E0,0.E0));
#7870=DIRECTION('',(1.E0,0.E0,0.E0));
#7871=AXIS2_PLACEMENT_3D('',#7868,#7869,#7870);
#7872=CONICAL_SURFACE('',#7871,2.599156547460E-1,2.E0);
#7873=ORIENTED_EDGE('',*,*,#6698,.F.);
#7875=ORIENTED_EDGE('',*,*,#7874,.T.);
#7876=ORIENTED_EDGE('',*,*,#7691,.F.);
#7877=ORIENTED_EDGE('',*,*,#7861,.F.);
#7878=EDGE_LOOP('',(#7873,#7875,#7876,#7877));
#7879=FACE_OUTER_BOUND('',#7878,.F.);
#7881=CARTESIAN_POINT('',(7.145796921628E0,-1.385E1,4.613156234509E0));
#7882=DIRECTION('',(7.066760308408E-1,3.489949670250E-2,-7.066760308408E-1));
#7883=DIRECTION('',(-7.071067811865E-1,0.E0,-7.071067811865E-1));
#7884=AXIS2_PLACEMENT_3D('',#7881,#7882,#7883);
#7885=PLANE('',#7884);
#7886=ORIENTED_EDGE('',*,*,#6696,.F.);
#7888=ORIENTED_EDGE('',*,*,#7887,.T.);
#7889=ORIENTED_EDGE('',*,*,#7693,.T.);
#7890=ORIENTED_EDGE('',*,*,#7874,.F.);
#7891=EDGE_LOOP('',(#7886,#7888,#7889,#7890));
#7892=FACE_OUTER_BOUND('',#7891,.F.);
#7894=CARTESIAN_POINT('',(5.413351365238E0,-1.405653429467E1,3.234264068712E0));
#7895=DIRECTION('',(0.E0,-1.E0,0.E0));
#7896=DIRECTION('',(1.E0,0.E0,0.E0));
#7897=AXIS2_PLACEMENT_3D('',#7894,#7895,#7896);
#7898=CONICAL_SURFACE('',#7897,2.572123364963E-1,2.E0);
#7899=ORIENTED_EDGE('',*,*,#6694,.F.);
#7901=ORIENTED_EDGE('',*,*,#7900,.T.);
#7902=ORIENTED_EDGE('',*,*,#7695,.F.);
#7903=ORIENTED_EDGE('',*,*,#7887,.F.);
#7904=EDGE_LOOP('',(#7899,#7901,#7902,#7903));
#7905=FACE_OUTER_BOUND('',#7904,.F.);
#7907=CARTESIAN_POINT('',(1.135321396576E0,-1.385E1,7.865847427967E0));
#7908=DIRECTION('',(7.066760308408E-1,3.489949670250E-2,7.066760308408E-1));
#7909=DIRECTION('',(7.071067811865E-1,0.E0,-7.071067811865E-1));
#7910=AXIS2_PLACEMENT_3D('',#7907,#7908,#7909);
#7911=PLANE('',#7910);
#7912=ORIENTED_EDGE('',*,*,#6692,.F.);
#7914=ORIENTED_EDGE('',*,*,#7913,.T.);
#7915=ORIENTED_EDGE('',*,*,#7697,.T.);
#7916=ORIENTED_EDGE('',*,*,#7900,.F.);
#7917=EDGE_LOOP('',(#7912,#7914,#7915,#7916));
#7918=FACE_OUTER_BOUND('',#7917,.F.);
#7920=CARTESIAN_POINT('',(2.514213562373E0,-1.403988407745E1,6.133401871577E0));
#7921=DIRECTION('',(0.E0,-1.E0,0.E0));
#7922=DIRECTION('',(1.E0,0.E0,0.E0));
#7923=AXIS2_PLACEMENT_3D('',#7920,#7921,#7922);
#7924=CONICAL_SURFACE('',#7923,2.566308980989E-1,2.E0);
#7925=ORIENTED_EDGE('',*,*,#6690,.F.);
#7926=ORIENTED_EDGE('',*,*,#7837,.T.);
#7927=ORIENTED_EDGE('',*,*,#7699,.F.);
#7928=ORIENTED_EDGE('',*,*,#7913,.F.);
#7929=EDGE_LOOP('',(#7925,#7926,#7927,#7928));
#7930=FACE_OUTER_BOUND('',#7929,.F.);
#7932=CARTESIAN_POINT('',(1.241421356237E0,-1.411918193725E1,
-4.860609665441E0));
#7933=DIRECTION('',(0.E0,-1.E0,0.E0));
#7934=DIRECTION('',(1.E0,0.E0,0.E0));
#7935=AXIS2_PLACEMENT_3D('',#7932,#7933,#7934);
#7936=CONICAL_SURFACE('',#7935,2.594000403820E-1,2.E0);
#7937=ORIENTED_EDGE('',*,*,#6730,.F.);
#7939=ORIENTED_EDGE('',*,*,#7938,.T.);
#7940=ORIENTED_EDGE('',*,*,#7703,.F.);
#7942=ORIENTED_EDGE('',*,*,#7941,.F.);
#7943=EDGE_LOOP('',(#7937,#7939,#7940,#7942));
#7944=FACE_OUTER_BOUND('',#7943,.F.);
#7946=CARTESIAN_POINT('',(3.893105728170E0,-1.385E1,-7.865847427967E0));
#7947=DIRECTION('',(-7.066760308408E-1,3.489949670250E-2,-7.066760308408E-1));
#7948=DIRECTION('',(-7.071067811865E-1,0.E0,7.071067811865E-1));
#7949=AXIS2_PLACEMENT_3D('',#7946,#7947,#7948);
#7950=PLANE('',#7949);
#7951=ORIENTED_EDGE('',*,*,#6744,.F.);
#7953=ORIENTED_EDGE('',*,*,#7952,.T.);
#7954=ORIENTED_EDGE('',*,*,#7705,.T.);
#7955=ORIENTED_EDGE('',*,*,#7938,.F.);
#7956=EDGE_LOOP('',(#7951,#7953,#7954,#7955));
#7957=FACE_OUTER_BOUND('',#7956,.F.);
#7959=CARTESIAN_POINT('',(2.514213562373E0,-1.403988407745E1,
-6.133401871577E0));
#7960=DIRECTION('',(0.E0,-1.E0,0.E0));
#7961=DIRECTION('',(1.E0,0.E0,0.E0));
#7962=AXIS2_PLACEMENT_3D('',#7959,#7960,#7961);
#7963=CONICAL_SURFACE('',#7962,2.566308980989E-1,2.E0);
#7964=ORIENTED_EDGE('',*,*,#6742,.F.);
#7966=ORIENTED_EDGE('',*,*,#7965,.T.);
#7967=ORIENTED_EDGE('',*,*,#7707,.F.);
#7968=ORIENTED_EDGE('',*,*,#7952,.F.);
#7969=EDGE_LOOP('',(#7964,#7966,#7967,#7968));
#7970=FACE_OUTER_BOUND('',#7969,.F.);
#7972=CARTESIAN_POINT('',(7.145796921628E0,-1.385E1,-1.855371902915E0));
#7973=DIRECTION('',(7.066760308408E-1,3.489949670250E-2,-7.066760308408E-1));
#7974=DIRECTION('',(-7.071067811865E-1,0.E0,-7.071067811865E-1));
#7975=AXIS2_PLACEMENT_3D('',#7972,#7973,#7974);
#7976=PLANE('',#7975);
#7977=ORIENTED_EDGE('',*,*,#6740,.F.);
#7979=ORIENTED_EDGE('',*,*,#7978,.T.);
#7980=ORIENTED_EDGE('',*,*,#7709,.T.);
#7981=ORIENTED_EDGE('',*,*,#7965,.F.);
#7982=EDGE_LOOP('',(#7977,#7979,#7980,#7981));
#7983=FACE_OUTER_BOUND('',#7982,.F.);
#7985=CARTESIAN_POINT('',(5.413351365238E0,-1.405653429467E1,
-3.234264068712E0));
#7986=DIRECTION('',(0.E0,-1.E0,0.E0));
#7987=DIRECTION('',(1.E0,0.E0,0.E0));
#7988=AXIS2_PLACEMENT_3D('',#7985,#7986,#7987);
#7989=CONICAL_SURFACE('',#7988,2.572123364963E-1,2.E0);
#7990=ORIENTED_EDGE('',*,*,#6738,.F.);
#7992=ORIENTED_EDGE('',*,*,#7991,.T.);
#7993=ORIENTED_EDGE('',*,*,#7711,.F.);
#7994=ORIENTED_EDGE('',*,*,#7978,.F.);
#7995=EDGE_LOOP('',(#7990,#7992,#7993,#7994));
#7996=FACE_OUTER_BOUND('',#7995,.F.);
#7998=CARTESIAN_POINT('',(2.761666993305E0,-1.385E1,-2.290263061859E-1));
#7999=DIRECTION('',(7.066760308408E-1,3.489949670250E-2,7.066760308408E-1));
#8000=DIRECTION('',(7.071067811865E-1,0.E0,-7.071067811865E-1));
#8001=AXIS2_PLACEMENT_3D('',#7998,#7999,#8000);
#8002=PLANE('',#8001);
#8003=ORIENTED_EDGE('',*,*,#6736,.F.);
#8005=ORIENTED_EDGE('',*,*,#8004,.T.);
#8006=ORIENTED_EDGE('',*,*,#7713,.T.);
#8007=ORIENTED_EDGE('',*,*,#7991,.F.);
#8008=EDGE_LOOP('',(#8003,#8005,#8006,#8007));
#8009=FACE_OUTER_BOUND('',#8008,.F.);
#8011=CARTESIAN_POINT('',(4.140559159102E0,-1.413394720077E1,
-1.961471862576E0));
#8012=DIRECTION('',(0.E0,-1.E0,0.E0));
#8013=DIRECTION('',(1.E0,0.E0,0.E0));
#8014=AXIS2_PLACEMENT_3D('',#8011,#8012,#8013);
#8015=CONICAL_SURFACE('',#8014,2.599156547460E-1,2.E0);
#8016=ORIENTED_EDGE('',*,*,#6734,.F.);
#8018=ORIENTED_EDGE('',*,*,#8017,.T.);
#8019=ORIENTED_EDGE('',*,*,#7715,.F.);
#8020=ORIENTED_EDGE('',*,*,#8004,.F.);
#8021=EDGE_LOOP('',(#8016,#8018,#8019,#8020));
#8022=FACE_OUTER_BOUND('',#8021,.F.);
#8024=CARTESIAN_POINT('',(-4.910242001529E-1,-1.385E1,-6.239501831238E0));
#8025=DIRECTION('',(-7.066760308408E-1,3.489949670250E-2,7.066760308408E-1));
#8026=DIRECTION('',(7.071067811865E-1,0.E0,7.071067811865E-1));
#8027=AXIS2_PLACEMENT_3D('',#8024,#8025,#8026);
#8028=PLANE('',#8027);
#8029=ORIENTED_EDGE('',*,*,#6732,.F.);
#8030=ORIENTED_EDGE('',*,*,#7941,.T.);
#8031=ORIENTED_EDGE('',*,*,#7717,.T.);
#8032=ORIENTED_EDGE('',*,*,#8017,.F.);
#8033=EDGE_LOOP('',(#8029,#8030,#8031,#8032));
#8034=FACE_OUTER_BOUND('',#8033,.F.);
#8036=CARTESIAN_POINT('',(4.910242001529E-1,-1.385E1,-3.481717499644E0));
#8037=DIRECTION('',(7.066760308408E-1,3.489949670250E-2,-7.066760308408E-1));
#8038=DIRECTION('',(-7.071067811865E-1,0.E0,-7.071067811865E-1));
#8039=AXIS2_PLACEMENT_3D('',#8036,#8037,#8038);
#8040=PLANE('',#8039);
#8041=ORIENTED_EDGE('',*,*,#6772,.F.);
#8043=ORIENTED_EDGE('',*,*,#8042,.T.);
#8044=ORIENTED_EDGE('',*,*,#6548,.T.);
#8046=ORIENTED_EDGE('',*,*,#8045,.F.);
#8047=EDGE_LOOP('',(#8041,#8043,#8044,#8046));
#8048=FACE_OUTER_BOUND('',#8047,.F.);
#8050=CARTESIAN_POINT('',(-1.241421356237E0,-1.411918193725E1,
-4.860609665441E0));
#8051=DIRECTION('',(0.E0,-1.E0,0.E0));
#8052=DIRECTION('',(1.E0,0.E0,0.E0));
#8053=AXIS2_PLACEMENT_3D('',#8050,#8051,#8052);
#8054=CONICAL_SURFACE('',#8053,2.594000403820E-1,2.E0);
#8055=ORIENTED_EDGE('',*,*,#6786,.F.);
#8057=ORIENTED_EDGE('',*,*,#8056,.T.);
#8058=ORIENTED_EDGE('',*,*,#6550,.F.);
#8059=ORIENTED_EDGE('',*,*,#8042,.F.);
#8060=EDGE_LOOP('',(#8055,#8057,#8058,#8059));
#8061=FACE_OUTER_BOUND('',#8060,.F.);
#8063=CARTESIAN_POINT('',(-5.519451324899E0,-1.385E1,-2.290263061859E-1));
#8064=DIRECTION('',(7.066760308408E-1,3.489949670250E-2,7.066760308408E-1));
#8065=DIRECTION('',(7.071067811865E-1,0.E0,-7.071067811865E-1));
#8066=AXIS2_PLACEMENT_3D('',#8063,#8064,#8065);
#8067=PLANE('',#8066);
#8068=ORIENTED_EDGE('',*,*,#6784,.F.);
#8070=ORIENTED_EDGE('',*,*,#8069,.T.);
#8071=ORIENTED_EDGE('',*,*,#6552,.T.);
#8072=ORIENTED_EDGE('',*,*,#8056,.F.);
#8073=EDGE_LOOP('',(#8068,#8070,#8071,#8072));
#8074=FACE_OUTER_BOUND('',#8073,.F.);
#8076=CARTESIAN_POINT('',(-4.140559159102E0,-1.413394720077E1,
-1.961471862576E0));
#8077=DIRECTION('',(0.E0,-1.E0,0.E0));
#8078=DIRECTION('',(1.E0,0.E0,0.E0));
#8079=AXIS2_PLACEMENT_3D('',#8076,#8077,#8078);
#8080=CONICAL_SURFACE('',#8079,2.599156547460E-1,2.E0);
#8081=ORIENTED_EDGE('',*,*,#6782,.F.);
#8083=ORIENTED_EDGE('',*,*,#8082,.T.);
#8084=ORIENTED_EDGE('',*,*,#6554,.F.);
#8085=ORIENTED_EDGE('',*,*,#8069,.F.);
#8086=EDGE_LOOP('',(#8081,#8083,#8084,#8085));
#8087=FACE_OUTER_BOUND('',#8086,.F.);
#8089=CARTESIAN_POINT('',(-7.145796921628E0,-1.385E1,-4.613156234509E0));
#8090=DIRECTION('',(-7.066760308408E-1,3.489949670250E-2,7.066760308408E-1));
#8091=DIRECTION('',(7.071067811865E-1,0.E0,7.071067811865E-1));
#8092=AXIS2_PLACEMENT_3D('',#8089,#8090,#8091);
#8093=PLANE('',#8092);
#8094=ORIENTED_EDGE('',*,*,#6780,.F.);
#8096=ORIENTED_EDGE('',*,*,#8095,.T.);
#8097=ORIENTED_EDGE('',*,*,#6556,.T.);
#8098=ORIENTED_EDGE('',*,*,#8082,.F.);
#8099=EDGE_LOOP('',(#8094,#8096,#8097,#8098));
#8100=FACE_OUTER_BOUND('',#8099,.F.);
#8102=CARTESIAN_POINT('',(-5.413351365238E0,-1.405653429467E1,
-3.234264068712E0));
#8103=DIRECTION('',(0.E0,-1.E0,0.E0));
#8104=DIRECTION('',(1.E0,0.E0,0.E0));
#8105=AXIS2_PLACEMENT_3D('',#8102,#8103,#8104);
#8106=CONICAL_SURFACE('',#8105,2.572123364963E-1,2.E0);
#8107=ORIENTED_EDGE('',*,*,#6778,.F.);
#8109=ORIENTED_EDGE('',*,*,#8108,.T.);
#8110=ORIENTED_EDGE('',*,*,#6558,.F.);
#8111=ORIENTED_EDGE('',*,*,#8095,.F.);
#8112=EDGE_LOOP('',(#8107,#8109,#8110,#8111));
#8113=FACE_OUTER_BOUND('',#8112,.F.);
#8115=CARTESIAN_POINT('',(-1.135321396576E0,-1.385E1,-7.865847427967E0));
#8116=DIRECTION('',(-7.066760308408E-1,3.489949670250E-2,-7.066760308408E-1));
#8117=DIRECTION('',(-7.071067811865E-1,0.E0,7.071067811865E-1));
#8118=AXIS2_PLACEMENT_3D('',#8115,#8116,#8117);
#8119=PLANE('',#8118);
#8120=ORIENTED_EDGE('',*,*,#6776,.F.);
#8122=ORIENTED_EDGE('',*,*,#8121,.T.);
#8123=ORIENTED_EDGE('',*,*,#6560,.T.);
#8124=ORIENTED_EDGE('',*,*,#8108,.F.);
#8125=EDGE_LOOP('',(#8120,#8122,#8123,#8124));
#8126=FACE_OUTER_BOUND('',#8125,.F.);
#8128=CARTESIAN_POINT('',(-2.514213562373E0,-1.403988407745E1,
-6.133401871577E0));
#8129=DIRECTION('',(0.E0,-1.E0,0.E0));
#8130=DIRECTION('',(1.E0,0.E0,0.E0));
#8131=AXIS2_PLACEMENT_3D('',#8128,#8129,#8130);
#8132=CONICAL_SURFACE('',#8131,2.566308980989E-1,2.E0);
#8133=ORIENTED_EDGE('',*,*,#6774,.F.);
#8134=ORIENTED_EDGE('',*,*,#8045,.T.);
#8135=ORIENTED_EDGE('',*,*,#6562,.F.);
#8136=ORIENTED_EDGE('',*,*,#8121,.F.);
#8137=EDGE_LOOP('',(#8133,#8134,#8135,#8136));
#8138=FACE_OUTER_BOUND('',#8137,.F.);
#8140=CARTESIAN_POINT('',(-6.5E0,-1.289993908270E1,0.E0));
#8141=DIRECTION('',(0.E0,-1.E0,0.E0));
#8142=DIRECTION('',(-1.E0,0.E0,0.E0));
#8143=AXIS2_PLACEMENT_3D('',#8140,#8141,#8142);
#8144=CONICAL_SURFACE('',#8143,4.412676803481E-1,2.E0);
#8146=ORIENTED_EDGE('',*,*,#8145,.T.);
#8148=ORIENTED_EDGE('',*,*,#8147,.F.);
#8149=ORIENTED_EDGE('',*,*,#6345,.F.);
#8151=ORIENTED_EDGE('',*,*,#8150,.T.);
#8152=EDGE_LOOP('',(#8146,#8148,#8149,#8151));
#8153=FACE_OUTER_BOUND('',#8152,.F.);
#8155=CARTESIAN_POINT('',(-6.5E0,-1.254993908178E1,0.E0));
#8156=DIRECTION('',(0.E0,-1.E0,0.E0));
#8157=DIRECTION('',(0.E0,0.E0,-1.E0));
#8158=AXIS2_PLACEMENT_3D('',#8155,#8156,#8157);
#8159=CONICAL_SURFACE('',#8158,3.290454100750E-1,4.6E1);
#8161=ORIENTED_EDGE('',*,*,#8160,.T.);
#8163=ORIENTED_EDGE('',*,*,#8162,.T.);
#8164=ORIENTED_EDGE('',*,*,#8145,.F.);
#8166=ORIENTED_EDGE('',*,*,#8165,.F.);
#8167=EDGE_LOOP('',(#8161,#8163,#8164,#8166));
#8168=FACE_OUTER_BOUND('',#8167,.F.);
#8170=CARTESIAN_POINT('',(0.E0,-1.245E1,0.E0));
#8171=DIRECTION('',(0.E0,1.E0,0.E0));
#8172=DIRECTION('',(1.E0,0.E0,0.E0));
#8173=AXIS2_PLACEMENT_3D('',#8170,#8171,#8172);
#8174=PLANE('',#8173);
#8175=ORIENTED_EDGE('',*,*,#8160,.F.);
#8177=ORIENTED_EDGE('',*,*,#8176,.F.);
#8178=EDGE_LOOP('',(#8175,#8177));
#8179=FACE_OUTER_BOUND('',#8178,.F.);
#8181=CARTESIAN_POINT('',(0.E0,-1.245E1,0.E0));
#8182=DIRECTION('',(0.E0,1.E0,0.E0));
#8183=DIRECTION('',(1.E0,0.E0,0.E0));
#8184=AXIS2_PLACEMENT_3D('',#8181,#8182,#8183);
#8185=PLANE('',#8184);
#8187=ORIENTED_EDGE('',*,*,#8186,.F.);
#8189=ORIENTED_EDGE('',*,*,#8188,.F.);
#8190=EDGE_LOOP('',(#8187,#8189));
#8191=FACE_OUTER_BOUND('',#8190,.F.);
#8193=CARTESIAN_POINT('',(-6.5E0,-1.254993908178E1,0.E0));
#8194=DIRECTION('',(0.E0,-1.E0,0.E0));
#8195=DIRECTION('',(0.E0,0.E0,-1.E0));
#8196=AXIS2_PLACEMENT_3D('',#8193,#8194,#8195);
#8197=CONICAL_SURFACE('',#8196,3.290454100750E-1,4.6E1);
#8198=ORIENTED_EDGE('',*,*,#8176,.T.);
#8199=ORIENTED_EDGE('',*,*,#8165,.T.);
#8201=ORIENTED_EDGE('',*,*,#8200,.F.);
#8202=ORIENTED_EDGE('',*,*,#8162,.F.);
#8203=EDGE_LOOP('',(#8198,#8199,#8201,#8202));
#8204=FACE_OUTER_BOUND('',#8203,.F.);
#8206=CARTESIAN_POINT('',(-6.5E0,-1.289993908270E1,0.E0));
#8207=DIRECTION('',(0.E0,-1.E0,0.E0));
#8208=DIRECTION('',(-1.E0,0.E0,0.E0));
#8209=AXIS2_PLACEMENT_3D('',#8206,#8207,#8208);
#8210=CONICAL_SURFACE('',#8209,4.412676803481E-1,2.E0);
#8211=ORIENTED_EDGE('',*,*,#8200,.T.);
#8212=ORIENTED_EDGE('',*,*,#8150,.F.);
#8213=ORIENTED_EDGE('',*,*,#6347,.F.);
#8214=ORIENTED_EDGE('',*,*,#8147,.T.);
#8215=EDGE_LOOP('',(#8211,#8212,#8213,#8214));
#8216=FACE_OUTER_BOUND('',#8215,.F.);
#8218=CARTESIAN_POINT('',(7.5E0,-1.254993908178E1,0.E0));
#8219=DIRECTION('',(0.E0,-1.E0,0.E0));
#8220=DIRECTION('',(0.E0,0.E0,-1.E0));
#8221=AXIS2_PLACEMENT_3D('',#8218,#8219,#8220);
#8222=CONICAL_SURFACE('',#8221,3.290454100750E-1,4.6E1);
#8223=ORIENTED_EDGE('',*,*,#8186,.T.);
#8225=ORIENTED_EDGE('',*,*,#8224,.T.);
#8227=ORIENTED_EDGE('',*,*,#8226,.F.);
#8229=ORIENTED_EDGE('',*,*,#8228,.F.);
#8230=EDGE_LOOP('',(#8223,#8225,#8227,#8229));
#8231=FACE_OUTER_BOUND('',#8230,.F.);
#8233=CARTESIAN_POINT('',(7.5E0,-1.254993908178E1,0.E0));
#8234=DIRECTION('',(0.E0,-1.E0,0.E0));
#8235=DIRECTION('',(0.E0,0.E0,-1.E0));
#8236=AXIS2_PLACEMENT_3D('',#8233,#8234,#8235);
#8237=CONICAL_SURFACE('',#8236,3.290454100750E-1,4.6E1);
#8238=ORIENTED_EDGE('',*,*,#8188,.T.);
#8239=ORIENTED_EDGE('',*,*,#8228,.T.);
#8241=ORIENTED_EDGE('',*,*,#8240,.F.);
#8242=ORIENTED_EDGE('',*,*,#8224,.F.);
#8243=EDGE_LOOP('',(#8238,#8239,#8241,#8242));
#8244=FACE_OUTER_BOUND('',#8243,.F.);
#8246=CARTESIAN_POINT('',(7.5E0,-1.289993908270E1,0.E0));
#8247=DIRECTION('',(0.E0,-1.E0,0.E0));
#8248=DIRECTION('',(-1.E0,0.E0,0.E0));
#8249=AXIS2_PLACEMENT_3D('',#8246,#8247,#8248);
#8250=CONICAL_SURFACE('',#8249,4.412676803481E-1,2.E0);
#8251=ORIENTED_EDGE('',*,*,#8240,.T.);
#8253=ORIENTED_EDGE('',*,*,#8252,.F.);
#8254=ORIENTED_EDGE('',*,*,#6353,.F.);
#8256=ORIENTED_EDGE('',*,*,#8255,.T.);
#8257=EDGE_LOOP('',(#8251,#8253,#8254,#8256));
#8258=FACE_OUTER_BOUND('',#8257,.F.);
#8260=CARTESIAN_POINT('',(7.5E0,-1.289993908270E1,0.E0));
#8261=DIRECTION('',(0.E0,-1.E0,0.E0));
#8262=DIRECTION('',(-1.E0,0.E0,0.E0));
#8263=AXIS2_PLACEMENT_3D('',#8260,#8261,#8262);
#8264=CONICAL_SURFACE('',#8263,4.412676803481E-1,2.E0);
#8265=ORIENTED_EDGE('',*,*,#8226,.T.);
#8266=ORIENTED_EDGE('',*,*,#8255,.F.);
#8267=ORIENTED_EDGE('',*,*,#6351,.F.);
#8268=ORIENTED_EDGE('',*,*,#8252,.T.);
#8269=EDGE_LOOP('',(#8265,#8266,#8267,#8268));
#8270=FACE_OUTER_BOUND('',#8269,.F.);
#8274=FILL_AREA_STYLE_COLOUR('',#3484);
#8275=FILL_AREA_STYLE('',(#8274));
#8276=SURFACE_STYLE_FILL_AREA(#8275);
#8277=SURFACE_SIDE_STYLE('',(#8276));
#8278=SURFACE_STYLE_USAGE(.BOTH.,#8277);
#8279=PRESENTATION_STYLE_ASSIGNMENT((#8278));
#3485=STYLED_ITEM('',(#8279),#8273);
#8282=PLANE_ANGLE_MEASURE_WITH_UNIT(PLANE_ANGLE_MEASURE(1.745329251994E-2),
#8281);
#8283=(CONVERSION_BASED_UNIT('DEGREE',#8282)NAMED_UNIT(*)PLANE_ANGLE_UNIT());
#8285=UNCERTAINTY_MEASURE_WITH_UNIT(LENGTH_MEASURE(1.E-2),#8280,
'distance_accuracy_value',
'Maximum model space distance between geometric entities at asserted connectivities');
#8287=CARTESIAN_POINT('',(0.E0,0.E0,0.E0));
#8288=DIRECTION('',(0.E0,0.E0,1.E0));
#8289=DIRECTION('',(1.E0,0.E0,0.E0));
#8292=PRODUCT_CONTEXT('',#3419,'mechanical');
#8293=PRODUCT('501-0019-DOME-2','501-0019-DOME-2','NOT SPECIFIED',(#8292));
#8294=PRODUCT_DEFINITION_FORMATION('25','LAST_VERSION',#8293);
#8302=DERIVED_UNIT_ELEMENT(#8301,2.E0);
#8303=DERIVED_UNIT((#8302));
#8304=MEASURE_REPRESENTATION_ITEM('surface area measure',AREA_MEASURE(
5.659955737594E2),#8303);
#8309=DERIVED_UNIT_ELEMENT(#8308,3.E0);
#8310=DERIVED_UNIT((#8309));
#8311=MEASURE_REPRESENTATION_ITEM('volume measure',VOLUME_MEASURE(
2.132503688853E2),#8310);
#8315=CARTESIAN_POINT('centre point',(1.764146422912E-3,-1.371211122222E1,
-1.149551929417E-8));
#8320=DERIVED_UNIT_ELEMENT(#8319,2.E0);
#8321=DERIVED_UNIT((#8320));
#8322=MEASURE_REPRESENTATION_ITEM('surface area measure',AREA_MEASURE(
5.659955737594E2),#8321);
#8327=DERIVED_UNIT_ELEMENT(#8326,3.E0);
#8328=DERIVED_UNIT((#8327));
#8329=MEASURE_REPRESENTATION_ITEM('volume measure',VOLUME_MEASURE(
2.132503688853E2),#8328);
#8333=CARTESIAN_POINT('centre point',(1.764146422912E-3,-1.371211122222E1,
-1.149551929417E-8));
#8340=CARTESIAN_POINT('centre point',(1.764146422912E-3,-1.371211122222E1,
-1.149551929417E-8));
#8344=CARTESIAN_POINT('',(0.E0,0.E0,0.E0));
#8345=DIRECTION('',(0.E0,0.E0,1.E0));
#8346=DIRECTION('',(1.E0,0.E0,0.E0));
#8347=AXIS2_PLACEMENT_3D('',#8344,#8345,#8346);
#8348=ITEM_DEFINED_TRANSFORMATION('','',#8290,#8347);
#8349=(REPRESENTATION_RELATIONSHIP('','',#8291,#3470)REPRESENTATION_RELATIONSHIP_WITH_TRANSFORMATION(#8348)SHAPE_REPRESENTATION_RELATIONSHIP());
#8350=CONTEXT_DEPENDENT_SHAPE_REPRESENTATION(#8349,#8339);
#8353=PLANE_ANGLE_MEASURE_WITH_UNIT(PLANE_ANGLE_MEASURE(1.745329251994E-2),
#8352);
#8354=(CONVERSION_BASED_UNIT('DEGREE',#8353)NAMED_UNIT(*)PLANE_ANGLE_UNIT());
#8356=UNCERTAINTY_MEASURE_WITH_UNIT(LENGTH_MEASURE(1.E-2),#8351,
'distance_accuracy_value',
'Maximum model space distance between geometric entities at asserted connectivities');
#8358=CARTESIAN_POINT('',(0.E0,0.E0,0.E0));
#8359=DIRECTION('',(0.E0,0.E0,1.E0));
#8360=DIRECTION('',(1.E0,0.E0,0.E0));
#8362=MECHANICAL_DESIGN_GEOMETRIC_PRESENTATION_REPRESENTATION('',(#25,#33,#41,
#49,#56,#64,#71,#79,#87,#95,#103,#111,#119,#127,#135,#146,#157,#165,#172,#180,
#187,#195,#202,#211,#219,#228,#236,#243,#251,#258,#266,#273,#284,#295,#303,#311,
#322,#329,#337,#345,#353,#360,#371,#379,#387,#395,#406,#417,#428,#437,#444,#451,
#462,#471,#479,#487,#495,#503,#510,#518,#525,#533,#543,#551,#561,#569,#577,#585,
#593,#604,#612,#622,#630,#638,#646,#654,#664,#672,#682,#690,#700,#708,#718,#728,
#736,#746,#754,#764,#772,#782,#790,#797,#807,#815,#825,#833,#843,#851,#861,#869,
#879,#887,#895,#905,#913,#923,#931,#939,#950,#958,#966,#976,#984,#994,#1002,
#1012,#1020,#1030,#1037,#1044,#1051,#1058,#1065,#1072,#1079,#1086,#1094,#1101,
#1109,#1116,#1124,#1131,#1139,#1146,#1154,#1161,#1169,#1176,#1184,#1191,#1199,
#1206,#1213,#1221,#1228,#1236,#1243,#1251,#1258,#1266,#1274,#1281,#1289,#1296,
#1304,#1311,#1319,#1326,#1333,#1341,#1348,#1356,#1363,#1371,#1378,#1386,#1393,
#1401,#1408,#1416,#1423,#1431,#1438,#1446,#1453,#1460,#1467,#1474,#1481,#1488,
#1495,#1502,#1509,#1516,#1523,#1530,#1537,#1544,#1551,#1558,#1565,#1572,#1579,
#1586,#1593,#1600,#1607,#1614,#1621,#1628,#1635,#1642,#1649,#1656,#1663,#1670,
#1677,#1684,#1691,#1698,#1705,#1712,#1719,#1727,#1735,#16,#3493,#3501,#3509,
#3517,#3525,#3532,#3540,#3547,#3555,#3562,#3570,#3577,#3585,#3592,#3600,#3607,
#3615,#3622,#3630,#3637,#3644,#3652,#3659,#3667,#3674,#3682,#3689,#3697,#3705,
#3712,#3720,#3727,#3735,#3742,#3750,#3757,#3764,#3772,#3779,#3787,#3794,#3802,
#3809,#3817,#3824,#3832,#3839,#3847,#3854,#3862,#3869,#3877,#3885,#3892,#3900,
#3907,#3915,#3923,#3931,#3938,#3948,#3956,#3963,#3971,#3978,#3986,#3993,#4001,
#4008,#4016,#4023,#4031,#4038,#4046,#4053,#4061,#4068,#4075,#4083,#4090,#4098,
#4105,#4113,#4120,#4128,#4136,#4143,#4151,#4158,#4166,#4173,#4181,#4188,#4195,
#4203,#4210,#4218,#4225,#4233,#4240,#4248,#4255,#4263,#4270,#4278,#4285,#4293,
#4300,#4308,#4315,#4322,#4329,#4336,#4343,#4350,#4357,#4364,#4371,#4378,#4385,
#4392,#4399,#4406,#4413,#4420,#4427,#4434,#4441,#4448,#4455,#4462,#4469,#4476,
#4483,#4490,#4497,#4504,#4511,#4518,#4525,#4532,#4539,#4546,#4553,#4560,#4567,
#4574,#4581,#4588,#4595,#4602,#4609,#4616,#4623,#4630,#4637,#4644,#4651,#4658,
#4666,#4674,#4681,#4691,#4698,#4705,#4713,#4721,#4728,#4738,#4745,#4752,#4760,
#4768,#4775,#4785,#4792,#4799,#4807,#4815,#4822,#4832,#4839,#4846,#4854,#4862,
#4869,#4879,#4886,#4893,#4901,#4909,#4917,#4924,#4934,#4941,#4948,#4956,#4964,
#4971,#4981,#4988,#4995,#5003,#5011,#5019,#5027,#5035,#5043,#5050,#5057,#5065,
#5073,#5081,#5088,#5098,#5105,#5112,#5120,#5128,#5135,#5145,#5152,#5159,#5167,
#5175,#5183,#5190,#5200,#5207,#5214,#5222,#5230,#5237,#5247,#5254,#5261,#5269,
#5277,#5284,#5294,#5301,#5308,#5316,#5324,#5331,#5341,#5348,#5355,#5363,#5371,
#5378,#5388,#5395,#5402,#5410,#5418,#5425,#5435,#5443,#5450,#5460,#5467,#5474,
#5482,#5490,#5497,#5507,#5514,#5521,#5529,#5537,#5544,#5554,#5561,#5568,#5576,
#5584,#5591,#5601,#5608,#5615,#5623,#5630,#5637,#5645,#5653,#5660,#5670,#5677,
#5684,#5692,#5700,#5707,#5717,#5724,#5731,#5739,#5747,#5754,#5764,#5771,#5778,
#5786,#5794,#5801,#5811,#5819,#5826,#5833,#5841,#5849,#5857,#5865,#5872,#5880,
#5887,#5894,#5901,#5909,#5916,#5924,#5931,#3485),#8357);
#8363=PRODUCT_DEFINITION_CONTEXT('part definition',#3419,'design');
#8364=PRODUCT_CONTEXT('',#3419,'mechanical');
#8365=PRODUCT('501-0019-DOME-TWIN_ASM','501-0019-DOME-TWIN_ASM','NOT SPECIFIED',
(#8364));
#8366=PRODUCT_DEFINITION_FORMATION('26','LAST_VERSION',#8365);
#8369=DERIVED_UNIT_ELEMENT(#8368,2.E0);
#8370=DERIVED_UNIT((#8369));
#8371=MEASURE_REPRESENTATION_ITEM('surface area measure',AREA_MEASURE(
1.636743666087E3),#8370);
#8376=DERIVED_UNIT_ELEMENT(#8375,3.E0);
#8377=DERIVED_UNIT((#8376));
#8378=MEASURE_REPRESENTATION_ITEM('volume measure',VOLUME_MEASURE(
6.455653850362E2),#8377);
#8382=CARTESIAN_POINT('centre point',(6.185174172951E-2,-1.390048704612E1,
4.685821027313E-7));
#8386=PRODUCT_RELATED_PRODUCT_CATEGORY('part','',(#8365,#3423,#8293));
#1=DRAUGHTING_PRE_DEFINED_COLOUR('black');
#2=DRAUGHTING_PRE_DEFINED_COLOUR('green');
#3=COLOUR_RGB('',1.1E-2,1.2E-2,1.E0);
#4=COLOUR_RGB('',4.1E-1,2.61589E-1,1.12848E-1);
#5=COLOUR_RGB('',5.04854E-1,1.5455E-2,1.5455E-2);
#6=COLOUR_RGB('',6.35294E-1,6.86275E-1,7.4902E-1);
#7=COLOUR_RGB('',6.40777E-1,6.40777E-1,6.40777E-1);
#8=COLOUR_RGB('',6.69062E-1,6.69903E-1,6.55217E-1);
#9=COLOUR_RGB('',9.21569E-1,7.05882E-1,4.70588E-1);
#10=DRAUGHTING_PRE_DEFINED_COLOUR('red');
#11=DRAUGHTING_PRE_DEFINED_COLOUR('yellow');
#12=COLOUR_RGB('',1.E0,1.E0,5.3E-1);
#13=COLOUR_RGB('',1.E0,1.E0,9.49E-1);
#14=DRAUGHTING_PRE_DEFINED_COLOUR('white');
#15=DRAUGHTING_PRE_DEFINED_COLOUR('cyan');
#21=CIRCLE('',#20,9.703925279337E0);
#30=CIRCLE('',#29,3.E-1);
#38=CIRCLE('',#37,1.E1);
#46=CIRCLE('',#45,9.963184774260E0);
#61=CIRCLE('',#60,9.963184774260E0);
#76=CIRCLE('',#75,1.E1);
#84=CIRCLE('',#83,3.E-1);
#92=CIRCLE('',#91,9.703925279337E0);
#100=CIRCLE('',#99,7.177857142857E1);
#108=CIRCLE('',#107,7.177857142857E1);
#116=CIRCLE('',#115,2.288036037611E-1);
#124=CIRCLE('',#123,2.288036037611E-1);
#132=CIRCLE('',#131,2.288036037611E-1);
#143=B_SPLINE_CURVE_WITH_KNOTS('',3,(#136,#137,#138,#139,#140,#141,#142),
.UNSPECIFIED.,.F.,.F.,(4,1,1,1,4),(0.E0,2.5E-1,5.E-1,7.5E-1,1.E0),
.UNSPECIFIED.);
#154=B_SPLINE_CURVE_WITH_KNOTS('',3,(#147,#148,#149,#150,#151,#152,#153),
.UNSPECIFIED.,.F.,.F.,(4,1,1,1,4),(0.E0,2.5E-1,5.E-1,7.5E-1,1.E0),
.UNSPECIFIED.);
#162=CIRCLE('',#161,1.125E1);
#177=CIRCLE('',#176,1.125E1);
#192=CIRCLE('',#191,1.125E1);
#208=B_SPLINE_CURVE_WITH_KNOTS('',3,(#203,#204,#205,#206,#207),.UNSPECIFIED.,
.F.,.F.,(4,1,4),(0.E0,5.E-1,1.E0),.UNSPECIFIED.);
#216=CIRCLE('',#215,1.125E1);
#225=B_SPLINE_CURVE_WITH_KNOTS('',3,(#220,#221,#222,#223,#224),.UNSPECIFIED.,
.F.,.F.,(4,1,4),(0.E0,5.E-1,1.E0),.UNSPECIFIED.);
#233=CIRCLE('',#232,1.125E1);
#248=CIRCLE('',#247,1.125E1);
#263=CIRCLE('',#262,1.125E1);
#281=B_SPLINE_CURVE_WITH_KNOTS('',3,(#274,#275,#276,#277,#278,#279,#280),
.UNSPECIFIED.,.F.,.F.,(4,1,1,1,4),(0.E0,2.5E-1,5.E-1,7.5E-1,1.E0),
.UNSPECIFIED.);
#292=B_SPLINE_CURVE_WITH_KNOTS('',3,(#285,#286,#287,#288,#289,#290,#291),
.UNSPECIFIED.,.F.,.F.,(4,1,1,1,4),(0.E0,2.5E-1,5.E-1,7.5E-1,1.E0),
.UNSPECIFIED.);
#300=CIRCLE('',#299,6.285600512508E-1);
#308=CIRCLE('',#307,6.5E-1);
#319=B_SPLINE_CURVE_WITH_KNOTS('',3,(#312,#313,#314,#315,#316,#317,#318),
.UNSPECIFIED.,.F.,.F.,(4,1,1,1,4),(0.E0,2.5E-1,5.E-1,7.5E-1,1.E0),
.UNSPECIFIED.);
#334=CIRCLE('',#333,9.234433134053E0);
#342=CIRCLE('',#341,9.234433134053E0);
#350=CIRCLE('',#349,9.234433134053E0);
#368=B_SPLINE_CURVE_WITH_KNOTS('',3,(#361,#362,#363,#364,#365,#366,#367),
.UNSPECIFIED.,.F.,.F.,(4,1,1,1,4),(0.E0,2.5E-1,5.E-1,7.5E-1,1.E0),
.UNSPECIFIED.);
#376=CIRCLE('',#375,1.125E1);
#384=CIRCLE('',#383,6.285600512508E-1);
#392=CIRCLE('',#391,6.5E-1);
#403=B_SPLINE_CURVE_WITH_KNOTS('',3,(#396,#397,#398,#399,#400,#401,#402),
.UNSPECIFIED.,.F.,.F.,(4,1,1,1,4),(0.E0,2.5E-1,5.E-1,7.5E-1,1.E0),
.UNSPECIFIED.);
#414=B_SPLINE_CURVE_WITH_KNOTS('',3,(#407,#408,#409,#410,#411,#412,#413),
.UNSPECIFIED.,.F.,.F.,(4,1,1,1,4),(0.E0,2.5E-1,5.E-1,7.5E-1,1.E0),
.UNSPECIFIED.);
#425=B_SPLINE_CURVE_WITH_KNOTS('',3,(#418,#419,#420,#421,#422,#423,#424),
.UNSPECIFIED.,.F.,.F.,(4,1,1,1,4),(0.E0,2.5E-1,5.E-1,7.5E-1,1.E0),
.UNSPECIFIED.);
#434=B_SPLINE_CURVE_WITH_KNOTS('',3,(#429,#430,#431,#432,#433),.UNSPECIFIED.,
.F.,.F.,(4,1,4),(0.E0,5.E-1,1.E0),.UNSPECIFIED.);
#459=B_SPLINE_CURVE_WITH_KNOTS('',3,(#452,#453,#454,#455,#456,#457,#458),
.UNSPECIFIED.,.F.,.F.,(4,1,1,1,4),(0.E0,2.5E-1,5.E-1,7.5E-1,1.E0),
.UNSPECIFIED.);
#468=B_SPLINE_CURVE_WITH_KNOTS('',3,(#463,#464,#465,#466,#467),.UNSPECIFIED.,
.F.,.F.,(4,1,4),(0.E0,5.E-1,1.E0),.UNSPECIFIED.);
#476=CIRCLE('',#475,9.225702941680E0);
#484=B_SPLINE_CURVE_WITH_KNOTS('',3,(#480,#481,#482,#483),.UNSPECIFIED.,.F.,.F.,
(4,4),(0.E0,1.E0),.UNSPECIFIED.);
#492=CIRCLE('',#491,9.178418265107E0);
#500=B_SPLINE_CURVE_WITH_KNOTS('',3,(#496,#497,#498,#499),.UNSPECIFIED.,.F.,.F.,
(4,4),(0.E0,1.E0),.UNSPECIFIED.);
#515=CIRCLE('',#514,9.178418265107E0);
#530=CIRCLE('',#529,7.092292649095E1);
#540=B_SPLINE_CURVE_WITH_KNOTS('',3,(#534,#535,#536,#537,#538,#539),
.UNSPECIFIED.,.F.,.F.,(4,1,1,4),(0.E0,3.333333333333E-1,6.666666666667E-1,1.E0),
.UNSPECIFIED.);
#548=CIRCLE('',#547,7.097004721741E1);
#558=B_SPLINE_CURVE_WITH_KNOTS('',3,(#552,#553,#554,#555,#556,#557),
.UNSPECIFIED.,.F.,.F.,(4,1,1,4),(0.E0,3.333333333333E-1,6.666666666667E-1,1.E0),
.UNSPECIFIED.);
#566=CIRCLE('',#565,7.097595016652E1);
#574=CIRCLE('',#573,7.097857142857E1);
#582=CIRCLE('',#581,7.097857142857E1);
#590=CIRCLE('',#589,7.097595016652E1);
#601=B_SPLINE_CURVE_WITH_KNOTS('',3,(#594,#595,#596,#597,#598,#599,#600),
.UNSPECIFIED.,.F.,.F.,(4,1,1,1,4),(0.E0,2.5E-1,5.E-1,7.5E-1,1.E0),
.UNSPECIFIED.);
#609=CIRCLE('',#608,7.097004721741E1);
#619=B_SPLINE_CURVE_WITH_KNOTS('',3,(#613,#614,#615,#616,#617,#618),
.UNSPECIFIED.,.F.,.F.,(4,1,1,4),(0.E0,3.333333333333E-1,6.666666666667E-1,1.E0),
.UNSPECIFIED.);
#627=CIRCLE('',#626,7.092292649095E1);
#635=CIRCLE('',#634,7.097857142857E1);
#643=CIRCLE('',#642,7.097857142857E1);
#651=CIRCLE('',#650,7.092296006044E1);
#661=B_SPLINE_CURVE_WITH_KNOTS('',3,(#655,#656,#657,#658,#659,#660),
.UNSPECIFIED.,.F.,.F.,(4,1,1,4),(0.E0,3.333333333333E-1,6.666666666667E-1,1.E0),
.UNSPECIFIED.);
#669=CIRCLE('',#668,7.069262395708E1);
#679=B_SPLINE_CURVE_WITH_KNOTS('',3,(#673,#674,#675,#676,#677,#678),
.UNSPECIFIED.,.F.,.F.,(4,1,1,4),(0.E0,3.333333333333E-1,6.666666666667E-1,1.E0),
.UNSPECIFIED.);
#687=CIRCLE('',#686,7.095597555961E1);
#697=B_SPLINE_CURVE_WITH_KNOTS('',3,(#691,#692,#693,#694,#695,#696),
.UNSPECIFIED.,.F.,.F.,(4,1,1,4),(0.E0,3.333333333333E-1,6.666666666667E-1,1.E0),
.UNSPECIFIED.);
#705=CIRCLE('',#704,7.086208509847E1);
#715=B_SPLINE_CURVE_WITH_KNOTS('',3,(#709,#710,#711,#712,#713,#714),
.UNSPECIFIED.,.F.,.F.,(4,1,1,4),(0.E0,3.333333333333E-1,6.666666666667E-1,1.E0),
.UNSPECIFIED.);
#725=B_SPLINE_CURVE_WITH_KNOTS('',3,(#719,#720,#721,#722,#723,#724),
.UNSPECIFIED.,.F.,.F.,(4,1,1,4),(0.E0,3.333333333333E-1,6.666666666667E-1,1.E0),
.UNSPECIFIED.);
#733=CIRCLE('',#732,7.086208509847E1);
#743=B_SPLINE_CURVE_WITH_KNOTS('',3,(#737,#738,#739,#740,#741,#742),
.UNSPECIFIED.,.F.,.F.,(4,1,1,4),(0.E0,3.333333333333E-1,6.666666666667E-1,1.E0),
.UNSPECIFIED.);
#751=CIRCLE('',#750,7.095597555961E1);
#761=B_SPLINE_CURVE_WITH_KNOTS('',3,(#755,#756,#757,#758,#759,#760),
.UNSPECIFIED.,.F.,.F.,(4,1,1,4),(0.E0,3.333333333333E-1,6.666666666667E-1,1.E0),
.UNSPECIFIED.);
#769=CIRCLE('',#768,7.069262395708E1);
#779=B_SPLINE_CURVE_WITH_KNOTS('',3,(#773,#774,#775,#776,#777,#778),
.UNSPECIFIED.,.F.,.F.,(4,1,1,4),(0.E0,3.333333333333E-1,6.666666666667E-1,1.E0),
.UNSPECIFIED.);
#787=CIRCLE('',#786,7.092296006044E1);
#804=B_SPLINE_CURVE_WITH_KNOTS('',3,(#798,#799,#800,#801,#802,#803),
.UNSPECIFIED.,.F.,.F.,(4,1,1,4),(0.E0,3.333333333333E-1,6.666666666667E-1,1.E0),
.UNSPECIFIED.);
#812=CIRCLE('',#811,7.086208509847E1);
#822=B_SPLINE_CURVE_WITH_KNOTS('',3,(#816,#817,#818,#819,#820,#821),
.UNSPECIFIED.,.F.,.F.,(4,1,1,4),(0.E0,3.333333333333E-1,6.666666666667E-1,1.E0),
.UNSPECIFIED.);
#830=CIRCLE('',#829,7.095597555961E1);
#840=B_SPLINE_CURVE_WITH_KNOTS('',3,(#834,#835,#836,#837,#838,#839),
.UNSPECIFIED.,.F.,.F.,(4,1,1,4),(0.E0,3.333333333333E-1,6.666666666667E-1,1.E0),
.UNSPECIFIED.);
#848=CIRCLE('',#847,7.069262395708E1);
#858=B_SPLINE_CURVE_WITH_KNOTS('',3,(#852,#853,#854,#855,#856,#857),
.UNSPECIFIED.,.F.,.F.,(4,1,1,4),(0.E0,3.333333333333E-1,6.666666666667E-1,1.E0),
.UNSPECIFIED.);
#866=CIRCLE('',#865,7.092296006044E1);
#876=B_SPLINE_CURVE_WITH_KNOTS('',3,(#870,#871,#872,#873,#874,#875),
.UNSPECIFIED.,.F.,.F.,(4,1,1,4),(0.E0,3.333333333333E-1,6.666666666667E-1,1.E0),
.UNSPECIFIED.);
#884=CIRCLE('',#883,7.092292649095E1);
#892=CIRCLE('',#891,7.092292649095E1);
#902=B_SPLINE_CURVE_WITH_KNOTS('',3,(#896,#897,#898,#899,#900,#901),
.UNSPECIFIED.,.F.,.F.,(4,1,1,4),(0.E0,3.333333333333E-1,6.666666666667E-1,1.E0),
.UNSPECIFIED.);
#910=CIRCLE('',#909,7.097004721741E1);
#920=B_SPLINE_CURVE_WITH_KNOTS('',3,(#914,#915,#916,#917,#918,#919),
.UNSPECIFIED.,.F.,.F.,(4,1,1,4),(0.E0,3.333333333333E-1,6.666666666667E-1,1.E0),
.UNSPECIFIED.);
#928=CIRCLE('',#927,7.097595016652E1);
#936=CIRCLE('',#935,7.097595016652E1);
#947=B_SPLINE_CURVE_WITH_KNOTS('',3,(#940,#941,#942,#943,#944,#945,#946),
.UNSPECIFIED.,.F.,.F.,(4,1,1,1,4),(0.E0,2.5E-1,5.E-1,7.5E-1,1.E0),
.UNSPECIFIED.);
#955=CIRCLE('',#954,7.097004721741E1);
#963=CIRCLE('',#962,7.092296006044E1);
#973=B_SPLINE_CURVE_WITH_KNOTS('',3,(#967,#968,#969,#970,#971,#972),
.UNSPECIFIED.,.F.,.F.,(4,1,1,4),(0.E0,3.333333333333E-1,6.666666666667E-1,1.E0),
.UNSPECIFIED.);
#981=CIRCLE('',#980,7.069262395708E1);
#991=B_SPLINE_CURVE_WITH_KNOTS('',3,(#985,#986,#987,#988,#989,#990),
.UNSPECIFIED.,.F.,.F.,(4,1,1,4),(0.E0,3.333333333333E-1,6.666666666667E-1,1.E0),
.UNSPECIFIED.);
#999=CIRCLE('',#998,7.095597555961E1);
#1009=B_SPLINE_CURVE_WITH_KNOTS('',3,(#1003,#1004,#1005,#1006,#1007,#1008),
.UNSPECIFIED.,.F.,.F.,(4,1,1,4),(0.E0,3.333333333333E-1,6.666666666667E-1,1.E0),
.UNSPECIFIED.);
#1017=CIRCLE('',#1016,7.086208509847E1);
#1027=B_SPLINE_CURVE_WITH_KNOTS('',3,(#1021,#1022,#1023,#1024,#1025,#1026),
.UNSPECIFIED.,.F.,.F.,(4,1,1,4),(0.E0,3.333333333333E-1,6.666666666667E-1,1.E0),
.UNSPECIFIED.);
#1091=CIRCLE('',#1090,2.5E-1);
#1106=CIRCLE('',#1105,2.5E-1);
#1121=CIRCLE('',#1120,2.5E-1);
#1136=CIRCLE('',#1135,2.5E-1);
#1151=CIRCLE('',#1150,2.5E-1);
#1166=CIRCLE('',#1165,2.5E-1);
#1181=CIRCLE('',#1180,2.5E-1);
#1196=CIRCLE('',#1195,2.5E-1);
#1218=CIRCLE('',#1217,2.5E-1);
#1233=CIRCLE('',#1232,2.5E-1);
#1248=CIRCLE('',#1247,2.5E-1);
#1263=CIRCLE('',#1262,2.5E-1);
#1271=CIRCLE('',#1270,2.5E-1);
#1286=CIRCLE('',#1285,2.5E-1);
#1301=CIRCLE('',#1300,2.5E-1);
#1316=CIRCLE('',#1315,2.5E-1);
#1338=CIRCLE('',#1337,2.5E-1);
#1353=CIRCLE('',#1352,2.5E-1);
#1368=CIRCLE('',#1367,2.5E-1);
#1383=CIRCLE('',#1382,2.5E-1);
#1398=CIRCLE('',#1397,2.5E-1);
#1413=CIRCLE('',#1412,2.5E-1);
#1428=CIRCLE('',#1427,2.5E-1);
#1443=CIRCLE('',#1442,2.5E-1);
#1724=CIRCLE('',#1723,6.285600512508E-1);
#1732=CIRCLE('',#1731,6.5E-1);
#1993=EDGE_CURVE('',#1742,#1743,#21,.T.);
#1995=EDGE_CURVE('',#1745,#1743,#108,.T.);
#1997=EDGE_CURVE('',#1745,#1742,#100,.T.);
#2001=ADVANCED_FACE('',(#2000),#1992,.T.);
#2007=EDGE_CURVE('',#1738,#1739,#46,.T.);
#2009=EDGE_CURVE('',#1739,#1743,#84,.T.);
#2012=EDGE_CURVE('',#1738,#1742,#30,.T.);
#2016=ADVANCED_FACE('',(#2015),#2006,.T.);
#2022=EDGE_CURVE('',#1738,#1747,#53,.T.);
#2024=EDGE_CURVE('',#1747,#1749,#38,.T.);
#2026=EDGE_CURVE('',#1739,#1749,#68,.T.);
#2031=ADVANCED_FACE('',(#2030),#2021,.T.);
#2038=EDGE_CURVE('',#1739,#1738,#61,.T.);
#2041=EDGE_CURVE('',#1749,#1747,#76,.T.);
#2045=ADVANCED_FACE('',(#2044),#2036,.T.);
#2053=EDGE_CURVE('',#1743,#1742,#92,.T.);
#2058=ADVANCED_FACE('',(#2057),#2050,.T.);
#2069=ADVANCED_FACE('',(#2068),#2063,.T.);
#2075=EDGE_CURVE('',#1788,#1789,#116,.T.);
#2077=EDGE_CURVE('',#1796,#1789,#192,.T.);
#2079=EDGE_CURVE('',#1796,#1797,#124,.T.);
#2081=EDGE_CURVE('',#1804,#1797,#248,.T.);
#2083=EDGE_CURVE('',#1804,#1805,#132,.T.);
#2085=EDGE_CURVE('',#1788,#1805,#162,.T.);
#2093=ADVANCED_FACE('',(#2088,#2092),#2074,.F.);
#2124=EDGE_CURVE('',#1788,#1792,#143,.T.);
#2126=EDGE_CURVE('',#1792,#1793,#1724,.T.);
#2128=EDGE_CURVE('',#1793,#1789,#154,.T.);
#2132=ADVANCED_FACE('',(#2131),#2122,.T.);
#2139=EDGE_CURVE('',#1809,#1805,#292,.T.);
#2141=EDGE_CURVE('',#1809,#1777,#169,.T.);
#2143=EDGE_CURVE('',#1777,#1769,#177,.T.);
#2145=EDGE_CURVE('',#1792,#1769,#184,.T.);
#2150=ADVANCED_FACE('',(#2149),#2137,.T.);
#2158=EDGE_CURVE('',#1793,#1767,#199,.T.);
#2160=EDGE_CURVE('',#1767,#1750,#376,.T.);
#2162=EDGE_CURVE('',#1753,#1750,#208,.T.);
#2164=EDGE_CURVE('',#1753,#1757,#216,.T.);
#2166=EDGE_CURVE('',#1756,#1757,#225,.T.);
#2168=EDGE_CURVE('',#1756,#1771,#233,.T.);
#2170=EDGE_CURVE('',#1800,#1771,#240,.T.);
#2172=EDGE_CURVE('',#1796,#1800,#403,.T.);
#2176=ADVANCED_FACE('',(#2175),#2155,.T.);
#2183=EDGE_CURVE('',#1801,#1797,#414,.T.);
#2185=EDGE_CURVE('',#1801,#1773,#255,.T.);
#2187=EDGE_CURVE('',#1773,#1775,#263,.T.);
#2189=EDGE_CURVE('',#1808,#1775,#270,.T.);
#2191=EDGE_CURVE('',#1804,#1808,#281,.T.);
#2195=ADVANCED_FACE('',(#2194),#2181,.T.);
#2227=EDGE_CURVE('',#1808,#1809,#300,.T.);
#2232=ADVANCED_FACE('',(#2231),#2224,.T.);
#2240=EDGE_CURVE('',#1775,#1777,#308,.T.);
#2245=ADVANCED_FACE('',(#2244),#2237,.T.);
#2254=EDGE_CURVE('',#1771,#1773,#392,.T.);
#2257=EDGE_CURVE('',#1754,#1756,#319,.T.);
#2259=EDGE_CURVE('',#1754,#1761,#326,.T.);
#2261=EDGE_CURVE('',#1785,#1761,#334,.T.);
#2263=EDGE_CURVE('',#1784,#1785,#342,.T.);
#2265=EDGE_CURVE('',#1759,#1784,#350,.T.);
#2267=EDGE_CURVE('',#1751,#1759,#357,.T.);
#2269=EDGE_CURVE('',#1750,#1751,#368,.T.);
#2272=EDGE_CURVE('',#1769,#1767,#1732,.T.);
#2276=ADVANCED_FACE('',(#2275),#2250,.T.);
#2282=EDGE_CURVE('',#1800,#1801,#384,.T.);
#2289=ADVANCED_FACE('',(#2288),#2281,.T.);
#2325=ADVANCED_FACE('',(#2324),#2318,.T.);
#2355=EDGE_CURVE('',#1754,#1755,#434,.T.);
#2359=EDGE_CURVE('',#1757,#1755,#425,.T.);
#2363=ADVANCED_FACE('',(#2362),#2354,.T.);
#2370=EDGE_CURVE('',#1755,#1765,#441,.T.);
#2372=EDGE_CURVE('',#1761,#1765,#500,.T.);
#2377=ADVANCED_FACE('',(#2376),#2368,.F.);
#2386=EDGE_CURVE('',#1752,#1753,#459,.T.);
#2388=EDGE_CURVE('',#1763,#1752,#448,.T.);
#2390=EDGE_CURVE('',#1763,#1765,#476,.T.);
#2394=ADVANCED_FACE('',(#2393),#2382,.T.);
#2421=EDGE_CURVE('',#1752,#1751,#468,.T.);
#2427=ADVANCED_FACE('',(#2426),#2419,.T.);
#2435=EDGE_CURVE('',#1763,#1759,#484,.T.);
#2440=ADVANCED_FACE('',(#2439),#2432,.F.);
#2449=EDGE_CURVE('',#1784,#1780,#522,.T.);
#2451=EDGE_CURVE('',#1780,#1781,#492,.T.);
#2453=EDGE_CURVE('',#1785,#1781,#507,.T.);
#2459=ADVANCED_FACE('',(#2458),#2445,.F.);
#2467=EDGE_CURVE('',#1781,#1780,#515,.T.);
#2472=ADVANCED_FACE('',(#2471),#2464,.F.);
#2478=EDGE_CURVE('',#1824,#1855,#530,.T.);
#2480=EDGE_CURVE('',#1855,#1856,#540,.T.);
#2482=EDGE_CURVE('',#1856,#1858,#548,.T.);
#2484=EDGE_CURVE('',#1858,#1859,#558,.T.);
#2486=EDGE_CURVE('',#1859,#1827,#566,.T.);
#2488=EDGE_CURVE('',#1891,#1827,#574,.T.);
#2490=EDGE_CURVE('',#1891,#1836,#582,.T.);
#2492=EDGE_CURVE('',#1836,#1885,#590,.T.);
#2494=EDGE_CURVE('',#1885,#1886,#601,.T.);
#2496=EDGE_CURVE('',#1886,#1888,#609,.T.);
#2498=EDGE_CURVE('',#1888,#1889,#619,.T.);
#2500=EDGE_CURVE('',#1889,#1839,#627,.T.);
#2502=EDGE_CURVE('',#1839,#1780,#635,.T.);
#2505=EDGE_CURVE('',#1824,#1781,#643,.T.);
#2509=EDGE_CURVE('',#1862,#1863,#651,.T.);
#2511=EDGE_CURVE('',#1863,#1864,#661,.T.);
#2513=EDGE_CURVE('',#1864,#1866,#669,.T.);
#2515=EDGE_CURVE('',#1866,#1867,#679,.T.);
#2517=EDGE_CURVE('',#1867,#1869,#687,.T.);
#2519=EDGE_CURVE('',#1869,#1870,#697,.T.);
#2521=EDGE_CURVE('',#1870,#1872,#705,.T.);
#2523=EDGE_CURVE('',#1872,#1862,#715,.T.);
#2527=EDGE_CURVE('',#1873,#1874,#725,.T.);
#2529=EDGE_CURVE('',#1874,#1876,#733,.T.);
#2531=EDGE_CURVE('',#1876,#1877,#743,.T.);
#2533=EDGE_CURVE('',#1877,#1879,#751,.T.);
#2535=EDGE_CURVE('',#1879,#1880,#761,.T.);
#2537=EDGE_CURVE('',#1880,#1882,#769,.T.);
#2539=EDGE_CURVE('',#1882,#1883,#779,.T.);
#2541=EDGE_CURVE('',#1883,#1873,#787,.T.);
#2545=ADVANCED_FACE('',(#2508,#2526,#2544),#2477,.F.);
#2551=EDGE_CURVE('',#1822,#1824,#884,.T.);
#2553=EDGE_CURVE('',#1911,#1822,#794,.T.);
#2555=EDGE_CURVE('',#1911,#1913,#1203,.T.);
#2557=EDGE_CURVE('',#1913,#1855,#1492,.T.);
#2562=ADVANCED_FACE('',(#2561),#2550,.T.);
#2568=EDGE_CURVE('',#1821,#1822,#876,.T.);
#2574=EDGE_CURVE('',#1839,#1840,#892,.T.);
#2576=EDGE_CURVE('',#1840,#1832,#902,.T.);
#2578=EDGE_CURVE('',#1832,#1833,#910,.T.);
#2580=EDGE_CURVE('',#1833,#1834,#920,.T.);
#2582=EDGE_CURVE('',#1834,#1836,#928,.T.);
#2586=EDGE_CURVE('',#1827,#1828,#936,.T.);
#2588=EDGE_CURVE('',#1828,#1829,#947,.T.);
#2590=EDGE_CURVE('',#1829,#1821,#955,.T.);
#2594=EDGE_CURVE('',#1810,#1811,#804,.T.);
#2596=EDGE_CURVE('',#1811,#1813,#812,.T.);
#2598=EDGE_CURVE('',#1813,#1814,#822,.T.);
#2600=EDGE_CURVE('',#1814,#1816,#830,.T.);
#2602=EDGE_CURVE('',#1816,#1817,#840,.T.);
#2604=EDGE_CURVE('',#1817,#1819,#848,.T.);
#2606=EDGE_CURVE('',#1819,#1820,#858,.T.);
#2608=EDGE_CURVE('',#1820,#1810,#866,.T.);
#2612=EDGE_CURVE('',#1843,#1844,#963,.T.);
#2614=EDGE_CURVE('',#1844,#1845,#973,.T.);
#2616=EDGE_CURVE('',#1845,#1847,#981,.T.);
#2618=EDGE_CURVE('',#1847,#1848,#991,.T.);
#2620=EDGE_CURVE('',#1848,#1850,#999,.T.);
#2622=EDGE_CURVE('',#1850,#1851,#1009,.T.);
#2624=EDGE_CURVE('',#1851,#1853,#1017,.T.);
#2626=EDGE_CURVE('',#1853,#1843,#1027,.T.);
#2630=ADVANCED_FACE('',(#2593,#2611,#2629),#2567,.F.);
#2637=EDGE_CURVE('',#1894,#1810,#1034,.T.);
#2639=EDGE_CURVE('',#1894,#1895,#1091,.T.);
#2641=EDGE_CURVE('',#1895,#1811,#1083,.T.);
#2645=ADVANCED_FACE('',(#2644),#2635,.T.);
#2652=EDGE_CURVE('',#1907,#1820,#1041,.T.);
#2654=EDGE_CURVE('',#1907,#1894,#1098,.T.);
#2659=ADVANCED_FACE('',(#2658),#2650,.T.);
#2666=EDGE_CURVE('',#1905,#1819,#1048,.T.);
#2668=EDGE_CURVE('',#1905,#1907,#1106,.T.);
#2673=ADVANCED_FACE('',(#2672),#2664,.T.);
#2680=EDGE_CURVE('',#1903,#1817,#1055,.T.);
#2682=EDGE_CURVE('',#1903,#1905,#1113,.T.);
#2687=ADVANCED_FACE('',(#2686),#2678,.T.);
#2694=EDGE_CURVE('',#1901,#1816,#1062,.T.);
#2696=EDGE_CURVE('',#1901,#1903,#1121,.T.);
#2701=ADVANCED_FACE('',(#2700),#2692,.T.);
#2708=EDGE_CURVE('',#1899,#1814,#1069,.T.);
#2710=EDGE_CURVE('',#1899,#1901,#1128,.T.);
#2715=ADVANCED_FACE('',(#2714),#2706,.T.);
#2722=EDGE_CURVE('',#1897,#1813,#1076,.T.);
#2724=EDGE_CURVE('',#1897,#1899,#1136,.T.);
#2729=ADVANCED_FACE('',(#2728),#2720,.T.);
#2737=EDGE_CURVE('',#1895,#1897,#1143,.T.);
#2742=ADVANCED_FACE('',(#2741),#2734,.T.);
#2758=ADVANCED_FACE('',(#2757),#2747,.T.);
#2764=EDGE_CURVE('',#1910,#1911,#1151,.T.);
#2766=EDGE_CURVE('',#1923,#1910,#1158,.T.);
#2768=EDGE_CURVE('',#1921,#1923,#1166,.T.);
#2770=EDGE_CURVE('',#1919,#1921,#1173,.T.);
#2772=EDGE_CURVE('',#1917,#1919,#1181,.T.);
#2774=EDGE_CURVE('',#1915,#1917,#1188,.T.);
#2776=EDGE_CURVE('',#1913,#1915,#1196,.T.);
#2781=ADVANCED_FACE('',(#2780),#2763,.T.);
#2787=EDGE_CURVE('',#1926,#1927,#1210,.T.);
#2789=EDGE_CURVE('',#1939,#1926,#1218,.T.);
#2791=EDGE_CURVE('',#1937,#1939,#1225,.T.);
#2793=EDGE_CURVE('',#1935,#1937,#1233,.T.);
#2795=EDGE_CURVE('',#1933,#1935,#1240,.T.);
#2797=EDGE_CURVE('',#1931,#1933,#1248,.T.);
#2799=EDGE_CURVE('',#1929,#1931,#1255,.T.);
#2801=EDGE_CURVE('',#1927,#1929,#1263,.T.);
#2805=ADVANCED_FACE('',(#2804),#2786,.T.);
#2811=EDGE_CURVE('',#1942,#1943,#1271,.T.);
#2813=EDGE_CURVE('',#1955,#1942,#1278,.T.);
#2815=EDGE_CURVE('',#1953,#1955,#1286,.T.);
#2817=EDGE_CURVE('',#1951,#1953,#1293,.T.);
#2819=EDGE_CURVE('',#1949,#1951,#1301,.T.);
#2821=EDGE_CURVE('',#1947,#1949,#1308,.T.);
#2823=EDGE_CURVE('',#1945,#1947,#1316,.T.);
#2825=EDGE_CURVE('',#1943,#1945,#1323,.T.);
#2829=ADVANCED_FACE('',(#2828),#2810,.T.);
#2835=EDGE_CURVE('',#1958,#1959,#1330,.T.);
#2837=EDGE_CURVE('',#1971,#1958,#1338,.T.);
#2839=EDGE_CURVE('',#1969,#1971,#1345,.T.);
#2841=EDGE_CURVE('',#1967,#1969,#1353,.T.);
#2843=EDGE_CURVE('',#1965,#1967,#1360,.T.);
#2845=EDGE_CURVE('',#1963,#1965,#1368,.T.);
#2847=EDGE_CURVE('',#1961,#1963,#1375,.T.);
#2849=EDGE_CURVE('',#1959,#1961,#1383,.T.);
#2853=ADVANCED_FACE('',(#2852),#2834,.T.);
#2859=EDGE_CURVE('',#1974,#1975,#1390,.T.);
#2861=EDGE_CURVE('',#1987,#1974,#1398,.T.);
#2863=EDGE_CURVE('',#1985,#1987,#1405,.T.);
#2865=EDGE_CURVE('',#1983,#1985,#1413,.T.);
#2867=EDGE_CURVE('',#1981,#1983,#1420,.T.);
#2869=EDGE_CURVE('',#1979,#1981,#1428,.T.);
#2871=EDGE_CURVE('',#1977,#1979,#1435,.T.);
#2873=EDGE_CURVE('',#1975,#1977,#1443,.T.);
#2877=ADVANCED_FACE('',(#2876),#2858,.T.);
#2884=EDGE_CURVE('',#1910,#1821,#1450,.T.);
#2890=ADVANCED_FACE('',(#2889),#2882,.T.);
#2897=EDGE_CURVE('',#1923,#1829,#1457,.T.);
#2903=ADVANCED_FACE('',(#2902),#2895,.T.);
#2910=EDGE_CURVE('',#1921,#1828,#1464,.T.);
#2916=ADVANCED_FACE('',(#2915),#2908,.T.);
#2924=EDGE_CURVE('',#1919,#1859,#1471,.T.);
#2930=ADVANCED_FACE('',(#2929),#2921,.T.);
#2937=EDGE_CURVE('',#1917,#1858,#1478,.T.);
#2943=ADVANCED_FACE('',(#2942),#2935,.T.);
#2950=EDGE_CURVE('',#1915,#1856,#1485,.T.);
#2956=ADVANCED_FACE('',(#2955),#2948,.T.);
#2968=ADVANCED_FACE('',(#2967),#2961,.T.);
#2975=EDGE_CURVE('',#1926,#1862,#1499,.T.);
#2978=EDGE_CURVE('',#1927,#1863,#1548,.T.);
#2982=ADVANCED_FACE('',(#2981),#2973,.T.);
#2989=EDGE_CURVE('',#1939,#1872,#1506,.T.);
#2995=ADVANCED_FACE('',(#2994),#2987,.T.);
#3002=EDGE_CURVE('',#1937,#1870,#1513,.T.);
#3008=ADVANCED_FACE('',(#3007),#3000,.T.);
#3015=EDGE_CURVE('',#1935,#1869,#1520,.T.);
#3021=ADVANCED_FACE('',(#3020),#3013,.T.);
#3028=EDGE_CURVE('',#1933,#1867,#1527,.T.);
#3034=ADVANCED_FACE('',(#3033),#3026,.T.);
#3041=EDGE_CURVE('',#1931,#1866,#1534,.T.);
#3047=ADVANCED_FACE('',(#3046),#3039,.T.);
#3054=EDGE_CURVE('',#1929,#1864,#1541,.T.);
#3060=ADVANCED_FACE('',(#3059),#3052,.T.);
#3072=ADVANCED_FACE('',(#3071),#3065,.T.);
#3079=EDGE_CURVE('',#1942,#1873,#1555,.T.);
#3082=EDGE_CURVE('',#1943,#1874,#1604,.T.);
#3086=ADVANCED_FACE('',(#3085),#3077,.T.);
#3093=EDGE_CURVE('',#1955,#1883,#1562,.T.);
#3099=ADVANCED_FACE('',(#3098),#3091,.T.);
#3106=EDGE_CURVE('',#1953,#1882,#1569,.T.);
#3112=ADVANCED_FACE('',(#3111),#3104,.T.);
#3119=EDGE_CURVE('',#1951,#1880,#1576,.T.);
#3125=ADVANCED_FACE('',(#3124),#3117,.T.);
#3132=EDGE_CURVE('',#1949,#1879,#1583,.T.);
#3138=ADVANCED_FACE('',(#3137),#3130,.T.);
#3145=EDGE_CURVE('',#1947,#1877,#1590,.T.);
#3151=ADVANCED_FACE('',(#3150),#3143,.T.);
#3158=EDGE_CURVE('',#1945,#1876,#1597,.T.);
#3164=ADVANCED_FACE('',(#3163),#3156,.T.);
#3176=ADVANCED_FACE('',(#3175),#3169,.T.);
#3183=EDGE_CURVE('',#1958,#1832,#1611,.T.);
#3186=EDGE_CURVE('',#1959,#1833,#1660,.T.);
#3190=ADVANCED_FACE('',(#3189),#3181,.T.);
#3197=EDGE_CURVE('',#1971,#1840,#1618,.T.);
#3203=ADVANCED_FACE('',(#3202),#3195,.T.);
#3211=EDGE_CURVE('',#1969,#1889,#1625,.T.);
#3217=ADVANCED_FACE('',(#3216),#3208,.T.);
#3224=EDGE_CURVE('',#1967,#1888,#1632,.T.);
#3230=ADVANCED_FACE('',(#3229),#3222,.T.);
#3237=EDGE_CURVE('',#1965,#1886,#1639,.T.);
#3243=ADVANCED_FACE('',(#3242),#3235,.T.);
#3250=EDGE_CURVE('',#1963,#1885,#1646,.T.);
#3256=ADVANCED_FACE('',(#3255),#3248,.T.);
#3263=EDGE_CURVE('',#1961,#1834,#1653,.T.);
#3270=ADVANCED_FACE('',(#3269),#3261,.T.);
#3282=ADVANCED_FACE('',(#3281),#3275,.T.);
#3289=EDGE_CURVE('',#1974,#1843,#1667,.T.);
#3292=EDGE_CURVE('',#1975,#1844,#1716,.T.);
#3296=ADVANCED_FACE('',(#3295),#3287,.T.);
#3303=EDGE_CURVE('',#1987,#1853,#1674,.T.);
#3309=ADVANCED_FACE('',(#3308),#3301,.T.);
#3316=EDGE_CURVE('',#1985,#1851,#1681,.T.);
#3322=ADVANCED_FACE('',(#3321),#3314,.T.);
#3329=EDGE_CURVE('',#1983,#1850,#1688,.T.);
#3335=ADVANCED_FACE('',(#3334),#3327,.T.);
#3342=EDGE_CURVE('',#1981,#1848,#1695,.T.);
#3348=ADVANCED_FACE('',(#3347),#3340,.T.);
#3355=EDGE_CURVE('',#1979,#1847,#1702,.T.);
#3361=ADVANCED_FACE('',(#3360),#3353,.T.);
#3368=EDGE_CURVE('',#1977,#1845,#1709,.T.);
#3374=ADVANCED_FACE('',(#3373),#3366,.T.);
#3386=ADVANCED_FACE('',(#3385),#3379,.T.);
#3398=ADVANCED_FACE('',(#3397),#3391,.T.);
#3399=CLOSED_SHELL('',(#2001,#2016,#2031,#2045,#2058,#2069,#2093,#2132,#2150,
#2176,#2195,#2232,#2245,#2276,#2289,#2325,#2363,#2377,#2394,#2427,#2440,#2459,
#2472,#2545,#2562,#2630,#2645,#2659,#2673,#2687,#2701,#2715,#2729,#2742,#2758,
#2781,#2805,#2829,#2853,#2877,#2890,#2903,#2916,#2930,#2943,#2956,#2968,#2982,
#2995,#3008,#3021,#3034,#3047,#3060,#3072,#3086,#3099,#3112,#3125,#3138,#3151,
#3164,#3176,#3190,#3203,#3217,#3230,#3243,#3256,#3270,#3282,#3296,#3309,#3322,
#3335,#3348,#3361,#3374,#3386,#3398));
#3400=MANIFOLD_SOLID_BREP('',#3399);
#3407=(LENGTH_UNIT()NAMED_UNIT(*)SI_UNIT(.MILLI.,.METRE.));
#3408=(NAMED_UNIT(*)PLANE_ANGLE_UNIT()SI_UNIT($,.RADIAN.));
#3411=(NAMED_UNIT(*)SI_UNIT($,.STERADIAN.)SOLID_ANGLE_UNIT());
#3413=(GEOMETRIC_REPRESENTATION_CONTEXT(3)GLOBAL_UNCERTAINTY_ASSIGNED_CONTEXT((
#3412))GLOBAL_UNIT_ASSIGNED_CONTEXT((#3407,#3410,#3411))REPRESENTATION_CONTEXT(
'ID1','3'));
#3417=AXIS2_PLACEMENT_3D('',#3414,#3415,#3416);
#3418=ADVANCED_BREP_SHAPE_REPRESENTATION('',(#3417,#3400),#3413);
#3425=PRODUCT_DEFINITION('part definition','',#3424,#3421);
#3426=PRODUCT_DEFINITION_SHAPE('','SHAPE FOR 501-0019-DOME-2-SKIN.',#3425);
#3427=SHAPE_ASPECT('','solid data associated with 501-0019-DOME-2-SKIN',#3426,
.F.);
#3428=PROPERTY_DEFINITION('',
'shape for solid data with which properties are associated',#3427);
#3429=SHAPE_REPRESENTATION('',(#3400),#3413);
#3430=SHAPE_DEFINITION_REPRESENTATION(#3428,#3429);
#3431=(LENGTH_UNIT()NAMED_UNIT(*)SI_UNIT(.MILLI.,.METRE.));
#3435=PROPERTY_DEFINITION('geometric validation property',
'area of 501-0019-DOME-2-SKIN',#3427);
#3436=REPRESENTATION('surface area',(#3434),#3413);
#3437=PROPERTY_DEFINITION_REPRESENTATION(#3435,#3436);
#3438=(LENGTH_UNIT()NAMED_UNIT(*)SI_UNIT(.MILLI.,.METRE.));
#3442=PROPERTY_DEFINITION('geometric validation property',
'volume of 501-0019-DOME-2-SKIN',#3427);
#3443=REPRESENTATION('volume',(#3441),#3413);
#3444=PROPERTY_DEFINITION_REPRESENTATION(#3442,#3443);
#3446=PROPERTY_DEFINITION('geometric validation property',
'centroid of 501-0019-DOME-2-SKIN',#3427);
#3447=REPRESENTATION('centroid',(#3445),#3413);
#3448=PROPERTY_DEFINITION_REPRESENTATION(#3446,#3447);
#3449=(LENGTH_UNIT()NAMED_UNIT(*)SI_UNIT(.MILLI.,.METRE.));
#3453=PROPERTY_DEFINITION('geometric validation property',
'area of 501-0019-DOME-2-SKIN',#3426);
#3454=REPRESENTATION('surface area',(#3452),#3413);
#3455=PROPERTY_DEFINITION_REPRESENTATION(#3453,#3454);
#3456=(LENGTH_UNIT()NAMED_UNIT(*)SI_UNIT(.MILLI.,.METRE.));
#3460=PROPERTY_DEFINITION('geometric validation property',
'volume of 501-0019-DOME-2-SKIN',#3426);
#3461=REPRESENTATION('volume',(#3459),#3413);
#3462=PROPERTY_DEFINITION_REPRESENTATION(#3460,#3461);
#3464=PROPERTY_DEFINITION('geometric validation property',
'centroid of 501-0019-DOME-2-SKIN',#3426);
#3465=REPRESENTATION('centroid',(#3463),#3413);
#3466=PROPERTY_DEFINITION_REPRESENTATION(#3464,#3465);
#3467=SHAPE_DEFINITION_REPRESENTATION(#3426,#3418);
#3468=SHAPE_DEFINITION_REPRESENTATION(#3469,#3470);
#3469=PRODUCT_DEFINITION_SHAPE('','SHAPE FOR 501-0019-DOME-TWIN_ASM.',#8367);
#3470=SHAPE_REPRESENTATION('',(#3480,#8347,#8361),#8357);
#3471=NEXT_ASSEMBLY_USAGE_OCCURRENCE('71','Next assembly relationship',
'501-0019-DOME-2-SKIN',#8367,#3425,$);
#3472=PRODUCT_DEFINITION_SHAPE('Placement #71',
'Placement of 501-0019-DOME-2-SKIN with respect to 501-0019-DOME-TWIN_ASM',
#3471);
#3474=PROPERTY_DEFINITION('geometric validation property',
'centroid of 501-0019-DOME-2-SKIN',#3472);
#3475=REPRESENTATION('centroid',(#3473),#3413);
#3476=PROPERTY_DEFINITION_REPRESENTATION(#3474,#3475);
#3484=COLOUR_RGB('',2.5E-1,2.7E-1,3.3E-1);
#3490=CIRCLE('',#3489,4.5E-1);
#3498=CIRCLE('',#3497,4.5E-1);
#3506=CIRCLE('',#3505,4.5E-1);
#3514=CIRCLE('',#3513,4.5E-1);
#3522=CIRCLE('',#3521,6.112420644681E-1);
#3537=CIRCLE('',#3536,6.112420644681E-1);
#3552=CIRCLE('',#3551,6.112420644681E-1);
#3567=CIRCLE('',#3566,6.112420644681E-1);
#3582=CIRCLE('',#3581,5.112420644681E-1);
#3597=CIRCLE('',#3596,5.112420644681E-1);
#3612=CIRCLE('',#3611,5.112420644681E-1);
#3627=CIRCLE('',#3626,5.112420644681E-1);
#3649=CIRCLE('',#3648,6.112420644681E-1);
#3664=CIRCLE('',#3663,6.112420644681E-1);
#3679=CIRCLE('',#3678,6.112420644681E-1);
#3694=CIRCLE('',#3693,6.112420644681E-1);
#3702=CIRCLE('',#3701,6.112420644681E-1);
#3717=CIRCLE('',#3716,6.112420644681E-1);
#3732=CIRCLE('',#3731,6.112420644681E-1);
#3747=CIRCLE('',#3746,6.112420644681E-1);
#3769=CIRCLE('',#3768,6.112420644681E-1);
#3784=CIRCLE('',#3783,6.112420644681E-1);
#3799=CIRCLE('',#3798,6.112420644681E-1);
#3814=CIRCLE('',#3813,6.112420644681E-1);
#3829=CIRCLE('',#3828,5.112420644681E-1);
#3844=CIRCLE('',#3843,5.112420644681E-1);
#3859=CIRCLE('',#3858,5.112420644681E-1);
#3874=CIRCLE('',#3873,5.112420644681E-1);
#3882=CIRCLE('',#3881,9.206496518459E0);
#3897=CIRCLE('',#3896,9.178418265107E0);
#3912=CIRCLE('',#3911,9.206496518459E0);
#3920=CIRCLE('',#3919,9.178418265107E0);
#3928=CIRCLE('',#3927,2.5E-1);
#3945=B_SPLINE_CURVE_WITH_KNOTS('',3,(#3939,#3940,#3941,#3942,#3943,#3944),
.UNSPECIFIED.,.F.,.F.,(4,1,1,4),(0.E0,3.333333333333E-1,6.666666666667E-1,1.E0),
.UNSPECIFIED.);
#3953=CIRCLE('',#3952,5.5E-1);
#3968=CIRCLE('',#3967,5.5E-1);
#3983=CIRCLE('',#3982,5.5E-1);
#3998=CIRCLE('',#3997,5.5E-1);
#4013=CIRCLE('',#4012,4.5E-1);
#4028=CIRCLE('',#4027,4.5E-1);
#4043=CIRCLE('',#4042,4.5E-1);
#4058=CIRCLE('',#4057,4.5E-1);
#4080=CIRCLE('',#4079,5.5E-1);
#4095=CIRCLE('',#4094,5.5E-1);
#4110=CIRCLE('',#4109,5.5E-1);
#4125=CIRCLE('',#4124,5.5E-1);
#4133=CIRCLE('',#4132,5.5E-1);
#4148=CIRCLE('',#4147,5.5E-1);
#4163=CIRCLE('',#4162,5.5E-1);
#4178=CIRCLE('',#4177,5.5E-1);
#4200=CIRCLE('',#4199,5.5E-1);
#4215=CIRCLE('',#4214,5.5E-1);
#4230=CIRCLE('',#4229,5.5E-1);
#4245=CIRCLE('',#4244,5.5E-1);
#4260=CIRCLE('',#4259,4.5E-1);
#4275=CIRCLE('',#4274,4.5E-1);
#4290=CIRCLE('',#4289,4.5E-1);
#4305=CIRCLE('',#4304,4.5E-1);
#4663=CIRCLE('',#4662,7.067893888167E1);
#4671=CIRCLE('',#4670,2.5E-1);
#4688=B_SPLINE_CURVE_WITH_KNOTS('',3,(#4682,#4683,#4684,#4685,#4686,#4687),
.UNSPECIFIED.,.F.,.F.,(4,1,1,4),(0.E0,3.333333333333E-1,6.666666666667E-1,1.E0),
.UNSPECIFIED.);
#4710=CIRCLE('',#4709,7.097547552115E1);
#4718=CIRCLE('',#4717,2.5E-1);
#4735=B_SPLINE_CURVE_WITH_KNOTS('',3,(#4729,#4730,#4731,#4732,#4733,#4734),
.UNSPECIFIED.,.F.,.F.,(4,1,1,4),(0.E0,3.333333333333E-1,6.666666666667E-1,1.E0),
.UNSPECIFIED.);
#4757=CIRCLE('',#4756,7.087089241165E1);
#4765=CIRCLE('',#4764,2.5E-1);
#4782=B_SPLINE_CURVE_WITH_KNOTS('',3,(#4776,#4777,#4778,#4779,#4780,#4781),
.UNSPECIFIED.,.F.,.F.,(4,1,1,4),(0.E0,3.333333333333E-1,6.666666666667E-1,1.E0),
.UNSPECIFIED.);
#4804=CIRCLE('',#4803,7.097768488222E1);
#4812=CIRCLE('',#4811,2.5E-1);
#4829=B_SPLINE_CURVE_WITH_KNOTS('',3,(#4823,#4824,#4825,#4826,#4827,#4828),
.UNSPECIFIED.,.F.,.F.,(4,1,1,4),(0.E0,3.333333333333E-1,6.666666666667E-1,1.E0),
.UNSPECIFIED.);
#4851=CIRCLE('',#4850,7.096566794757E1);
#4859=CIRCLE('',#4858,2.5E-1);
#4876=B_SPLINE_CURVE_WITH_KNOTS('',3,(#4870,#4871,#4872,#4873,#4874,#4875),
.UNSPECIFIED.,.F.,.F.,(4,1,1,4),(0.E0,3.333333333333E-1,6.666666666667E-1,1.E0),
.UNSPECIFIED.);
#4898=CIRCLE('',#4897,7.091248005677E1);
#4906=CIRCLE('',#4905,7.091248005677E1);
#4914=CIRCLE('',#4913,2.5E-1);
#4931=B_SPLINE_CURVE_WITH_KNOTS('',3,(#4925,#4926,#4927,#4928,#4929,#4930),
.UNSPECIFIED.,.F.,.F.,(4,1,1,4),(0.E0,3.333333333333E-1,6.666666666667E-1,1.E0),
.UNSPECIFIED.);
#4953=CIRCLE('',#4952,7.096566794757E1);
#4961=CIRCLE('',#4960,2.5E-1);
#4978=B_SPLINE_CURVE_WITH_KNOTS('',3,(#4972,#4973,#4974,#4975,#4976,#4977),
.UNSPECIFIED.,.F.,.F.,(4,1,1,4),(0.E0,3.333333333333E-1,6.666666666667E-1,1.E0),
.UNSPECIFIED.);
#5000=CIRCLE('',#4999,7.097768064433E1);
#5008=CIRCLE('',#5007,7.097768064433E1);
#5016=CIRCLE('',#5015,7.097857142857E1);
#5024=CIRCLE('',#5023,7.097857142857E1);
#5032=CIRCLE('',#5031,7.097857142857E1);
#5040=CIRCLE('',#5039,7.097857142857E1);
#5062=CIRCLE('',#5061,7.097768064433E1);
#5070=CIRCLE('',#5069,7.097768064433E1);
#5078=CIRCLE('',#5077,2.5E-1);
#5095=B_SPLINE_CURVE_WITH_KNOTS('',3,(#5089,#5090,#5091,#5092,#5093,#5094),
.UNSPECIFIED.,.F.,.F.,(4,1,1,4),(0.E0,3.333333333333E-1,6.666666666667E-1,1.E0),
.UNSPECIFIED.);
#5117=CIRCLE('',#5116,7.096566794757E1);
#5125=CIRCLE('',#5124,2.5E-1);
#5142=B_SPLINE_CURVE_WITH_KNOTS('',3,(#5136,#5137,#5138,#5139,#5140,#5141),
.UNSPECIFIED.,.F.,.F.,(4,1,1,4),(0.E0,3.333333333333E-1,6.666666666667E-1,1.E0),
.UNSPECIFIED.);
#5164=CIRCLE('',#5163,7.091248005677E1);
#5172=CIRCLE('',#5171,7.091248005677E1);
#5180=CIRCLE('',#5179,2.5E-1);
#5197=B_SPLINE_CURVE_WITH_KNOTS('',3,(#5191,#5192,#5193,#5194,#5195,#5196),
.UNSPECIFIED.,.F.,.F.,(4,1,1,4),(0.E0,3.333333333333E-1,6.666666666667E-1,1.E0),
.UNSPECIFIED.);
#5219=CIRCLE('',#5218,7.096566794757E1);
#5227=CIRCLE('',#5226,2.5E-1);
#5244=B_SPLINE_CURVE_WITH_KNOTS('',3,(#5238,#5239,#5240,#5241,#5242,#5243),
.UNSPECIFIED.,.F.,.F.,(4,1,1,4),(0.E0,3.333333333333E-1,6.666666666667E-1,1.E0),
.UNSPECIFIED.);
#5266=CIRCLE('',#5265,7.097768488222E1);
#5274=CIRCLE('',#5273,2.5E-1);
#5291=B_SPLINE_CURVE_WITH_KNOTS('',3,(#5285,#5286,#5287,#5288,#5289,#5290),
.UNSPECIFIED.,.F.,.F.,(4,1,1,4),(0.E0,3.333333333333E-1,6.666666666667E-1,1.E0),
.UNSPECIFIED.);
#5313=CIRCLE('',#5312,7.067893888167E1);
#5321=CIRCLE('',#5320,2.5E-1);
#5338=B_SPLINE_CURVE_WITH_KNOTS('',3,(#5332,#5333,#5334,#5335,#5336,#5337),
.UNSPECIFIED.,.F.,.F.,(4,1,1,4),(0.E0,3.333333333333E-1,6.666666666667E-1,1.E0),
.UNSPECIFIED.);
#5360=CIRCLE('',#5359,7.097547552115E1);
#5368=CIRCLE('',#5367,2.5E-1);
#5385=B_SPLINE_CURVE_WITH_KNOTS('',3,(#5379,#5380,#5381,#5382,#5383,#5384),
.UNSPECIFIED.,.F.,.F.,(4,1,1,4),(0.E0,3.333333333333E-1,6.666666666667E-1,1.E0),
.UNSPECIFIED.);
#5407=CIRCLE('',#5406,7.087089241165E1);
#5415=CIRCLE('',#5414,2.5E-1);
#5432=B_SPLINE_CURVE_WITH_KNOTS('',3,(#5426,#5427,#5428,#5429,#5430,#5431),
.UNSPECIFIED.,.F.,.F.,(4,1,1,4),(0.E0,3.333333333333E-1,6.666666666667E-1,1.E0),
.UNSPECIFIED.);
#5440=CIRCLE('',#5439,2.5E-1);
#5457=B_SPLINE_CURVE_WITH_KNOTS('',3,(#5451,#5452,#5453,#5454,#5455,#5456),
.UNSPECIFIED.,.F.,.F.,(4,1,1,4),(0.E0,3.333333333333E-1,6.666666666667E-1,1.E0),
.UNSPECIFIED.);
#5479=CIRCLE('',#5478,7.097768488222E1);
#5487=CIRCLE('',#5486,2.5E-1);
#5504=B_SPLINE_CURVE_WITH_KNOTS('',3,(#5498,#5499,#5500,#5501,#5502,#5503),
.UNSPECIFIED.,.F.,.F.,(4,1,1,4),(0.E0,3.333333333333E-1,6.666666666667E-1,1.E0),
.UNSPECIFIED.);
#5526=CIRCLE('',#5525,7.087089241165E1);
#5534=CIRCLE('',#5533,2.5E-1);
#5551=B_SPLINE_CURVE_WITH_KNOTS('',3,(#5545,#5546,#5547,#5548,#5549,#5550),
.UNSPECIFIED.,.F.,.F.,(4,1,1,4),(0.E0,3.333333333333E-1,6.666666666667E-1,1.E0),
.UNSPECIFIED.);
#5573=CIRCLE('',#5572,7.097547552115E1);
#5581=CIRCLE('',#5580,2.5E-1);
#5598=B_SPLINE_CURVE_WITH_KNOTS('',3,(#5592,#5593,#5594,#5595,#5596,#5597),
.UNSPECIFIED.,.F.,.F.,(4,1,1,4),(0.E0,3.333333333333E-1,6.666666666667E-1,1.E0),
.UNSPECIFIED.);
#5620=CIRCLE('',#5619,7.067893888167E1);
#5642=CIRCLE('',#5641,7.097768488222E1);
#5650=CIRCLE('',#5649,2.5E-1);
#5667=B_SPLINE_CURVE_WITH_KNOTS('',3,(#5661,#5662,#5663,#5664,#5665,#5666),
.UNSPECIFIED.,.F.,.F.,(4,1,1,4),(0.E0,3.333333333333E-1,6.666666666667E-1,1.E0),
.UNSPECIFIED.);
#5689=CIRCLE('',#5688,7.067893888167E1);
#5697=CIRCLE('',#5696,2.5E-1);
#5714=B_SPLINE_CURVE_WITH_KNOTS('',3,(#5708,#5709,#5710,#5711,#5712,#5713),
.UNSPECIFIED.,.F.,.F.,(4,1,1,4),(0.E0,3.333333333333E-1,6.666666666667E-1,1.E0),
.UNSPECIFIED.);
#5736=CIRCLE('',#5735,7.097547552115E1);
#5744=CIRCLE('',#5743,2.5E-1);
#5761=B_SPLINE_CURVE_WITH_KNOTS('',3,(#5755,#5756,#5757,#5758,#5759,#5760),
.UNSPECIFIED.,.F.,.F.,(4,1,1,4),(0.E0,3.333333333333E-1,6.666666666667E-1,1.E0),
.UNSPECIFIED.);
#5783=CIRCLE('',#5782,7.087089241165E1);
#5791=CIRCLE('',#5790,2.5E-1);
#5808=B_SPLINE_CURVE_WITH_KNOTS('',3,(#5802,#5803,#5804,#5805,#5806,#5807),
.UNSPECIFIED.,.F.,.F.,(4,1,1,4),(0.E0,3.333333333333E-1,6.666666666667E-1,1.E0),
.UNSPECIFIED.);
#5816=CIRCLE('',#5815,4.325353606963E-1);
#5838=CIRCLE('',#5837,2.255554613558E-1);
#5846=CIRCLE('',#5845,2.255554613558E-1);
#5854=CIRCLE('',#5853,2.255554613558E-1);
#5862=CIRCLE('',#5861,2.255554613558E-1);
#5877=CIRCLE('',#5876,4.325353606963E-1);
#5906=CIRCLE('',#5905,4.325353606963E-1);
#5921=CIRCLE('',#5920,4.325353606963E-1);
#6339=EDGE_CURVE('',#5962,#5963,#3882,.T.);
#6341=EDGE_CURVE('',#5963,#5962,#3912,.T.);
#6345=EDGE_CURVE('',#5949,#5951,#3490,.T.);
#6347=EDGE_CURVE('',#5951,#5949,#3498,.T.);
#6351=EDGE_CURVE('',#5953,#5955,#3506,.T.);
#6353=EDGE_CURVE('',#5955,#5953,#3514,.T.);
#6357=EDGE_CURVE('',#6240,#6241,#3522,.T.);
#6359=EDGE_CURVE('',#6241,#6243,#3529,.T.);
#6361=EDGE_CURVE('',#6243,#6245,#3537,.T.);
#6363=EDGE_CURVE('',#6245,#6247,#3544,.T.);
#6365=EDGE_CURVE('',#6247,#6249,#3552,.T.);
#6367=EDGE_CURVE('',#6249,#6251,#3559,.T.);
#6369=EDGE_CURVE('',#6251,#6253,#3567,.T.);
#6371=EDGE_CURVE('',#6253,#6240,#3574,.T.);
#6375=EDGE_CURVE('',#6256,#6257,#3582,.T.);
#6377=EDGE_CURVE('',#6257,#6259,#3589,.T.);
#6379=EDGE_CURVE('',#6259,#6261,#3597,.T.);
#6381=EDGE_CURVE('',#6261,#6263,#3604,.T.);
#6383=EDGE_CURVE('',#6263,#6265,#3612,.T.);
#6385=EDGE_CURVE('',#6265,#6267,#3619,.T.);
#6387=EDGE_CURVE('',#6267,#6269,#3627,.T.);
#6389=EDGE_CURVE('',#6269,#6256,#3634,.T.);
#6393=EDGE_CURVE('',#6272,#6273,#3641,.T.);
#6395=EDGE_CURVE('',#6273,#6275,#3649,.T.);
#6397=EDGE_CURVE('',#6275,#6277,#3656,.T.);
#6399=EDGE_CURVE('',#6277,#6279,#3664,.T.);
#6401=EDGE_CURVE('',#6279,#6281,#3671,.T.);
#6403=EDGE_CURVE('',#6281,#6283,#3679,.T.);
#6405=EDGE_CURVE('',#6283,#6285,#3686,.T.);
#6407=EDGE_CURVE('',#6285,#6272,#3694,.T.);
#6411=EDGE_CURVE('',#6288,#6289,#3702,.T.);
#6413=EDGE_CURVE('',#6289,#6291,#3709,.T.);
#6415=EDGE_CURVE('',#6291,#6293,#3717,.T.);
#6417=EDGE_CURVE('',#6293,#6295,#3724,.T.);
#6419=EDGE_CURVE('',#6295,#6297,#3732,.T.);
#6421=EDGE_CURVE('',#6297,#6299,#3739,.T.);
#6423=EDGE_CURVE('',#6299,#6301,#3747,.T.);
#6425=EDGE_CURVE('',#6301,#6288,#3754,.T.);
#6429=EDGE_CURVE('',#6304,#6305,#3761,.T.);
#6431=EDGE_CURVE('',#6305,#6307,#3769,.T.);
#6433=EDGE_CURVE('',#6307,#6309,#3776,.T.);
#6435=EDGE_CURVE('',#6309,#6311,#3784,.T.);
#6437=EDGE_CURVE('',#6311,#6313,#3791,.T.);
#6439=EDGE_CURVE('',#6313,#6315,#3799,.T.);
#6441=EDGE_CURVE('',#6315,#6317,#3806,.T.);
#6443=EDGE_CURVE('',#6317,#6304,#3814,.T.);
#6447=EDGE_CURVE('',#6320,#6321,#3821,.T.);
#6449=EDGE_CURVE('',#6321,#6323,#3829,.T.);
#6451=EDGE_CURVE('',#6323,#6325,#3836,.T.);
#6453=EDGE_CURVE('',#6325,#6327,#3844,.T.);
#6455=EDGE_CURVE('',#6327,#6329,#3851,.T.);
#6457=EDGE_CURVE('',#6329,#6331,#3859,.T.);
#6459=EDGE_CURVE('',#6331,#6333,#3866,.T.);
#6461=EDGE_CURVE('',#6333,#6320,#3874,.T.);
#6465=ADVANCED_FACE('',(#6344,#6350,#6356,#6374,#6392,#6410,#6428,#6446,#6464),
#6338,.T.);
#6472=EDGE_CURVE('',#5958,#5963,#3889,.T.);
#6474=EDGE_CURVE('',#5959,#5958,#3897,.T.);
#6476=EDGE_CURVE('',#5959,#5962,#3904,.T.);
#6480=ADVANCED_FACE('',(#6479),#6470,.T.);
#6488=EDGE_CURVE('',#5958,#5959,#3920,.T.);
#6493=ADVANCED_FACE('',(#6492),#6485,.T.);
#6499=EDGE_CURVE('',#5975,#5976,#4829,.T.);
#6501=EDGE_CURVE('',#5989,#5976,#4851,.T.);
#6503=EDGE_CURVE('',#5989,#5988,#4876,.T.);
#6505=EDGE_CURVE('',#5987,#5988,#4906,.T.);
#6507=EDGE_CURVE('',#6045,#5987,#5040,.T.);
#6509=EDGE_CURVE('',#6045,#6020,#5032,.T.);
#6511=EDGE_CURVE('',#6018,#6020,#5164,.T.);
#6513=EDGE_CURVE('',#6018,#6017,#5197,.T.);
#6515=EDGE_CURVE('',#6016,#6017,#5219,.T.);
#6517=EDGE_CURVE('',#6016,#6030,#5244,.T.);
#6519=EDGE_CURVE('',#6029,#6030,#5070,.T.);
#6521=EDGE_CURVE('',#6029,#5958,#5024,.T.);
#6524=EDGE_CURVE('',#5978,#5959,#5016,.T.);
#6526=EDGE_CURVE('',#5975,#5978,#5000,.T.);
#6530=EDGE_CURVE('',#5964,#5965,#3945,.T.);
#6532=EDGE_CURVE('',#5974,#5965,#4804,.T.);
#6534=EDGE_CURVE('',#5974,#5973,#4782,.T.);
#6536=EDGE_CURVE('',#5971,#5973,#4757,.T.);
#6538=EDGE_CURVE('',#5971,#5970,#4735,.T.);
#6540=EDGE_CURVE('',#5968,#5970,#4710,.T.);
#6542=EDGE_CURVE('',#5968,#5967,#4688,.T.);
#6544=EDGE_CURVE('',#5964,#5967,#4663,.T.);
#6548=EDGE_CURVE('',#6033,#6034,#5642,.T.);
#6550=EDGE_CURVE('',#6033,#6043,#5667,.T.);
#6552=EDGE_CURVE('',#6041,#6043,#5689,.T.);
#6554=EDGE_CURVE('',#6041,#6040,#5714,.T.);
#6556=EDGE_CURVE('',#6038,#6040,#5736,.T.);
#6558=EDGE_CURVE('',#6038,#6037,#5761,.T.);
#6560=EDGE_CURVE('',#6035,#6037,#5783,.T.);
#6562=EDGE_CURVE('',#6035,#6034,#5808,.T.);
#6566=ADVANCED_FACE('',(#6529,#6547,#6565),#6498,.T.);
#6572=EDGE_CURVE('',#6048,#6049,#3928,.T.);
#6574=EDGE_CURVE('',#6048,#5965,#3935,.T.);
#6577=EDGE_CURVE('',#6049,#5964,#4655,.T.);
#6581=ADVANCED_FACE('',(#6580),#6571,.F.);
#6587=EDGE_CURVE('',#6144,#6145,#3953,.T.);
#6589=EDGE_CURVE('',#6157,#6144,#3960,.T.);
#6591=EDGE_CURVE('',#6155,#6157,#3968,.T.);
#6593=EDGE_CURVE('',#6153,#6155,#3975,.T.);
#6595=EDGE_CURVE('',#6151,#6153,#3983,.T.);
#6597=EDGE_CURVE('',#6149,#6151,#3990,.T.);
#6599=EDGE_CURVE('',#6147,#6149,#3998,.T.);
#6601=EDGE_CURVE('',#6145,#6147,#4005,.T.);
#6606=EDGE_CURVE('',#6049,#6051,#4648,.T.);
#6608=EDGE_CURVE('',#6051,#6053,#4671,.T.);
#6610=EDGE_CURVE('',#6053,#6055,#4695,.T.);
#6612=EDGE_CURVE('',#6055,#6057,#4718,.T.);
#6614=EDGE_CURVE('',#6057,#6059,#4742,.T.);
#6616=EDGE_CURVE('',#6059,#6061,#4765,.T.);
#6618=EDGE_CURVE('',#6061,#6048,#4789,.T.);
#6622=ADVANCED_FACE('',(#6604,#6621),#6586,.T.);
#6628=EDGE_CURVE('',#6160,#6161,#4013,.T.);
#6630=EDGE_CURVE('',#6173,#6160,#4020,.T.);
#6632=EDGE_CURVE('',#6171,#6173,#4028,.T.);
#6634=EDGE_CURVE('',#6169,#6171,#4035,.T.);
#6636=EDGE_CURVE('',#6167,#6169,#4043,.T.);
#6638=EDGE_CURVE('',#6165,#6167,#4050,.T.);
#6640=EDGE_CURVE('',#6163,#6165,#4058,.T.);
#6642=EDGE_CURVE('',#6161,#6163,#4065,.T.);
#6646=EDGE_CURVE('',#6064,#6065,#4812,.T.);
#6648=EDGE_CURVE('',#6065,#6067,#4985,.T.);
#6650=EDGE_CURVE('',#6067,#6069,#4961,.T.);
#6652=EDGE_CURVE('',#6069,#6071,#4938,.T.);
#6654=EDGE_CURVE('',#6071,#6073,#4914,.T.);
#6656=EDGE_CURVE('',#6073,#6075,#4883,.T.);
#6658=EDGE_CURVE('',#6075,#6077,#4859,.T.);
#6660=EDGE_CURVE('',#6077,#6064,#4836,.T.);
#6664=ADVANCED_FACE('',(#6645,#6663),#6627,.T.);
#6670=EDGE_CURVE('',#6176,#6177,#4072,.T.);
#6672=EDGE_CURVE('',#6189,#6176,#4080,.T.);
#6674=EDGE_CURVE('',#6187,#6189,#4087,.T.);
#6676=EDGE_CURVE('',#6185,#6187,#4095,.T.);
#6678=EDGE_CURVE('',#6183,#6185,#4102,.T.);
#6680=EDGE_CURVE('',#6181,#6183,#4110,.T.);
#6682=EDGE_CURVE('',#6179,#6181,#4117,.T.);
#6684=EDGE_CURVE('',#6177,#6179,#4125,.T.);
#6688=EDGE_CURVE('',#6080,#6081,#5251,.T.);
#6690=EDGE_CURVE('',#6081,#6083,#5415,.T.);
#6692=EDGE_CURVE('',#6083,#6085,#5392,.T.);
#6694=EDGE_CURVE('',#6085,#6087,#5368,.T.);
#6696=EDGE_CURVE('',#6087,#6089,#5345,.T.);
#6698=EDGE_CURVE('',#6089,#6091,#5321,.T.);
#6700=EDGE_CURVE('',#6091,#6093,#5298,.T.);
#6702=EDGE_CURVE('',#6093,#6080,#5274,.T.);
#6706=ADVANCED_FACE('',(#6687,#6705),#6669,.T.);
#6712=EDGE_CURVE('',#6192,#6193,#4133,.T.);
#6714=EDGE_CURVE('',#6205,#6192,#4140,.T.);
#6716=EDGE_CURVE('',#6203,#6205,#4148,.T.);
#6718=EDGE_CURVE('',#6201,#6203,#4155,.T.);
#6720=EDGE_CURVE('',#6199,#6201,#4163,.T.);
#6722=EDGE_CURVE('',#6197,#6199,#4170,.T.);
#6724=EDGE_CURVE('',#6195,#6197,#4178,.T.);
#6726=EDGE_CURVE('',#6193,#6195,#4185,.T.);
#6730=EDGE_CURVE('',#6096,#6097,#5440,.T.);
#6732=EDGE_CURVE('',#6097,#6099,#5605,.T.);
#6734=EDGE_CURVE('',#6099,#6101,#5581,.T.);
#6736=EDGE_CURVE('',#6101,#6103,#5558,.T.);
#6738=EDGE_CURVE('',#6103,#6105,#5534,.T.);
#6740=EDGE_CURVE('',#6105,#6107,#5511,.T.);
#6742=EDGE_CURVE('',#6107,#6109,#5487,.T.);
#6744=EDGE_CURVE('',#6109,#6096,#5464,.T.);
#6748=ADVANCED_FACE('',(#6729,#6747),#6711,.T.);
#6754=EDGE_CURVE('',#6208,#6209,#4192,.T.);
#6756=EDGE_CURVE('',#6221,#6208,#4200,.T.);
#6758=EDGE_CURVE('',#6219,#6221,#4207,.T.);
#6760=EDGE_CURVE('',#6217,#6219,#4215,.T.);
#6762=EDGE_CURVE('',#6215,#6217,#4222,.T.);
#6764=EDGE_CURVE('',#6213,#6215,#4230,.T.);
#6766=EDGE_CURVE('',#6211,#6213,#4237,.T.);
#6768=EDGE_CURVE('',#6209,#6211,#4245,.T.);
#6772=EDGE_CURVE('',#6128,#6129,#5627,.T.);
#6774=EDGE_CURVE('',#6129,#6131,#5791,.T.);
#6776=EDGE_CURVE('',#6131,#6133,#5768,.T.);
#6778=EDGE_CURVE('',#6133,#6135,#5744,.T.);
#6780=EDGE_CURVE('',#6135,#6137,#5721,.T.);
#6782=EDGE_CURVE('',#6137,#6139,#5697,.T.);
#6784=EDGE_CURVE('',#6139,#6141,#5674,.T.);
#6786=EDGE_CURVE('',#6141,#6128,#5650,.T.);
#6790=ADVANCED_FACE('',(#6771,#6789),#6753,.T.);
#6796=EDGE_CURVE('',#6224,#6225,#4252,.T.);
#6798=EDGE_CURVE('',#6237,#6224,#4260,.T.);
#6800=EDGE_CURVE('',#6235,#6237,#4267,.T.);
#6802=EDGE_CURVE('',#6233,#6235,#4275,.T.);
#6804=EDGE_CURVE('',#6231,#6233,#4282,.T.);
#6806=EDGE_CURVE('',#6229,#6231,#4290,.T.);
#6808=EDGE_CURVE('',#6227,#6229,#4297,.T.);
#6810=EDGE_CURVE('',#6225,#6227,#4305,.T.);
#6814=EDGE_CURVE('',#6112,#6113,#5204,.T.);
#6816=EDGE_CURVE('',#6113,#6115,#5180,.T.);
#6818=EDGE_CURVE('',#6115,#6117,#5149,.T.);
#6820=EDGE_CURVE('',#6117,#6119,#5125,.T.);
#6822=EDGE_CURVE('',#6119,#6121,#5102,.T.);
#6824=EDGE_CURVE('',#6121,#6123,#5078,.T.);
#6826=EDGE_CURVE('',#6123,#6125,#5047,.T.);
#6828=EDGE_CURVE('',#6125,#6112,#5227,.T.);
#6832=ADVANCED_FACE('',(#6813,#6831),#6795,.T.);
#6839=EDGE_CURVE('',#6240,#6144,#4312,.T.);
#6842=EDGE_CURVE('',#6241,#6145,#4361,.T.);
#6846=ADVANCED_FACE('',(#6845),#6837,.F.);
#6853=EDGE_CURVE('',#6253,#6157,#4319,.T.);
#6859=ADVANCED_FACE('',(#6858),#6851,.F.);
#6866=EDGE_CURVE('',#6251,#6155,#4326,.T.);
#6872=ADVANCED_FACE('',(#6871),#6864,.F.);
#6879=EDGE_CURVE('',#6249,#6153,#4333,.T.);
#6885=ADVANCED_FACE('',(#6884),#6877,.F.);
#6892=EDGE_CURVE('',#6247,#6151,#4340,.T.);
#6898=ADVANCED_FACE('',(#6897),#6890,.F.);
#6905=EDGE_CURVE('',#6245,#6149,#4347,.T.);
#6911=ADVANCED_FACE('',(#6910),#6903,.F.);
#6918=EDGE_CURVE('',#6243,#6147,#4354,.T.);
#6924=ADVANCED_FACE('',(#6923),#6916,.F.);
#6936=ADVANCED_FACE('',(#6935),#6929,.F.);
#6943=EDGE_CURVE('',#6256,#6160,#4368,.T.);
#6946=EDGE_CURVE('',#6257,#6161,#4417,.T.);
#6950=ADVANCED_FACE('',(#6949),#6941,.F.);
#6957=EDGE_CURVE('',#6269,#6173,#4375,.T.);
#6963=ADVANCED_FACE('',(#6962),#6955,.F.);
#6970=EDGE_CURVE('',#6267,#6171,#4382,.T.);
#6976=ADVANCED_FACE('',(#6975),#6968,.F.);
#6983=EDGE_CURVE('',#6265,#6169,#4389,.T.);
#6989=ADVANCED_FACE('',(#6988),#6981,.F.);
#6996=EDGE_CURVE('',#6263,#6167,#4396,.T.);
#7002=ADVANCED_FACE('',(#7001),#6994,.F.);
#7009=EDGE_CURVE('',#6261,#6165,#4403,.T.);
#7015=ADVANCED_FACE('',(#7014),#7007,.F.);
#7022=EDGE_CURVE('',#6259,#6163,#4410,.T.);
#7028=ADVANCED_FACE('',(#7027),#7020,.F.);
#7040=ADVANCED_FACE('',(#7039),#7033,.F.);
#7047=EDGE_CURVE('',#6272,#6176,#4424,.T.);
#7050=EDGE_CURVE('',#6273,#6177,#4473,.T.);
#7054=ADVANCED_FACE('',(#7053),#7045,.F.);
#7061=EDGE_CURVE('',#6285,#6189,#4431,.T.);
#7067=ADVANCED_FACE('',(#7066),#7059,.F.);
#7074=EDGE_CURVE('',#6283,#6187,#4438,.T.);
#7080=ADVANCED_FACE('',(#7079),#7072,.F.);
#7087=EDGE_CURVE('',#6281,#6185,#4445,.T.);
#7093=ADVANCED_FACE('',(#7092),#7085,.F.);
#7100=EDGE_CURVE('',#6279,#6183,#4452,.T.);
#7106=ADVANCED_FACE('',(#7105),#7098,.F.);
#7113=EDGE_CURVE('',#6277,#6181,#4459,.T.);
#7119=ADVANCED_FACE('',(#7118),#7111,.F.);
#7126=EDGE_CURVE('',#6275,#6179,#4466,.T.);
#7132=ADVANCED_FACE('',(#7131),#7124,.F.);
#7144=ADVANCED_FACE('',(#7143),#7137,.F.);
#7151=EDGE_CURVE('',#6288,#6192,#4480,.T.);
#7154=EDGE_CURVE('',#6289,#6193,#4529,.T.);
#7158=ADVANCED_FACE('',(#7157),#7149,.F.);
#7165=EDGE_CURVE('',#6301,#6205,#4487,.T.);
#7171=ADVANCED_FACE('',(#7170),#7163,.F.);
#7178=EDGE_CURVE('',#6299,#6203,#4494,.T.);
#7184=ADVANCED_FACE('',(#7183),#7176,.F.);
#7191=EDGE_CURVE('',#6297,#6201,#4501,.T.);
#7197=ADVANCED_FACE('',(#7196),#7189,.F.);
#7204=EDGE_CURVE('',#6295,#6199,#4508,.T.);
#7210=ADVANCED_FACE('',(#7209),#7202,.F.);
#7217=EDGE_CURVE('',#6293,#6197,#4515,.T.);
#7223=ADVANCED_FACE('',(#7222),#7215,.F.);
#7230=EDGE_CURVE('',#6291,#6195,#4522,.T.);
#7236=ADVANCED_FACE('',(#7235),#7228,.F.);
#7248=ADVANCED_FACE('',(#7247),#7241,.F.);
#7255=EDGE_CURVE('',#6304,#6208,#4536,.T.);
#7258=EDGE_CURVE('',#6305,#6209,#4585,.T.);
#7262=ADVANCED_FACE('',(#7261),#7253,.F.);
#7269=EDGE_CURVE('',#6317,#6221,#4543,.T.);
#7275=ADVANCED_FACE('',(#7274),#7267,.F.);
#7282=EDGE_CURVE('',#6315,#6219,#4550,.T.);
#7288=ADVANCED_FACE('',(#7287),#7280,.F.);
#7295=EDGE_CURVE('',#6313,#6217,#4557,.T.);
#7301=ADVANCED_FACE('',(#7300),#7293,.F.);
#7308=EDGE_CURVE('',#6311,#6215,#4564,.T.);
#7314=ADVANCED_FACE('',(#7313),#7306,.F.);
#7321=EDGE_CURVE('',#6309,#6213,#4571,.T.);
#7327=ADVANCED_FACE('',(#7326),#7319,.F.);
#7334=EDGE_CURVE('',#6307,#6211,#4578,.T.);
#7340=ADVANCED_FACE('',(#7339),#7332,.F.);
#7352=ADVANCED_FACE('',(#7351),#7345,.F.);
#7359=EDGE_CURVE('',#6320,#6224,#4592,.T.);
#7362=EDGE_CURVE('',#6321,#6225,#4641,.T.);
#7366=ADVANCED_FACE('',(#7365),#7357,.F.);
#7373=EDGE_CURVE('',#6333,#6237,#4599,.T.);
#7379=ADVANCED_FACE('',(#7378),#7371,.F.);
#7386=EDGE_CURVE('',#6331,#6235,#4606,.T.);
#7392=ADVANCED_FACE('',(#7391),#7384,.F.);
#7399=EDGE_CURVE('',#6329,#6233,#4613,.T.);
#7405=ADVANCED_FACE('',(#7404),#7397,.F.);
#7412=EDGE_CURVE('',#6327,#6231,#4620,.T.);
#7418=ADVANCED_FACE('',(#7417),#7410,.F.);
#7425=EDGE_CURVE('',#6325,#6229,#4627,.T.);
#7431=ADVANCED_FACE('',(#7430),#7423,.F.);
#7438=EDGE_CURVE('',#6323,#6227,#4634,.T.);
#7444=ADVANCED_FACE('',(#7443),#7436,.F.);
#7456=ADVANCED_FACE('',(#7455),#7449,.F.);
#7465=EDGE_CURVE('',#6051,#5967,#4678,.T.);
#7469=ADVANCED_FACE('',(#7468),#7461,.F.);
#7478=EDGE_CURVE('',#6053,#5968,#4702,.T.);
#7482=ADVANCED_FACE('',(#7481),#7474,.F.);
#7491=EDGE_CURVE('',#6055,#5970,#4725,.T.);
#7495=ADVANCED_FACE('',(#7494),#7487,.F.);
#7504=EDGE_CURVE('',#6057,#5971,#4749,.T.);
#7508=ADVANCED_FACE('',(#7507),#7500,.F.);
#7517=EDGE_CURVE('',#6059,#5973,#4772,.T.);
#7521=ADVANCED_FACE('',(#7520),#7513,.F.);
#7530=EDGE_CURVE('',#6061,#5974,#4796,.T.);
#7534=ADVANCED_FACE('',(#7533),#7526,.F.);
#7546=ADVANCED_FACE('',(#7545),#7539,.F.);
#7553=EDGE_CURVE('',#6064,#5976,#4819,.T.);
#7556=EDGE_CURVE('',#6065,#5975,#4992,.T.);
#7560=ADVANCED_FACE('',(#7559),#7551,.F.);
#7567=EDGE_CURVE('',#6077,#5989,#4843,.T.);
#7573=ADVANCED_FACE('',(#7572),#7565,.F.);
#7580=EDGE_CURVE('',#6075,#5988,#4866,.T.);
#7586=ADVANCED_FACE('',(#7585),#7578,.F.);
#7593=EDGE_CURVE('',#6073,#5984,#4890,.T.);
#7595=EDGE_CURVE('',#5984,#5987,#4898,.T.);
#7601=ADVANCED_FACE('',(#7600),#7591,.F.);
#7608=EDGE_CURVE('',#6071,#5983,#4921,.T.);
#7610=EDGE_CURVE('',#5984,#5983,#4931,.T.);
#7615=ADVANCED_FACE('',(#7614),#7606,.F.);
#7622=EDGE_CURVE('',#6069,#5981,#4945,.T.);
#7624=EDGE_CURVE('',#5981,#5983,#4953,.T.);
#7629=ADVANCED_FACE('',(#7628),#7620,.F.);
#7636=EDGE_CURVE('',#6067,#5980,#4968,.T.);
#7638=EDGE_CURVE('',#5981,#5980,#4978,.T.);
#7643=ADVANCED_FACE('',(#7642),#7634,.F.);
#7652=EDGE_CURVE('',#5978,#5980,#5008,.T.);
#7657=ADVANCED_FACE('',(#7656),#7648,.F.);
#7667=EDGE_CURVE('',#6026,#6029,#5062,.T.);
#7669=EDGE_CURVE('',#6026,#6025,#5095,.T.);
#7671=EDGE_CURVE('',#6023,#6025,#5117,.T.);
#7673=EDGE_CURVE('',#6023,#6022,#5142,.T.);
#7675=EDGE_CURVE('',#6020,#6022,#5172,.T.);
#7685=EDGE_CURVE('',#5992,#5993,#5266,.T.);
#7687=EDGE_CURVE('',#5992,#6002,#5291,.T.);
#7689=EDGE_CURVE('',#6000,#6002,#5313,.T.);
#7691=EDGE_CURVE('',#6000,#5999,#5338,.T.);
#7693=EDGE_CURVE('',#5997,#5999,#5360,.T.);
#7695=EDGE_CURVE('',#5997,#5996,#5385,.T.);
#7697=EDGE_CURVE('',#5994,#5996,#5407,.T.);
#7699=EDGE_CURVE('',#5994,#5993,#5432,.T.);
#7703=EDGE_CURVE('',#6003,#6004,#5457,.T.);
#7705=EDGE_CURVE('',#6013,#6004,#5479,.T.);
#7707=EDGE_CURVE('',#6013,#6012,#5504,.T.);
#7709=EDGE_CURVE('',#6010,#6012,#5526,.T.);
#7711=EDGE_CURVE('',#6010,#6009,#5551,.T.);
#7713=EDGE_CURVE('',#6007,#6009,#5573,.T.);
#7715=EDGE_CURVE('',#6007,#6006,#5598,.T.);
#7717=EDGE_CURVE('',#6003,#6006,#5620,.T.);
#7721=ADVANCED_FACE('',(#7684,#7702,#7720),#7662,.T.);
#7728=EDGE_CURVE('',#6123,#6026,#5054,.T.);
#7732=EDGE_CURVE('',#6125,#6030,#5234,.T.);
#7736=ADVANCED_FACE('',(#7735),#7726,.F.);
#7743=EDGE_CURVE('',#6121,#6025,#5085,.T.);
#7749=ADVANCED_FACE('',(#7748),#7741,.F.);
#7756=EDGE_CURVE('',#6119,#6023,#5109,.T.);
#7762=ADVANCED_FACE('',(#7761),#7754,.F.);
#7769=EDGE_CURVE('',#6117,#6022,#5132,.T.);
#7775=ADVANCED_FACE('',(#7774),#7767,.F.);
#7782=EDGE_CURVE('',#6115,#6018,#5156,.T.);
#7789=ADVANCED_FACE('',(#7788),#7780,.F.);
#7796=EDGE_CURVE('',#6113,#6017,#5187,.T.);
#7802=ADVANCED_FACE('',(#7801),#7794,.F.);
#7809=EDGE_CURVE('',#6112,#6016,#5211,.T.);
#7815=ADVANCED_FACE('',(#7814),#7807,.F.);
#7827=ADVANCED_FACE('',(#7826),#7820,.F.);
#7834=EDGE_CURVE('',#6080,#5992,#5258,.T.);
#7837=EDGE_CURVE('',#6081,#5993,#5422,.T.);
#7841=ADVANCED_FACE('',(#7840),#7832,.F.);
#7848=EDGE_CURVE('',#6093,#6002,#5281,.T.);
#7854=ADVANCED_FACE('',(#7853),#7846,.F.);
#7861=EDGE_CURVE('',#6091,#6000,#5305,.T.);
#7867=ADVANCED_FACE('',(#7866),#7859,.F.);
#7874=EDGE_CURVE('',#6089,#5999,#5328,.T.);
#7880=ADVANCED_FACE('',(#7879),#7872,.F.);
#7887=EDGE_CURVE('',#6087,#5997,#5352,.T.);
#7893=ADVANCED_FACE('',(#7892),#7885,.F.);
#7900=EDGE_CURVE('',#6085,#5996,#5375,.T.);
#7906=ADVANCED_FACE('',(#7905),#7898,.F.);
#7913=EDGE_CURVE('',#6083,#5994,#5399,.T.);
#7919=ADVANCED_FACE('',(#7918),#7911,.F.);
#7931=ADVANCED_FACE('',(#7930),#7924,.F.);
#7938=EDGE_CURVE('',#6096,#6004,#5447,.T.);
#7941=EDGE_CURVE('',#6097,#6003,#5612,.T.);
#7945=ADVANCED_FACE('',(#7944),#7936,.F.);
#7952=EDGE_CURVE('',#6109,#6013,#5471,.T.);
#7958=ADVANCED_FACE('',(#7957),#7950,.F.);
#7965=EDGE_CURVE('',#6107,#6012,#5494,.T.);
#7971=ADVANCED_FACE('',(#7970),#7963,.F.);
#7978=EDGE_CURVE('',#6105,#6010,#5518,.T.);
#7984=ADVANCED_FACE('',(#7983),#7976,.F.);
#7991=EDGE_CURVE('',#6103,#6009,#5541,.T.);
#7997=ADVANCED_FACE('',(#7996),#7989,.F.);
#8004=EDGE_CURVE('',#6101,#6007,#5565,.T.);
#8010=ADVANCED_FACE('',(#8009),#8002,.F.);
#8017=EDGE_CURVE('',#6099,#6006,#5588,.T.);
#8023=ADVANCED_FACE('',(#8022),#8015,.F.);
#8035=ADVANCED_FACE('',(#8034),#8028,.F.);
#8042=EDGE_CURVE('',#6128,#6033,#5634,.T.);
#8045=EDGE_CURVE('',#6129,#6034,#5798,.T.);
#8049=ADVANCED_FACE('',(#8048),#8040,.F.);
#8056=EDGE_CURVE('',#6141,#6043,#5657,.T.);
#8062=ADVANCED_FACE('',(#8061),#8054,.F.);
#8069=EDGE_CURVE('',#6139,#6041,#5681,.T.);
#8075=ADVANCED_FACE('',(#8074),#8067,.F.);
#8082=EDGE_CURVE('',#6137,#6040,#5704,.T.);
#8088=ADVANCED_FACE('',(#8087),#8080,.F.);
#8095=EDGE_CURVE('',#6135,#6038,#5728,.T.);
#8101=ADVANCED_FACE('',(#8100),#8093,.F.);
#8108=EDGE_CURVE('',#6133,#6037,#5751,.T.);
#8114=ADVANCED_FACE('',(#8113),#8106,.F.);
#8121=EDGE_CURVE('',#6131,#6035,#5775,.T.);
#8127=ADVANCED_FACE('',(#8126),#8119,.F.);
#8139=ADVANCED_FACE('',(#8138),#8132,.F.);
#8145=EDGE_CURVE('',#5938,#5939,#5816,.T.);
#8147=EDGE_CURVE('',#5951,#5939,#5884,.T.);
#8150=EDGE_CURVE('',#5949,#5938,#5823,.T.);
#8154=ADVANCED_FACE('',(#8153),#8144,.T.);
#8160=EDGE_CURVE('',#5934,#5935,#5838,.T.);
#8162=EDGE_CURVE('',#5935,#5939,#5869,.T.);
#8165=EDGE_CURVE('',#5934,#5938,#5830,.T.);
#8169=ADVANCED_FACE('',(#8168),#8159,.T.);
#8176=EDGE_CURVE('',#5935,#5934,#5846,.T.);
#8180=ADVANCED_FACE('',(#8179),#8174,.T.);
#8186=EDGE_CURVE('',#5942,#5943,#5854,.T.);
#8188=EDGE_CURVE('',#5943,#5942,#5862,.T.);
#8192=ADVANCED_FACE('',(#8191),#8185,.T.);
#8200=EDGE_CURVE('',#5939,#5938,#5877,.T.);
#8205=ADVANCED_FACE('',(#8204),#8197,.T.);
#8217=ADVANCED_FACE('',(#8216),#8210,.T.);
#8224=EDGE_CURVE('',#5943,#5947,#5898,.T.);
#8226=EDGE_CURVE('',#5946,#5947,#5921,.T.);
#8228=EDGE_CURVE('',#5942,#5946,#5891,.T.);
#8232=ADVANCED_FACE('',(#8231),#8222,.T.);
#8240=EDGE_CURVE('',#5947,#5946,#5906,.T.);
#8245=ADVANCED_FACE('',(#8244),#8237,.T.);
#8252=EDGE_CURVE('',#5953,#5946,#5928,.T.);
#8255=EDGE_CURVE('',#5955,#5947,#5913,.T.);
#8259=ADVANCED_FACE('',(#8258),#8250,.T.);
#8271=ADVANCED_FACE('',(#8270),#8264,.T.);
#8272=CLOSED_SHELL('',(#6465,#6480,#6493,#6566,#6581,#6622,#6664,#6706,#6748,
#6790,#6832,#6846,#6859,#6872,#6885,#6898,#6911,#6924,#6936,#6950,#6963,#6976,
#6989,#7002,#7015,#7028,#7040,#7054,#7067,#7080,#7093,#7106,#7119,#7132,#7144,
#7158,#7171,#7184,#7197,#7210,#7223,#7236,#7248,#7262,#7275,#7288,#7301,#7314,
#7327,#7340,#7352,#7366,#7379,#7392,#7405,#7418,#7431,#7444,#7456,#7469,#7482,
#7495,#7508,#7521,#7534,#7546,#7560,#7573,#7586,#7601,#7615,#7629,#7643,#7657,
#7721,#7736,#7749,#7762,#7775,#7789,#7802,#7815,#7827,#7841,#7854,#7867,#7880,
#7893,#7906,#7919,#7931,#7945,#7958,#7971,#7984,#7997,#8010,#8023,#8035,#8049,
#8062,#8075,#8088,#8101,#8114,#8127,#8139,#8154,#8169,#8180,#8192,#8205,#8217,
#8232,#8245,#8259,#8271));
#8273=MANIFOLD_SOLID_BREP('',#8272);
#8280=(LENGTH_UNIT()NAMED_UNIT(*)SI_UNIT(.MILLI.,.METRE.));
#8281=(NAMED_UNIT(*)PLANE_ANGLE_UNIT()SI_UNIT($,.RADIAN.));
#8284=(NAMED_UNIT(*)SI_UNIT($,.STERADIAN.)SOLID_ANGLE_UNIT());
#8286=(GEOMETRIC_REPRESENTATION_CONTEXT(3)GLOBAL_UNCERTAINTY_ASSIGNED_CONTEXT((
#8285))GLOBAL_UNIT_ASSIGNED_CONTEXT((#8280,#8283,#8284))REPRESENTATION_CONTEXT(
'ID2','3'));
#8290=AXIS2_PLACEMENT_3D('',#8287,#8288,#8289);
#8291=ADVANCED_BREP_SHAPE_REPRESENTATION('',(#8290,#8273),#8286);
#8295=PRODUCT_DEFINITION('part definition','',#8294,#3421);
#8296=PRODUCT_DEFINITION_SHAPE('','SHAPE FOR 501-0019-DOME-2.',#8295);
#8297=SHAPE_ASPECT('','solid data associated with 501-0019-DOME-2',#8296,.F.);
#8298=PROPERTY_DEFINITION('',
'shape for solid data with which properties are associated',#8297);
#8299=SHAPE_REPRESENTATION('',(#8273),#8286);
#8300=SHAPE_DEFINITION_REPRESENTATION(#8298,#8299);
#8301=(LENGTH_UNIT()NAMED_UNIT(*)SI_UNIT(.MILLI.,.METRE.));
#8305=PROPERTY_DEFINITION('geometric validation property',
'area of 501-0019-DOME-2',#8297);
#8306=REPRESENTATION('surface area',(#8304),#8286);
#8307=PROPERTY_DEFINITION_REPRESENTATION(#8305,#8306);
#8308=(LENGTH_UNIT()NAMED_UNIT(*)SI_UNIT(.MILLI.,.METRE.));
#8312=PROPERTY_DEFINITION('geometric validation property',
'volume of 501-0019-DOME-2',#8297);
#8313=REPRESENTATION('volume',(#8311),#8286);
#8314=PROPERTY_DEFINITION_REPRESENTATION(#8312,#8313);
#8316=PROPERTY_DEFINITION('geometric validation property',
'centroid of 501-0019-DOME-2',#8297);
#8317=REPRESENTATION('centroid',(#8315),#8286);
#8318=PROPERTY_DEFINITION_REPRESENTATION(#8316,#8317);
#8319=(LENGTH_UNIT()NAMED_UNIT(*)SI_UNIT(.MILLI.,.METRE.));
#8323=PROPERTY_DEFINITION('geometric validation property',
'area of 501-0019-DOME-2',#8296);
#8324=REPRESENTATION('surface area',(#8322),#8286);
#8325=PROPERTY_DEFINITION_REPRESENTATION(#8323,#8324);
#8326=(LENGTH_UNIT()NAMED_UNIT(*)SI_UNIT(.MILLI.,.METRE.));
#8330=PROPERTY_DEFINITION('geometric validation property',
'volume of 501-0019-DOME-2',#8296);
#8331=REPRESENTATION('volume',(#8329),#8286);
#8332=PROPERTY_DEFINITION_REPRESENTATION(#8330,#8331);
#8334=PROPERTY_DEFINITION('geometric validation property',
'centroid of 501-0019-DOME-2',#8296);
#8335=REPRESENTATION('centroid',(#8333),#8286);
#8336=PROPERTY_DEFINITION_REPRESENTATION(#8334,#8335);
#8337=SHAPE_DEFINITION_REPRESENTATION(#8296,#8291);
#8338=NEXT_ASSEMBLY_USAGE_OCCURRENCE('72','Next assembly relationship',
'501-0019-DOME-2',#8367,#8295,$);
#8339=PRODUCT_DEFINITION_SHAPE('Placement #72',
'Placement of 501-0019-DOME-2 with respect to 501-0019-DOME-TWIN_ASM',#8338);
#8341=PROPERTY_DEFINITION('geometric validation property',
'centroid of 501-0019-DOME-2',#8339);
#8342=REPRESENTATION('centroid',(#8340),#8286);
#8343=PROPERTY_DEFINITION_REPRESENTATION(#8341,#8342);
#8351=(LENGTH_UNIT()NAMED_UNIT(*)SI_UNIT(.MILLI.,.METRE.));
#8352=(NAMED_UNIT(*)PLANE_ANGLE_UNIT()SI_UNIT($,.RADIAN.));
#8355=(NAMED_UNIT(*)SI_UNIT($,.STERADIAN.)SOLID_ANGLE_UNIT());
#8357=(GEOMETRIC_REPRESENTATION_CONTEXT(3)GLOBAL_UNCERTAINTY_ASSIGNED_CONTEXT((
#8356))GLOBAL_UNIT_ASSIGNED_CONTEXT((#8351,#8354,#8355))REPRESENTATION_CONTEXT(
'ID3','3'));
#8361=AXIS2_PLACEMENT_3D('',#8358,#8359,#8360);
#8367=PRODUCT_DEFINITION('part definition','',#8366,#8363);
#8368=(LENGTH_UNIT()NAMED_UNIT(*)SI_UNIT(.MILLI.,.METRE.));
#8372=PROPERTY_DEFINITION('geometric validation property',
'area of 501-0019-DOME-TWIN_ASM',#3469);
#8373=REPRESENTATION('surface area',(#8371),#8357);
#8374=PROPERTY_DEFINITION_REPRESENTATION(#8372,#8373);
#8375=(LENGTH_UNIT()NAMED_UNIT(*)SI_UNIT(.MILLI.,.METRE.));
#8379=PROPERTY_DEFINITION('geometric validation property',
'volume of 501-0019-DOME-TWIN_ASM',#3469);
#8380=REPRESENTATION('volume',(#8378),#8357);
#8381=PROPERTY_DEFINITION_REPRESENTATION(#8379,#8380);
#8383=PROPERTY_DEFINITION('geometric validation property',
'centroid of 501-0019-DOME-TWIN_ASM',#3469);
#8384=REPRESENTATION('centroid',(#8382),#8357);
#8385=PROPERTY_DEFINITION_REPRESENTATION(#8383,#8384);
ENDSEC;
END-ISO-10303-21;
